4096
0	117.0921398	-4.235074513e-10
1	120.6214762	5.460121244e-11
2	118.4798136	-3.483844324e-10
3	121.2345392	-1.093083402e-10
4	128.0834114	-1.842113129e-10
5	128.5093327	2.919740005e-10
6	138.7795582	-2.507074548e-10
7	133.7905241	-1.373730019e-10
8	133.1929668	-4.043572144e-10
9	136.0447005	1.174420561e-10
10	130.0986895	-3.258455727e-10
11	125.3203298	-2.894684492e-11
12	129.0366213	-3.708811036e-11
13	125.1064019	5.53920243e-10
14	127.5142723	1.228692703e-10
15	134.2512763	7.163603044e-11
16	137.629584	-2.230515772e-10
17	122.9474537	2.117528375e-10
18	121.6256164	-1.520357173e-10
19	129.4015392	6.232370175e-11
20	126.5926923	-3.252598191e-11
21	143.6344816	5.643980838e-10
22	131.2651309	2.164868285e-10
23	125.1490562	2.465161408e-10
24	131.1913985	-3.353162192e-11
25	132.2930262	2.877802441e-10
26	120.6584374	-1.446198716e-10
27	129.5468095	-4.711808721e-11
28	128.7454133	-1.767184177e-10
29	126.9182059	4.636164785e-10
30	118.0939136	6.160583155e-11
31	120.2232426	1.47742707e-10
32	121.2638789	-2.534503718e-10
33	126.8461773	1.821924833e-10
34	127.4182187	-3.011486616e-10
35	126.5822295	-2.77126766e-10
36	116.4971566	-5.041005391e-10
37	117.4768408	1.333013699e-10
38	127.4389865	-1.02452713e-10
39	132.4616737	8.294120946e-11
40	129.6221	-2.099822538e-10
41	117.3395025	3.064912768e-10
42	118.3732283	-1.989870491e-10
43	121.0387396	-2.594924275e-10
44	128.6805176	-5.752964771e-10
45	131.5685732	2.340994065e-11
46	131.0377268	-6.695044519e-11
47	138.9610255	5.118039326e-11
48	128.4407025	-1.711710773e-10
49	153.8848323	3.198148413e-10
50	176.1314335	2.193623061e-11
51	151.3314678	1.414179884e-11
52	131.8875645	-4.063636094e-10
53	128.535657	1.40460088e-10
54	127.9668933	-2.211564265e-12
55	130.6742613	2.115796427e-10
56	135.2132638	-9.752199048e-12
57	131.9299088	4.997007252e-10
58	146.7652378	1.980611231e-10
59	160.5646336	1.587787679e-10
60	136.1584777	-3.060032228e-10
61	123.3928347	2.310200919e-10
62	116.8376558	-6.419309528e-12
63	142.9671497	2.006883548e-10
64	102.0176329	-1.435505048e-10
65	112.0479052	4.659965747e-10
66	110.2474896	2.660585086e-10
67	110.4463663	2.822431178e-10
68	127.4751104	-2.000026811e-10
69	116.7049186	1.616742296e-10
70	119.3227956	-6.864286917e-11
71	120.8032773	-9.646727861e-12
72	125.4795197	-3.610891586e-10
73	122.9675267	2.116373743e-10
74	121.8518579	9.229927933e-11
75	126.2558725	1.095550317e-10
76	120.4818575	-4.201807791e-10
77	123.8250184	-9.056866368e-11
78	122.1515836	-2.189923798e-10
79	120.2478301	-1.729674182e-10
80	117.529298	-5.207270171e-10
81	127.2718023	1.474376177e-13
82	121.3067506	2.678990363e-11
83	118.0260385	2.261300036e-10
84	129.1199366	-2.98890912e-10
85	130.4213827	3.226241496e-11
86	121.8785587	-2.369657803e-10
87	118.0006995	-8.687051078e-11
88	122.199587	-4.885327698e-10
89	120.0732782	6.000733244e-11
90	121.2767013	7.40825179e-11
91	121.8758279	3.14004156e-10
92	126.7784324	-1.373221536e-10
93	127.3345804	2.722906345e-10
94	125.6096069	8.085665471e-11
95	127.8789596	2.117546138e-10
96	126.0346285	-3.337274901e-10
97	116.6940634	1.202749011e-10
98	119.6530383	1.252014048e-10
99	126.3789034	3.824540684e-10
100	116.4056564	2.094879825e-11
101	127.5457845	3.465776555e-10
102	114.2384902	2.566269419e-10
103	121.6542759	2.684625855e-10
104	120.2622842	-2.854838588e-10
105	118.9345259	1.191180488e-11
106	115.7057476	7.904121802e-12
107	124.8620139	2.905522489e-10
108	118.1687436	-1.079913936e-10
109	120.2606055	2.542770439e-10
110	131.149874	2.367821494e-10
111	123.2036358	3.35389938e-10
112	123.8824531	-2.804179111e-10
113	126.8528645	-1.605908739e-10
114	121.214065	-2.608739891e-10
115	128.8015338	6.226974492e-11
116	125.8064355	-3.334603704e-10
117	126.0287617	7.695666326e-11
118	124.369723	-3.725331155e-11
119	118.7850194	1.914166603e-10
120	124.0430703	-3.86618737e-10
121	122.9428575	-1.857713983e-10
122	122.3087998	-2.926512366e-10
123	122.3363103	-6.325695523e-11
124	122.0440443	-4.463027725e-10
125	113.655667	-9.48050527e-11
126	110.6996744	-4.097922002e-11
127	122.0693115	2.72820877e-10
128	98.73387204	-2.083393458e-10
129	115.5303184	-3.712630203e-11
130	114.9460557	-1.230464619e-10
131	117.4750885	9.579137483e-11
132	111.6289329	-2.607136729e-10
133	127.7964028	-4.196643033e-12
134	125.6343912	1.332383093e-10
135	131.5650931	4.352675997e-10
136	130.2642157	4.973377266e-11
137	136.0307487	2.095621454e-10
138	124.9188318	1.116000625e-10
139	133.1373821	3.357798484e-10
140	135.8651389	-1.865505528e-10
141	136.8772919	2.734168447e-11
142	136.2778065	7.002332048e-11
143	134.4258172	5.168383499e-10
144	126.7044405	1.497535429e-10
145	134.7907494	2.516000741e-10
146	126.5380662	5.196776343e-11
147	127.5891885	2.645745845e-10
148	127.743095	-2.482787309e-10
149	127.8512527	-6.176659184e-11
150	125.7392687	-1.309250486e-10
151	127.5095229	2.922972975e-10
152	119.6181483	-8.03384026e-11
153	121.0868832	8.910938654e-11
154	131.6990137	-1.456057497e-11
155	126.6291504	1.448992037e-10
156	132.5629633	-3.35723005e-10
157	122.5074908	-3.191693576e-10
158	128.7682839	-3.226154899e-10
159	129.9722143	4.98285857e-11
160	138.0057025	-2.242810382e-10
161	130.707817	-5.823141969e-11
162	124.5498704	-1.225184398e-10
163	131.4933588	1.194702115e-10
164	128.3318793	-3.354931888e-10
165	128.2416584	-3.631397405e-10
166	132.631716	-4.079561133e-10
167	115.3346839	-8.533818097e-11
168	119.3892716	-3.316635855e-10
169	129.5756246	-1.167923536e-10
170	133.8240687	-3.385114411e-11
171	130.4836437	4.198974501e-10
172	134.6957918	-4.00950384e-11
173	136.8526218	-6.291589472e-11
174	127.7519136	-2.757225559e-10
175	131.9264535	1.056135179e-10
176	134.4509805	-1.268085636e-10
177	139.3885307	4.915223784e-11
178	131.5371382	1.074780265e-10
179	139.2939479	5.182103635e-10
180	130.7202246	2.074025396e-10
181	133.4111253	1.920645865e-10
182	134.8635778	-3.804667692e-11
183	138.1463971	2.364397567e-10
184	138.0276105	-9.115130872e-11
185	134.8495606	1.757438639e-11
186	131.1788026	9.853051708e-11
187	136.9330559	4.971170142e-10
188	130.3504284	2.737514659e-10
189	124.7460403	1.399036442e-10
190	133.429553	-2.520605946e-11
191	122.9075088	1.646656145e-10
192	108.2504708	-2.046585124e-10
193	105.2754111	-2.051647741e-10
194	105.7486786	-2.601039384e-10
195	118.0542275	2.019291401e-10
196	125.612866	-1.074118572e-11
197	128.7450182	7.53708207e-12
198	123.8195116	-9.359535369e-11
199	130.4910605	1.694049345e-10
200	125.8413414	-2.084279416e-10
201	124.5903143	-3.248947777e-10
202	122.3043671	-4.459188574e-10
203	113.6518046	1.067577138e-10
204	127.2625673	-4.418865274e-11
205	114.6556366	2.102762409e-11
206	121.404379	-1.822675344e-10
207	124.9731953	1.376059267e-10
208	130.4408214	-1.521032189e-10
209	125.3588099	-2.905764518e-10
210	128.745735	-4.019349298e-10
211	130.4221572	1.534239402e-11
212	112.2912354	2.189448622e-11
213	139.5761271	1.265609839e-10
214	121.5069553	8.112532868e-11
215	121.5503352	4.099884876e-10
216	131.3796937	1.277036255e-10
217	119.6565938	-5.401235015e-11
218	118.1559733	-2.175513103e-10
219	117.8489254	1.476165856e-10
220	117.4124445	1.527866722e-10
221	123.0436536	1.63149938e-10
222	120.8489429	1.376956327e-10
223	118.9337745	5.038294226e-10
224	114.2722391	3.157420991e-10
225	114.0879451	1.600470867e-10
226	118.0823829	-1.357030044e-10
227	111.9140406	2.202868998e-10
228	117.4179138	7.575273742e-11
229	114.7775792	7.547207304e-11
230	119.0373437	-1.371791569e-12
231	123.7981014	4.407381127e-10
232	118.8051436	3.376374735e-10
233	118.4732728	8.068612445e-11
234	114.1112341	-3.117133218e-10
235	114.6605643	-8.2396312e-11
236	105.5617633	-1.937126015e-10
237	112.803594	-2.21497487e-10
238	118.0752095	-3.59742458e-10
239	118.5424318	1.02373221e-10
240	110.4596838	1.996069976e-10
241	123.905634	7.871747698e-11
242	113.1265663	-2.148894396e-10
243	117.1102861	-1.390203508e-10
244	111.8333927	-2.090452256e-10
245	135.8698883	-3.365916434e-10
246	126.1018778	-4.420175337e-10
247	111.9212677	1.096278623e-11
248	118.0823629	1.249453874e-10
249	120.5719644	9.001954737e-11
250	116.2961932	-2.012869871e-10
251	123.4166799	-5.728750807e-13
252	124.4861271	-5.660583113e-11
253	119.7044587	-1.906084179e-10
254	113.2073505	-3.729825337e-10
255	115.3038574	2.256994591e-11
256	110.6540197	1.897664248e-10
257	111.8236269	2.618372186e-10
258	121.7650501	-1.111732928e-11
259	124.9349287	2.686286749e-10
260	138.8635071	1.779323355e-10
261	144.9984392	1.828848184e-11
262	135.2559456	-3.277760285e-10
263	130.247598	-3.087308187e-11
264	125.5816523	2.128368592e-10
265	118.0606353	2.272133592e-10
266	144.0074685	2.694866552e-11
267	149.6927901	2.463114157e-10
268	135.1101066	3.269278182e-10
269	123.7472776	1.650075632e-10
270	132.7168499	-2.616493688e-10
271	148.6133021	-1.533102534e-10
272	140.4898356	4.411671028e-11
273	142.433339	1.014250905e-10
274	133.5729166	-3.878941612e-11
275	126.3926848	7.638467636e-11
276	134.8060136	1.723803322e-10
277	141.8850305	-1.993694099e-11
278	133.1678634	-4.301123901e-10
279	141.5015981	-3.483986433e-10
280	157.4415715	-2.053548442e-10
281	144.7527652	-7.707834371e-11
282	142.0494276	-2.832827306e-10
283	140.4085364	-4.395728226e-11
284	135.4931581	1.124051963e-10
285	139.7265903	5.885336662e-11
286	134.5111568	-3.288898043e-10
287	131.918822	-3.115285807e-10
288	125.4166563	-1.755604551e-10
289	126.595209	-9.477663099e-11
290	125.6010735	-2.677120747e-10
291	131.7190917	-9.695355629e-12
292	125.7037082	2.426974177e-10
293	122.2281441	2.803011157e-10
294	129.1808842	-6.50404175e-11
295	145.8610227	-1.073985345e-10
296	133.7357477	7.788969469e-11
297	129.6349477	5.790301572e-11
298	124.5039847	-1.295297203e-10
299	129.8367973	-5.273337322e-11
300	105.8043447	3.49407614e-10
301	118.5730626	5.010880599e-10
302	129.6871077	2.161066881e-10
303	116.4368769	7.577227734e-11
304	115.9495328	1.185496146e-10
305	135.8602639	1.097237856e-10
306	127.7528559	-1.276743156e-10
307	129.1548307	-8.843592525e-11
308	134.1068378	2.369708874e-10
309	127.5123435	4.116946783e-10
310	127.3682643	2.108353492e-10
311	135.3935808	1.187006049e-10
312	130.6353104	1.165312291e-10
313	124.6287304	1.251736492e-10
314	137.0336507	-2.489803919e-10
315	136.0761702	-2.579874092e-10
316	131.5196783	-5.138200976e-11
317	128.9517786	1.710986908e-10
318	126.0930683	3.51931817e-11
319	116.4710891	-7.100009469e-11
320	116.778239	5.655564905e-11
321	113.9728452	5.906386491e-13
322	90.70173915	-2.963904677e-10
323	107.9557882	-4.322191494e-10
324	126.4863183	-2.149143086e-10
325	130.4883481	-4.195355174e-11
326	130.0985531	-1.491939905e-10
327	128.6720868	-2.165645441e-10
328	129.9945934	7.538414337e-11
329	125.2446849	1.268780636e-10
330	124.6934494	-7.069900221e-11
331	140.1324015	-3.783826585e-10
332	127.3769682	-1.753903689e-10
333	125.2648849	3.929034875e-11
334	109.8803129	2.883160377e-11
335	110.1759169	9.889866703e-12
336	126.5282538	1.935411831e-10
337	147.6571517	3.604432308e-10
338	150.6623671	1.675868333e-10
339	147.9252974	-9.53730428e-11
340	147.0649128	-8.333778112e-12
341	143.185372	1.200977096e-10
342	157.2832937	9.804423939e-11
343	156.0777473	5.279421345e-11
344	149.592892	2.651283637e-10
345	133.1103786	4.655920094e-10
346	116.2749387	2.652571496e-10
347	137.7453451	1.603162048e-13
348	142.4340767	1.366329272e-11
349	138.9622384	7.297407123e-11
350	141.9201155	4.741718129e-11
351	127.05536	-1.320668019e-10
352	108.4876172	1.374576009e-10
353	125.7775328	2.190909676e-10
354	113.1157349	1.578537301e-10
355	118.7094713	-1.54253943e-10
356	121.1177951	-8.37339087e-11
357	120.2580381	-3.527711456e-11
358	127.3700669	-1.456346155e-10
359	163.5904798	-4.021858402e-10
360	128.8142144	-1.45761625e-10
361	117.4181323	8.191847201e-11
362	114.3839544	1.509974368e-10
363	123.0451586	-1.750213308e-10
364	122.0563827	-1.509889991e-10
365	121.6739622	-1.343893885e-10
366	104.5082832	-2.441504776e-10
367	107.9460921	-4.801066211e-10
368	133.3357893	-3.839000229e-10
369	128.7506251	-7.990275108e-11
370	127.6608943	5.020073246e-11
371	132.010818	-7.873701691e-11
372	133.5882416	1.769207003e-11
373	113.294835	5.372413625e-11
374	135.2641452	6.889155912e-12
375	141.9213425	-3.176321428e-10
376	120.7594857	-1.808628802e-10
377	138.0565322	6.248557227e-11
378	154.4690334	2.482614114e-10
379	145.2785277	1.058317878e-10
380	143.2788227	2.360058815e-10
381	154.7770136	2.73861378e-10
382	183.1270416	2.832361012e-10
383	157.4008746	-1.269655492e-10
384	134.5030233	1.527133975e-11
385	101.1032011	7.20863369e-11
386	64.07624396	2.75782952e-10
387	94.38687512	5.103117928e-11
388	97.74465003	2.614330974e-10
389	101.6671717	4.064268921e-10
390	130.5735243	4.144942167e-10
391	117.1863177	-1.723066134e-11
392	122.5712496	-1.011031259e-10
393	123.8516456	-7.284395309e-11
394	115.2532606	6.296874133e-11
395	106.8744509	-2.109845632e-10
396	98.21140011	-7.496581134e-11
397	88.45477951	9.778400312e-11
398	105.853501	2.389537457e-10
399	141.0311495	-8.855582934e-11
400	139.3736662	-2.104698638e-10
401	115.3391622	-1.926556692e-10
402	109.9460152	-1.096402968e-10
403	99.41310633	-3.52116114e-10
404	95.92878827	-1.784385972e-10
405	100.2710458	-3.088462819e-11
406	122.2860447	2.316302705e-10
407	126.0551426	-1.66908265e-10
408	148.5837297	-2.022022549e-10
409	128.9338227	-2.847411196e-10
410	115.2165476	-1.216244883e-10
411	131.1770929	-3.978106733e-10
412	139.6827742	-2.526765464e-10
413	122.4230012	-7.878586672e-11
414	128.3830627	2.632667417e-10
415	125.5562254	-2.984146263e-11
416	94.73877017	5.117950508e-11
417	112.5963428	3.45634632e-12
418	118.495939	1.78940418e-10
419	120.8646216	-2.13487894e-10
420	114.0070103	-1.568292163e-10
421	125.7752462	4.588462943e-11
422	115.3158903	3.753175548e-10
423	124.3427058	1.729096866e-10
424	113.0499607	1.499569358e-10
425	109.8365704	1.746478517e-10
426	104.3759832	3.693445549e-10
427	116.4788	-3.353939348e-11
428	118.5563464	-9.678791102e-11
429	113.2221613	-5.349098942e-11
430	101.1163139	3.6113601e-10
431	117.7927018	1.988889053e-10
432	120.3100052	2.278950362e-10
433	124.3789874	1.958877505e-10
434	122.844214	3.640927559e-10
435	121.2647611	-1.286197815e-10
436	109.8763758	-2.615321293e-10
437	122.4692384	-3.719127228e-10
438	139.7690164	7.313438743e-11
439	104.8410902	-1.504023572e-10
440	133.7815677	1.632027846e-12
441	156.4407646	-5.190115004e-11
442	140.0575818	2.667159826e-10
443	140.7152455	-1.559246066e-10
444	143.1746372	-2.879256833e-10
445	149.6753613	-4.09373424e-10
446	158.678638	-6.158584753e-11
447	131.9668277	-2.661195708e-10
448	124.0762793	-1.402158389e-10
449	112.7917894	-9.613287943e-11
450	87.29529741	3.262146109e-10
451	94.80880853	-2.959943401e-11
452	102.2281616	-1.787525683e-10
453	95.60586905	-3.217266453e-10
454	111.6863867	3.107114566e-11
455	111.3361082	-1.678421846e-10
456	112.0741738	-1.608579936e-10
457	121.9751935	-9.818545976e-11
458	114.6314846	4.473585946e-10
459	116.7348987	2.507345442e-10
460	121.0802245	1.767750391e-10
461	98.99409169	-1.308957387e-10
462	121.9897275	2.181455017e-10
463	158.2903656	-8.126788131e-11
464	106.3956668	-3.419975414e-11
465	75.30531166	-8.407052832e-11
466	89.3911998	4.734674874e-10
467	84.18381043	3.514695202e-10
468	90.52458613	3.122160308e-10
469	93.36568685	-1.710187547e-12
470	80.07410411	3.27439853e-10
471	91.63027022	-2.107825026e-11
472	168.8119388	-1.70059522e-11
473	150.9450701	-2.015618783e-10
474	138.1774291	3.455804531e-10
475	140.4288396	2.406013166e-10
476	156.0909493	1.846554021e-10
477	136.6245871	-7.232392463e-11
478	118.9741848	1.646971448e-10
479	135.4419674	-1.203530609e-10
480	142.5249704	-2.372018137e-10
481	143.1389214	-4.554983057e-10
482	129.2451133	8.816591901e-11
483	122.1215373	-1.3351098e-11
484	124.4232478	1.519051551e-11
485	124.6003729	-2.513962372e-10
486	118.2088291	1.318758436e-10
487	118.5942101	-8.066036727e-11
488	112.7435182	-2.314379799e-10
489	111.1138049	-5.810063541e-10
490	108.3925957	-6.628164684e-11
491	108.3687524	-8.179990019e-11
492	110.1935821	1.271960315e-10
493	108.617254	-1.985598352e-10
494	109.8250197	3.099729362e-10
495	119.7247197	6.110001394e-11
496	114.8240184	1.506883507e-11
497	118.1531701	-4.427169742e-10
498	114.6128773	-8.967937504e-12
499	110.8079219	-1.027400387e-11
500	130.2424289	1.794830951e-10
501	118.0574932	-5.461675556e-11
502	97.32909833	4.411235821e-10
503	130.1887429	2.805435884e-10
504	138.6116707	2.431872481e-10
505	120.7926533	-2.995275139e-10
506	115.9521752	2.517364095e-11
507	121.8656101	-6.545874953e-12
508	120.6686802	1.451554432e-10
509	120.8984184	-6.704903299e-11
510	110.7684752	3.816191807e-10
511	120.1399481	3.202851317e-10
512	135.7862907	2.696118884e-10
513	113.6005106	-2.717337466e-10
514	72.47857163	4.306821566e-11
515	64.61290798	-1.372750802e-10
516	89.49593313	-2.096989249e-12
517	101.8167815	-4.001963205e-10
518	80.22547992	1.384461434e-10
519	118.6535854	1.458166921e-10
520	107.5999092	2.686522116e-10
521	109.152515	-2.991331627e-10
522	106.3222663	-5.991784846e-11
523	114.941329	-2.598961046e-10
524	121.7357237	-1.227222768e-10
525	102.1002655	-6.246141382e-10
526	113.4057002	-1.256541537e-10
527	127.9224504	-1.154778495e-10
528	119.5750688	1.691602414e-10
529	150.7499924	-3.201758858e-10
530	167.5206724	-6.541434061e-11
531	120.887253	-1.873634581e-10
532	116.1658854	-1.071649436e-10
533	115.079847	-5.24201571e-10
534	109.8958803	-1.226529989e-10
535	124.1381515	-7.513989431e-12
536	165.7847882	3.550173489e-10
537	155.6266411	-5.819700277e-11
538	142.9884823	2.090057016e-10
539	145.3373116	4.238165374e-11
540	160.9817389	1.609219424e-10
541	131.2020615	-2.917679431e-10
542	124.8802004	3.189448705e-11
543	135.0676934	8.337819324e-11
544	106.5414378	4.125704223e-10
545	136.5986011	-1.390887405e-11
546	134.0450238	3.620366229e-10
547	120.3149225	2.019855394e-10
548	116.6812249	4.332374459e-10
549	108.082802	-2.300981627e-10
550	116.3962407	7.037126437e-11
551	110.5552415	2.054223458e-11
552	117.270468	3.895435086e-10
553	120.3656853	-5.70188341e-11
554	121.4257162	2.255720055e-10
555	111.9586596	1.045390441e-10
556	145.1618438	3.551803296e-10
557	143.4894835	-2.938791432e-10
558	130.7019455	-1.138653616e-10
559	146.7391412	-2.597078108e-10
560	113.1210776	1.423146045e-10
561	109.3164145	-2.265028165e-10
562	127.609975	7.262190849e-11
563	124.2962801	6.701927902e-11
564	127.6501681	3.115490088e-10
565	107.5119031	-2.575761826e-10
566	115.8763386	-2.145306155e-10
567	128.0018591	-3.993765318e-10
568	108.0596926	-3.06124015e-11
569	126.4669089	-4.230225059e-10
570	120.4722746	-4.511413465e-11
571	130.7099474	-9.981349081e-11
572	126.8510388	2.909121832e-10
573	131.405077	-2.314459735e-10
574	149.2024483	-5.84594595e-11
575	146.0855803	-2.449724867e-10
576	133.8108264	1.244244707e-10
577	113.699706	-3.330775655e-10
578	73.84072899	6.659073293e-11
579	69.28165626	3.113775904e-11
580	72.64933691	5.87004223e-10
581	99.99027174	2.958566725e-11
582	73.28724343	2.171010038e-10
583	105.5675892	-1.757527457e-11
584	107.831088	3.455662423e-10
585	100.0455728	-1.650439785e-10
586	112.3978116	3.803268811e-11
587	121.6265112	2.407185562e-11
588	116.8499708	5.513420831e-10
589	87.48300246	1.904760794e-10
590	86.4137439	3.697273598e-10
591	104.830362	1.326556642e-10
592	109.9570623	4.282032506e-10
593	168.3587412	-1.459503629e-10
594	159.5624133	-6.013323173e-11
595	107.930953	-1.855613441e-10
596	133.1480271	2.888476125e-10
597	148.2212592	-3.934053083e-11
598	153.46712	1.332614019e-10
599	141.7845045	-9.976730553e-11
600	129.1397194	2.372049224e-10
601	148.3876359	-3.417968131e-10
602	147.3481989	-1.815805284e-10
603	151.8349487	-4.26990443e-10
604	145.1876284	1.270663574e-10
605	123.137182	-2.705862201e-10
606	137.6314614	9.603873252e-12
607	146.9761182	-1.766684576e-10
608	117.3545208	2.373066188e-10
609	136.8751681	-3.396154469e-10
610	139.297924	-2.572924096e-10
611	109.6283468	-5.109210832e-10
612	117.1519085	5.155342819e-11
613	113.0783412	-3.579190277e-10
614	110.8067444	-8.932010687e-11
615	115.1513111	-2.399573873e-10
616	109.9632225	3.120632641e-10
617	116.9424406	-8.989120559e-11
618	110.4088469	-5.314682028e-11
619	113.6243293	-3.02733838e-10
620	152.2345875	1.491007318e-10
621	122.2849157	-1.669770988e-10
622	108.0607982	5.685762972e-11
623	126.8488808	-8.70099548e-11
624	113.1617453	5.375695444e-10
625	141.4192358	1.324527155e-10
626	141.8005746	2.070672522e-10
627	113.216176	-1.598339239e-10
628	113.4162195	2.810383037e-10
629	112.9054121	-8.24700308e-11
630	123.0241211	1.205369138e-10
631	115.7178433	-5.107647638e-11
632	124.2539702	5.813323156e-10
633	141.3147386	1.885367418e-10
634	141.3926303	3.335691723e-10
635	143.7403015	-1.535958027e-10
636	151.9239178	2.866062943e-10
637	151.6044154	-2.361448814e-10
638	145.9723853	-9.809708601e-11
639	128.7211971	-3.20281579e-10
640	129.7696738	2.95595548e-10
641	137.9346892	3.22586402e-12
642	87.40521999	8.080114355e-11
643	83.84310643	-2.798055121e-10
644	104.8579763	1.917377368e-10
645	90.44863363	-2.633271379e-10
646	93.19868701	-2.242686037e-10
647	125.2864154	-5.565090611e-10
648	120.0899021	6.637046468e-11
649	117.741159	-1.003694905e-10
650	121.4809893	4.222133754e-11
651	104.5173661	-2.413540479e-10
652	115.0675684	2.271902666e-10
653	116.2559599	-1.325144439e-10
654	136.5142688	-1.254578663e-10
655	165.3217268	-5.845746109e-10
656	113.2726431	5.047118279e-11
657	127.3331456	-1.415307871e-10
658	112.9532085	1.749613787e-10
659	103.5139106	-1.61233249e-10
660	115.3430008	4.263247533e-10
661	140.4686306	9.784750787e-11
662	141.9466878	1.303193109e-10
663	130.9895724	-3.76602749e-10
664	108.7970463	1.456448295e-10
665	115.9461308	-5.984812645e-11
666	107.4706568	2.636020291e-10
667	114.4145274	-7.7119644e-11
668	118.7121549	5.627751598e-10
669	159.3562181	2.411133515e-10
670	188.9024009	2.795728093e-10
671	192.0955824	-2.406221888e-10
672	185.9159408	2.388329534e-10
673	177.601984	3.684164085e-11
674	144.4003025	1.50217172e-10
675	136.4672152	-1.775926073e-10
676	143.7750401	4.023035238e-10
677	147.7490168	2.294782142e-10
678	139.1915794	3.065334653e-10
679	144.9438409	-3.130495863e-10
680	137.1818465	1.062732125e-10
681	138.306697	-1.358784196e-10
682	122.9159988	-1.256328375e-11
683	126.9058045	-4.453140079e-10
684	129.8686629	1.158095841e-10
685	124.5006408	3.137001769e-11
686	134.7910394	1.964077789e-10
687	120.6256379	-4.317532998e-10
688	136.2781028	-1.250377579e-11
689	140.7701621	-3.267457416e-10
690	122.1666155	-9.019185399e-11
691	106.8399905	-6.094609262e-10
692	116.3461771	-2.613465e-12
693	115.1875877	3.754774269e-12
694	117.8681842	2.86933588e-10
695	114.2432268	-2.326343562e-10
696	125.0593635	1.035806996e-10
697	123.3664442	-1.315951792e-10
698	142.7746796	2.954569922e-11
699	162.8401017	-4.815472465e-10
700	164.7167318	8.961320574e-11
701	167.7693592	7.892531073e-11
702	144.2467777	3.739306642e-10
703	124.2168113	-9.245182397e-11
704	130.8673602	2.665156984e-10
705	143.2251412	1.184492504e-10
706	80.99229163	1.91997529e-10
707	72.77458397	-3.59309027e-10
708	106.221171	7.518652367e-11
709	110.5718422	8.993028544e-11
710	91.52407872	4.96015673e-10
711	106.5634599	-4.385780628e-11
712	116.5503378	3.778724e-10
713	99.74205448	1.924411741e-10
714	95.33955692	3.831726048e-10
715	126.4025376	-3.413740401e-10
716	133.3911545	-6.1155081e-11
717	142.6673452	-1.479665279e-10
718	126.8426671	2.842623914e-10
719	114.2371707	-2.189057824e-10
720	101.6543638	2.440296853e-10
721	93.5155296	1.029527574e-10
722	98.68472736	3.961382333e-10
723	106.6619855	-3.658482406e-10
724	97.84093883	-1.740145805e-10
725	106.027934	-3.461977371e-10
726	98.06984595	3.067457399e-11
727	104.8227546	-3.534816884e-10
728	104.9933652	1.181721387e-11
729	102.6945689	-3.099076551e-11
730	102.3282772	2.35878872e-10
731	102.0261763	-3.830260553e-10
732	99.92439915	-2.109405983e-10
733	101.017352	-3.791669201e-10
734	101.1468529	1.375610736e-11
735	154.64468	-4.26527258e-10
736	184.1145738	-2.229549878e-11
737	211.0236592	6.709344191e-11
738	192.407044	4.59765559e-10
739	163.4298759	-1.171414077e-10
740	179.3597944	3.213829203e-11
741	214.0160504	-1.383710924e-10
742	204.9519229	2.664819476e-10
743	205.0882716	-3.041233931e-10
744	209.0993918	4.518518892e-11
745	201.4379071	2.656541653e-11
746	200.4512827	5.692046834e-10
747	188.9182399	4.384936858e-11
748	182.714718	2.270308386e-10
749	187.1519454	2.519540132e-11
750	170.2931711	3.727556042e-10
751	136.4373649	-1.567985741e-10
752	155.5633363	3.371214419e-11
753	185.2494135	-2.182787284e-11
754	189.9299129	5.320393015e-10
755	191.9639179	6.105382866e-11
756	191.65988	1.877222822e-10
757	183.3888513	-9.184919492e-11
758	187.9012723	1.812776596e-10
759	182.7313004	-3.111528812e-10
760	186.0252433	-1.969784336e-10
761	178.5962266	-2.536202359e-10
762	183.5233156	2.56263899e-10
763	187.5677678	-8.282574626e-11
764	180.5560457	1.063993338e-10
765	183.3277652	-1.570721331e-10
766	184.9573966	1.762257007e-10
767	177.5899888	-4.162905576e-10
768	130.994238	-2.903521867e-10
769	131.6945135	-4.504654427e-10
770	84.2657065	1.006261741e-10
771	69.4631394	-2.675024646e-10
772	66.65708362	-5.397993164e-11
773	100.0323353	-2.487614559e-10
774	90.98525989	2.081068651e-10
775	102.8201722	-3.474194266e-10
776	124.9743365	-2.271547395e-10
777	104.0068768	-4.653202268e-10
778	90.45068745	1.304796271e-10
779	141.8401523	-1.794813187e-10
780	166.6791838	6.382361306e-11
781	145.0145627	-5.336175946e-12
782	96.73553259	4.77387907e-10
783	73.83855222	8.077538638e-11
784	86.92204966	5.068612197e-11
785	106.1062493	-2.558917522e-10
786	88.09863397	2.059961091e-10
787	99.00554741	-6.797407082e-11
788	98.15639139	1.770175118e-10
789	97.13365391	6.308242817e-11
790	87.32634896	5.882134779e-10
791	100.4045492	2.675202282e-10
792	95.20294199	2.549418454e-10
793	96.85620003	-8.608758151e-11
794	97.39515855	2.539897181e-10
795	103.0584577	-1.025051155e-10
796	113.3853363	8.252865058e-11
797	88.74469703	-1.035087571e-10
798	100.0055312	4.776308238e-10
799	115.4996262	6.430056487e-11
800	138.8868992	1.401954108e-10
801	161.6049997	-2.676880939e-10
802	120.8566568	1.417150841e-10
803	78.32589699	-2.598028459e-10
804	92.88757951	-1.589270937e-10
805	103.3375236	-3.516693603e-10
806	101.2884824	2.297695367e-10
807	104.8291831	-4.305134027e-11
808	110.0374163	4.967359857e-11
809	139.170609	-3.075300015e-10
810	178.9872084	1.123572346e-10
811	102.9039927	-2.342224192e-10
812	122.5989801	-2.33738362e-10
813	140.4872185	-4.772910955e-10
814	123.880957	2.411715272e-11
815	139.8115512	-5.439337869e-11
816	115.9406959	4.097477913e-11
817	110.0576058	-2.115223552e-10
818	149.7270669	1.995821286e-10
819	147.1518468	-1.015085793e-10
820	151.8283543	-5.574651851e-11
821	152.0817945	-3.769127233e-10
822	154.2224511	1.710231956e-10
823	156.9258625	4.283107202e-11
824	158.1312451	2.440456726e-10
825	163.3558909	2.067501725e-11
826	159.6057098	4.29997371e-10
827	154.1062389	1.173612318e-10
828	152.1321309	1.389688364e-10
829	147.5147915	-2.296438595e-10
830	149.3484738	3.231046541e-10
831	148.956432	1.261528659e-10
832	138.0541656	3.406155358e-10
833	141.7469041	4.221911709e-11
834	104.4201327	5.304219286e-10
835	73.42053377	2.813163036e-10
836	92.71541499	1.92206695e-10
837	95.39157847	-1.985105413e-10
838	91.97374376	1.716764508e-10
839	104.3509515	2.300559743e-11
840	127.8975188	9.304867987e-11
841	111.9269073	-2.062936488e-10
842	123.1869855	2.749946937e-10
843	154.0562527	1.31703537e-10
844	170.1647555	9.84390347e-11
845	158.0144304	-3.46555229e-10
846	153.4029471	-9.348166685e-11
847	128.7043782	-2.132605204e-10
848	122.9637074	-1.738342803e-10
849	169.0468142	-4.588018854e-10
850	146.9863315	3.516653635e-11
851	141.8879828	-8.967937504e-12
852	132.0897418	1.20503163e-10
853	121.9052514	-3.61778163e-10
854	124.9167329	-3.955857864e-11
855	120.8174137	-2.658202547e-10
856	132.072348	-1.805200434e-10
857	143.6756289	-4.829106004e-10
858	148.095925	1.913891268e-11
859	167.3904332	3.373923363e-11
860	177.9974043	1.7796431e-10
861	137.1193826	-2.253908171e-10
862	107.4955794	1.28572708e-10
863	104.0945812	-5.222178245e-11
864	94.72474748	-4.891642646e-12
865	74.81226554	-4.085123351e-10
866	88.84831786	5.157430039e-11
867	94.87718131	1.443094533e-10
868	69.32206283	2.881597183e-10
869	34.9122545	-4.003197773e-11
870	55.00433157	2.658122611e-10
871	61.40211688	2.512394737e-10
872	42.3417836	2.512496877e-10
873	65.45241646	-2.468021343e-10
874	114.3152394	6.248157547e-11
875	103.5587136	1.053326315e-10
876	152.2196242	2.768740792e-10
877	129.8414523	-8.375256044e-11
878	177.8105328	2.092779283e-10
879	191.6758619	1.894804313e-10
880	135.7338895	2.307749547e-10
881	119.8377799	-2.993782999e-10
882	133.4681784	-9.707878945e-11
883	116.5827648	-1.058588772e-10
884	140.1139293	1.404334427e-10
885	137.8736199	-2.623226081e-10
886	137.8873689	7.353406772e-11
887	144.9863998	2.035038804e-11
888	142.5410437	1.120121773e-10
889	151.5270514	-4.338676085e-10
890	147.3769208	-2.828546286e-10
891	146.1633297	-2.69142042e-10
892	138.86163	-8.366463078e-11
893	128.500024	-3.884434996e-10
894	130.9190425	-6.825606746e-11
895	96.12419967	2.262190435e-11
896	132.3523635	1.8127988e-10
897	148.1591092	-2.97740943e-10
898	109.3459585	-1.643400971e-10
899	76.74096772	-1.081792433e-10
900	95.34989148	8.014833242e-11
901	106.4709593	-2.357203321e-10
902	94.86363603	-2.507594132e-11
903	98.48347543	1.712261444e-10
904	127.8898514	3.715538988e-10
905	129.74561	-6.612976833e-11
906	144.3221245	1.616262679e-11
907	156.0291848	2.827960088e-12
908	171.1579756	2.26246577e-10
909	165.6193636	-1.827999974e-10
910	188.0153605	2.363531593e-11
911	136.4506634	2.109699082e-10
912	134.3277854	5.479008358e-10
913	157.852201	1.987570108e-10
914	166.6367763	1.935571703e-10
915	181.2643242	9.568390524e-11
916	144.5797216	2.539199961e-10
917	125.1202225	-2.173199398e-10
918	177.848149	-1.034647923e-10
919	170.942871	2.764899421e-12
920	166.984916	3.843854124e-10
921	149.3716577	1.154703e-10
922	155.3309593	1.136699623e-10
923	153.9571042	9.319212069e-11
924	134.3681754	1.596047738e-10
925	110.1810379	-2.456532755e-10
926	132.9340928	-2.769398044e-10
927	171.3085785	-1.673141625e-10
928	178.8516574	1.983591069e-10
929	175.8187412	-9.636247356e-11
930	139.6577327	-6.378009232e-11
931	102.5234789	-5.670885983e-11
932	86.08862684	1.032867125e-10
933	57.83287055	-2.941553667e-10
934	111.3736187	-4.187845626e-10
935	110.008072	-3.454228015e-10
936	83.47936977	4.180256141e-11
937	85.24236298	-1.495297219e-10
938	107.1646195	-4.634825856e-11
939	118.8934124	-8.918199512e-12
940	113.1279723	3.875704202e-10
941	110.7494576	-1.193889432e-11
942	236.6684509	-1.233848579e-10
943	251.4174939	-2.167528379e-10
944	181.7120226	1.331850186e-10
945	161.4332254	-2.786526565e-11
946	152.6501579	1.253530613e-11
947	148.0744744	1.127560267e-10
948	163.2041996	4.428577505e-10
949	153.6110315	1.808788674e-10
950	160.1963548	2.389599629e-11
951	164.1109719	-7.249445488e-11
952	164.6172591	1.807154426e-10
953	164.051237	5.19566612e-11
954	164.0230457	2.744826588e-11
955	156.605721	1.597761923e-10
956	158.3980706	4.390683372e-10
957	154.9557637	2.596114435e-10
958	135.5087777	-4.481748306e-12
959	94.72448784	-1.288076312e-10
960	137.3214513	7.998934848e-11
961	143.1207817	-1.229718549e-10
962	103.6767354	-1.763669211e-10
963	75.23239756	-1.355986434e-10
964	71.83446551	2.718811842e-10
965	100.8063693	1.13095755e-10
966	105.8144912	-7.051736972e-11
967	93.89947613	-1.992472853e-10
968	122.2544845	4.459099756e-12
969	124.611778	-1.895812396e-10
970	125.5807127	-3.324802655e-10
971	151.0508172	-3.776272628e-10
972	186.348192	5.528066893e-11
973	187.376915	-1.262545624e-12
974	206.1581564	-1.20746968e-10
975	135.8882964	-2.581366232e-10
976	131.4969713	-7.75970399e-11
977	156.5423395	-1.859410403e-10
978	163.0783481	-4.076650129e-10
979	167.2307863	-3.709588192e-10
980	104.8362313	-1.788302839e-11
981	119.214897	1.246172054e-10
982	179.2336037	1.041078335e-10
983	165.0636711	2.890221396e-11
984	154.3375915	2.156941292e-10
985	145.3485049	6.093348048e-11
986	138.4928712	-1.567954655e-10
987	149.8357249	-2.13960849e-10
988	121.1467473	9.465894735e-11
989	152.6096926	2.419149325e-10
990	194.7791534	2.032440882e-10
991	195.8814324	1.684505868e-10
992	197.3204848	4.190829905e-10
993	195.8060244	2.814934952e-10
994	192.2165164	8.074030333e-11
995	159.0848463	-1.693396534e-10
996	95.86603156	1.499866897e-10
997	106.0282263	1.826654383e-10
998	115.3329649	1.10890408e-10
999	106.0137709	5.004929804e-11
1000	131.2713161	2.728302029e-10
1001	181.2816817	2.793041354e-10
1002	199.3191638	-6.898925875e-12
1003	185.4025447	-2.849227521e-10
1004	154.097981	-9.663025935e-11
1005	106.3004174	-6.925349183e-11
1006	199.0938193	-1.658606585e-10
1007	255.323229	-2.334017424e-10
1008	200.5669406	3.275779648e-11
1009	164.0169666	1.810818162e-10
1010	157.5899994	-6.730127566e-11
1011	173.6067679	-2.60968136e-10
1012	177.7221473	-2.451634451e-10
1013	180.8947882	-1.676645489e-10
1014	188.5753395	-2.810520705e-10
1015	205.7266973	-3.232960566e-10
1016	204.5592464	-5.251887814e-11
1017	204.1357197	9.276135415e-11
1018	205.483989	-3.526778869e-11
1019	196.0712758	-2.000133392e-10
1020	174.2364513	-1.493001278e-10
1021	169.8880911	-9.295808567e-11
1022	138.9016421	-2.240194696e-10
1023	91.7108864	-2.497890783e-10
1024	123.7804405	4.654054919e-11
1025	137.1874597	2.279718636e-10
1026	122.65397	1.68292047e-10
1027	75.63112843	-2.024558299e-11
1028	88.93043537	1.123559024e-10
1029	90.65366543	2.022608747e-10
1030	98.16802669	3.157740736e-11
1031	108.4440108	-8.160938592e-11
1032	119.9919784	9.468026363e-11
1033	127.783725	4.001159404e-10
1034	138.8056252	2.910103269e-10
1035	151.3010574	1.606150768e-10
1036	187.5523123	1.671160987e-10
1037	167.6291308	3.184434938e-10
1038	185.9846538	9.768363896e-11
1039	145.6403365	-1.304085728e-10
1040	117.7872462	-8.39972536e-11
1041	160.5016983	2.138316191e-10
1042	165.704858	1.41102241e-10
1043	156.4720705	8.656808603e-11
1044	129.1220753	6.95838942e-11
1045	158.2122881	1.978084363e-10
1046	173.4097089	-5.443601125e-11
1047	147.5602166	-3.091176204e-10
1048	129.472238	-2.878528527e-10
1049	114.0751603	-1.175903819e-10
1050	98.24903385	-8.310507837e-11
1051	94.61252799	-1.59769975e-10
1052	77.99630068	-6.965850119e-11
1053	183.1392356	9.814504764e-11
1054	202.2589232	-1.177213882e-10
1055	203.5809555	-3.787410385e-10
1056	204.4896201	-3.611164701e-10
1057	199.4059756	-1.178088738e-10
1058	207.8894644	-1.356501578e-10
1059	180.7037193	-2.000177801e-10
1060	69.67751287	-6.709521827e-11
1061	106.7494117	2.329754167e-10
1062	96.4701497	1.094750957e-10
1063	105.0264704	-1.084883294e-10
1064	201.9922624	-2.616737937e-10
1065	220.2583968	3.665689974e-11
1066	219.5162427	-9.961853564e-11
1067	214.1261796	-1.124602633e-10
1068	219.057025	-1.071365219e-10
1069	140.2076034	3.16403348e-10
1070	149.0328566	3.303957108e-10
1071	242.2913259	1.640203529e-10
1072	186.5422499	2.824318557e-11
1073	148.2946176	2.473710126e-10
1074	155.3280571	1.399764749e-10
1075	189.5095904	1.609912204e-11
1076	195.779737	-5.857891949e-11
1077	193.7991215	3.034625884e-10
1078	195.0447932	3.487867772e-10
1079	214.1960802	1.853330822e-10
1080	212.4305937	6.025180355e-11
1081	217.6859668	2.076978589e-10
1082	209.8375472	9.109379917e-11
1083	193.8045608	-1.221369672e-10
1084	178.5660316	-1.954836293e-10
1085	171.7698841	1.840736452e-10
1086	117.9679885	1.598499111e-10
1087	123.0027475	7.826628234e-11
1088	136.5913597	-1.311057929e-10
1089	138.0309557	1.167661523e-10
1090	129.2589252	-3.883782185e-11
1091	85.74766522	-2.355879936e-10
1092	97.66456584	-4.692943811e-10
1093	98.39306442	-1.074775824e-10
1094	116.0652427	-6.140687958e-11
1095	124.5178222	-1.003797045e-10
1096	123.3391624	-3.230025136e-10
1097	126.0788968	6.427791632e-11
1098	140.4212179	-1.749489442e-11
1099	140.8535454	-1.039248687e-10
1100	188.7307063	-3.999591769e-10
1101	162.2394571	-7.689227033e-11
1102	177.1741351	8.996359213e-12
1103	156.8811808	1.245270553e-11
1104	108.8159899	-1.275584083e-10
1105	114.6112814	1.557789453e-10
1106	110.7170145	1.916014014e-10
1107	121.6989625	5.997025099e-11
1108	125.218977	-2.891007433e-10
1109	121.6961363	-3.262456971e-11
1110	120.3922137	2.913935759e-11
1111	132.7393652	9.854428384e-11
1112	128.9013281	-3.231592771e-11
1113	118.9023613	3.1171421e-10
1114	141.2935007	3.836286844e-10
1115	130.1329878	2.640914154e-10
1116	74.02718595	-1.053930276e-10
1117	162.837168	5.023270688e-11
1118	187.7291931	2.77440293e-11
1119	179.300125	9.082690156e-11
1120	184.9343539	-2.229385565e-10
1121	186.6828036	2.309001879e-10
1122	198.4648385	2.534874533e-10
1123	153.1856549	2.347473327e-10
1124	72.14121871	-1.831477192e-10
1125	92.00908083	-2.474509486e-11
1126	90.26543243	-1.43800527e-11
1127	124.6038785	-2.46243026e-11
1128	215.3768978	-4.116693653e-10
1129	199.7170106	-5.687406102e-11
1130	195.088232	6.416112086e-11
1131	207.8755931	1.756021994e-10
1132	212.301209	-2.614881645e-10
1133	119.5152156	-1.330282551e-10
1134	95.19187118	-1.397242322e-10
1135	190.6993927	-2.028754942e-10
1136	157.106738	-5.556217708e-10
1137	139.9932993	-3.419335926e-10
1138	128.6444331	-1.093019009e-10
1139	143.3858029	1.418509754e-10
1140	154.4260454	-1.723323706e-10
1141	159.3586153	3.721734032e-11
1142	174.9311509	-1.873834421e-11
1143	177.2886044	7.805311952e-11
1144	182.6581102	-3.779123681e-10
1145	178.6435122	-1.634368196e-10
1146	155.7449321	-2.072164662e-11
1147	155.2117658	2.747331251e-10
1148	135.5975026	-2.75544032e-11
1149	130.3235649	2.120081888e-10
1150	94.54052129	1.94416927e-10
1151	135.0507796	3.202234033e-10
1152	125.8331438	-2.404281219e-10
1153	130.8021076	-4.038991364e-12
1154	130.4820314	8.68327632e-11
1155	79.07494071	3.743485522e-10
1156	67.90255602	4.838618395e-11
1157	93.21088946	2.32215136e-10
1158	97.39932041	2.951985323e-10
1159	86.32026964	4.137663545e-10
1160	125.6486516	-1.152073992e-10
1161	119.6351429	-7.544720404e-11
1162	121.9043958	-6.679634623e-11
1163	131.1891882	2.189732839e-10
1164	190.519671	-1.535900296e-10
1165	167.6324255	3.299982509e-11
1166	169.7452905	1.181730269e-10
1167	165.4705618	3.57123664e-10
1168	153.0888382	-1.190589849e-10
1169	145.4924286	-1.669651084e-10
1170	157.409282	-2.271680621e-10
1171	141.0883434	6.588951607e-11
1172	139.544927	-3.01390024e-10
1173	149.1616643	-7.472777952e-11
1174	140.1948858	-8.043610222e-11
1175	153.3324131	3.015214745e-10
1176	141.0821388	-1.824984608e-10
1177	139.2709219	-1.526356819e-10
1178	168.8771407	-3.448059616e-10
1179	145.5855558	-5.890932187e-11
1180	101.76862	-3.88913346e-10
1181	98.77262609	-1.338711364e-10
1182	123.8061851	-4.562350497e-11
1183	147.2027718	3.933862125e-10
1184	131.2147108	-1.866240495e-11
1185	143.5802966	3.947064897e-11
1186	114.0807179	-1.127018479e-10
1187	85.29749518	1.936717453e-10
1188	145.4691817	-1.861271137e-10
1189	155.2416229	-7.848877104e-11
1190	115.7396699	4.147882038e-11
1191	112.7132922	5.068292452e-10
1192	137.8977239	2.396607357e-10
1193	166.8675112	2.33464359e-10
1194	167.9609403	8.178435706e-11
1195	165.364372	4.124363073e-10
1196	127.6571427	-6.906031302e-11
1197	99.37675994	-5.713207685e-12
1198	122.1885684	-1.029043517e-10
1199	134.802549	4.219922189e-10
1200	128.1166369	1.708930775e-10
1201	188.2529155	2.415498912e-10
1202	178.6640679	5.407274628e-11
1203	169.7668905	3.61310537e-10
1204	173.6955605	-1.547277861e-10
1205	177.5314847	-1.707740616e-10
1206	186.3169445	-4.084332872e-10
1207	173.6343136	1.424922402e-10
1208	175.4635243	-1.312274733e-10
1209	174.6804849	7.641487443e-11
1210	165.0045022	-9.80397985e-11
1211	155.1314234	2.195603699e-10
1212	141.6797239	-2.39737119e-10
1213	132.3344123	-3.126876535e-10
1214	137.8390648	-4.973470524e-10
1215	166.4378427	-4.968692124e-11
1216	122.1518434	-2.719171555e-10
1217	129.3353495	-9.97562033e-11
1218	133.5174537	-2.106474994e-10
1219	89.7387821	2.372675389e-10
1220	84.53266867	-1.383351211e-10
1221	98.06977274	-2.115490005e-10
1222	90.76824188	-4.306688339e-10
1223	101.2027865	-2.617017714e-12
1224	129.7965632	-2.208540018e-10
1225	111.6238851	-8.518874495e-11
1226	111.2348631	-2.126827603e-10
1227	135.7737564	3.500297829e-10
1228	188.6387611	2.900790719e-11
1229	161.2930108	8.149791952e-11
1230	155.9608161	-2.70695022e-10
1231	160.292717	2.30024888e-10
1232	169.3200178	-6.658806839e-11
1233	162.0769068	1.076578826e-10
1234	167.9844218	-7.926059808e-11
1235	146.3614289	5.143041548e-10
1236	142.1388739	2.669233723e-10
1237	124.7018285	3.411826377e-10
1238	107.0300352	-9.5438768e-11
1239	133.4651844	2.665396792e-10
1240	152.5958464	-1.02860831e-10
1241	163.9573458	3.628519707e-11
1242	178.963639	-1.45901069e-10
1243	155.2032047	4.057056913e-10
1244	145.868256	1.949622686e-10
1245	124.8519896	2.190656545e-10
1246	122.9816808	-1.339044431e-10
1247	128.6898592	1.628590596e-10
1248	116.9036704	-1.900719582e-10
1249	132.5428191	-1.581188513e-10
1250	110.1460352	-4.268931875e-10
1251	124.0971113	1.444471209e-10
1252	160.6072311	-5.312417173e-11
1253	126.5732716	5.86073412e-11
1254	116.9279007	-3.07602388e-10
1255	142.9159893	5.775913081e-11
1256	119.1940645	-2.522648757e-10
1257	97.64738068	-2.245417186e-10
1258	105.9213363	-5.743974185e-10
1259	93.2023596	3.478328736e-11
1260	74.18134873	-1.188240617e-10
1261	129.9292677	1.486326617e-10
1262	133.3864395	-2.525588627e-10
1263	124.5408794	2.706532776e-10
1264	136.8626011	-3.737188337e-11
1265	173.6453887	-2.541566957e-11
1266	172.1577029	-4.959428423e-10
1267	162.5049667	-3.306821483e-11
1268	162.2598433	-1.010254103e-10
1269	183.7219522	1.530402471e-10
1270	165.0447085	-1.115707526e-10
1271	179.8508067	4.294045119e-10
1272	183.5856854	1.847704212e-10
1273	159.4641527	2.536246768e-10
1274	153.4083565	-2.158317969e-10
1275	131.432361	1.894759905e-10
1276	138.7417898	7.205969155e-11
1277	156.3862851	2.345315053e-10
1278	179.6980381	-2.16320295e-11
1279	164.2435599	4.952704913e-10
1280	119.975649	3.109024149e-10
1281	133.9634975	3.506697155e-10
1282	134.7304715	-2.408611088e-10
1283	90.39680627	1.978426312e-10
1284	88.0198416	-2.968292279e-11
1285	108.9214958	1.828834861e-10
1286	101.5544902	-2.520006426e-10
1287	112.230147	2.976210389e-10
1288	143.0852918	1.710609432e-10
1289	120.9476719	2.915601094e-10
1290	107.5752852	-3.069815513e-10
1291	116.7287174	7.016698333e-11
1292	178.9585619	-2.079851846e-10
1293	159.2014153	-6.172840017e-12
1294	164.3062705	-5.771672029e-10
1295	184.0357684	-5.328271158e-11
1296	161.9769989	-1.337543409e-10
1297	153.9815896	1.294697682e-10
1298	161.8859493	-3.69150932e-10
1299	164.459804	-6.456124524e-11
1300	156.1233858	-2.181668179e-10
1301	163.5537915	-5.108535817e-11
1302	140.4000976	-5.040172724e-10
1303	168.5324098	-2.743494321e-11
1304	157.7149815	-3.263167514e-11
1305	157.1750852	2.872937443e-10
1306	170.4506827	-1.824318474e-10
1307	146.1858085	1.464415256e-10
1308	156.4833013	-5.876188425e-11
1309	133.8470165	6.59827748e-11
1310	133.5778031	-4.471920612e-10
1311	137.7496727	2.368905072e-11
1312	109.7299489	5.802602843e-11
1313	120.3188513	4.354410166e-10
1314	123.7372915	-9.40354461e-11
1315	124.5302857	3.299982509e-10
1316	117.2272383	1.214410794e-10
1317	94.88898271	3.76503273e-10
1318	114.5322529	-2.950546474e-10
1319	148.5528049	7.591038909e-11
1320	134.4655638	3.483791033e-11
1321	89.69284289	4.147406862e-10
1322	78.09166014	-1.144799811e-10
1323	80.64992443	2.880322647e-10
1324	75.927706	1.480007228e-10
1325	80.25001316	3.936841964e-10
1326	84.1157273	-2.674718225e-10
1327	79.94192455	-4.566524936e-11
1328	125.0774258	-1.622901813e-10
1329	173.0675723	2.037054969e-10
1330	143.9336763	-2.280144962e-10
1331	158.4315108	6.774492078e-11
1332	138.6357254	6.951239584e-11
1333	116.654143	3.225819611e-10
1334	103.0340917	-2.889519735e-10
1335	110.4485241	-1.746647271e-10
1336	114.7290839	-4.10985912e-10
1337	134.7922451	-3.29212213e-11
1338	127.211784	-5.217732912e-10
1339	111.9795198	-1.072755218e-10
1340	122.6347456	-1.105542324e-10
1341	167.9156804	3.325508757e-10
1342	167.5412152	-2.809472655e-10
1343	144.6703815	-9.376410759e-11
1344	123.5494137	-2.823741241e-10
1345	134.4767151	1.405231487e-10
1346	133.2455219	-4.370717122e-10
1347	93.8273725	-2.42001974e-11
1348	67.13342492	-5.657607716e-11
1349	80.56592604	4.969087364e-10
1350	112.3688141	-7.000044988e-11
1351	93.59972289	1.299884644e-10
1352	130.1636713	-4.389066888e-11
1353	124.4911111	3.180522512e-10
1354	99.48309126	-2.00863326e-10
1355	114.2632426	-1.933830873e-11
1356	171.1370803	-5.821521043e-11
1357	170.1031138	5.386091573e-10
1358	175.324885	8.730882683e-11
1359	174.5015533	2.403299781e-10
1360	166.2499506	2.633937513e-11
1361	163.86727	4.242641793e-10
1362	168.1957034	-1.546776041e-10
1363	162.2717561	-6.540723518e-11
1364	153.248046	-2.234328278e-10
1365	159.0507577	3.538418447e-10
1366	171.912158	-1.482547418e-11
1367	205.5695758	1.626183632e-10
1368	168.915903	-8.299494425e-11
1369	171.9378767	3.478235477e-10
1370	159.9888638	-3.27190719e-10
1371	135.8721066	-1.841997666e-10
1372	136.9913823	-4.062643555e-10
1373	125.9494736	2.079212358e-10
1374	134.8549957	-1.854401077e-10
1375	128.2888965	2.549671585e-11
1376	97.56789438	-1.866160559e-10
1377	103.0316247	2.745936811e-10
1378	114.7705077	-2.984836822e-10
1379	131.7840325	-2.55442334e-10
1380	137.5525609	-5.454952046e-10
1381	116.4874144	6.733236191e-11
1382	107.4282509	-2.666229459e-10
1383	133.6552223	-5.469669162e-11
1384	122.717175	-1.97767136e-10
1385	115.0870453	3.081335187e-10
1386	122.492048	-9.341638574e-11
1387	116.9126832	-9.775535936e-11
1388	138.8200198	-4.038938073e-10
1389	121.5773045	1.640256819e-10
1390	85.27097077	-1.363003044e-10
1391	72.38664289	6.955147569e-11
1392	133.4463037	-1.142250738e-10
1393	166.7251365	5.783160617e-10
1394	144.2825842	2.262194876e-10
1395	124.6797548	2.79262613e-10
1396	86.0264192	-1.873572408e-10
1397	109.5989201	2.721534109e-10
1398	133.9669128	-1.238253944e-10
1399	132.9956509	1.129207838e-10
1400	100.8703888	-9.780887211e-11
1401	74.90730311	5.847557993e-10
1402	124.7039496	1.980915432e-10
1403	122.3135924	3.52170737e-10
1404	113.6558922	-1.701847552e-10
1405	151.186278	2.732891691e-10
1406	135.4385147	-1.876012679e-10
1407	157.7937321	-8.196465728e-11
1408	116.782324	-3.105435908e-10
1409	135.1521513	3.254747583e-10
1410	131.3189136	9.905165577e-11
1411	93.14025006	1.998681221e-10
1412	76.40860356	-2.278699451e-10
1413	86.54561111	1.40390366e-10
1414	101.9644153	-2.762130524e-10
1415	125.3435816	-2.200697402e-10
1416	127.1726887	-5.667217806e-10
1417	119.0622708	6.02580208e-11
1418	83.82241818	-4.53588278e-11
1419	100.9996263	8.445155686e-11
1420	165.5951821	-2.793330012e-10
1421	166.3606636	2.018807344e-10
1422	181.6040158	-1.621138779e-10
1423	171.5093734	-7.637357413e-11
1424	164.5415873	-5.742730735e-10
1425	165.2616543	-4.117151065e-12
1426	157.3291096	-1.600759525e-10
1427	171.5764855	2.210258643e-10
1428	156.5208892	-1.878319722e-10
1429	152.6193043	3.258324721e-10
1430	200.4435056	3.562150575e-11
1431	189.9111449	7.315392736e-11
1432	152.3832065	-3.763509504e-10
1433	173.6228893	1.519100401e-10
1434	140.3958767	3.100630863e-11
1435	147.8346844	3.606899224e-10
1436	138.7690424	3.753886091e-11
1437	127.8437871	5.891411803e-10
1438	113.8847057	3.015023786e-10
1439	117.0448151	2.994666737e-10
1440	114.436244	-1.982765063e-10
1441	135.0949554	1.551785367e-10
1442	122.2078606	4.481726101e-11
1443	124.6999977	2.545093025e-10
1444	126.2110812	-6.697065125e-11
1445	87.73125587	4.76516604e-10
1446	95.72049336	2.24145591e-10
1447	131.6109875	2.688886891e-10
1448	120.3531355	-3.150173455e-10
1449	99.84422733	6.062461644e-11
1450	119.4296875	-1.307243203e-10
1451	110.1217761	5.271649783e-11
1452	141.0072426	-3.583999764e-10
1453	153.6694114	1.353548384e-10
1454	147.4925075	1.379341086e-11
1455	117.2376561	2.098827778e-10
1456	144.9320491	-4.78995732e-10
1457	163.5081471	-1.254398807e-10
1458	147.85823	-4.438920342e-10
1459	79.13052751	-1.564570695e-10
1460	70.96213779	-5.620619525e-10
1461	163.2927554	-2.214450845e-12
1462	200.8851169	-3.045119712e-12
1463	198.7509039	2.547508871e-10
1464	145.3905771	-2.325206694e-10
1465	61.77578962	4.287947775e-11
1466	110.5665868	-2.165345681e-10
1467	120.7262881	-1.138071859e-10
1468	115.2441087	-5.523834723e-10
1469	149.2078374	-4.431965905e-11
1470	154.4556947	5.72164538e-12
1471	171.172591	3.275633098e-10
1472	113.8596793	-1.034499153e-10
1473	135.1037483	1.835087637e-10
1474	136.0992048	1.820033013e-11
1475	98.15402481	1.144044859e-10
1476	71.51302536	-3.681819294e-10
1477	104.3904657	1.415887407e-10
1478	104.1384173	1.106257308e-10
1479	116.7106708	4.774007856e-10
1480	126.5088134	-6.539213615e-13
1481	117.5324681	3.917941527e-10
1482	59.67057235	1.783615478e-10
1483	102.866068	3.303044505e-10
1484	138.3819218	-3.099476231e-10
1485	119.9685635	-3.394284853e-11
1486	158.3687939	-7.380718259e-11
1487	172.2257365	3.139477567e-10
1488	164.8535568	-1.545432671e-10
1489	164.6951674	2.658850917e-10
1490	172.7658844	8.591172218e-11
1491	167.1882538	2.778262065e-10
1492	158.8447431	-3.290083761e-10
1493	169.7349865	-1.574309572e-10
1494	173.6693022	-3.077351707e-10
1495	167.6694234	-2.180389203e-11
1496	161.6652499	-3.378253233e-10
1497	167.3052748	-2.766187279e-11
1498	136.064917	-4.365707795e-11
1499	148.7150991	1.476418987e-10
1500	97.40232996	-4.53707516e-10
1501	119.0368161	-2.476754357e-10
1502	114.963658	-3.498961121e-10
1503	118.8609322	-3.757527622e-11
1504	110.3004417	-3.738653831e-10
1505	120.5977903	4.789058039e-12
1506	136.4418453	5.63686875e-11
1507	122.8685102	3.290534512e-10
1508	84.78254109	-2.372171348e-10
1509	65.69529383	-7.507772182e-11
1510	60.37248195	-1.615374501e-10
1511	80.45702302	1.83554727e-10
1512	117.7645525	-3.457305553e-10
1513	111.2834673	6.842171274e-11
1514	107.4547892	1.154694118e-10
1515	84.28354754	5.23634025e-10
1516	128.1468797	4.195488401e-11
1517	127.5847569	1.333608779e-10
1518	123.222161	9.555911618e-12
1519	125.3288169	3.329756471e-10
1520	147.9197646	-1.375441983e-10
1521	162.496541	4.955613697e-11
1522	158.1579239	7.651590472e-11
1523	127.540601	5.666236369e-10
1524	106.3198682	1.643030156e-10
1525	156.0063536	2.535465171e-10
1526	188.059751	9.748601926e-11
1527	169.6182877	2.31164865e-10
1528	103.8937205	-2.152285017e-10
1529	101.4674439	-1.097171243e-10
1530	140.5057224	-7.163514226e-11
1531	113.2611266	4.171731849e-10
1532	140.2684202	2.716893377e-11
1533	156.9947556	1.612407985e-10
1534	160.7545829	-1.009015094e-11
1535	157.7010207	2.192042103e-10
1536	116.2756678	-3.56755514e-10
1537	128.8658334	-3.167879292e-10
1538	131.5495469	-3.584117447e-10
1539	99.90575688	1.206779121e-10
1540	69.58567042	-1.920410497e-10
1541	97.88712369	-1.266253769e-11
1542	102.3397046	-1.338880118e-10
1543	121.5599746	2.692273071e-10
1544	124.9310522	-2.900444329e-10
1545	118.1625437	-2.871984872e-10
1546	85.20989366	-3.569406992e-10
1547	104.8667495	1.487312495e-10
1548	110.9801221	-1.428921426e-10
1549	135.0886588	-3.526490211e-11
1550	172.3083138	-4.620437366e-11
1551	165.936339	4.142237664e-10
1552	172.02695	6.237232952e-11
1553	170.1474234	-2.646149966e-11
1554	173.1649981	-2.732520876e-10
1555	162.8615999	1.819464579e-10
1556	163.5444101	-6.98143765e-11
1557	167.7472429	7.309863825e-11
1558	174.5349477	5.726108476e-11
1559	175.7432899	5.403664183e-10
1560	158.7206829	2.089695084e-10
1561	135.1218255	1.109521364e-10
1562	144.148064	-1.205373579e-10
1563	120.809042	2.306315139e-10
1564	114.420708	-9.260592293e-11
1565	140.2019988	-1.097522073e-11
1566	142.0827145	-1.129574212e-10
1567	161.3254828	4.844986634e-10
1568	161.1165442	1.301394548e-10
1569	152.7749708	9.515277455e-11
1570	152.3819712	-2.053257564e-10
1571	161.1047591	1.161906127e-10
1572	153.9382219	-1.712461284e-10
1573	159.096001	-1.917235259e-10
1574	159.1210047	-3.093325596e-10
1575	146.6316568	2.558535606e-10
1576	150.2785553	1.616951018e-11
1577	156.5132392	-4.904210371e-11
1578	158.7640348	-3.294300388e-10
1579	147.0176424	2.737010618e-11
1580	160.1991215	-2.031053103e-10
1581	151.2477062	-3.177489383e-10
1582	145.0637996	-5.02422326e-10
1583	151.8063025	1.08446585e-12
1584	157.1397644	1.914490788e-11
1585	175.0688598	-8.351097591e-12
1586	170.5615113	-2.463231841e-10
1587	169.3832952	8.316503042e-11
1588	130.0669668	-1.673059469e-10
1589	120.2641945	-2.12188489e-10
1590	138.3926353	-4.490423589e-10
1591	112.3391225	5.962763616e-11
1592	78.55207107	6.469469405e-11
1593	106.200579	1.85859772e-10
1594	156.6593181	1.243605219e-11
1595	115.4011051	3.917339786e-10
1596	151.0824445	1.731621513e-10
1597	153.1552086	7.384048928e-11
1598	174.2850994	-3.464075693e-10
1599	159.4767693	1.445263909e-10
1600	93.98350837	1.227811186e-10
1601	128.1761981	2.470040839e-10
1602	134.4659135	7.776768118e-11
1603	103.2690436	4.398942322e-10
1604	72.92348766	3.245360647e-10
1605	76.96244253	9.279910174e-11
1606	96.89147685	-2.621521888e-10
1607	105.3398467	6.158940025e-11
1608	115.6010726	5.625910848e-11
1609	129.5243104	7.071898622e-11
1610	85.88183053	-1.539744998e-10
1611	66.9685178	2.537964283e-10
1612	80.98621074	2.824793732e-10
1613	158.3026948	1.244913062e-10
1614	170.6887583	-3.074773769e-10
1615	159.6958585	-1.943704087e-10
1616	168.7928975	-1.913813552e-10
1617	160.376099	-1.370863423e-10
1618	161.1551931	-4.165557899e-10
1619	167.3219103	7.391642853e-12
1620	158.9582398	3.441102958e-11
1621	171.6619398	1.448172693e-10
1622	175.8717803	-2.843717484e-10
1623	173.892581	-1.014830442e-10
1624	157.9045762	-1.940541061e-10
1625	131.6800504	-1.839270958e-10
1626	131.9265216	-4.199121051e-10
1627	68.34473549	-5.167211103e-11
1628	72.39075101	7.78936915e-11
1629	82.95362639	2.12417639e-10
1630	73.88683009	-1.559931073e-10
1631	85.09954887	3.296074524e-11
1632	84.74837175	-6.111289252e-11
1633	65.67082567	-7.600231555e-11
1634	55.27630634	-2.591952208e-10
1635	79.08351253	7.175071648e-11
1636	95.39538275	3.08801984e-10
1637	91.39148843	3.731122078e-10
1638	91.13274024	1.219490064e-10
1639	94.90780891	2.455973203e-10
1640	114.1436109	2.698743451e-10
1641	122.2892934	2.131611554e-10
1642	126.4263768	-2.092584994e-10
1643	122.253061	2.888134176e-11
1644	122.4244266	2.032127799e-10
1645	127.2006069	3.681017713e-10
1646	144.2663282	8.436595866e-11
1647	144.6552362	2.030530188e-10
1648	141.5724216	2.020343892e-10
1649	146.0511693	1.72792558e-10
1650	147.5206388	-2.375173391e-10
1651	125.198105	-1.16829435e-10
1652	133.3495975	-5.279221504e-11
1653	134.8121986	1.628657209e-10
1654	113.9580089	-8.717204736e-11
1655	122.5247333	9.001666079e-11
1656	119.2996766	9.539335988e-11
1657	119.2344397	3.724753839e-11
1658	125.0897128	-4.068980708e-10
1659	124.8673491	-4.350850791e-10
1660	163.571318	-2.960702794e-10
1661	145.5288895	-1.404389938e-10
1662	167.808323	-2.513188546e-10
1663	151.9499404	-1.96935801e-11
1664	93.91707354	1.278739337e-10
1665	128.872509	1.13220433e-10
1666	135.9390134	-2.64203992e-10
1667	111.672296	-2.768287821e-10
1668	85.41961617	-1.709103969e-10
1669	80.65846587	-1.094748736e-10
1670	102.6344751	-2.20217955e-10
1671	93.6646799	-4.456801594e-11
1672	103.8612945	1.956850237e-10
1673	133.8770996	3.229067014e-10
1674	86.45498897	-6.405298514e-11
1675	82.82135847	-1.044794251e-10
1676	137.2747737	-9.300382686e-11
1677	174.7177779	9.300149539e-11
1678	164.7778419	-1.26919919e-10
1679	158.7088956	5.73409098e-11
1680	152.7163495	2.887959871e-10
1681	149.7685034	5.136897574e-10
1682	156.5090587	2.713556047e-10
1683	152.7239834	2.008692102e-10
1684	159.4556216	1.256414972e-10
1685	174.6707629	1.53313362e-10
1686	166.6310138	-1.44582013e-10
1687	171.3086632	-1.016946527e-10
1688	140.9814826	1.699396179e-10
1689	147.9417305	3.82885057e-10
1690	89.3307862	2.489117801e-10
1691	54.09254572	1.051649878e-10
1692	82.96006011	1.592748156e-10
1693	87.47289013	5.879119414e-11
1694	37.36850681	-2.201274718e-10
1695	34.18550505	-2.542863697e-10
1696	35.4414046	-7.716427497e-11
1697	31.64137547	1.23201449e-10
1698	42.27560587	1.234434777e-11
1699	43.93923828	-9.336731388e-11
1700	50.17896155	2.11197726e-11
1701	46.68773478	8.10462808e-14
1702	44.92829114	-3.766347234e-10
1703	41.63684052	-4.67919703e-10
1704	52.81764766	-2.746485261e-10
1705	61.14590656	3.882139055e-11
1706	57.27705117	-4.411360166e-11
1707	42.61589341	-9.631251352e-11
1708	53.81960386	-4.595612779e-11
1709	53.27239651	1.792870297e-10
1710	70.93192021	-1.416702311e-10
1711	85.3612046	-2.998754578e-10
1712	87.28537361	-2.054523218e-10
1713	61.58254751	3.090638856e-12
1714	64.67766297	5.210365472e-11
1715	96.87769023	-1.548539075e-11
1716	83.80938447	1.934747917e-10
1717	94.43082065	3.513400681e-10
1718	62.44734777	1.046192022e-10
1719	72.5697298	-1.814206563e-10
1720	88.16918264	-8.721512401e-11
1721	65.85080304	7.607359187e-11
1722	56.01916586	1.555764406e-10
1723	138.3123799	8.917977468e-12
1724	143.6052686	2.98109093e-10
1725	125.8696842	4.376674578e-10
1726	161.8961873	2.877504901e-10
1727	147.7735899	-2.782352126e-11
1728	94.1954614	-6.102984784e-11
1729	125.1510358	7.368838872e-11
1730	128.2733275	-5.134048742e-11
1731	116.5117788	-8.061928902e-11
1732	85.95686987	1.256088566e-10
1733	78.34199925	4.113356322e-10
1734	102.363872	2.345903471e-10
1735	103.2912739	-1.43407064e-10
1736	100.2061634	-1.84057436e-10
1737	129.7972787	-5.557110327e-11
1738	86.32721824	-2.075468686e-10
1739	82.37170742	-3.713322982e-10
1740	123.8345914	-2.544624511e-10
1741	123.9472653	9.406475598e-11
1742	129.0495222	9.651390798e-11
1743	131.2819865	-1.604592015e-10
1744	139.0925703	-1.798838856e-10
1745	135.6144599	-1.63871805e-10
1746	133.4151079	-1.822995088e-10
1747	143.7823806	-5.087763544e-10
1748	158.5920582	-3.284543748e-10
1749	170.3831547	-2.729438897e-11
1750	164.5400537	1.208932954e-10
1751	142.0699694	-5.276001858e-11
1752	118.0458724	-2.342215311e-11
1753	138.0438475	7.706990601e-11
1754	60.85081126	5.465583541e-11
1755	45.69065954	-2.0651858e-10
1756	47.88483379	-1.649040904e-10
1757	35.73439668	5.042433138e-11
1758	54.29128432	3.293207929e-10
1759	72.05000783	1.665341198e-10
1760	43.32440186	1.830360308e-10
1761	20.52298726	4.000932918e-10
1762	49.8310242	2.341735694e-10
1763	85.60803683	-1.158091401e-10
1764	104.0659873	-1.688718054e-10
1765	73.98515319	1.1203527e-10
1766	54.62142113	3.485725042e-10
1767	53.91067386	9.210854302e-11
1768	41.7583575	1.089781598e-10
1769	47.62026961	3.174582819e-10
1770	32.10356378	3.907514312e-10
1771	41.48539477	-2.334110683e-11
1772	63.82222097	-1.352513657e-10
1773	42.65932432	-4.811617771e-11
1774	64.8301859	1.419500073e-10
1775	89.12804301	-3.643885194e-11
1776	79.18732719	-2.277866784e-11
1777	73.22124004	1.126347904e-10
1778	86.02443399	3.003035598e-10
1779	95.51567916	-1.428654972e-10
1780	54.86755078	-2.128219823e-10
1781	67.06114082	-2.291160595e-10
1782	66.86106875	-1.92057481e-11
1783	73.71391602	-1.898907698e-10
1784	70.61724406	-1.976301345e-10
1785	65.03398834	-2.43938203e-12
1786	40.85770104	2.980022895e-10
1787	119.5101662	-3.595457265e-11
1788	124.6135951	-2.009099553e-10
1789	101.1210864	-2.430486923e-10
1790	126.5498695	-3.965161532e-11
1791	131.811285	-2.781006536e-10
1792	88.48826646	-2.095223994e-10
1793	127.8009956	4.931544062e-11
1794	140.9438042	3.800111337e-10
1795	115.4863908	1.599127497e-10
1796	72.29048782	-2.122346743e-11
1797	89.18600281	1.846522935e-11
1798	92.72063859	2.482236638e-10
1799	93.24074111	-1.357491897e-11
1800	106.6975809	-5.044920037e-11
1801	127.7183054	3.928124492e-11
1802	79.75009734	5.450364604e-10
1803	80.61472705	3.358728851e-10
1804	83.05258435	1.837010544e-10
1805	69.59630097	1.029678565e-10
1806	93.22589243	2.6408431e-10
1807	75.99210869	-3.484368349e-11
1808	68.84373889	-8.11304357e-11
1809	51.87370272	-1.391224913e-10
1810	44.15345066	3.404687643e-10
1811	53.42421763	1.660376281e-10
1812	46.4024798	1.307502995e-10
1813	56.68527055	8.525757877e-11
1814	89.37582717	2.821229916e-10
1815	92.81845691	-5.064304531e-11
1816	87.66707108	-2.939799515e-10
1817	86.30288398	-3.881446275e-10
1818	54.89085793	-6.026223964e-11
1819	54.82008593	-7.604250563e-11
1820	50.92874263	-7.771805421e-11
1821	84.34393819	-1.083253487e-10
1822	137.4190074	1.674813621e-10
1823	130.4567152	-1.242046466e-10
1824	89.65636421	-2.919473552e-10
1825	41.05209979	-4.287346034e-10
1826	28.6754707	-7.674194613e-11
1827	88.14707316	-1.470747968e-10
1828	110.3052432	-1.498184909e-10
1829	67.29955028	-1.99340211e-10
1830	56.32304601	2.672991828e-10
1831	58.13562357	-9.228062758e-12
1832	53.90371533	-1.080102674e-10
1833	93.61227926	-4.465736669e-10
1834	75.91466468	-3.809375038e-11
1835	85.36400941	-7.632938726e-11
1836	97.80834812	-1.832622942e-11
1837	60.67246848	-1.161728491e-10
1838	100.3231247	3.292592865e-10
1839	150.1613004	2.61326405e-10
1840	134.8294042	1.831130803e-10
1841	119.4918193	-7.59478036e-11
1842	115.3345196	2.003668342e-10
1843	66.01229131	1.014107687e-10
1844	78.40045555	7.002787239e-11
1845	75.6524076	-1.019636597e-10
1846	60.17139165	4.082554295e-10
1847	56.33593367	3.667327553e-10
1848	72.15307027	2.562425827e-10
1849	62.55102786	-1.908484482e-11
1850	33.15823698	1.529528726e-10
1851	117.6034139	-3.108568958e-11
1852	116.1789434	-4.085143335e-11
1853	123.6538332	-2.155374768e-10
1854	88.01966445	2.571397539e-10
1855	80.54793823	1.584784526e-10
1856	85.31948181	1.717458398e-10
1857	110.0365456	-1.947690897e-10
1858	128.2919075	5.642131207e-11
1859	123.7708847	-1.996267596e-10
1860	79.3475659	-2.731571636e-10
1861	96.27186999	-5.450010443e-10
1862	93.13075836	-6.301781319e-11
1863	92.77745797	-6.258216168e-12
1864	104.3784631	1.067653743e-10
1865	136.8965777	-2.959217316e-10
1866	120.3043068	6.916733852e-11
1867	132.4819106	-1.126616578e-10
1868	141.3582897	-1.310044295e-10
1869	122.8710853	-4.878401016e-10
1870	94.5217401	-1.160310736e-10
1871	53.01622327	1.548028372e-11
1872	64.78695104	1.144330186e-10
1873	52.40880985	-1.389385273e-10
1874	63.75697389	2.38069342e-10
1875	50.84733171	1.138079631e-10
1876	41.51524201	1.251905246e-10
1877	45.68303377	-3.434716955e-10
1878	86.6608611	-3.154820849e-11
1879	92.31414379	3.485944866e-11
1880	43.02887415	2.753544059e-10
1881	56.8219369	5.187050789e-11
1882	59.25008515	4.757997329e-10
1883	61.68539929	4.094139472e-10
1884	60.93656741	3.619539113e-10
1885	106.0581281	-1.157078877e-10
1886	142.121456	1.499167457e-10
1887	61.75923317	1.930178239e-11
1888	93.75069913	2.276889788e-10
1889	77.11049572	-5.963196603e-11
1890	18.87498445	4.969252787e-10
1891	99.72545894	3.806015503e-10
1892	124.8528608	3.847636654e-10
1893	72.56525738	-1.439338648e-10
1894	68.55453619	1.316680098e-11
1895	78.13553487	-5.912625944e-11
1896	49.5158925	1.078691581e-10
1897	66.36697122	-2.881178629e-10
1898	108.4892179	9.92106397e-11
1899	112.5748305	9.992173755e-11
1900	93.38380657	2.313500502e-10
1901	89.90184642	-2.299096469e-10
1902	136.3060209	-1.619524514e-10
1903	171.4936057	-2.356337347e-10
1904	160.913261	-1.933790905e-10
1905	155.6326164	-5.148319548e-10
1906	126.7002718	-1.576173636e-10
1907	80.40951249	-5.416023185e-11
1908	77.54468554	2.046726122e-10
1909	56.31810713	-2.043336611e-10
1910	78.30670458	1.578193132e-11
1911	53.16772065	-2.016978806e-10
1912	68.8431888	4.3050008e-12
1913	69.78211339	-4.473174053e-10
1914	46.47063471	-1.04692699e-10
1915	128.2155568	-3.537359294e-11
1916	102.497421	3.174326357e-10
1917	136.3554313	-5.918265877e-11
1918	125.2061601	2.528647292e-10
1919	109.915907	4.211997418e-11
1920	98.52482765	1.864740584e-10
1921	118.2457873	-3.944417015e-10
1922	136.0554284	-2.305977631e-11
1923	128.2745357	8.804523777e-11
1924	68.97087588	4.577572765e-10
1925	93.74591179	6.967837418e-11
1926	112.6145407	2.790119247e-10
1927	131.8877316	2.24728236e-10
1928	137.8662154	3.336509957e-10
1929	104.7246488	-1.987962017e-10
1930	104.9239761	-4.074851567e-11
1931	121.5563038	-3.611277943e-11
1932	117.3553588	3.773125146e-10
1933	90.89750609	2.360156515e-11
1934	72.53845367	2.888644879e-10
1935	96.01469347	1.882677347e-10
1936	99.01866695	3.110788294e-10
1937	76.42237863	-2.568497637e-10
1938	79.69128404	-1.823238227e-10
1939	72.20648449	-3.102189616e-10
1940	64.05402922	1.518561943e-10
1941	58.81954232	-3.088227452e-10
1942	56.36131541	3.30058203e-11
1943	90.12887133	-3.892752787e-11
1944	64.6624738	3.033486795e-10
1945	57.44541206	-2.40503395e-10
1946	73.29853204	-2.254985088e-10
1947	66.1005953	-4.177492796e-10
1948	65.04379147	-9.039768933e-11
1949	83.70461315	-4.828230038e-10
1950	73.57010622	-1.120363802e-10
1951	59.6182125	-3.708455765e-11
1952	99.93938982	3.446829488e-10
1953	73.2202522	-2.100941643e-10
1954	62.42096155	-9.373146703e-11
1955	93.71846919	-2.387401388e-10
1956	94.84964849	1.156662544e-10
1957	76.14829232	-2.377167352e-10
1958	59.49680382	-6.928579932e-11
1959	69.197737	8.669309715e-11
1960	68.85886972	5.697278205e-10
1961	102.7514232	1.262645544e-10
1962	116.0346991	1.69875003e-10
1963	110.1849724	-7.710010408e-11
1964	135.2225904	3.022868622e-10
1965	116.9182687	-1.992641607e-10
1966	149.8471923	-2.814559696e-11
1967	160.1923031	-6.223899174e-11
1968	114.3965259	5.121720825e-10
1969	162.5101341	1.256630355e-10
1970	138.5550624	2.140393418e-10
1971	94.92573466	-3.41005002e-12
1972	110.2698027	4.116060826e-10
1973	112.3110138	-1.293514185e-10
1974	128.9625689	-3.082134548e-11
1975	67.70271716	-2.577912328e-10
1976	75.37912747	3.842612895e-10
1977	74.63353324	-1.746824907e-12
1978	47.72921362	1.940768657e-10
1979	114.213919	-1.066975397e-10
1980	93.91382915	2.09236406e-10
1981	118.5441335	-2.959482659e-10
1982	118.6078683	-2.961118017e-10
1983	118.9895188	-3.871882814e-10
1984	88.85185079	1.747868517e-10
1985	111.4090543	-1.258954052e-10
1986	125.2967887	4.295452882e-13
1987	122.4241261	-1.68163039e-10
1988	125.9690472	2.586497683e-10
1989	146.2039788	-2.228759399e-10
1990	153.2261128	-3.038549412e-10
1991	167.6523422	-5.411413539e-10
1992	165.3770835	1.946776074e-11
1993	102.5270754	-1.483082546e-10
1994	103.9741404	9.530709555e-12
1995	135.4381372	-2.140969624e-10
1996	117.2428262	3.519495806e-10
1997	98.15911492	-9.446077254e-11
1998	71.82429084	4.000799692e-12
1999	86.80575736	-3.578624064e-10
2000	101.2794098	2.725998316e-10
2001	104.5432107	1.957334295e-11
2002	118.2862979	1.831557128e-10
2003	113.7719134	-1.594169241e-11
2004	102.975817	5.693646665e-10
2005	68.62365879	2.308848668e-10
2006	48.23503328	2.636035834e-10
2007	101.2251081	-2.453555137e-10
2008	117.112364	1.84077642e-10
2009	89.38888806	-6.281442033e-11
2010	91.03661361	9.350142882e-11
2011	88.36532961	-6.847256095e-11
2012	64.66804621	4.870657211e-10
2013	77.71571325	2.717959191e-10
2014	62.59901235	2.576985292e-10
2015	102.6262407	-1.858062593e-10
2016	90.2930929	2.060827065e-10
2017	88.41645115	-1.39165568e-10
2018	139.8756868	-1.291828866e-10
2019	136.7228909	-4.247397989e-10
2020	127.9493139	2.532749566e-10
2021	111.8690327	9.590661598e-11
2022	73.26701945	1.554991691e-10
2023	52.19703149	-3.219731148e-10
2024	59.59583263	4.256794917e-11
2025	93.53739754	-2.111710806e-10
2026	53.38536951	-1.102409275e-10
2027	95.36141912	-5.478388854e-10
2028	125.5076634	1.163593666e-10
2029	105.1334268	-5.797184954e-11
2030	127.4828517	1.688591489e-10
2031	134.9013023	-3.342217614e-10
2032	140.2289041	1.713134079e-10
2033	118.2124642	-8.938316753e-11
2034	125.8132247	-5.550182536e-11
2035	107.8756597	-5.162532624e-10
2036	112.0384695	2.722488901e-12
2037	124.9117743	-1.531663685e-11
2038	99.49708322	2.344218153e-10
2039	97.91066379	-1.25814914e-10
2040	165.187234	3.419331485e-10
2041	138.3561545	1.447295617e-10
2042	137.8173155	2.386550957e-10
2043	165.4955214	-2.300089008e-10
2044	111.7944796	2.217739326e-10
2045	113.2170231	1.139393024e-10
2046	122.0231955	3.223394884e-10
2047	121.760365	4.814593169e-12
2048	82.57670074	4.866069769e-10
2049	105.7443399	2.618874007e-10
2050	140.7512328	3.226150458e-10
2051	152.1341812	-3.223430411e-10
2052	175.3911466	1.34929401e-10
2053	165.8522651	-1.442490571e-11
2054	128.1928798	2.910325314e-10
2055	140.3694613	-1.639306468e-10
2056	148.2887782	2.654771958e-10
2057	139.9075635	1.320987764e-10
2058	150.4215463	2.167395152e-10
2059	130.1406992	-3.980946683e-10
2060	93.3355164	-4.326139447e-11
2061	82.6006501	-2.551072686e-10
2062	73.08459758	3.455236097e-11
2063	87.57863751	-4.778573093e-10
2064	115.1419271	2.267519505e-11
2065	150.1430826	-4.592548564e-11
2066	161.9745646	1.331930122e-10
2067	149.2617131	-3.856168718e-10
2068	154.9154403	-1.689173246e-10
2069	129.1334397	-2.925197862e-10
2070	72.93479672	-4.268629894e-11
2071	52.28344557	-4.73783679e-10
2072	57.818993	-9.345857421e-13
2073	72.5545769	-7.302336513e-11
2074	105.5907462	2.636517671e-10
2075	121.5986867	-2.227495965e-10
2076	120.5358769	6.064704294e-11
2077	118.4790794	-1.507369785e-10
2078	112.6509933	6.251443807e-12
2079	112.6816056	-4.550768651e-10
2080	90.29016818	2.799405152e-11
2081	79.03718189	4.267053377e-11
2082	89.59396159	4.813276444e-10
2083	126.2608264	-6.889222526e-11
2084	125.3738849	2.99622549e-10
2085	93.71869198	2.983124858e-11
2086	107.10282	3.157254458e-10
2087	102.3162828	-2.65647726e-10
2088	82.51546892	8.636669158e-11
2089	101.9873577	6.964495647e-11
2090	76.68663226	4.381632834e-10
2091	84.98261188	4.845390755e-11
2092	130.2645136	3.422901962e-10
2093	136.0403783	1.623603474e-10
2094	134.1993376	3.732805176e-10
2095	135.1314209	-2.784295017e-10
2096	148.7309661	-5.875855358e-11
2097	129.5006241	-1.338287259e-10
2098	147.3935083	2.28571162e-10
2099	135.4348807	-1.907811686e-10
2100	121.4781563	5.665601321e-11
2101	121.749777	-3.446598562e-11
2102	102.7575092	2.507642982e-10
2103	147.7220757	-3.437752305e-10
2104	217.4068375	-1.730284804e-10
2105	201.3726681	-4.779145968e-10
2106	208.8699198	-4.198663639e-11
2107	197.9462513	-4.240501283e-10
2108	143.9564881	-3.237543567e-11
2109	97.39678274	-9.399170331e-11
2110	132.2001883	2.409827893e-10
2111	136.9839921	-3.603877197e-10
2112	141.2395835	-1.96104466e-10
2113	173.3119329	-3.784217384e-10
2114	191.9334463	5.743983067e-11
2115	164.595958	-3.800999515e-10
2116	157.1459325	-1.858335708e-11
2117	157.7151573	-3.727240738e-11
2118	179.1866832	4.438143186e-10
2119	204.3116117	-1.022302243e-10
2120	205.3978346	2.214450845e-11
2121	153.1541516	-1.380462411e-10
2122	123.6230403	2.041615765e-10
2123	98.96435456	-1.75619963e-10
2124	82.79584783	1.38747458e-10
2125	58.71396875	1.343076761e-10
2126	121.7516949	5.814480009e-10
2127	180.3220331	7.246026001e-11
2128	185.2120205	1.948239348e-10
2129	187.7921205	3.670397319e-12
2130	188.8305786	3.491791301e-10
2131	188.5990562	-7.998757212e-11
2132	181.1435328	4.602318526e-11
2133	188.2293672	-1.648015058e-12
2134	145.1616579	5.381353141e-10
2135	70.84453913	2.075215555e-10
2136	70.99100314	3.637499191e-10
2137	160.4678745	2.895483853e-11
2138	192.4192278	2.891367146e-10
2139	192.8005463	-3.194606801e-10
2140	199.1493186	-1.128985794e-10
2141	193.9430587	-2.770161878e-10
2142	188.725896	2.735998095e-10
2143	197.5948351	-1.20911503e-10
2144	178.6990359	5.459011021e-11
2145	115.4614117	-8.802625295e-11
2146	72.13682434	2.916289432e-10
2147	106.9179532	-3.214983835e-10
2148	89.66889555	-3.138134197e-10
2149	90.1657466	-4.713689439e-10
2150	145.7511327	6.227640625e-11
2151	146.4498741	-1.655873216e-10
2152	139.0960393	-1.293321006e-11
2153	110.0012368	-1.265467731e-10
2154	86.48069253	2.331972393e-10
2155	80.46053715	-1.928341931e-10
2156	116.1811902	-2.741127325e-10
2157	154.6905432	-4.412781252e-10
2158	151.2134272	1.472879596e-10
2159	175.3674111	-1.299378383e-10
2160	189.4735879	7.364664434e-11
2161	200.8414413	-6.097167216e-11
2162	210.5107897	5.299638506e-10
2163	200.6007591	1.138877881e-10
2164	172.7564595	1.149964568e-10
2165	118.4223712	-2.436342239e-10
2166	80.81623689	2.026445678e-10
2167	149.1367225	-1.065441069e-10
2168	190.3110192	6.644063077e-11
2169	181.2560533	-5.023070848e-11
2170	198.5670363	5.536704428e-10
2171	190.1568518	1.135991301e-10
2172	177.2888691	1.542059813e-10
2173	127.8440454	-1.608619904e-10
2174	124.6974165	2.463411697e-10
2175	137.9934312	-6.374789585e-11
2176	168.1904085	-4.73654449e-11
2177	135.7846689	-1.545954476e-10
2178	141.2999015	4.10353973e-10
2179	153.9924798	1.669300254e-10
2180	146.3061605	8.929701423e-11
2181	119.8704325	-3.194204901e-10
2182	151.2170553	3.422506722e-11
2183	190.1235397	-2.748723471e-10
2184	211.9646323	-1.975870578e-10
2185	165.8142008	-4.040789925e-10
2186	130.9737055	1.890310131e-10
2187	88.97544215	3.000732995e-11
2188	108.5350822	-6.813660747e-12
2189	111.4687176	-3.985700658e-10
2190	188.3006451	2.467825944e-11
2191	179.2716334	-2.728484105e-10
2192	190.0640458	-2.16499263e-10
2193	196.2566822	-6.443572342e-10
2194	189.8173991	3.293210149e-11
2195	196.3476561	-4.214584237e-11
2196	194.3214745	5.23723287e-11
2197	188.7038524	-2.909694707e-10
2198	138.7805299	1.261168947e-10
2199	81.7880486	-9.898881714e-11
2200	117.9202486	-9.432010728e-11
2201	209.3753635	-4.393951869e-10
2202	197.6259565	1.616784484e-10
2203	190.120427	1.19378285e-10
2204	203.6496574	2.429767498e-10
2205	210.9890109	-2.436006952e-11
2206	194.0814942	4.433400314e-10
2207	195.5814106	1.783320158e-10
2208	200.2209139	6.698508415e-11
2209	180.0465177	-3.346691813e-10
2210	89.63370445	8.677525365e-11
2211	82.06024766	1.30633504e-10
2212	125.8611374	2.952105227e-10
2213	187.6864643	-4.46036541e-11
2214	200.4156345	4.265916509e-10
2215	193.6500002	1.814854933e-10
2216	199.9594655	1.799254079e-10
2217	180.3858301	-3.37784023e-10
2218	136.9318512	2.585975878e-11
2219	74.01659402	2.674305222e-12
2220	82.66654278	1.059832222e-10
2221	142.1582797	-2.383000464e-10
2222	177.1347262	2.008579969e-10
2223	210.7416714	9.009948343e-11
2224	188.3319846	1.499860236e-10
2225	182.4885687	-4.522198171e-10
2226	183.1789965	-1.904876257e-10
2227	191.0907095	-2.456421733e-10
2228	187.3310209	-1.657030069e-11
2229	133.7874221	-3.529243564e-10
2230	144.005729	1.623901014e-11
2231	181.9128097	1.00113251e-10
2232	167.4013943	1.353916979e-10
2233	146.7043671	-2.860578441e-10
2234	136.6394478	-7.067724184e-11
2235	136.2163382	-1.785067649e-10
2236	158.2252347	-8.405676155e-11
2237	151.5728776	-4.576774515e-10
2238	124.4453115	-2.073452521e-12
2239	129.1491745	1.430002783e-10
2240	121.0716242	3.362226053e-10
2241	87.14080534	-1.054023535e-10
2242	93.29959311	5.4643845e-11
2243	121.5986226	4.119193875e-11
2244	138.7678914	1.68316916e-10
2245	109.8967948	-2.3793989e-10
2246	95.55496713	1.552415974e-10
2247	103.3414937	2.177320546e-10
2248	158.8968965	4.860032377e-10
2249	176.5032293	2.015898559e-11
2250	97.756717	2.327293913e-10
2251	81.80204904	2.092335194e-10
2252	114.1569751	2.8522118e-10
2253	119.4396897	-2.044071579e-10
2254	159.4243117	7.198686092e-12
2255	89.77065604	1.329918398e-10
2256	145.4230048	4.239870677e-10
2257	201.3866668	-6.185540968e-11
2258	194.808371	1.07729381e-10
2259	206.2479345	-1.52815538e-11
2260	199.9863785	1.572688646e-10
2261	184.3279564	-2.606173055e-10
2262	102.7559325	-1.803526217e-10
2263	64.87435709	-1.417816975e-10
2264	145.1644493	6.14965856e-11
2265	202.5509039	-2.346887129e-10
2266	198.2206748	-4.18483026e-11
2267	202.8079609	-6.273914721e-11
2268	194.6675542	5.660538704e-11
2269	193.1085497	-4.2576076e-10
2270	199.1955163	-3.510640667e-10
2271	200.6394114	-3.039417606e-10
2272	202.466696	2.142019895e-11
2273	194.0456659	-3.05267811e-10
2274	103.3820952	-4.853184521e-11
2275	89.81889103	3.54649643e-12
2276	111.9882575	2.465174731e-10
2277	183.0935139	-2.462288151e-10
2278	202.7365933	-2.491908901e-10
2279	203.9247011	-2.60535149e-10
2280	212.7637569	1.071995825e-10
2281	217.4712318	-2.841074043e-10
2282	205.6944676	2.326139281e-11
2283	135.7517158	1.54562585e-10
2284	100.5837807	4.446683022e-10
2285	126.2132175	4.99356112e-11
2286	184.4975305	-2.095923435e-11
2287	187.257933	-6.612310699e-11
2288	185.1107595	2.345954542e-10
2289	164.9733212	-4.446931712e-11
2290	145.0258363	6.16076079e-11
2291	139.7640904	1.370992209e-10
2292	133.6713538	4.726832259e-10
2293	147.0552145	2.304054725e-10
2294	195.4114137	2.14896545e-10
2295	200.9572741	7.382983114e-11
2296	184.6555747	1.857118903e-10
2297	173.1280699	-1.051274623e-10
2298	179.9423514	-1.030660002e-10
2299	159.2390359	-3.301270368e-11
2300	172.9962638	3.090727674e-10
2301	176.1906264	1.225686219e-13
2302	125.3626787	3.690026062e-11
2303	125.7465717	-1.0262724e-10
2304	148.9935554	1.166777785e-10
2305	148.1021439	-2.581028724e-10
2306	126.6052086	-3.177613728e-10
2307	109.264627	-3.055249387e-10
2308	110.4135466	6.613953829e-11
2309	121.0546569	-1.183009246e-10
2310	132.0490391	-7.16502413e-11
2311	137.7792711	-1.772515468e-10
2312	136.520647	5.233280476e-11
2313	149.275517	-3.373346047e-10
2314	93.29903474	-3.592797171e-10
2315	95.61472825	-3.311364516e-10
2316	134.5352597	2.110756014e-11
2317	118.2573182	-6.467981706e-11
2318	133.1894093	-1.236015734e-10
2319	109.5602394	-6.476152947e-11
2320	137.9166888	2.193134563e-10
2321	160.3010164	3.586464459e-11
2322	189.3893139	-1.401327943e-10
2323	218.4502134	-2.304192392e-10
2324	211.447206	1.416990969e-10
2325	161.6334944	-7.253753154e-12
2326	121.5471741	8.024425568e-11
2327	101.695389	1.108291237e-10
2328	125.0669548	3.568918494e-10
2329	178.4247092	1.294395702e-10
2330	184.7869778	2.774713792e-11
2331	197.3986451	-1.107665071e-10
2332	190.0017122	2.22074803e-10
2333	202.8860401	5.167866135e-12
2334	193.4751426	6.810330078e-11
2335	184.3063666	7.653877532e-11
2336	182.6810301	4.686793176e-10
2337	176.6750311	2.943232325e-10
2338	124.0672486	1.012221418e-10
2339	127.740375	-9.870859685e-11
2340	126.7692666	5.462075237e-11
2341	150.7034266	-8.643263882e-11
2342	170.0557535	-1.860627208e-10
2343	207.7879912	-1.402646888e-10
2344	213.3107578	1.718101217e-10
2345	202.4849021	7.418154979e-11
2346	200.9279059	-1.187743237e-10
2347	214.5799227	-2.976658919e-10
2348	189.8321661	-9.988676553e-11
2349	179.120406	-1.62642344e-10
2350	179.9190426	-3.898952272e-10
2351	148.4681811	-3.719811126e-10
2352	149.6405301	-1.988098575e-11
2353	155.395329	5.17630383e-12
2354	146.0528791	-6.647482564e-11
2355	102.8188796	-2.479603189e-10
2356	88.44479326	-4.714406643e-11
2357	100.3221901	-2.329159088e-10
2358	154.4505897	-3.436109175e-10
2359	145.8614787	-3.742046673e-10
2360	156.4622351	2.769251495e-11
2361	176.2901174	4.644373774e-11
2362	191.6592191	6.864775415e-11
2363	189.4116304	5.450484508e-11
2364	161.6879323	3.071649601e-10
2365	139.3790801	1.76844317e-10
2366	122.5681109	-4.385025676e-11
2367	125.2225206	-2.55512056e-10
2368	142.0072854	7.437783722e-11
2369	150.1628312	1.700364294e-10
2370	156.4241532	1.42585499e-10
2371	169.7510789	1.499511626e-10
2372	174.3205913	2.935323096e-10
2373	167.809183	3.222138112e-10
2374	160.8488372	6.09245987e-12
2375	151.8914694	-1.4160495e-10
2376	125.585813	1.131592597e-10
2377	127.3942814	2.267928068e-10
2378	146.0682084	1.284510276e-10
2379	144.021832	3.436895213e-11
2380	153.1870508	2.780984332e-10
2381	137.1292785	3.447526709e-10
2382	137.9943515	5.90683058e-11
2383	154.1444863	-2.380855513e-10
2384	170.5687757	-1.531486049e-10
2385	136.9896349	-1.480060519e-11
2386	165.6093054	-6.762590488e-11
2387	171.9248963	-1.932689564e-10
2388	138.372369	8.08197953e-11
2389	123.1447558	1.248503523e-10
2390	132.478616	1.841815589e-11
2391	125.0177494	-2.661995069e-10
2392	134.5240465	-1.365432212e-10
2393	151.6128169	-8.159251053e-11
2394	167.0578993	-2.694910961e-10
2395	224.7167413	-3.710338703e-10
2396	182.3755739	-7.360689835e-11
2397	137.6897081	1.585869214e-10
2398	141.6312146	5.759126509e-11
2399	146.2863397	-2.533231402e-10
2400	144.1015345	-1.701168095e-10
2401	128.4754045	-2.598099513e-11
2402	152.5239897	-1.84729565e-10
2403	172.0929507	-2.134790122e-10
2404	176.6466235	4.700151379e-11
2405	168.8564246	3.713025443e-10
2406	114.1416792	2.875744087e-10
2407	179.5713032	7.731237872e-11
2408	221.2593901	5.795897096e-11
2409	219.3427208	2.20327756e-10
2410	178.9175603	1.026823071e-11
2411	183.5363328	-2.220263973e-10
2412	179.6099087	8.615330671e-13
2413	187.7374524	3.474451837e-10
2414	202.2744126	3.449285302e-10
2415	160.2993484	1.20025323e-10
2416	146.0344491	7.454392659e-11
2417	147.4462526	1.93615346e-10
2418	111.2899003	8.662492945e-11
2419	96.52537442	-1.872755284e-10
2420	98.33920885	-1.108184655e-10
2421	97.33443859	1.302482566e-10
2422	130.356001	1.498952074e-10
2423	158.1814551	-3.392397474e-11
2424	152.3089214	2.521582942e-11
2425	138.6130111	2.01346495e-10
2426	139.5255602	-4.95283814e-11
2427	132.7111083	-3.380482561e-10
2428	110.8618	-4.320961366e-10
2429	117.4158005	-9.442757687e-11
2430	118.968551	-5.48125989e-11
2431	130.3048864	-1.30922384e-10
2432	184.7734066	-1.505640057e-10
2433	196.3031649	9.521272659e-11
2434	208.6847498	-9.059419881e-13
2435	185.4199883	-3.347397914e-10
2436	184.1020296	-4.775091433e-10
2437	206.9787214	-1.554454343e-10
2438	189.1894889	-2.012607858e-10
2439	177.8779632	-2.289821666e-10
2440	180.0367563	-1.447721942e-10
2441	140.4658559	1.850142262e-10
2442	136.9042295	2.197841908e-10
2443	161.4722146	-1.546096584e-10
2444	179.8961516	-2.99015035e-10
2445	183.4203202	-6.825118248e-11
2446	182.3972432	3.236255708e-11
2447	202.0418403	-2.545608169e-11
2448	188.7497123	-9.156142511e-11
2449	168.7402514	2.555200496e-10
2450	157.1655798	3.331250831e-10
2451	107.9533102	1.953575079e-10
2452	107.1051303	-7.518874412e-12
2453	160.5489446	1.127249405e-10
2454	140.9292449	1.570490404e-10
2455	143.0600349	-1.385958015e-11
2456	162.7755451	-8.448841626e-11
2457	140.4502347	2.669655608e-10
2458	158.3062776	3.252860203e-10
2459	182.3475618	2.231512752e-10
2460	119.9176536	-1.307962627e-10
2461	84.74259737	6.245803874e-11
2462	136.44562	1.184385923e-11
2463	141.5636992	-1.526601068e-10
2464	132.6421428	-3.238991297e-10
2465	139.4485345	-2.43729481e-11
2466	162.1411358	1.303788189e-10
2467	170.9899557	5.359623856e-11
2468	159.1419509	-1.946540706e-10
2469	136.7579012	-3.664002435e-11
2470	123.3273609	-8.214362524e-11
2471	156.5705529	-2.747402306e-10
2472	189.1402255	-5.06071629e-10
2473	206.6020253	-1.419624418e-10
2474	200.7906372	8.04289968e-11
2475	194.828506	5.452349683e-11
2476	182.9156608	-1.792206383e-10
2477	182.0857176	-9.693845726e-11
2478	178.9818098	8.726797063e-12
2479	141.5925239	-6.657252527e-11
2480	174.3555733	-3.862918874e-10
2481	161.0845173	-1.119904169e-10
2482	54.94284942	7.706679739e-11
2483	139.6517627	1.935323013e-10
2484	138.5733102	-2.532640764e-12
2485	62.69148324	2.553814937e-10
2486	105.7471493	2.353979234e-10
2487	148.2287669	1.609552491e-10
2488	141.1504276	-2.232685148e-10
2489	142.2539152	-5.203837361e-12
2490	133.2865579	1.081756906e-10
2491	124.3486176	2.498765639e-10
2492	145.5350552	5.399680703e-12
2493	147.9346893	3.163869167e-10
2494	111.5383544	4.201985426e-10
2495	130.9046615	4.076365911e-10
2496	182.4326888	-3.272937477e-12
2497	183.5589733	5.027978034e-11
2498	197.5280772	9.094502929e-11
2499	195.4024531	1.050417531e-10
2500	197.1573408	-6.522693496e-11
2501	191.8247303	1.658464477e-10
2502	188.5018157	2.561537649e-10
2503	183.498395	2.910045538e-10
2504	192.0015051	-2.429274559e-10
2505	139.6818174	-1.470201738e-10
2506	130.6156649	-9.170841864e-11
2507	191.5551169	-6.411804421e-11
2508	199.9032945	-3.450297825e-10
2509	205.6915599	-1.515747527e-10
2510	206.6872662	-3.114974945e-11
2511	200.6609338	1.790585458e-10
2512	203.6705969	-2.562821066e-10
2513	199.9392056	-1.852566989e-10
2514	140.0816235	-2.623168349e-10
2515	76.96402542	-7.32756078e-11
2516	140.6773276	-4.574802759e-10
2517	196.2464166	-2.080233763e-10
2518	191.4950302	-1.423701157e-10
2519	193.9562526	7.410072556e-11
2520	185.9717661	-1.701878638e-10
2521	151.9448942	-4.766631534e-11
2522	123.4340319	-6.03073147e-13
2523	82.66021052	1.640425573e-10
2524	74.06754835	-2.412390288e-10
2525	147.7815576	-1.207496325e-10
2526	173.9200697	-2.953282063e-11
2527	157.2525819	2.817803768e-10
2528	164.3831744	7.024514304e-11
2529	163.608522	1.193294352e-10
2530	153.8091223	1.538942307e-10
2531	149.6494915	1.883226908e-10
2532	158.900611	-1.856150789e-10
2533	125.3195725	-2.64064326e-11
2534	97.68003709	9.227285602e-11
2535	77.21199135	4.163949185e-10
2536	141.0533007	7.89555088e-11
2537	206.4755239	1.788382775e-10
2538	186.591512	2.099160845e-10
2539	184.5481931	4.103939411e-10
2540	160.4675684	-8.788969552e-11
2541	151.1045998	-9.396750045e-11
2542	178.6575686	-1.167039798e-10
2543	156.1734339	2.087641171e-10
2544	103.9680228	-8.313216782e-11
2545	69.87302007	1.034266006e-10
2546	56.87706699	-1.713296172e-12
2547	85.36442276	2.038755831e-10
2548	104.3236246	-2.231930196e-10
2549	59.11944001	-1.827049623e-10
2550	59.85092303	-2.714908298e-10
2551	86.23590505	1.701305763e-12
2552	84.14847715	-3.052300634e-10
2553	125.0157575	-2.100413177e-10
2554	115.7249097	-1.006501549e-10
2555	119.099596	1.873474709e-10
2556	183.238549	-2.308606639e-10
2557	206.7275871	-2.556106438e-10
2558	164.7087761	-3.937850046e-10
2559	117.7687876	-1.076108092e-10
2560	86.88819927	-3.771880586e-10
2561	143.9700978	-2.059454829e-10
2562	184.3448257	-1.002256056e-10
2563	175.7406819	3.064406506e-10
2564	178.2981351	3.518341174e-11
2565	169.1553333	2.319033854e-11
2566	182.1969777	-7.746647768e-11
2567	170.7539076	2.143756284e-10
2568	156.5894722	-1.83739246e-10
2569	111.1210938	-6.565681332e-11
2570	92.97996295	-5.303224526e-11
2571	149.9387976	4.862759084e-10
2572	180.7594495	1.958895268e-10
2573	177.4731165	1.780993131e-10
2574	188.9848369	3.4283687e-12
2575	194.4015903	3.074864807e-10
2576	195.8753171	-6.283640275e-11
2577	177.8838939	2.452704706e-12
2578	123.1713319	-4.790967623e-11
2579	73.5786319	4.122733266e-10
2580	105.6184274	1.386100124e-10
2581	174.40255	1.85814919e-10
2582	197.4626041	9.173772852e-11
2583	193.6837626	3.679629934e-10
2584	192.1982805	-6.066702696e-11
2585	156.7835034	-2.002544797e-10
2586	114.2684949	-2.763242968e-10
2587	90.38165023	1.415809692e-10
2588	85.93898382	-4.112488128e-11
2589	152.757266	1.89199767e-11
2590	192.7863903	-1.440452202e-10
2591	200.6953846	2.460898152e-10
2592	211.3286298	-2.315339032e-10
2593	197.4708601	-2.659628073e-10
2594	191.1325259	-4.156976985e-10
2595	177.7651769	-1.038102937e-11
2596	143.0379566	-2.410636135e-10
2597	127.6191282	-1.322311149e-10
2598	73.93930992	-1.936726335e-10
2599	96.44838051	2.783751007e-10
2600	196.4728888	-1.670734662e-10
2601	191.7122182	-2.42867948e-10
2602	178.8602788	-5.446034734e-10
2603	170.7105166	-1.24704691e-11
2604	178.1913668	-1.143547479e-10
2605	171.0161996	2.265387877e-11
2606	175.4718039	-1.38319578e-10
2607	119.5621165	3.622724343e-10
2608	50.802419	2.283306877e-10
2609	78.25157494	1.231965641e-10
2610	174.9831075	-1.804947303e-10
2611	152.0436284	2.036433244e-10
2612	161.5612196	5.33351141e-13
2613	133.7455137	4.718270219e-11
2614	54.51046959	1.34048328e-11
2615	51.4277635	5.052589458e-10
2616	48.12216594	3.562643514e-10
2617	124.4891919	2.474718208e-10
2618	130.8357353	-1.080442402e-10
2619	99.18880151	2.429012547e-10
2620	132.4825459	-2.470423865e-11
2621	168.5063835	1.662936455e-11
2622	174.0106248	-2.633231411e-10
2623	148.9719594	3.412168326e-10
2624	89.8197698	2.156999024e-10
2625	90.32769316	2.587321468e-10
2626	105.9954363	-1.64623426e-10
2627	118.7788052	1.734576927e-10
2628	127.2198844	-1.777622494e-10
2629	111.7627668	-1.612958656e-10
2630	128.5760289	-5.335869524e-10
2631	174.395941	1.015512119e-10
2632	188.0185747	1.129993876e-10
2633	221.1217421	2.008313515e-10
2634	158.0407238	-2.710009994e-10
2635	108.8304639	9.082690156e-11
2636	128.1489021	-1.412474582e-10
2637	128.5262957	-1.811999439e-10
2638	141.3936001	-5.600271358e-10
2639	137.4161016	-1.167599351e-10
2640	124.6904933	-4.319744562e-11
2641	130.7934267	1.019095919e-10
2642	130.5939366	-1.803504013e-10
2643	143.5153119	1.697002538e-10
2644	120.3176434	6.991696111e-11
2645	132.7473846	2.317745995e-11
2646	149.2971059	-4.719864499e-10
2647	139.5401076	-2.513544928e-13
2648	136.5013177	9.404033108e-12
2649	126.6257634	2.422235745e-10
2650	131.4357759	-7.210587682e-11
2651	139.5236633	3.328683995e-10
2652	114.7239485	2.405080579e-10
2653	146.063406	3.339115651e-10
2654	182.7112031	-2.41997089e-10
2655	185.5472553	1.69188219e-10
2656	162.5195134	1.961009133e-11
2657	179.8868694	2.17958096e-10
2658	199.5333768	-1.593023491e-10
2659	168.4847552	4.484652649e-10
2660	135.2880006	3.726641218e-10
2661	162.8102898	3.629265777e-10
2662	143.4435527	-3.052296194e-10
2663	133.9405248	-5.053379937e-11
2664	150.2862616	-9.828804437e-11
2665	138.3366741	1.348232637e-10
2666	163.8604078	-3.338418431e-10
2667	162.6148303	9.210454621e-11
2668	171.7558338	5.009104243e-11
2669	154.7085551	2.576010516e-10
2670	127.5292951	-2.684474865e-10
2671	60.64059531	-1.627520341e-10
2672	24.35757236	-2.915556685e-10
2673	39.63472182	-3.797850923e-12
2674	60.091212	-3.534785797e-10
2675	46.28878053	2.660982545e-12
2676	29.94946778	-2.316635772e-11
2677	23.53072187	2.41832776e-10
2678	22.05018147	-4.148317245e-10
2679	40.57941078	-2.708766544e-11
2680	45.90375772	-1.915876346e-10
2681	112.5422652	1.129052407e-11
2682	159.749262	-4.871689718e-10
2683	106.2430049	-9.195222361e-11
2684	143.1387929	-3.485300937e-11
2685	163.6465085	3.328972653e-10
2686	137.2532298	-9.656275779e-11
2687	147.0295153	1.498241531e-10
2688	78.34712803	-1.107003378e-10
2689	83.43565389	1.268558592e-10
2690	122.6720051	-4.20364632e-10
2691	139.8146845	-8.954126329e-11
2692	106.8746363	7.113198919e-11
2693	105.2871201	4.766227413e-10
2694	134.8983782	4.003775089e-11
2695	223.0501849	1.215405554e-10
2696	219.1081	9.076472907e-11
2697	229.8108778	3.017537331e-10
2698	169.6492748	-2.046953718e-10
2699	140.2003683	-4.060218828e-11
2700	151.3365668	-3.90700805e-11
2701	141.4184598	4.282463273e-10
2702	124.8308875	3.981481811e-11
2703	119.2479496	1.935949179e-10
2704	119.3067469	8.304334997e-11
2705	134.457849	2.584736869e-10
2706	146.0884299	-3.338600507e-10
2707	162.6556322	-2.140478905e-10
2708	169.5106703	-3.13536308e-10
2709	152.9753128	1.541309302e-10
2710	145.7034393	-2.758953066e-10
2711	159.1048993	5.207656528e-11
2712	146.792953	-1.385127568e-10
2713	114.0423416	2.94281044e-10
2714	145.5502784	-2.781601616e-10
2715	155.1156585	-2.396385312e-10
2716	162.2140601	-4.294609113e-10
2717	160.9534429	-1.362461255e-10
2718	141.7111217	-4.578470936e-10
2719	126.4380184	-7.676037583e-11
2720	120.8924647	-1.300204389e-10
2721	141.375274	3.047211372e-10
2722	138.0340648	-2.391131737e-10
2723	132.2961804	-8.431477738e-11
2724	171.4289194	-2.454179082e-10
2725	171.5679471	1.411910588e-10
2726	154.9760177	-2.087703344e-10
2727	126.145869	-2.964384294e-11
2728	102.032275	5.418199223e-11
2729	124.4150908	5.262581482e-10
2730	110.0966402	1.193201093e-10
2731	104.7757652	1.41709311e-10
2732	106.0848036	-1.695612539e-10
2733	100.2284077	2.256372866e-10
2734	91.12585626	-7.578471184e-11
2735	71.60742361	1.492423962e-10
2736	30.77971317	9.082290475e-11
2737	30.93670502	5.457478913e-10
2738	25.60888668	1.922124682e-10
2739	8.301423267	4.43840964e-10
2740	24.26111947	1.497530988e-10
2741	19.65348368	5.089146882e-10
2742	17.78722516	-2.402833488e-11
2743	54.73770193	8.699840848e-11
2744	59.23643807	-1.461288868e-10
2745	60.15931068	4.695337452e-10
2746	111.1785003	1.227178359e-10
2747	83.61593337	1.959459262e-10
2748	110.6475247	-4.919975538e-11
2749	117.0037825	1.778857062e-10
2750	114.0092104	-2.47104559e-10
2751	137.2142433	-2.098534679e-10
2752	124.0175361	-3.660853842e-10
2753	156.6340414	2.234719076e-10
2754	148.0077806	-1.444013797e-10
2755	126.1401658	1.914912673e-11
2756	114.5719413	-1.649604897e-10
2757	145.4713952	2.128199839e-10
2758	157.9190555	-2.593232296e-10
2759	187.3665016	-3.599467391e-10
2760	180.2202736	-5.73339598e-10
2761	177.8380523	-6.419265119e-11
2762	167.1990457	-2.442028801e-10
2763	178.8928355	1.146771567e-11
2764	190.4274807	-2.163424995e-10
2765	187.8656209	2.967555091e-10
2766	188.4738991	-5.491829214e-11
2767	196.3034589	-1.118469761e-10
2768	188.2841629	-3.376143809e-10
2769	181.7561626	1.437263641e-10
2770	187.6925503	-8.096634474e-11
2771	181.0070799	1.278221973e-10
2772	184.7971058	-1.079598633e-10
2773	158.0156255	4.647202623e-10
2774	156.6983499	1.734945521e-10
2775	160.7896019	1.847508813e-10
2776	117.9375609	-2.243063513e-10
2777	138.9853726	1.972937369e-10
2778	173.9450212	-1.086113421e-10
2779	146.2699199	9.6245234e-11
2780	129.0107754	-3.01763059e-11
2781	152.2092479	4.478040161e-10
2782	167.5194267	2.198090598e-10
2783	128.7050012	2.558797618e-10
2784	147.8019232	-1.33560718e-10
2785	153.3522681	2.334754612e-10
2786	132.5053268	-1.504174563e-10
2787	122.2353876	-1.067861355e-10
2788	141.1873946	-3.664331061e-10
2789	131.8594121	3.260396397e-10
2790	143.2441345	7.919886968e-11
2791	156.46021	1.263882332e-10
2792	147.6313814	-3.043774122e-10
2793	137.3443446	4.337064041e-11
2794	105.9512906	-2.089253215e-10
2795	82.12723228	-1.601661026e-10
2796	89.8267927	-5.331277642e-10
2797	112.5407331	4.478106774e-11
2798	124.9784651	-1.327067345e-10
2799	104.1636074	7.35722594e-12
2800	90.3949027	-3.076232602e-10
2801	98.74276457	5.360201172e-11
2802	88.26315456	-1.539324224e-10
2803	75.26821551	-2.295554857e-10
2804	75.53042922	-5.478044685e-10
2805	65.29721609	2.801359145e-11
2806	57.87911962	-5.622613486e-12
2807	96.56866346	1.694728802e-10
2808	103.2261534	-2.014122202e-10
2809	74.85447029	2.009956646e-10
2810	104.1475691	3.092148759e-11
2811	104.0761485	1.008975126e-10
2812	91.75563644	-3.016218386e-10
2813	101.2014788	1.349325096e-10
2814	127.9842761	6.132472308e-11
2815	118.8521985	2.453490744e-10
2816	146.7385337	-4.616751426e-11
2817	139.1484696	5.299893857e-10
2818	118.3677247	2.785793818e-10
2819	122.6126234	2.97412317e-10
2820	129.0211354	-3.375282276e-10
2821	127.2611682	1.021445151e-10
2822	116.2359478	4.935651887e-11
2823	114.7636642	2.42594389e-10
2824	123.8807465	-1.273696704e-10
2825	122.7555778	3.270161919e-10
2826	141.6808031	2.516040709e-10
2827	126.0358215	2.705191626e-10
2828	133.4440313	-3.2562264e-10
2829	147.325943	-4.62523353e-11
2830	179.0510549	-1.595865662e-10
2831	160.1682919	2.761701978e-11
2832	153.2905898	-3.101585655e-10
2833	156.7651854	1.112132608e-10
2834	154.5099289	1.622257884e-10
2835	153.8810231	1.88502991e-10
2836	155.0135899	-3.590465703e-10
2837	164.5318731	-1.472839628e-10
2838	189.5399222	-2.176929748e-10
2839	148.2245404	-1.134807803e-10
2840	137.5543776	-5.114699775e-10
2841	160.1794314	-6.96620539e-11
2842	151.5096986	-4.183631219e-11
2843	149.1817445	3.122266889e-10
2844	128.4301677	-1.748663436e-10
2845	138.8785199	5.598943531e-11
2846	158.9940514	-1.176481135e-10
2847	131.0362471	-3.485478572e-11
2848	144.1068338	-5.019704652e-10
2849	146.7566529	1.35198519e-11
2850	154.0847046	4.98121544e-11
2851	109.0966246	4.245226393e-10
2852	139.2355021	-1.184012888e-10
2853	160.9375661	2.229008089e-10
2854	127.5276812	1.176303499e-10
2855	129.9253013	2.611653116e-10
2856	162.1161225	-2.669380272e-10
2857	129.0855065	-1.54378732e-11
2858	115.4335795	1.339448552e-10
2859	124.1374946	5.250231361e-10
2860	99.25274723	1.446451847e-10
2861	111.9380321	3.437983231e-10
2862	106.7069177	2.384630271e-10
2863	82.74483936	3.343108013e-10
2864	94.17640934	-2.763749229e-10
2865	119.7506563	-1.468620781e-10
2866	98.40226228	-3.602140808e-11
2867	81.5208701	3.372271351e-10
2868	118.3758572	-7.508837996e-11
2869	112.3467992	6.776135208e-11
2870	92.15374109	1.715116937e-11
2871	94.77716533	2.696438628e-10
2872	113.2764789	-3.171884977e-10
2873	100.8024771	-1.713740261e-10
2874	110.3112826	-3.021818351e-10
2875	150.1707987	9.636158538e-11
2876	148.9932868	-2.702007507e-10
2877	143.503409	9.169998094e-12
2878	151.4350038	-2.669997556e-11
2879	139.5507442	1.875788413e-10
2880	144.5133798	-3.720197483e-10
2881	137.1154832	-3.191233944e-10
2882	134.2879755	-3.64023478e-10
2883	143.5423442	1.405187078e-11
2884	141.2101883	-3.231273027e-10
2885	139.8096655	-5.137312797e-11
2886	140.5135055	3.77449183e-11
2887	129.0051906	4.32794689e-10
2888	135.7329307	1.872280109e-12
2889	140.5350376	-1.477027389e-10
2890	131.8180832	-2.270890143e-10
2891	137.796622	2.471267635e-11
2892	137.4134217	-1.982871645e-10
2893	123.3929061	3.346389832e-11
2894	129.1331894	1.158357854e-10
2895	106.4566445	5.543867587e-10
2896	119.5032183	1.351549983e-10
2897	179.5760463	9.902834108e-11
2898	182.2931473	-4.534106424e-11
2899	159.9951143	2.166280488e-10
2900	163.4163062	-7.608313979e-11
2901	185.6315721	-7.545075675e-13
2902	170.7263743	4.130162878e-11
2903	133.3079753	5.737543773e-10
2904	148.9369717	2.237561247e-10
2905	130.9490043	2.427524848e-10
2906	169.4359083	-6.733458235e-11
2907	212.8143609	1.687130435e-10
2908	200.492556	-2.67046385e-10
2909	178.9369162	-2.098881069e-10
2910	172.9655595	-2.727880144e-10
2911	133.7863097	2.298472523e-10
2912	128.108884	-1.20961019e-11
2913	143.9993576	1.802513694e-11
2914	175.3939093	-6.518918738e-11
2915	142.291901	1.73613568e-10
2916	187.4106826	-3.216689137e-10
2917	177.1486243	-4.494196126e-10
2918	149.1907858	-5.198352859e-10
2919	158.7025501	2.05373496e-11
2920	187.7713062	-4.167510781e-11
2921	160.8856985	-7.441425254e-11
2922	87.21129727	-1.269166994e-10
2923	154.23242	7.983924633e-11
2924	122.2223638	-1.761328861e-10
2925	111.2137635	-2.994164916e-10
2926	117.8817621	-3.647984137e-10
2927	78.20590166	1.649733683e-10
2928	95.57099515	-1.115285642e-11
2929	102.9572989	1.011022377e-10
2930	94.7691332	-1.615685363e-11
2931	76.77097086	4.017892685e-10
2932	106.8073622	1.471782696e-10
2933	130.2257191	-3.24522631e-11
2934	109.8851622	-2.568874002e-10
2935	80.84612578	1.264925942e-10
2936	116.562056	4.09428047e-11
2937	126.1819478	2.1239277e-10
2938	102.8723807	6.931832885e-11
2939	128.3325901	5.021902894e-10
2940	146.7751092	2.112190423e-10
2941	139.7994052	1.739550726e-10
2942	138.5620796	-6.101785743e-11
2943	135.8738161	1.693849505e-10
2944	126.6035426	7.003109204e-11
2945	120.0988341	-1.239008895e-11
2946	118.0078659	-6.714628853e-12
2947	125.0411052	4.121742947e-10
2948	126.5901255	2.619442441e-10
2949	133.2074729	8.931166917e-11
2950	126.8451946	-2.766187279e-10
2951	129.0151007	-6.150191467e-11
2952	119.4041265	-1.776423453e-10
2953	125.9644406	-1.755955381e-10
2954	132.1992845	-2.216165029e-10
2955	135.372818	1.509303793e-10
2956	131.820601	1.056257304e-10
2957	131.8772043	-1.463762445e-11
2958	128.7487376	-3.774425217e-10
2959	141.294549	-7.407807701e-11
2960	140.8038861	-3.38714834e-10
2961	140.1994984	-3.415294714e-10
2962	142.9721592	-5.447584606e-10
2963	138.6612159	-1.955546836e-11
2964	137.3087565	4.398392761e-11
2965	146.6331244	4.637712436e-11
2966	102.5004718	-1.837663355e-10
2967	158.9701781	-6.703837485e-11
2968	154.420618	-1.324260701e-10
2969	182.1279214	-1.302011832e-10
2970	229.2553291	-2.512590136e-10
2971	206.2027476	1.024957896e-11
2972	223.6827193	7.241407474e-11
2973	221.3208893	1.862292542e-10
2974	214.2115049	8.777911731e-11
2975	162.0127321	3.601781096e-10
2976	121.5862075	3.065561138e-10
2977	161.5951199	-2.052402692e-11
2978	171.6330389	-2.73313816e-10
2979	162.9057956	7.545786218e-11
2980	198.0450985	2.345523775e-10
2981	183.3129962	3.227103029e-10
2982	192.6409969	2.322719794e-11
2983	191.4279545	3.655600267e-10
2984	198.8511467	3.141051863e-10
2985	187.55429	1.388689164e-10
2986	149.5323824	-2.040412284e-10
2987	184.3129269	-3.563593864e-11
2988	124.3381524	9.690914737e-11
2989	131.2302109	1.165583186e-10
2990	140.5819751	-5.700817596e-11
2991	99.48600772	2.248090603e-10
2992	72.48160641	2.316951075e-10
2993	102.1696426	1.648903236e-10
2994	136.6416644	-3.311013685e-10
2995	88.20147566	-1.561013541e-10
2996	79.84663432	-8.916334338e-11
2997	122.5411921	-9.152989477e-11
2998	143.6829552	-2.689022338e-10
2999	129.0329193	-5.004086034e-11
3000	102.8938214	4.651479202e-11
3001	115.7691246	2.486721939e-11
3002	134.1233089	-3.015885319e-10
3003	139.9009741	-1.584234965e-10
3004	147.7194378	-2.367954721e-10
3005	144.1844988	-2.013731404e-10
3006	142.7908739	-3.795790349e-10
3007	152.1833153	-7.03002101e-11
3008	115.8165311	2.016338208e-10
3009	118.4379329	1.487574508e-10
3010	129.624036	-1.179625286e-10
3011	121.5209044	-6.221734239e-11
3012	124.5767461	-4.411582211e-12
3013	122.6086791	-3.419486916e-13
3014	126.8672776	-2.577595914e-10
3015	123.6699884	4.745492888e-11
3016	122.7086526	2.641056263e-10
3017	124.1693271	4.258020603e-10
3018	122.645857	1.223274815e-10
3019	124.1114754	1.991016241e-10
3020	120.6927974	2.268571997e-10
3021	123.7605357	1.363735791e-10
3022	124.3323648	-1.658650994e-10
3023	125.7819505	4.076738946e-13
3024	128.6363292	2.621045603e-10
3025	131.5397846	3.941735827e-10
3026	126.6137714	8.634204463e-11
3027	130.9994217	7.5173201e-11
3028	132.9797195	1.421791573e-10
3029	117.8306654	8.201794799e-11
3030	107.2094432	-2.176530067e-10
3031	173.701571	-2.854068093e-10
3032	161.1765107	-4.386757624e-11
3033	179.6921369	5.638645106e-11
3034	195.8476844	-6.975442446e-11
3035	187.3547216	4.217692862e-11
3036	186.9999131	1.688662543e-10
3037	204.5472897	-1.128031002e-11
3038	196.0684814	-4.65874006e-10
3039	144.0818663	-4.324749447e-10
3040	151.5232067	-2.184616932e-10
3041	162.1549801	-6.586287071e-11
3042	168.5399835	-3.423821227e-10
3043	157.4825712	-2.121165465e-10
3044	183.4426781	5.064837438e-11
3045	188.3345644	1.625042323e-10
3046	183.5823758	-2.210440719e-10
3047	171.4806482	-3.187570208e-10
3048	167.731203	-3.093485468e-10
3049	167.4650515	-9.956435676e-11
3050	194.6000642	-2.589155557e-10
3051	195.7551074	-1.057025578e-10
3052	129.3402965	1.901923063e-10
3053	137.8208374	2.8901459e-10
3054	167.2735834	-5.47593082e-11
3055	138.9809017	-2.056506077e-10
3056	67.12438122	-3.166711338e-11
3057	129.3951924	1.161097885e-10
3058	153.5581724	-4.113820395e-11
3059	154.0367771	-6.351674742e-11
3060	125.3069317	2.373909957e-10
3061	125.5432815	4.545741561e-10
3062	152.6938837	2.858944192e-10
3063	137.9506321	5.08824094e-11
3064	118.0593552	1.447766351e-10
3065	143.5593544	1.301696528e-10
3066	148.8827907	-8.552136777e-11
3067	133.4723992	-1.773265978e-10
3068	129.2196768	1.166298169e-10
3069	151.3474282	3.126272574e-10
3070	154.0978408	3.842570706e-11
3071	156.9259162	-5.639222422e-11
3072	141.7801266	-8.317346811e-12
3073	137.2028305	9.928857736e-11
3074	135.197452	-1.450528586e-10
3075	131.6914291	-4.112474805e-10
3076	126.7611324	-1.236371006e-10
3077	131.3600997	1.585220843e-10
3078	133.4566473	9.64099911e-11
3079	125.6308524	-5.991473984e-11
3080	124.8682342	-5.584821494e-11
3081	130.3338327	-9.195311179e-12
3082	129.1617124	-2.784030784e-10
3083	130.910414	-4.818554444e-10
3084	128.3097674	-2.314899383e-10
3085	134.1745153	6.788081208e-11
3086	132.9908192	1.479034673e-10
3087	131.5752861	-1.420441542e-10
3088	126.1385438	4.42312853e-11
3089	128.9062013	1.853996956e-10
3090	130.8115419	4.980904578e-11
3091	127.0754261	-2.762892137e-10
3092	137.3277762	-2.681899147e-10
3093	114.9098949	3.953859462e-11
3094	101.6369274	1.901914182e-10
3095	137.6775586	8.731104728e-11
3096	142.0428759	2.269775479e-10
3097	130.214628	2.972808666e-10
3098	138.9103279	2.023607948e-10
3099	146.1875713	-1.102260505e-10
3100	147.241531	-6.494715876e-11
3101	143.689706	1.867079824e-10
3102	148.4597731	1.774802527e-10
3103	158.2251083	3.39173134e-11
3104	153.4194348	2.236930641e-10
3105	110.7037728	5.091886912e-10
3106	166.6461438	4.703606393e-10
3107	153.9603328	1.798250437e-11
3108	157.6582528	-1.665902971e-10
3109	158.6186308	-1.036539743e-10
3110	163.020966	-3.70370401e-12
3111	172.0034262	-1.650559689e-10
3112	159.4829889	-3.267164317e-12
3113	168.1833571	2.876539007e-10
3114	168.6383114	2.611439953e-10
3115	166.9633428	-1.325743959e-10
3116	128.7557569	-2.089701745e-10
3117	120.7039399	-2.00261141e-10
3118	149.7201994	-1.106972292e-10
3119	118.7263255	-3.960756167e-10
3120	79.1992215	-2.513802499e-10
3121	140.1555388	-4.064615311e-11
3122	135.9183873	1.847015874e-10
3123	152.556599	-5.554667837e-11
3124	107.9766809	-2.224411766e-10
3125	68.02875587	-1.288529283e-10
3126	99.53636886	-1.503641656e-10
3127	112.1837372	-3.476765542e-10
3128	86.75813997	-2.449009884e-10
3129	92.89667863	-1.889377543e-11
3130	106.1849379	2.378151009e-10
3131	104.9347068	4.917799501e-11
3132	112.4514785	6.524825125e-11
3133	138.5587029	1.10283338e-10
3134	146.8056747	1.478763778e-10
3135	157.2767573	-1.943196715e-10
3136	139.1595396	-2.60291344e-10
3137	145.2723818	-4.506039986e-11
3138	147.8503405	3.671303261e-10
3139	142.7185948	1.310120901e-10
3140	143.2574235	2.152580336e-10
3141	154.0908142	1.08446141e-10
3142	152.8467303	2.874678273e-10
3143	147.8055925	-1.022075757e-10
3144	151.1032984	-1.074154099e-10
3145	150.5835677	4.325473313e-11
3146	150.038143	3.037250451e-10
3147	151.6290677	1.16351373e-10
3148	150.091163	1.357398638e-10
3149	149.3708817	2.009707956e-10
3150	146.2343767	3.370312918e-10
3151	147.624616	-1.21483712e-10
3152	151.8217449	-3.232609735e-10
3153	143.6798143	-3.090456779e-10
3154	145.6536957	4.058753333e-11
3155	148.5471262	1.316635689e-11
3156	153.0446811	-5.399547476e-11
3157	144.4832226	4.06918943e-12
3158	137.8947025	8.674971852e-11
3159	132.8016991	-1.781530479e-10
3160	120.8778643	-3.274869265e-10
3161	128.4744508	-4.197566739e-10
3162	127.8256352	-1.314952591e-10
3163	120.2615849	-3.371858348e-10
3164	129.7431769	-1.774940195e-10
3165	122.8417233	-6.534772723e-11
3166	123.0761286	2.337658955e-10
3167	125.9205612	-5.326361574e-11
3168	121.2491865	-2.448206082e-10
3169	100.6757603	-3.465872034e-10
3170	137.956637	-5.645306445e-11
3171	129.3499958	-2.704099167e-10
3172	124.7202541	-1.470690236e-10
3173	148.1438607	-2.349720418e-11
3174	132.2433684	4.431157663e-10
3175	133.8825772	1.995354992e-10
3176	137.3592764	8.404343887e-11
3177	138.7892088	-3.503153323e-11
3178	137.6861736	1.583488896e-10
3179	144.1308016	-3.58970631e-11
3180	105.0402143	-1.94466665e-12
3181	113.1901957	3.603606302e-11
3182	127.2369395	5.401536995e-10
3183	118.195107	3.961768691e-10
3184	118.283086	2.49633203e-10
3185	125.6535444	-9.400924483e-12
3186	128.1890636	2.16798135e-10
3187	124.0094575	2.61963784e-11
3188	127.0486284	-7.139400182e-11
3189	113.7860991	-7.374678646e-11
3190	103.5566771	2.796216592e-10
3191	120.2794958	1.921942605e-10
3192	117.5065147	2.38377762e-10
3193	117.1847111	4.143219101e-11
3194	125.486957	2.830353729e-10
3195	119.6084485	-9.480816132e-11
3196	123.6681934	-2.024207468e-10
3197	131.8472837	-3.45883322e-10
3198	131.6040543	7.334266527e-11
3199	130.587428	-6.9637629e-11
3200	91.07128649	-6.539124797e-11
3201	90.54652806	-1.824269624e-10
3202	99.52883676	1.251541093e-10
3203	108.2991551	-1.566173857e-10
3204	106.6332735	-2.460156523e-10
3205	106.4560846	-5.446936235e-10
3206	114.7249662	-9.185763261e-11
3207	112.6848832	-1.28308475e-10
3208	123.0643014	-8.897327319e-11
3209	122.7704348	-1.272790762e-10
3210	125.1400296	2.662963183e-10
3211	131.0920683	2.499023211e-11
3212	129.8076156	-2.068665239e-10
3213	141.0530919	-4.515974261e-10
3214	138.0585777	-2.461497672e-11
3215	141.4454391	-4.964917366e-13
3216	140.2981763	7.010392267e-11
3217	146.0689647	-4.478861726e-11
3218	148.4732334	3.605307164e-10
3219	151.3484574	2.354827444e-10
3220	148.8711896	2.228381923e-10
3221	151.2941046	-1.259543581e-10
3222	151.4147231	1.807567429e-10
3223	154.409854	7.185629869e-11
3224	146.4460459	1.463904553e-10
3225	146.584356	3.575806318e-12
3226	154.3135543	4.262847852e-10
3227	147.5612526	2.52843968e-10
3228	145.7251524	2.417799294e-10
3229	146.5232056	-2.245705844e-10
3230	144.1995262	1.075397549e-10
3231	137.1283002	-3.069411392e-11
3232	145.6514724	-6.27764507e-11
3233	145.5832725	-2.600106797e-10
3234	138.7582802	2.397206877e-10
3235	137.3600631	2.523670162e-10
3236	134.2620354	2.369717755e-10
3237	130.0150481	-1.459694587e-10
3238	131.497017	7.441247618e-11
3239	120.7196684	-1.540465533e-10
3240	137.0839276	-2.195603699e-10
3241	131.8828917	-5.386100455e-10
3242	123.1206143	-7.825295967e-11
3243	128.2907486	4.741096404e-11
3244	129.9950625	7.436451455e-11
3245	143.1631512	-3.078404198e-10
3246	138.2338892	-2.714006797e-11
3247	131.3764837	-1.349169665e-10
3248	141.0763396	-1.024624829e-10
3249	132.5266253	-5.313700591e-10
3250	135.1979198	-7.843592442e-11
3251	136.1306836	-5.012301685e-11
3252	134.7756126	1.619961942e-10
3253	128.490934	-1.320232812e-10
3254	129.0356369	1.68735248e-10
3255	128.2506493	5.701705774e-11
3256	121.2141302	3.269562399e-11
3257	116.1905697	-4.317928237e-10
3258	103.3774783	5.512257317e-11
3259	102.3692243	7.390088541e-11
3260	126.0683822	2.504938479e-10
3261	117.321922	-5.528910663e-11
3262	121.6624405	3.563509487e-10
3263	117.2966562	4.049138802e-10
3264	96.02151065	4.217564076e-10
3265	83.09173097	-8.752376601e-11
3266	75.80006925	4.243627671e-11
3267	80.79547339	4.605693604e-11
3268	76.07936188	2.569193747e-10
3269	75.699924	-2.583266934e-11
3270	76.12763568	2.848623559e-10
3271	72.31946819	2.354427764e-10
3272	67.63832156	2.735789373e-10
3273	68.56963584	-2.262026122e-10
3274	66.99581365	-2.922817544e-11
3275	73.62786901	-4.905764683e-11
3276	72.6279853	1.056474908e-10
3277	71.53173584	-3.206119814e-10
3278	65.27642617	3.539835092e-12
3279	67.85772761	1.275264339e-10
3280	64.01425636	3.636011492e-10
3281	72.53321558	-2.883830952e-10
3282	82.7226893	-1.737947564e-10
3283	76.59255892	-3.42796902e-10
3284	75.69111679	4.141798016e-11
3285	86.62532635	-3.770037615e-10
3286	94.63441216	-9.121148281e-11
3287	98.3375395	-3.483258126e-11
3288	94.33825812	2.124647125e-10
3289	113.3364555	-2.473967697e-10
3290	107.0066843	-6.509992545e-11
3291	118.5062832	-1.342321809e-10
3292	119.6465543	6.293809918e-11
3293	127.3221048	-4.228279948e-10
3294	127.7566109	-1.297104646e-10
3295	122.5601259	-3.676614568e-12
3296	138.5341311	3.522306891e-10
3297	136.0258327	-2.058220261e-11
3298	136.0253796	7.017142423e-11
3299	135.9393598	-2.312372516e-12
3300	140.5788686	1.885940293e-10
3301	150.1092932	-3.321765085e-10
3302	137.3417995	-4.082290062e-11
3303	132.3470999	2.765254692e-11
3304	149.577075	5.312896789e-10
3305	140.4388764	5.825295801e-11
3306	155.0988805	2.541855615e-10
3307	152.1142323	1.613544853e-10
3308	159.4027667	4.275113596e-10
3309	149.6720019	-2.174487257e-10
3310	158.2897295	-1.735864785e-10
3311	145.79613	-1.811426564e-10
3312	150.1876869	3.229936318e-10
3313	148.549884	-1.913136316e-12
3314	142.8676157	1.67450942e-10
3315	141.3326671	-6.275113762e-11
3316	139.3099598	2.837579061e-10
3317	138.3253205	-3.098850065e-10
3318	140.0308316	-2.683053779e-10
3319	130.7435962	-3.278755045e-10
3320	131.5966861	-7.676970171e-12
3321	133.5931003	-2.908038255e-10
3322	116.9009906	-1.201083677e-10
3323	111.0788544	-7.394929114e-11
3324	114.0232468	2.815059297e-10
3325	114.1523471	-2.538405042e-10
3326	133.5119816	-2.382178899e-10
3327	132.9688881	-4.426272682e-10
3328	118.0074533	3.750777466e-12
3329	111.7748507	-2.723106185e-10
3330	126.4274044	-6.449241141e-11
3331	128.1787977	-5.411182613e-11
3332	122.333466	4.088698269e-10
3333	127.291779	-2.810240929e-11
3334	124.8333298	-9.192646644e-13
3335	124.0909039	-2.502638097e-10
3336	127.2165646	2.515454511e-10
3337	138.0157989	-2.354081374e-10
3338	135.7053948	9.462208794e-12
3339	131.560281	-5.882583309e-11
3340	116.5848021	6.090057347e-10
3341	104.3388211	2.956528355e-10
3342	104.972287	1.993680776e-10
3343	101.6655474	-1.166058361e-10
3344	102.1782773	2.892162065e-10
3345	97.01056892	9.428013925e-12
3346	91.45397033	1.589905985e-10
3347	84.44876338	1.41948675e-11
3348	83.32866091	5.382552182e-10
3349	86.24309241	2.296594026e-10
3350	59.12638592	2.505116115e-10
3351	43.14812032	8.369926974e-11
3352	54.19472571	3.402598203e-10
3353	60.41952804	-6.03690431e-11
3354	62.91225358	-7.337019881e-11
3355	63.07218816	-2.636388885e-10
3356	60.37110076	3.926299286e-10
3357	70.95509524	1.345452638e-10
3358	71.02545377	1.879461031e-10
3359	69.296427	-1.855977594e-10
3360	62.85526042	1.439981467e-10
3361	65.8809933	-3.269970961e-10
3362	69.65405097	-1.931432791e-10
3363	70.29845334	-4.996341119e-10
3364	70.02151053	6.182787615e-11
3365	151.1150961	-2.052136239e-10
3366	143.095631	-5.773603817e-12
3367	152.8578042	-2.468958371e-10
3368	154.730625	2.289883838e-10
3369	70.93486528	-1.884545853e-10
3370	71.91286473	-2.275912792e-10
3371	73.17181436	-6.117808482e-10
3372	87.21857631	-1.423261509e-11
3373	79.14631116	-8.891998249e-12
3374	97.08702039	1.667785909e-10
3375	105.9396516	-5.62039304e-11
3376	114.8360818	3.303393115e-10
3377	124.1217912	6.54516441e-11
3378	122.1109006	7.763523158e-11
3379	123.6656778	-3.036007001e-10
3380	125.4147395	1.332458588e-10
3381	134.1740807	-3.247091485e-11
3382	140.1987236	2.121955944e-10
3383	140.0717165	7.234479682e-11
3384	144.2927681	5.402709391e-10
3385	147.0276684	2.859295023e-10
3386	148.4422019	2.013571532e-10
3387	149.4923636	-2.214455286e-10
3388	150.5476385	1.873297073e-10
3389	143.4490094	-1.137188121e-10
3390	142.7668034	1.201074795e-10
3391	140.5838338	-2.04408046e-10
3392	114.8688648	4.163593914e-10
3393	106.7890034	2.196047788e-10
3394	125.8063793	3.07154302e-10
3395	122.0948451	-1.97329264e-10
3396	125.096879	1.188293908e-10
3397	121.1895116	-2.151545608e-10
3398	126.5716493	-1.141842176e-10
3399	119.0978023	-4.443094781e-10
3400	125.9096012	1.613891243e-10
3401	147.2623464	1.049960119e-11
3402	139.9663346	8.687717212e-11
3403	152.9554086	-4.179008251e-10
3404	136.4027293	-1.019317963e-10
3405	128.96551	-3.286948491e-10
3406	121.0755305	-2.716569192e-10
3407	133.7583823	-5.708717943e-10
3408	125.0530953	-6.034639455e-11
3409	132.4662955	-6.793854368e-11
3410	138.0376908	1.278861461e-10
3411	117.1286948	-2.942637245e-10
3412	118.4101473	7.71240849e-11
3413	123.4723627	-2.020952294e-10
3414	67.73725005	-1.365476621e-10
3415	49.93253258	-5.3765703e-10
3416	66.43249069	9.838352355e-12
3417	77.32659133	8.794920348e-11
3418	73.87799497	2.866507032e-10
3419	79.39763583	-9.623635222e-11
3420	79.13361253	2.898692397e-10
3421	81.72160605	5.41933165e-11
3422	71.99667491	3.122990755e-10
3423	75.85718742	-2.324131998e-10
3424	77.523274	2.630575757e-10
3425	72.93004804	9.896794495e-11
3426	74.80129981	3.98635791e-10
3427	60.88989686	1.22812871e-12
3428	63.05353637	5.125468938e-10
3429	163.8047194	2.13427942e-10
3430	135.7510823	2.000644095e-10
3431	152.8066893	-3.366682488e-10
3432	124.8377581	6.327383062e-12
3433	23.89675027	1.27143629e-10
3434	35.48281537	3.558306982e-10
3435	36.27282675	-1.014655027e-10
3436	27.43495323	2.791611386e-10
3437	24.91448833	1.993978316e-10
3438	29.53950614	2.659106269e-10
3439	35.59568898	-2.026694368e-10
3440	38.4446704	-5.601163977e-11
3441	41.68581028	-2.077704675e-10
3442	43.63454056	2.712008396e-11
3443	35.52139997	-3.551678951e-10
3444	31.69602645	2.270865718e-10
3445	44.5808785	6.96993574e-11
3446	40.63981927	2.376143726e-10
3447	53.18125569	-4.113971386e-10
3448	55.72961649	-1.702331609e-10
3449	60.76922172	-2.74458678e-10
3450	69.36950546	6.329248237e-11
3451	60.908787	-3.987752351e-10
3452	77.46326237	-4.706013357e-12
3453	92.89562235	-4.387601393e-13
3454	89.44498251	3.202478283e-10
3455	93.68251983	-1.517661552e-10
3456	108.964901	5.612821319e-11
3457	103.8211159	-1.151883033e-10
3458	120.164534	7.823031112e-11
3459	129.9822356	-3.958919859e-10
3460	117.4820375	1.60098601e-11
3461	118.456928	1.555131579e-10
3462	123.1061052	4.183662305e-10
3463	117.1773619	3.375610902e-11
3464	114.0000787	2.364490825e-10
3465	116.4286933	2.036770752e-10
3466	114.5536279	4.369709039e-10
3467	117.881989	-1.864042254e-10
3468	112.0280193	5.936828806e-11
3469	109.9138539	7.407274794e-11
3470	122.2478063	5.267724035e-10
3471	118.8663835	8.246026084e-11
3472	119.6176217	2.190960746e-10
3473	123.2155347	5.764499988e-11
3474	134.6871041	2.592668302e-10
3475	118.1813092	-2.876165972e-10
3476	112.0371916	-4.522116015e-11
3477	113.9210061	-9.160094905e-11
3478	59.89722696	3.770925794e-10
3479	54.38212983	-1.005080463e-10
3480	67.0868562	6.533240615e-11
3481	75.39131024	-3.691846828e-11
3482	76.6356071	1.891913293e-10
3483	82.53514254	-2.792037712e-10
3484	82.17949729	-2.554934042e-10
3485	82.50002225	-2.922215803e-10
3486	65.14820465	7.613110142e-11
3487	74.42675177	-3.142577309e-10
3488	77.60672711	-3.059508202e-11
3489	70.729608	-6.965139576e-11
3490	80.03892521	2.605533567e-10
3491	66.1444644	-3.191131803e-10
3492	71.83659505	-2.497371199e-10
3493	164.4045336	-2.928555176e-10
3494	125.2779472	8.3665741e-11
3495	168.3099327	-2.73159273e-10
3496	116.0843792	-9.79820669e-11
3497	49.06292005	-4.483569072e-11
3498	56.19844964	4.413758248e-10
3499	63.93488749	2.811351152e-11
3500	59.44018099	-3.339550858e-13
3501	66.2643994	-2.616560302e-10
3502	70.22373317	2.00126582e-10
3503	74.26190692	-1.061954968e-10
3504	70.161027	7.191602869e-11
3505	62.82148008	8.322342815e-11
3506	65.93619675	5.615738985e-10
3507	60.30920635	1.702749053e-10
3508	56.44273067	1.861586441e-10
3509	52.42676069	-8.453859834e-11
3510	43.45746667	4.762990002e-10
3511	42.46592429	-5.065370345e-11
3512	43.45003922	5.012834592e-11
3513	46.52260758	-1.392530535e-11
3514	42.69008734	4.863116576e-10
3515	36.70529737	1.370823455e-10
3516	22.51151856	2.101552266e-10
3517	58.8856977	-5.667444292e-11
3518	73.35188189	1.654254511e-10
3519	67.78428318	-2.173079494e-10
3520	100.736175	-2.042488401e-10
3521	104.101988	-3.423172856e-10
3522	104.8118869	2.048237135e-10
3523	128.3557238	-1.142850259e-10
3524	128.8330493	-6.392308904e-11
3525	120.7338672	-1.985791531e-10
3526	113.1865362	1.740705358e-10
3527	119.2579899	-2.337250393e-10
3528	117.7107199	-3.028577389e-10
3529	113.9699587	-5.403419934e-10
3530	111.1297961	9.229639275e-11
3531	109.2241564	-5.449019014e-11
3532	112.4249158	1.009170525e-10
3533	116.9641541	-2.102407137e-10
3534	124.8112348	2.571156621e-10
3535	122.5938252	-6.615841208e-11
3536	127.3728897	-9.844791649e-11
3537	119.1531492	-3.657585346e-10
3538	137.8855825	6.021960708e-11
3539	116.9539683	-2.84972046e-12
3540	104.3098813	1.468105637e-10
3541	109.6231352	-1.638045255e-11
3542	69.21639595	4.140043863e-10
3543	57.52013027	2.971702884e-10
3544	74.26277579	1.722488818e-10
3545	73.23557873	-1.837032748e-10
3546	82.61746047	2.303726099e-10
3547	76.69594679	8.876566149e-11
3548	86.20621891	1.736477628e-10
3549	83.06723847	3.415756566e-11
3550	72.38855735	4.44617676e-10
3551	75.35796585	2.452742454e-10
3552	63.86758462	2.155875478e-10
3553	67.20298577	-1.634243851e-10
3554	73.08747746	2.91583202e-10
3555	70.31943209	-4.397371356e-12
3556	84.62745771	6.161293697e-11
3557	164.0102366	-2.076021577e-10
3558	120.2494046	3.49865914e-10
3559	168.1667689	2.509907837e-10
3560	94.45765461	1.285771489e-10
3561	35.63772032	-2.813396183e-10
3562	77.94697586	-5.295741623e-11
3563	89.57226891	-2.561937329e-10
3564	75.4061799	-2.050342118e-10
3565	75.60576642	-3.989728548e-10
3566	76.22239111	6.726219581e-11
3567	80.73688297	3.157474282e-11
3568	81.02870371	6.17434992e-11
3569	83.5058374	-3.266031889e-10
3570	82.87700566	-1.159619067e-10
3571	85.61252956	-1.602797894e-10
3572	87.0391836	-2.140234656e-10
3573	85.39794041	-4.329079317e-10
3574	83.60371338	4.910538642e-11
3575	69.60146437	7.867839713e-11
3576	62.04786441	2.713511638e-10
3577	61.99700247	-1.212070444e-10
3578	58.45782756	1.475344291e-10
3579	65.16588613	3.979083729e-11
3580	52.56198633	-1.633582158e-11
3581	95.81160815	-2.698885559e-10
3582	128.9580748	1.08386633e-10
3583	103.6297119	1.643973846e-10
3584	109.9144236	3.546092309e-10
3585	97.1983546	1.17939436e-10
3586	111.0758973	4.511058194e-10
3587	125.9012909	2.793543175e-10
3588	110.8846294	2.42942777e-10
3589	122.3487974	-2.848117298e-10
3590	126.2666618	2.293321089e-11
3591	118.8529351	1.215929579e-10
3592	109.9339998	2.575721858e-10
3593	120.8521676	-1.732147759e-11
3594	118.0352638	3.132989423e-10
3595	122.1294991	2.817337474e-10
3596	114.7158763	2.922613263e-10
3597	120.6022649	-2.361653095e-10
3598	112.7538448	-7.042588734e-11
3599	125.989321	-6.69624356e-11
3600	121.9223018	1.096669422e-10
3601	117.7949103	-1.157627327e-10
3602	129.4890081	1.443303255e-10
3603	127.6995432	1.533075888e-10
3604	101.0772547	8.506328975e-11
3605	110.4309836	-3.591407172e-10
3606	61.43392082	-2.449866976e-10
3607	44.82368192	-2.680851097e-10
3608	66.13490209	-1.181281739e-10
3609	74.80708826	-3.095133039e-10
3610	76.06126854	-5.334399589e-12
3611	75.53603202	1.725264376e-11
3612	76.56916017	1.360833668e-10
3613	81.71982418	-2.464908277e-10
3614	67.35174174	-1.301543318e-10
3615	74.08052743	-1.157285379e-10
3616	66.679297	-4.23709956e-11
3617	69.09894905	-3.342663923e-10
3618	79.32339902	4.160272127e-11
3619	62.61233943	8.975442611e-11
3620	102.1067527	3.253650682e-10
3621	171.1404628	-1.327480348e-10
3622	119.4334233	6.179146084e-11
3623	164.4509257	7.258837975e-11
3624	76.22692038	1.554569806e-10
3625	36.14656224	-1.657900484e-10
3626	114.0075185	6.65179023e-11
3627	127.5143699	2.864395388e-10
3628	93.61247362	5.433782313e-10
3629	95.86348175	2.084843409e-10
3630	95.16843273	1.986939502e-10
3631	97.95801692	1.622859624e-10
3632	97.23839055	1.341113887e-10
3633	83.78450846	-1.931299565e-10
3634	81.98515001	-2.708078206e-11
3635	81.56341996	1.254703008e-10
3636	85.24596644	3.239422064e-10
3637	84.12628789	1.143973805e-10
3638	80.7493966	1.378532843e-10
3639	82.27684688	9.256528877e-11
3640	71.0159913	1.587459053e-10
3641	62.63642113	-3.360101086e-10
3642	77.79802884	-1.738786892e-10
3643	77.34536305	-1.470126243e-10
3644	48.50211958	1.465794153e-10
3645	103.6800022	-1.390190185e-10
3646	104.6261029	-4.269762321e-11
3647	105.7355397	-2.235078789e-11
3648	111.9993763	5.174749518e-12
3649	98.3121807	-3.818385608e-10
3650	106.9400143	-4.257899588e-10
3651	121.5398053	-3.020632633e-10
3652	126.9127543	-6.018296972e-11
3653	125.9671205	-2.915764297e-10
3654	122.8833763	-1.479630862e-10
3655	118.1076723	3.690292516e-11
3656	119.6003928	2.332050109e-10
3657	126.5069069	-1.342217448e-10
3658	116.5918446	-3.50149465e-10
3659	127.1567202	-2.961940693e-10
3660	119.2788859	-5.071632003e-11
3661	121.1399587	-1.584760101e-10
3662	114.4684598	-1.997424448e-11
3663	118.7100504	1.48633883e-10
3664	118.195634	4.721928404e-10
3665	118.4772357	7.172140659e-11
3666	131.8169655	-6.339595515e-12
3667	120.390059	2.473266036e-11
3668	97.30398131	2.111345543e-10
3669	110.0599981	-7.361777854e-12
3670	81.21455736	9.839340454e-11
3671	76.83529715	2.019229228e-10
3672	88.46630747	5.405925707e-10
3673	96.28206086	1.679774098e-10
3674	91.10212703	7.059630658e-11
3675	96.40150127	2.553124379e-11
3676	84.17527519	2.147911848e-10
3677	95.33017116	-8.969669452e-11
3678	80.86756962	-1.169147001e-10
3679	79.16694685	4.832623191e-11
3680	73.60672156	2.436104651e-10
3681	66.98289638	1.294848673e-10
3682	74.65666029	-7.782363642e-11
3683	66.00508184	5.084488386e-12
3684	112.17805	1.156977847e-10
3685	152.3152413	-1.857032306e-10
3686	118.4663452	-3.547161453e-10
3687	164.8670549	-2.685582867e-10
3688	62.97835542	1.693598595e-10
3689	42.88150319	8.959588627e-11
3690	100.0848555	-1.429836249e-10
3691	102.4595244	-1.29637967e-10
3692	88.19445543	6.431277733e-11
3693	89.89164146	-1.446329723e-10
3694	85.1817659	-2.918391084e-10
3695	98.3005782	-2.609350513e-10
3696	104.0287937	1.559723461e-10
3697	101.0367845	7.715283967e-11
3698	96.65723617	2.059841187e-11
3699	89.95596392	-3.665012738e-11
3700	98.28026903	2.269713306e-10
3701	95.91501701	2.715672132e-11
3702	101.2223074	-1.910532843e-10
3703	115.2627101	-1.854301157e-10
3704	99.70431299	2.167346302e-10
3705	100.3828845	2.071032235e-10
3706	109.5597334	1.451371245e-10
3707	93.60628314	1.121160942e-10
3708	56.67509365	4.36015446e-10
3709	115.2659665	2.656528331e-10
3710	101.1216275	-1.340849654e-11
3711	106.5791538	-2.339151095e-11
3712	119.6868928	1.884961076e-10
3713	118.4872551	2.216968831e-10
3714	113.4546509	4.122813202e-12
3715	111.1047342	9.753042818e-11
3716	126.6703463	4.082094662e-10
3717	135.1942987	3.899645051e-10
3718	108.9516671	1.215527679e-11
3719	113.5822789	-1.840806396e-10
3720	106.2835162	1.728495125e-11
3721	108.7541921	1.898126101e-11
3722	107.0985589	-1.656658144e-10
3723	110.0164959	-1.743081235e-10
3724	113.7946062	1.443497544e-10
3725	113.7156541	1.842771491e-10
3726	123.0180773	-6.44619913e-11
3727	116.475914	-2.879063654e-10
3728	118.1045449	-1.087416823e-10
3729	113.5165129	-1.82355242e-10
3730	127.1568909	-3.234478241e-10
3731	118.8435261	-3.636507762e-10
3732	102.1501211	5.704425821e-11
3733	97.98828159	2.189523007e-10
3734	93.5794123	-2.843181246e-11
3735	118.4324603	-2.270923449e-10
3736	124.4044866	-1.245490377e-10
3737	123.3772667	-3.645861391e-11
3738	128.2629406	-2.303355284e-10
3739	126.0378473	-3.062994303e-10
3740	123.0082628	-3.142508476e-11
3741	131.5932819	1.693483132e-10
3742	123.9329587	6.526001961e-11
3743	127.2174915	1.430344732e-11
3744	120.1667728	1.165139096e-10
3745	111.0101611	2.506972407e-10
3746	113.7745752	-7.897305032e-11
3747	86.3705987	-1.288584794e-10
3748	132.7272169	2.000732913e-11
3749	151.2242428	2.852613701e-10
3750	127.5724035	2.181375081e-10
3751	155.9654103	1.063082955e-11
3752	64.43588784	2.675604183e-10
3753	48.12569983	3.749953681e-10
3754	119.4235319	7.283773584e-11
3755	110.8121929	-1.671387473e-10
3756	99.02923695	-6.276223985e-11
3757	92.46803953	1.894604473e-10
3758	90.56113874	1.583218001e-10
3759	98.34886829	4.665978715e-11
3760	103.2227245	1.399360627e-10
3761	107.956451	2.156841372e-10
3762	103.7627225	-2.559108481e-11
3763	114.5280751	-3.002564863e-10
3764	111.0801654	-2.878191019e-10
3765	106.9056928	-4.468025949e-11
3766	120.9154689	-1.727831211e-10
3767	111.3408871	-2.156059775e-10
3768	95.56863866	-1.843747377e-10
3769	103.1078215	6.62954136e-11
3770	120.767091	-1.011279949e-10
3771	68.98868313	-1.96278549e-10
3772	72.42944455	-3.162734519e-10
3773	118.7562596	-8.596479084e-11
3774	98.94504057	-1.550197748e-10
3775	113.342166	-2.414737299e-10
3776	141.0899384	-1.218651846e-10
3777	137.2691825	2.023354817e-10
3778	146.1298499	7.256106827e-11
3779	139.5297466	-1.193076749e-10
3780	140.641075	-1.876339084e-10
3781	147.4693005	3.86135568e-13
3782	137.029217	-3.430344897e-11
3783	137.4972557	-1.878222022e-10
3784	136.3110989	-1.956901308e-11
3785	144.8420905	3.219371436e-10
3786	127.3769973	3.928288805e-10
3787	127.5825958	2.011875111e-10
3788	131.2390878	1.097475444e-10
3789	117.6116314	2.225142293e-10
3790	125.4385718	5.607914133e-11
3791	116.9087538	-8.659339912e-11
3792	111.3171494	-4.964495481e-11
3793	114.9201673	3.356790401e-10
3794	118.2141969	3.468518806e-10
3795	108.3471084	2.027187307e-10
3796	103.8803559	7.631562049e-11
3797	100.037764	3.005968807e-10
3798	107.2881718	1.11861409e-10
3799	124.0278987	-1.791744531e-11
3800	115.8825336	-2.034126201e-10
3801	121.1217485	1.825826157e-10
3802	121.6561722	1.22792887e-10
3803	125.9914929	1.161353236e-10
3804	128.5948131	2.502020813e-11
3805	122.3396312	1.377511438e-10
3806	124.1626851	-7.77289344e-11
3807	119.7437088	-2.800253363e-10
3808	123.8214637	-4.449789426e-10
3809	119.1921931	-1.082929302e-10
3810	116.1850401	-1.267881355e-10
3811	102.4682673	-1.466220478e-10
3812	140.0471824	-2.660274223e-10
3813	135.2389193	1.012203654e-10
3814	136.8556975	8.882095059e-11
3815	151.5100161	-1.879085776e-10
3816	57.18567119	-3.634306189e-10
3817	56.03629694	-2.169746605e-10
3818	124.3121606	-8.890577163e-11
3819	116.7944971	-1.931410587e-11
3820	104.6287203	-1.284157225e-10
3821	101.5470172	2.210485128e-10
3822	109.9439646	1.16734844e-10
3823	86.67578933	4.579403523e-11
3824	83.69913035	-1.838114105e-10
3825	92.06649215	7.244804756e-11
3826	97.50162713	8.91480223e-11
3827	101.9954113	1.395077387e-10
3828	106.1213217	2.676658895e-11
3829	95.08333094	4.039064638e-10
3830	106.3273312	4.142557408e-10
3831	102.3204735	3.09539061e-10
3832	79.93768456	-4.417510802e-11
3833	95.52898757	1.577027398e-10
3834	106.4143985	4.496447659e-11
3835	53.43173906	1.327598032e-10
3836	93.68115272	-5.01128028e-11
3837	103.1162168	2.523499187e-10
3838	102.5445536	3.065689924e-10
3839	123.1855405	1.99360084e-10
3840	135.2324171	-9.384426569e-11
3841	137.7932124	9.544343094e-11
3842	143.1705736	-4.039168999e-11
3843	137.1518453	-6.694778065e-11
3844	140.4705716	-3.71634501e-10
3845	134.4070805	-1.663780225e-12
3846	137.6795397	9.134448753e-11
3847	133.7540412	1.820628093e-10
3848	136.94517	-1.70975456e-10
3849	138.9906169	-6.123856977e-11
3850	141.6459361	-1.844482345e-10
3851	145.4334365	-2.310638347e-10
3852	140.7710054	-5.781877199e-10
3853	144.3502414	-1.874806976e-10
3854	144.6278299	-1.123414695e-10
3855	146.8523493	1.075677325e-10
3856	144.0372143	-2.120232878e-10
3857	139.7125667	-2.629962914e-11
3858	141.243013	-5.34854383e-11
3859	141.8124944	-9.944223223e-11
3860	139.8631346	-4.826128386e-10
3861	129.4366376	-2.465625482e-10
3862	136.8880532	-7.732858798e-11
3863	134.9218117	2.27784458e-10
3864	135.735905	-4.279288035e-11
3865	131.7641159	2.06598072e-10
3866	137.4270708	1.958146978e-10
3867	131.4640404	2.19939178e-10
3868	132.7230811	-1.81717752e-10
3869	131.9786944	-1.515676473e-12
3870	131.6518006	1.116882142e-10
3871	126.6707668	2.558950829e-10
3872	129.8503193	-1.143285466e-11
3873	133.98802	3.265614446e-10
3874	114.7902535	3.703835016e-10
3875	105.6823613	4.662679132e-10
3876	151.9559621	-1.374395042e-10
3877	127.3362629	2.385547315e-11
3878	134.5417935	-1.28264066e-12
3879	147.4141657	1.819364659e-10
3880	77.58778206	-1.094330182e-10
3881	76.57555454	1.442661546e-10
3882	115.036149	2.139188826e-10
3883	92.98369901	3.266004134e-10
3884	92.9927925	-2.534773502e-10
3885	96.81211605	-6.968903232e-11
3886	95.43171042	-1.641194958e-10
3887	95.93069938	3.83139076e-11
3888	103.502512	-3.760312062e-10
3889	120.0727326	-1.078316325e-10
3890	118.5694378	5.258216085e-11
3891	113.1896726	2.274719302e-10
3892	96.27501954	-1.670088512e-10
3893	92.63955966	-2.230289287e-10
3894	123.9875446	-2.742007732e-10
3895	133.0535341	-6.994393953e-11
3896	110.0750507	-3.826557959e-10
3897	120.5587318	-1.017876894e-10
3898	91.23096242	-5.558675742e-11
3899	50.0880912	2.174471714e-10
3900	95.63236833	-1.828062146e-10
3901	102.4948201	-1.871225397e-11
3902	115.5795443	-5.268907532e-11
3903	129.3639158	1.102702374e-10
3904	121.6028799	-3.636192458e-10
3905	117.5064751	-1.290614282e-10
3906	127.695232	-2.959044121e-11
3907	131.3751247	4.781427476e-10
3908	134.1689949	1.202038469e-12
3909	129.5218561	1.689315354e-10
3910	134.0368563	6.257550034e-11
3911	131.4259403	3.37953443e-10
3912	137.0461583	-1.855302578e-10
3913	135.7950296	-8.172773569e-11
3914	139.3117195	-6.603273484e-12
3915	130.4166258	3.843891871e-10
3916	139.0360441	1.540135797e-10
3917	136.4198346	2.671102228e-10
3918	138.4359678	1.461337718e-10
3919	131.4520172	4.332902925e-10
3920	136.074705	-1.504200098e-10
3921	138.5361323	-1.958099238e-10
3922	136.2702583	-1.973676778e-10
3923	132.9552659	2.003991417e-10
3924	135.9629665	-3.507427682e-11
3925	146.656557	-1.587285858e-12
3926	139.6320778	-1.380248138e-10
3927	134.8523855	2.249436193e-10
3928	126.3539731	-2.778482999e-10
3929	137.7878983	-2.693595347e-10
3930	132.6479447	-3.885466393e-10
3931	129.7761244	6.566247546e-11
3932	130.0564264	-3.115225855e-10
3933	130.0525457	-4.289701927e-11
3934	131.654475	-9.67196323e-11
3935	128.1511946	3.278245453e-10
3936	133.9515385	-1.503965841e-10
3937	131.1469283	-1.815523287e-10
3938	130.318114	-3.876218235e-10
3939	117.989792	1.099867974e-10
3940	149.8043466	-2.801969767e-10
3941	125.2015441	-1.38399292e-10
3942	137.8245048	-1.956959039e-10
3943	131.3815945	4.116724739e-10
3944	126.8904471	1.261550864e-10
3945	130.4551393	6.271339004e-11
3946	139.7050912	-1.251845294e-10
3947	134.0639298	2.63004174e-10
3948	137.9332671	-2.657596365e-11
3949	142.5288736	-3.031852547e-11
3950	125.871301	-7.937128732e-11
3951	131.0362385	5.216721499e-10
3952	143.2188194	2.709583669e-10
3953	150.6837415	2.326675519e-10
3954	143.6680532	-1.038141795e-10
3955	134.1905036	3.23188809e-10
3956	117.9688172	-4.241385021e-12
3957	114.6709364	6.85748125e-11
3958	123.3084143	-9.160783243e-11
3959	122.9637432	4.086703198e-10
3960	101.5750796	1.573640107e-10
3961	108.7267121	2.992033288e-10
3962	78.11602913	-4.857414471e-11
3963	71.88345954	4.168344558e-10
3964	110.0882853	-1.152531404e-10
3965	88.79850772	-1.187877574e-10
3966	102.1594516	-3.902353995e-10
3967	106.1671409	2.211134609e-10
3968	97.5231848	-3.286126926e-11
3969	119.0344841	-5.922706769e-12
3970	113.4284462	-2.842671654e-10
3971	111.6196874	1.406980088e-10
3972	116.364015	-1.711618625e-10
3973	114.9039642	-1.690572127e-10
3974	118.8671954	-5.357365662e-10
3975	113.0953228	1.548583484e-11
3976	119.5337012	-1.196526211e-10
3977	115.5821615	2.691391554e-11
3978	122.567775	-1.951184769e-10
3979	116.2319815	2.876235916e-10
3980	128.5612025	-1.03089759e-11
3981	118.4759489	-8.163958398e-11
3982	120.92433	-4.401187192e-10
3983	109.4642719	2.553035561e-11
3984	117.194053	-5.892031307e-11
3985	125.7576874	2.054447723e-10
3986	122.4737986	-1.542980188e-10
3987	117.0657501	4.355418248e-10
3988	115.8525885	2.251790976e-10
3989	128.4543561	2.485207595e-10
3990	124.5283492	-2.043004654e-10
3991	132.1310707	1.380172643e-10
3992	133.5813672	-1.536093475e-11
3993	133.9185924	2.02182604e-10
3994	139.166902	-1.055935339e-10
3995	140.1110142	4.395777076e-10
3996	139.2192402	1.642773695e-10
3997	143.9384524	2.740763172e-10
3998	143.7170105	-2.177625857e-10
3999	141.3571499	1.677504802e-10
4000	139.9509083	-2.011302236e-11
4001	137.3133983	1.741984335e-11
4002	146.738676	-3.136261251e-10
4003	139.000675	1.964859386e-10
4004	153.7989169	1.492489465e-10
4005	113.9303445	3.265319126e-10
4006	144.5785877	-2.351976391e-10
4007	135.7882702	4.266542675e-11
4008	141.6834815	-2.387534614e-10
4009	134.4333641	-1.736160105e-10
4010	140.1201982	-5.867472064e-10
4011	140.8705892	-1.465809696e-10
4012	135.333351	-7.080680486e-11
4013	138.9450271	5.434186434e-11
4014	145.6282431	-3.870439524e-10
4015	142.1798724	-1.183186882e-11
4016	137.6628693	-2.563902424e-10
4017	145.0541936	-6.018108234e-11
4018	137.9892764	-6.445508571e-10
4019	139.9739354	-1.711928377e-10
4020	143.21338	-1.937917604e-10
4021	138.6787379	2.052673587e-10
4022	141.1995923	-2.399971333e-10
4023	146.9126473	1.225221036e-10
4024	146.2812294	-9.600831241e-11
4025	138.7632813	8.49017523e-11
4026	137.374039	-4.07556433e-10
4027	134.9779994	1.209630174e-10
4028	142.736505	-2.199651572e-11
4029	131.9846795	3.22441962e-10
4030	131.6288401	-6.854650181e-11
4031	122.2852337	3.514430968e-10
4032	99.04030356	2.605695659e-10
4033	116.5607016	3.829127015e-10
4034	120.6121528	-1.679196782e-10
4035	122.6711225	7.376788069e-11
4036	119.3367834	3.708300333e-11
4037	115.7494118	3.332860654e-10
4038	124.927914	-1.019277995e-10
4039	126.3693181	3.714002439e-10
4040	118.6026	2.008218036e-10
4041	115.4196953	3.622981914e-10
4042	122.2071492	-2.543146804e-10
4043	120.6219112	3.621214439e-12
4044	114.4737186	-1.038138464e-10
4045	132.1647655	1.476685441e-10
4046	118.8679907	-2.577218439e-10
4047	115.6374401	1.923351478e-10
4048	126.824631	9.634093523e-11
4049	117.8920859	4.099033335e-10
4050	130.8792411	-3.208100452e-10
4051	125.2936864	-1.08536069e-10
4052	116.3912537	-3.872617782e-10
4053	117.6351503	-3.530564729e-11
4054	116.2707274	-4.016360577e-10
4055	120.8469803	-1.4446222e-12
4056	116.1401315	-1.023425789e-11
4057	110.6118376	2.548139477e-10
4058	120.0991416	-3.046441988e-10
4059	108.3985219	-6.561795551e-11
4060	115.0145838	-3.049409614e-10
4061	117.408035	1.8423707e-11
4062	116.8925443	-4.793285768e-10
4063	126.5824716	-1.013025219e-10
4064	118.7404863	-2.274203048e-11
4065	128.8982871	4.121840647e-10
4066	122.1229461	-1.534616878e-11
4067	121.8165261	1.887956458e-10
4068	144.5891818	-1.213318335e-11
4069	109.6803631	2.519275899e-10
4070	149.1435827	-2.998825632e-10
4071	128.1333709	1.953881501e-11
4072	132.869484	4.542810572e-12
4073	130.8979147	5.284517268e-10
4074	142.6636806	7.430833726e-11
4075	136.7908896	3.433864304e-10
4076	135.0659119	2.049143077e-10
4077	144.3226131	4.901723472e-10
4078	132.1671296	-1.840370079e-10
4079	133.6669959	-2.356781437e-12
4080	143.8330517	-1.16689991e-10
4081	141.4398473	4.60328442e-10
4082	144.193684	7.227174414e-11
4083	140.6069135	2.524176423e-10
4084	130.1753314	4.478351023e-11
4085	147.6684235	3.050433239e-10
4086	136.545798	-2.853413061e-10
4087	130.9285971	-1.6584778e-10
4088	140.3781941	-3.239277735e-10
4089	129.8621396	8.374212435e-11
4090	136.827188	-2.707258862e-10
4091	132.0187623	2.302202873e-11
4092	130.5252731	-6.198130897e-11
4093	136.3568172	2.933566723e-10
4094	131.4700284	-3.230309353e-10
4095	137.8617958	-2.368234497e-10
