16384
0	154 0
1	158 0
2	158 0
3	158 0
4	154 0
5	156 0
6	156 0
7	157 0
8	157 0
9	157 0
10	163 0
11	154 0
12	157 0
13	154 0
14	159 0
15	164 0
16	165 0
17	167 0
18	165 0
19	164 0
20	166 0
21	165 0
22	162 0
23	162 0
24	163 0
25	164 0
26	166 0
27	164 0
28	163 0
29	165 0
30	166 0
31	164 0
32	165 0
33	167 0
34	165 0
35	167 0
36	169 0
37	167 0
38	164 0
39	166 0
40	168 0
41	167 0
42	166 0
43	167 0
44	165 0
45	167 0
46	167 0
47	167 0
48	167 0
49	168 0
50	164 0
51	164 0
52	165 0
53	165 0
54	163 0
55	162 0
56	162 0
57	164 0
58	163 0
59	162 0
60	163 0
61	164 0
62	164 0
63	163 0
64	162 0
65	161 0
66	162 0
67	163 0
68	163 0
69	162 0
70	162 0
71	163 0
72	161 0
73	162 0
74	161 0
75	157 0
76	160 0
77	160 0
78	160 0
79	162 0
80	160 0
81	161 0
82	160 0
83	163 0
84	164 0
85	166 0
86	165 0
87	165 0
88	169 0
89	169 0
90	167 0
91	163 0
92	164 0
93	166 0
94	166 0
95	164 0
96	163 0
97	162 0
98	163 0
99	164 0
100	164 0
101	164 0
102	162 0
103	160 0
104	159 0
105	160 0
106	161 0
107	164 0
108	165 0
109	166 0
110	162 0
111	162 0
112	161 0
113	160 0
114	162 0
115	161 0
116	157 0
117	160 0
118	165 0
119	168 0
120	165 0
121	162 0
122	160 0
123	159 0
124	158 0
125	161 0
126	165 0
127	163 0
128	157 0
129	160 0
130	161 0
131	160 0
132	155 0
133	155 0
134	158 0
135	159 0
136	159 0
137	162 0
138	168 0
139	165 0
140	162 0
141	163 0
142	164 0
143	165 0
144	165 0
145	167 0
146	165 0
147	162 0
148	164 0
149	164 0
150	164 0
151	166 0
152	167 0
153	164 0
154	165 0
155	167 0
156	167 0
157	165 0
158	165 0
159	164 0
160	166 0
161	166 0
162	163 0
163	165 0
164	166 0
165	169 0
166	166 0
167	167 0
168	169 0
169	170 0
170	169 0
171	168 0
172	167 0
173	168 0
174	166 0
175	166 0
176	167 0
177	167 0
178	166 0
179	166 0
180	161 0
181	164 0
182	165 0
183	163 0
184	160 0
185	163 0
186	163 0
187	163 0
188	165 0
189	166 0
190	164 0
191	163 0
192	162 0
193	162 0
194	164 0
195	165 0
196	165 0
197	164 0
198	163 0
199	162 0
200	161 0
201	162 0
202	163 0
203	163 0
204	163 0
205	161 0
206	162 0
207	163 0
208	163 0
209	161 0
210	162 0
211	162 0
212	163 0
213	164 0
214	166 0
215	167 0
216	168 0
217	170 0
218	168 0
219	163 0
220	166 0
221	168 0
222	167 0
223	165 0
224	164 0
225	164 0
226	166 0
227	166 0
228	164 0
229	165 0
230	163 0
231	160 0
232	162 0
233	161 0
234	163 0
235	162 0
236	163 0
237	161 0
238	162 0
239	163 0
240	163 0
241	164 0
242	164 0
243	165 0
244	160 0
245	163 0
246	168 0
247	166 0
248	163 0
249	164 0
250	168 0
251	170 0
252	163 0
253	161 0
254	166 0
255	163 0
256	156 0
257	158 0
258	161 0
259	160 0
260	158 0
261	159 0
262	159 0
263	159 0
264	160 0
265	160 0
266	168 0
267	169 0
268	167 0
269	168 0
270	166 0
271	165 0
272	166 0
273	165 0
274	166 0
275	166 0
276	165 0
277	161 0
278	162 0
279	164 0
280	166 0
281	165 0
282	167 0
283	169 0
284	168 0
285	167 0
286	167 0
287	163 0
288	165 0
289	164 0
290	164 0
291	162 0
292	162 0
293	167 0
294	168 0
295	168 0
296	172 0
297	172 0
298	170 0
299	168 0
300	168 0
301	167 0
302	167 0
303	166 0
304	166 0
305	166 0
306	167 0
307	165 0
308	164 0
309	166 0
310	165 0
311	161 0
312	163 0
313	163 0
314	161 0
315	162 0
316	165 0
317	166 0
318	166 0
319	166 0
320	165 0
321	163 0
322	165 0
323	165 0
324	165 0
325	164 0
326	164 0
327	163 0
328	162 0
329	163 0
330	164 0
331	163 0
332	163 0
333	164 0
334	163 0
335	163 0
336	160 0
337	164 0
338	165 0
339	163 0
340	163 0
341	164 0
342	166 0
343	167 0
344	168 0
345	170 0
346	167 0
347	166 0
348	170 0
349	166 0
350	166 0
351	169 0
352	164 0
353	166 0
354	165 0
355	165 0
356	164 0
357	163 0
358	162 0
359	162 0
360	165 0
361	165 0
362	164 0
363	162 0
364	160 0
365	160 0
366	165 0
367	165 0
368	162 0
369	165 0
370	163 0
371	161 0
372	162 0
373	166 0
374	168 0
375	166 0
376	165 0
377	169 0
378	168 0
379	168 0
380	166 0
381	165 0
382	166 0
383	164 0
384	159 0
385	159 0
386	162 0
387	159 0
388	159 0
389	156 0
390	156 0
391	156 0
392	158 0
393	162 0
394	165 0
395	165 0
396	168 0
397	167 0
398	166 0
399	165 0
400	165 0
401	167 0
402	166 0
403	162 0
404	166 0
405	162 0
406	160 0
407	160 0
408	167 0
409	162 0
410	167 0
411	166 0
412	165 0
413	166 0
414	167 0
415	163 0
416	162 0
417	164 0
418	162 0
419	163 0
420	162 0
421	161 0
422	164 0
423	167 0
424	169 0
425	171 0
426	169 0
427	169 0
428	169 0
429	168 0
430	166 0
431	165 0
432	165 0
433	165 0
434	164 0
435	165 0
436	166 0
437	166 0
438	162 0
439	161 0
440	163 0
441	164 0
442	163 0
443	163 0
444	164 0
445	166 0
446	167 0
447	168 0
448	167 0
449	164 0
450	166 0
451	166 0
452	165 0
453	164 0
454	163 0
455	162 0
456	162 0
457	163 0
458	165 0
459	166 0
460	166 0
461	164 0
462	165 0
463	167 0
464	163 0
465	164 0
466	163 0
467	164 0
468	166 0
469	164 0
470	165 0
471	166 0
472	166 0
473	168 0
474	168 0
475	168 0
476	170 0
477	170 0
478	169 0
479	168 0
480	166 0
481	165 0
482	166 0
483	168 0
484	167 0
485	163 0
486	162 0
487	162 0
488	164 0
489	164 0
490	165 0
491	164 0
492	160 0
493	162 0
494	166 0
495	167 0
496	163 0
497	162 0
498	163 0
499	162 0
500	163 0
501	164 0
502	168 0
503	168 0
504	167 0
505	168 0
506	169 0
507	169 0
508	167 0
509	167 0
510	166 0
511	165 0
512	160 0
513	161 0
514	160 0
515	159 0
516	156 0
517	153 0
518	156 0
519	158 0
520	159 0
521	163 0
522	166 0
523	167 0
524	165 0
525	167 0
526	167 0
527	166 0
528	166 0
529	169 0
530	168 0
531	166 0
532	166 0
533	165 0
534	160 0
535	164 0
536	166 0
537	161 0
538	162 0
539	169 0
540	167 0
541	168 0
542	166 0
543	165 0
544	164 0
545	165 0
546	164 0
547	163 0
548	164 0
549	163 0
550	167 0
551	168 0
552	167 0
553	168 0
554	169 0
555	168 0
556	168 0
557	169 0
558	166 0
559	164 0
560	165 0
561	165 0
562	162 0
563	165 0
564	167 0
565	167 0
566	159 0
567	162 0
568	165 0
569	164 0
570	165 0
571	164 0
572	164 0
573	167 0
574	168 0
575	168 0
576	166 0
577	165 0
578	165 0
579	164 0
580	164 0
581	165 0
582	163 0
583	164 0
584	162 0
585	162 0
586	166 0
587	168 0
588	167 0
589	168 0
590	168 0
591	169 0
592	170 0
593	165 0
594	164 0
595	163 0
596	164 0
597	164 0
598	166 0
599	166 0
600	169 0
601	169 0
602	168 0
603	166 0
604	169 0
605	168 0
606	165 0
607	167 0
608	167 0
609	167 0
610	167 0
611	165 0
612	165 0
613	166 0
614	167 0
615	165 0
616	165 0
617	167 0
618	166 0
619	163 0
620	164 0
621	164 0
622	166 0
623	161 0
624	162 0
625	159 0
626	160 0
627	163 0
628	162 0
629	165 0
630	166 0
631	164 0
632	166 0
633	168 0
634	172 0
635	170 0
636	166 0
637	168 0
638	167 0
639	163 0
640	155 0
641	157 0
642	156 0
643	156 0
644	157 0
645	157 0
646	160 0
647	162 0
648	159 0
649	160 0
650	170 0
651	169 0
652	165 0
653	166 0
654	167 0
655	165 0
656	165 0
657	168 0
658	167 0
659	168 0
660	168 0
661	162 0
662	160 0
663	166 0
664	165 0
665	162 0
666	163 0
667	168 0
668	170 0
669	170 0
670	168 0
671	169 0
672	166 0
673	165 0
674	166 0
675	163 0
676	167 0
677	167 0
678	166 0
679	169 0
680	167 0
681	169 0
682	168 0
683	166 0
684	167 0
685	167 0
686	168 0
687	163 0
688	165 0
689	166 0
690	163 0
691	166 0
692	167 0
693	167 0
694	164 0
695	165 0
696	167 0
697	166 0
698	165 0
699	164 0
700	166 0
701	167 0
702	166 0
703	166 0
704	166 0
705	166 0
706	164 0
707	164 0
708	167 0
709	165 0
710	162 0
711	163 0
712	165 0
713	166 0
714	168 0
715	169 0
716	168 0
717	169 0
718	168 0
719	169 0
720	168 0
721	165 0
722	167 0
723	165 0
724	163 0
725	165 0
726	168 0
727	167 0
728	171 0
729	170 0
730	167 0
731	166 0
732	169 0
733	167 0
734	165 0
735	166 0
736	167 0
737	168 0
738	167 0
739	167 0
740	167 0
741	168 0
742	168 0
743	165 0
744	167 0
745	168 0
746	164 0
747	163 0
748	166 0
749	168 0
750	165 0
751	160 0
752	160 0
753	161 0
754	159 0
755	163 0
756	165 0
757	166 0
758	168 0
759	162 0
760	158 0
761	168 0
762	170 0
763	167 0
764	166 0
765	166 0
766	163 0
767	163 0
768	154 0
769	156 0
770	160 0
771	158 0
772	158 0
773	159 0
774	161 0
775	161 0
776	159 0
777	158 0
778	163 0
779	166 0
780	166 0
781	166 0
782	167 0
783	164 0
784	163 0
785	163 0
786	166 0
787	167 0
788	166 0
789	163 0
790	161 0
791	168 0
792	167 0
793	161 0
794	165 0
795	168 0
796	171 0
797	172 0
798	169 0
799	169 0
800	166 0
801	168 0
802	167 0
803	165 0
804	167 0
805	168 0
806	169 0
807	170 0
808	170 0
809	171 0
810	169 0
811	168 0
812	168 0
813	168 0
814	169 0
815	166 0
816	165 0
817	165 0
818	166 0
819	166 0
820	166 0
821	164 0
822	163 0
823	164 0
824	166 0
825	164 0
826	163 0
827	163 0
828	166 0
829	167 0
830	167 0
831	169 0
832	164 0
833	162 0
834	163 0
835	164 0
836	166 0
837	166 0
838	168 0
839	166 0
840	164 0
841	167 0
842	168 0
843	168 0
844	167 0
845	168 0
846	169 0
847	168 0
848	168 0
849	166 0
850	165 0
851	167 0
852	166 0
853	167 0
854	168 0
855	169 0
856	171 0
857	168 0
858	165 0
859	169 0
860	171 0
861	167 0
862	167 0
863	168 0
864	170 0
865	169 0
866	171 0
867	170 0
868	169 0
869	170 0
870	168 0
871	164 0
872	162 0
873	165 0
874	164 0
875	162 0
876	163 0
877	165 0
878	163 0
879	163 0
880	162 0
881	159 0
882	159 0
883	161 0
884	163 0
885	164 0
886	167 0
887	168 0
888	165 0
889	166 0
890	168 0
891	164 0
892	162 0
893	161 0
894	161 0
895	162 0
896	155 0
897	156 0
898	158 0
899	158 0
900	159 0
901	159 0
902	159 0
903	157 0
904	160 0
905	162 0
906	166 0
907	168 0
908	167 0
909	166 0
910	167 0
911	165 0
912	165 0
913	166 0
914	165 0
915	166 0
916	168 0
917	165 0
918	166 0
919	165 0
920	165 0
921	166 0
922	165 0
923	167 0
924	171 0
925	171 0
926	171 0
927	169 0
928	167 0
929	169 0
930	168 0
931	167 0
932	165 0
933	166 0
934	169 0
935	168 0
936	170 0
937	171 0
938	170 0
939	167 0
940	169 0
941	169 0
942	167 0
943	168 0
944	167 0
945	165 0
946	166 0
947	165 0
948	165 0
949	165 0
950	166 0
951	164 0
952	164 0
953	163 0
954	165 0
955	164 0
956	165 0
957	167 0
958	166 0
959	167 0
960	164 0
961	161 0
962	163 0
963	164 0
964	166 0
965	166 0
966	164 0
967	165 0
968	165 0
969	165 0
970	166 0
971	168 0
972	168 0
973	169 0
974	168 0
975	167 0
976	168 0
977	165 0
978	166 0
979	166 0
980	164 0
981	166 0
982	168 0
983	171 0
984	171 0
985	167 0
986	165 0
987	168 0
988	170 0
989	168 0
990	169 0
991	169 0
992	169 0
993	169 0
994	170 0
995	170 0
996	169 0
997	168 0
998	168 0
999	161 0
1000	154 0
1001	165 0
1002	162 0
1003	160 0
1004	162 0
1005	165 0
1006	166 0
1007	162 0
1008	158 0
1009	159 0
1010	157 0
1011	158 0
1012	163 0
1013	160 0
1014	163 0
1015	166 0
1016	161 0
1017	165 0
1018	168 0
1019	164 0
1020	163 0
1021	161 0
1022	164 0
1023	164 0
1024	158 0
1025	155 0
1026	156 0
1027	158 0
1028	158 0
1029	159 0
1030	161 0
1031	160 0
1032	162 0
1033	164 0
1034	166 0
1035	164 0
1036	163 0
1037	167 0
1038	166 0
1039	164 0
1040	164 0
1041	164 0
1042	162 0
1043	162 0
1044	165 0
1045	164 0
1046	162 0
1047	165 0
1048	168 0
1049	168 0
1050	170 0
1051	170 0
1052	169 0
1053	169 0
1054	170 0
1055	166 0
1056	167 0
1057	167 0
1058	168 0
1059	168 0
1060	168 0
1061	169 0
1062	169 0
1063	170 0
1064	169 0
1065	167 0
1066	162 0
1067	162 0
1068	168 0
1069	167 0
1070	167 0
1071	168 0
1072	170 0
1073	167 0
1074	167 0
1075	168 0
1076	165 0
1077	165 0
1078	167 0
1079	165 0
1080	166 0
1081	166 0
1082	166 0
1083	165 0
1084	167 0
1085	167 0
1086	163 0
1087	164 0
1088	164 0
1089	163 0
1090	164 0
1091	165 0
1092	162 0
1093	163 0
1094	163 0
1095	165 0
1096	164 0
1097	164 0
1098	166 0
1099	168 0
1100	168 0
1101	168 0
1102	168 0
1103	168 0
1104	167 0
1105	166 0
1106	167 0
1107	168 0
1108	167 0
1109	168 0
1110	169 0
1111	171 0
1112	170 0
1113	167 0
1114	164 0
1115	169 0
1116	167 0
1117	167 0
1118	167 0
1119	168 0
1120	168 0
1121	169 0
1122	169 0
1123	170 0
1124	168 0
1125	167 0
1126	162 0
1127	161 0
1128	158 0
1129	163 0
1130	163 0
1131	161 0
1132	162 0
1133	160 0
1134	164 0
1135	164 0
1136	160 0
1137	161 0
1138	160 0
1139	160 0
1140	162 0
1141	156 0
1142	160 0
1143	162 0
1144	162 0
1145	165 0
1146	162 0
1147	162 0
1148	162 0
1149	164 0
1150	165 0
1151	163 0
1152	156 0
1153	156 0
1154	157 0
1155	156 0
1156	159 0
1157	159 0
1158	162 0
1159	164 0
1160	164 0
1161	158 0
1162	157 0
1163	161 0
1164	165 0
1165	167 0
1166	166 0
1167	164 0
1168	163 0
1169	161 0
1170	161 0
1171	160 0
1172	162 0
1173	160 0
1174	161 0
1175	163 0
1176	166 0
1177	166 0
1178	166 0
1179	168 0
1180	166 0
1181	165 0
1182	169 0
1183	168 0
1184	167 0
1185	167 0
1186	169 0
1187	167 0
1188	169 0
1189	169 0
1190	169 0
1191	172 0
1192	168 0
1193	166 0
1194	161 0
1195	164 0
1196	171 0
1197	170 0
1198	166 0
1199	166 0
1200	167 0
1201	165 0
1202	166 0
1203	168 0
1204	166 0
1205	167 0
1206	167 0
1207	165 0
1208	166 0
1209	166 0
1210	166 0
1211	167 0
1212	167 0
1213	165 0
1214	162 0
1215	161 0
1216	161 0
1217	163 0
1218	166 0
1219	164 0
1220	164 0
1221	162 0
1222	159 0
1223	158 0
1224	162 0
1225	162 0
1226	166 0
1227	169 0
1228	169 0
1229	168 0
1230	169 0
1231	167 0
1232	167 0
1233	167 0
1234	167 0
1235	166 0
1236	168 0
1237	167 0
1238	169 0
1239	170 0
1240	169 0
1241	165 0
1242	164 0
1243	167 0
1244	166 0
1245	166 0
1246	166 0
1247	164 0
1248	165 0
1249	166 0
1250	163 0
1251	163 0
1252	166 0
1253	166 0
1254	162 0
1255	162 0
1256	162 0
1257	162 0
1258	161 0
1259	162 0
1260	161 0
1261	159 0
1262	161 0
1263	162 0
1264	165 0
1265	163 0
1266	162 0
1267	161 0
1268	159 0
1269	164 0
1270	161 0
1271	164 0
1272	167 0
1273	165 0
1274	161 0
1275	161 0
1276	162 0
1277	163 0
1278	163 0
1279	159 0
1280	158 0
1281	158 0
1282	158 0
1283	161 0
1284	162 0
1285	159 0
1286	161 0
1287	160 0
1288	159 0
1289	159 0
1290	158 0
1291	162 0
1292	163 0
1293	164 0
1294	164 0
1295	162 0
1296	160 0
1297	163 0
1298	163 0
1299	161 0
1300	160 0
1301	161 0
1302	164 0
1303	165 0
1304	165 0
1305	166 0
1306	164 0
1307	164 0
1308	166 0
1309	168 0
1310	169 0
1311	168 0
1312	168 0
1313	164 0
1314	168 0
1315	170 0
1316	166 0
1317	171 0
1318	170 0
1319	172 0
1320	169 0
1321	166 0
1322	167 0
1323	169 0
1324	171 0
1325	172 0
1326	169 0
1327	169 0
1328	168 0
1329	167 0
1330	167 0
1331	167 0
1332	168 0
1333	169 0
1334	166 0
1335	164 0
1336	167 0
1337	167 0
1338	167 0
1339	165 0
1340	165 0
1341	165 0
1342	165 0
1343	162 0
1344	163 0
1345	163 0
1346	163 0
1347	161 0
1348	163 0
1349	162 0
1350	160 0
1351	161 0
1352	161 0
1353	162 0
1354	165 0
1355	167 0
1356	166 0
1357	165 0
1358	165 0
1359	167 0
1360	166 0
1361	165 0
1362	167 0
1363	165 0
1364	163 0
1365	165 0
1366	168 0
1367	168 0
1368	168 0
1369	163 0
1370	162 0
1371	161 0
1372	161 0
1373	164 0
1374	160 0
1375	163 0
1376	165 0
1377	164 0
1378	160 0
1379	163 0
1380	169 0
1381	169 0
1382	169 0
1383	165 0
1384	165 0
1385	163 0
1386	160 0
1387	161 0
1388	165 0
1389	163 0
1390	161 0
1391	164 0
1392	165 0
1393	163 0
1394	161 0
1395	163 0
1396	161 0
1397	164 0
1398	167 0
1399	167 0
1400	168 0
1401	168 0
1402	166 0
1403	162 0
1404	163 0
1405	163 0
1406	163 0
1407	161 0
1408	153 0
1409	158 0
1410	160 0
1411	161 0
1412	164 0
1413	162 0
1414	164 0
1415	165 0
1416	161 0
1417	161 0
1418	159 0
1419	161 0
1420	165 0
1421	165 0
1422	164 0
1423	163 0
1424	161 0
1425	163 0
1426	165 0
1427	160 0
1428	157 0
1429	161 0
1430	165 0
1431	166 0
1432	168 0
1433	167 0
1434	164 0
1435	166 0
1436	167 0
1437	171 0
1438	167 0
1439	167 0
1440	167 0
1441	167 0
1442	169 0
1443	170 0
1444	165 0
1445	171 0
1446	168 0
1447	170 0
1448	168 0
1449	166 0
1450	166 0
1451	166 0
1452	168 0
1453	170 0
1454	168 0
1455	170 0
1456	170 0
1457	169 0
1458	167 0
1459	167 0
1460	166 0
1461	168 0
1462	166 0
1463	167 0
1464	170 0
1465	169 0
1466	168 0
1467	164 0
1468	164 0
1469	166 0
1470	165 0
1471	165 0
1472	165 0
1473	166 0
1474	164 0
1475	162 0
1476	161 0
1477	162 0
1478	163 0
1479	164 0
1480	164 0
1481	163 0
1482	165 0
1483	165 0
1484	166 0
1485	164 0
1486	164 0
1487	165 0
1488	165 0
1489	167 0
1490	168 0
1491	166 0
1492	162 0
1493	166 0
1494	168 0
1495	165 0
1496	166 0
1497	163 0
1498	164 0
1499	167 0
1500	163 0
1501	163 0
1502	164 0
1503	164 0
1504	164 0
1505	165 0
1506	167 0
1507	171 0
1508	172 0
1509	171 0
1510	169 0
1511	166 0
1512	165 0
1513	167 0
1514	163 0
1515	163 0
1516	164 0
1517	160 0
1518	161 0
1519	169 0
1520	169 0
1521	167 0
1522	160 0
1523	164 0
1524	168 0
1525	164 0
1526	168 0
1527	169 0
1528	169 0
1529	168 0
1530	167 0
1531	165 0
1532	164 0
1533	163 0
1534	163 0
1535	161 0
1536	158 0
1537	160 0
1538	159 0
1539	160 0
1540	162 0
1541	163 0
1542	163 0
1543	163 0
1544	164 0
1545	162 0
1546	162 0
1547	163 0
1548	164 0
1549	165 0
1550	161 0
1551	163 0
1552	165 0
1553	165 0
1554	163 0
1555	162 0
1556	162 0
1557	162 0
1558	166 0
1559	165 0
1560	166 0
1561	168 0
1562	165 0
1563	168 0
1564	168 0
1565	169 0
1566	170 0
1567	169 0
1568	168 0
1569	166 0
1570	168 0
1571	171 0
1572	170 0
1573	171 0
1574	168 0
1575	169 0
1576	171 0
1577	168 0
1578	166 0
1579	166 0
1580	168 0
1581	169 0
1582	169 0
1583	168 0
1584	171 0
1585	169 0
1586	166 0
1587	166 0
1588	167 0
1589	166 0
1590	162 0
1591	166 0
1592	168 0
1593	168 0
1594	168 0
1595	166 0
1596	165 0
1597	165 0
1598	165 0
1599	165 0
1600	164 0
1601	164 0
1602	162 0
1603	164 0
1604	164 0
1605	165 0
1606	166 0
1607	167 0
1608	164 0
1609	166 0
1610	167 0
1611	166 0
1612	166 0
1613	167 0
1614	169 0
1615	166 0
1616	166 0
1617	167 0
1618	169 0
1619	169 0
1620	167 0
1621	171 0
1622	171 0
1623	171 0
1624	170 0
1625	166 0
1626	167 0
1627	168 0
1628	163 0
1629	163 0
1630	167 0
1631	166 0
1632	168 0
1633	167 0
1634	171 0
1635	173 0
1636	171 0
1637	170 0
1638	165 0
1639	166 0
1640	169 0
1641	170 0
1642	172 0
1643	168 0
1644	165 0
1645	163 0
1646	166 0
1647	170 0
1648	170 0
1649	168 0
1650	167 0
1651	169 0
1652	169 0
1653	169 0
1654	170 0
1655	170 0
1656	171 0
1657	169 0
1658	168 0
1659	168 0
1660	166 0
1661	167 0
1662	164 0
1663	163 0
1664	163 0
1665	164 0
1666	161 0
1667	160 0
1668	163 0
1669	164 0
1670	163 0
1671	163 0
1672	163 0
1673	163 0
1674	163 0
1675	166 0
1676	165 0
1677	165 0
1678	162 0
1679	158 0
1680	161 0
1681	162 0
1682	164 0
1683	164 0
1684	164 0
1685	163 0
1686	165 0
1687	165 0
1688	163 0
1689	165 0
1690	166 0
1691	168 0
1692	169 0
1693	168 0
1694	168 0
1695	169 0
1696	170 0
1697	165 0
1698	167 0
1699	169 0
1700	171 0
1701	168 0
1702	169 0
1703	168 0
1704	168 0
1705	167 0
1706	168 0
1707	170 0
1708	169 0
1709	169 0
1710	170 0
1711	168 0
1712	171 0
1713	170 0
1714	171 0
1715	169 0
1716	169 0
1717	169 0
1718	168 0
1719	163 0
1720	166 0
1721	168 0
1722	169 0
1723	168 0
1724	166 0
1725	165 0
1726	166 0
1727	167 0
1728	166 0
1729	165 0
1730	166 0
1731	167 0
1732	165 0
1733	167 0
1734	168 0
1735	168 0
1736	168 0
1737	168 0
1738	170 0
1739	170 0
1740	171 0
1741	169 0
1742	170 0
1743	167 0
1744	168 0
1745	166 0
1746	169 0
1747	169 0
1748	170 0
1749	171 0
1750	172 0
1751	173 0
1752	171 0
1753	167 0
1754	166 0
1755	168 0
1756	165 0
1757	163 0
1758	166 0
1759	166 0
1760	171 0
1761	170 0
1762	170 0
1763	173 0
1764	169 0
1765	167 0
1766	168 0
1767	167 0
1768	168 0
1769	169 0
1770	172 0
1771	171 0
1772	166 0
1773	167 0
1774	169 0
1775	170 0
1776	170 0
1777	170 0
1778	169 0
1779	171 0
1780	170 0
1781	172 0
1782	171 0
1783	170 0
1784	170 0
1785	170 0
1786	169 0
1787	169 0
1788	169 0
1789	168 0
1790	167 0
1791	166 0
1792	162 0
1793	163 0
1794	162 0
1795	159 0
1796	159 0
1797	162 0
1798	164 0
1799	162 0
1800	162 0
1801	163 0
1802	163 0
1803	162 0
1804	163 0
1805	164 0
1806	162 0
1807	161 0
1808	158 0
1809	159 0
1810	160 0
1811	162 0
1812	162 0
1813	161 0
1814	162 0
1815	165 0
1816	163 0
1817	167 0
1818	168 0
1819	164 0
1820	166 0
1821	169 0
1822	169 0
1823	171 0
1824	171 0
1825	168 0
1826	168 0
1827	169 0
1828	170 0
1829	170 0
1830	169 0
1831	166 0
1832	170 0
1833	172 0
1834	169 0
1835	167 0
1836	168 0
1837	170 0
1838	170 0
1839	169 0
1840	168 0
1841	170 0
1842	170 0
1843	169 0
1844	170 0
1845	171 0
1846	172 0
1847	170 0
1848	168 0
1849	168 0
1850	169 0
1851	167 0
1852	166 0
1853	167 0
1854	168 0
1855	167 0
1856	168 0
1857	168 0
1858	170 0
1859	167 0
1860	166 0
1861	167 0
1862	168 0
1863	168 0
1864	169 0
1865	169 0
1866	170 0
1867	169 0
1868	170 0
1869	169 0
1870	169 0
1871	168 0
1872	168 0
1873	170 0
1874	170 0
1875	170 0
1876	170 0
1877	171 0
1878	173 0
1879	172 0
1880	170 0
1881	167 0
1882	166 0
1883	167 0
1884	166 0
1885	168 0
1886	168 0
1887	169 0
1888	172 0
1889	170 0
1890	172 0
1891	173 0
1892	169 0
1893	167 0
1894	164 0
1895	166 0
1896	170 0
1897	171 0
1898	168 0
1899	168 0
1900	168 0
1901	170 0
1902	169 0
1903	168 0
1904	170 0
1905	171 0
1906	170 0
1907	171 0
1908	171 0
1909	171 0
1910	169 0
1911	167 0
1912	167 0
1913	168 0
1914	166 0
1915	167 0
1916	169 0
1917	169 0
1918	168 0
1919	165 0
1920	156 0
1921	159 0
1922	162 0
1923	161 0
1924	160 0
1925	158 0
1926	163 0
1927	162 0
1928	158 0
1929	162 0
1930	163 0
1931	160 0
1932	159 0
1933	159 0
1934	160 0
1935	160 0
1936	159 0
1937	162 0
1938	162 0
1939	163 0
1940	163 0
1941	162 0
1942	162 0
1943	164 0
1944	163 0
1945	165 0
1946	166 0
1947	164 0
1948	168 0
1949	168 0
1950	170 0
1951	170 0
1952	171 0
1953	169 0
1954	167 0
1955	168 0
1956	168 0
1957	172 0
1958	168 0
1959	167 0
1960	172 0
1961	171 0
1962	169 0
1963	169 0
1964	171 0
1965	172 0
1966	171 0
1967	169 0
1968	170 0
1969	172 0
1970	169 0
1971	168 0
1972	169 0
1973	172 0
1974	171 0
1975	171 0
1976	169 0
1977	168 0
1978	168 0
1979	169 0
1980	168 0
1981	169 0
1982	168 0
1983	166 0
1984	168 0
1985	168 0
1986	169 0
1987	168 0
1988	167 0
1989	167 0
1990	168 0
1991	170 0
1992	168 0
1993	168 0
1994	170 0
1995	170 0
1996	170 0
1997	169 0
1998	169 0
1999	170 0
2000	170 0
2001	170 0
2002	172 0
2003	170 0
2004	170 0
2005	173 0
2006	173 0
2007	172 0
2008	172 0
2009	170 0
2010	167 0
2011	166 0
2012	165 0
2013	167 0
2014	170 0
2015	172 0
2016	172 0
2017	170 0
2018	172 0
2019	170 0
2020	170 0
2021	170 0
2022	165 0
2023	165 0
2024	166 0
2025	166 0
2026	165 0
2027	167 0
2028	168 0
2029	171 0
2030	171 0
2031	169 0
2032	167 0
2033	168 0
2034	169 0
2035	171 0
2036	170 0
2037	168 0
2038	166 0
2039	166 0
2040	166 0
2041	164 0
2042	165 0
2043	166 0
2044	169 0
2045	169 0
2046	168 0
2047	166 0
2048	156 0
2049	160 0
2050	161 0
2051	161 0
2052	162 0
2053	161 0
2054	163 0
2055	163 0
2056	161 0
2057	159 0
2058	163 0
2059	164 0
2060	160 0
2061	158 0
2062	159 0
2063	160 0
2064	160 0
2065	163 0
2066	164 0
2067	163 0
2068	162 0
2069	163 0
2070	166 0
2071	166 0
2072	168 0
2073	167 0
2074	169 0
2075	170 0
2076	169 0
2077	170 0
2078	170 0
2079	169 0
2080	167 0
2081	167 0
2082	170 0
2083	167 0
2084	167 0
2085	170 0
2086	169 0
2087	168 0
2088	172 0
2089	171 0
2090	170 0
2091	170 0
2092	172 0
2093	173 0
2094	172 0
2095	171 0
2096	169 0
2097	168 0
2098	170 0
2099	171 0
2100	173 0
2101	173 0
2102	171 0
2103	172 0
2104	170 0
2105	170 0
2106	169 0
2107	168 0
2108	168 0
2109	170 0
2110	170 0
2111	168 0
2112	168 0
2113	169 0
2114	168 0
2115	169 0
2116	168 0
2117	168 0
2118	170 0
2119	170 0
2120	168 0
2121	170 0
2122	172 0
2123	172 0
2124	172 0
2125	172 0
2126	171 0
2127	170 0
2128	170 0
2129	170 0
2130	172 0
2131	171 0
2132	172 0
2133	175 0
2134	175 0
2135	175 0
2136	172 0
2137	168 0
2138	166 0
2139	166 0
2140	167 0
2141	169 0
2142	171 0
2143	169 0
2144	169 0
2145	168 0
2146	171 0
2147	170 0
2148	169 0
2149	170 0
2150	169 0
2151	165 0
2152	164 0
2153	165 0
2154	166 0
2155	170 0
2156	170 0
2157	170 0
2158	170 0
2159	170 0
2160	166 0
2161	166 0
2162	168 0
2163	168 0
2164	167 0
2165	167 0
2166	166 0
2167	166 0
2168	164 0
2169	164 0
2170	164 0
2171	168 0
2172	168 0
2173	168 0
2174	167 0
2175	167 0
2176	158 0
2177	162 0
2178	163 0
2179	159 0
2180	159 0
2181	162 0
2182	164 0
2183	164 0
2184	164 0
2185	159 0
2186	159 0
2187	161 0
2188	160 0
2189	162 0
2190	161 0
2191	160 0
2192	161 0
2193	163 0
2194	164 0
2195	161 0
2196	162 0
2197	165 0
2198	167 0
2199	166 0
2200	166 0
2201	168 0
2202	169 0
2203	168 0
2204	169 0
2205	170 0
2206	170 0
2207	169 0
2208	167 0
2209	168 0
2210	169 0
2211	168 0
2212	168 0
2213	169 0
2214	171 0
2215	169 0
2216	170 0
2217	172 0
2218	171 0
2219	170 0
2220	172 0
2221	174 0
2222	172 0
2223	170 0
2224	173 0
2225	172 0
2226	170 0
2227	171 0
2228	174 0
2229	173 0
2230	173 0
2231	173 0
2232	172 0
2233	173 0
2234	171 0
2235	170 0
2236	169 0
2237	170 0
2238	172 0
2239	169 0
2240	170 0
2241	170 0
2242	170 0
2243	171 0
2244	171 0
2245	169 0
2246	170 0
2247	169 0
2248	169 0
2249	170 0
2250	170 0
2251	172 0
2252	173 0
2253	173 0
2254	172 0
2255	172 0
2256	171 0
2257	170 0
2258	171 0
2259	171 0
2260	173 0
2261	176 0
2262	178 0
2263	176 0
2264	173 0
2265	169 0
2266	167 0
2267	169 0
2268	170 0
2269	170 0
2270	172 0
2271	171 0
2272	170 0
2273	169 0
2274	172 0
2275	171 0
2276	170 0
2277	168 0
2278	169 0
2279	168 0
2280	167 0
2281	168 0
2282	172 0
2283	172 0
2284	171 0
2285	169 0
2286	169 0
2287	172 0
2288	166 0
2289	168 0
2290	167 0
2291	166 0
2292	169 0
2293	167 0
2294	168 0
2295	167 0
2296	166 0
2297	170 0
2298	169 0
2299	170 0
2300	169 0
2301	168 0
2302	167 0
2303	167 0
2304	161 0
2305	163 0
2306	161 0
2307	161 0
2308	162 0
2309	162 0
2310	161 0
2311	161 0
2312	164 0
2313	163 0
2314	161 0
2315	163 0
2316	164 0
2317	165 0
2318	164 0
2319	164 0
2320	163 0
2321	161 0
2322	164 0
2323	164 0
2324	164 0
2325	163 0
2326	165 0
2327	167 0
2328	168 0
2329	167 0
2330	168 0
2331	167 0
2332	169 0
2333	171 0
2334	170 0
2335	170 0
2336	169 0
2337	166 0
2338	168 0
2339	169 0
2340	165 0
2341	168 0
2342	172 0
2343	171 0
2344	171 0
2345	170 0
2346	173 0
2347	173 0
2348	171 0
2349	174 0
2350	173 0
2351	171 0
2352	172 0
2353	173 0
2354	173 0
2355	171 0
2356	172 0
2357	172 0
2358	171 0
2359	170 0
2360	171 0
2361	171 0
2362	171 0
2363	171 0
2364	169 0
2365	171 0
2366	174 0
2367	171 0
2368	171 0
2369	172 0
2370	172 0
2371	172 0
2372	172 0
2373	170 0
2374	169 0
2375	170 0
2376	172 0
2377	172 0
2378	172 0
2379	174 0
2380	175 0
2381	174 0
2382	174 0
2383	173 0
2384	172 0
2385	172 0
2386	171 0
2387	174 0
2388	175 0
2389	177 0
2390	177 0
2391	173 0
2392	167 0
2393	170 0
2394	170 0
2395	172 0
2396	173 0
2397	173 0
2398	172 0
2399	172 0
2400	172 0
2401	173 0
2402	173 0
2403	173 0
2404	173 0
2405	173 0
2406	173 0
2407	170 0
2408	170 0
2409	170 0
2410	172 0
2411	174 0
2412	172 0
2413	171 0
2414	169 0
2415	170 0
2416	170 0
2417	168 0
2418	167 0
2419	166 0
2420	171 0
2421	171 0
2422	171 0
2423	169 0
2424	168 0
2425	170 0
2426	169 0
2427	169 0
2428	169 0
2429	167 0
2430	167 0
2431	167 0
2432	158 0
2433	156 0
2434	159 0
2435	160 0
2436	159 0
2437	158 0
2438	159 0
2439	159 0
2440	160 0
2441	162 0
2442	161 0
2443	163 0
2444	164 0
2445	166 0
2446	161 0
2447	163 0
2448	165 0
2449	165 0
2450	161 0
2451	165 0
2452	167 0
2453	163 0
2454	161 0
2455	165 0
2456	167 0
2457	167 0
2458	166 0
2459	167 0
2460	169 0
2461	171 0
2462	169 0
2463	166 0
2464	168 0
2465	168 0
2466	168 0
2467	168 0
2468	169 0
2469	168 0
2470	169 0
2471	170 0
2472	172 0
2473	171 0
2474	172 0
2475	173 0
2476	173 0
2477	172 0
2478	173 0
2479	173 0
2480	171 0
2481	171 0
2482	172 0
2483	169 0
2484	170 0
2485	169 0
2486	170 0
2487	171 0
2488	170 0
2489	171 0
2490	171 0
2491	170 0
2492	171 0
2493	172 0
2494	173 0
2495	172 0
2496	171 0
2497	172 0
2498	172 0
2499	173 0
2500	171 0
2501	170 0
2502	172 0
2503	172 0
2504	174 0
2505	174 0
2506	174 0
2507	176 0
2508	173 0
2509	175 0
2510	176 0
2511	175 0
2512	174 0
2513	172 0
2514	173 0
2515	175 0
2516	177 0
2517	177 0
2518	177 0
2519	170 0
2520	168 0
2521	173 0
2522	172 0
2523	173 0
2524	175 0
2525	174 0
2526	176 0
2527	173 0
2528	174 0
2529	176 0
2530	176 0
2531	174 0
2532	173 0
2533	174 0
2534	175 0
2535	170 0
2536	171 0
2537	172 0
2538	173 0
2539	172 0
2540	169 0
2541	171 0
2542	171 0
2543	169 0
2544	171 0
2545	170 0
2546	170 0
2547	170 0
2548	171 0
2549	168 0
2550	167 0
2551	169 0
2552	169 0
2553	167 0
2554	169 0
2555	169 0
2556	168 0
2557	167 0
2558	164 0
2559	167 0
2560	157 0
2561	158 0
2562	157 0
2563	157 0
2564	158 0
2565	158 0
2566	159 0
2567	158 0
2568	159 0
2569	160 0
2570	157 0
2571	162 0
2572	163 0
2573	164 0
2574	159 0
2575	158 0
2576	164 0
2577	164 0
2578	162 0
2579	164 0
2580	167 0
2581	162 0
2582	162 0
2583	166 0
2584	164 0
2585	166 0
2586	167 0
2587	167 0
2588	166 0
2589	167 0
2590	167 0
2591	166 0
2592	167 0
2593	166 0
2594	164 0
2595	167 0
2596	167 0
2597	169 0
2598	169 0
2599	169 0
2600	169 0
2601	170 0
2602	170 0
2603	171 0
2604	171 0
2605	171 0
2606	171 0
2607	170 0
2608	170 0
2609	170 0
2610	171 0
2611	170 0
2612	169 0
2613	171 0
2614	171 0
2615	171 0
2616	169 0
2617	169 0
2618	169 0
2619	170 0
2620	171 0
2621	170 0
2622	172 0
2623	173 0
2624	171 0
2625	171 0
2626	173 0
2627	174 0
2628	172 0
2629	173 0
2630	174 0
2631	173 0
2632	173 0
2633	175 0
2634	175 0
2635	177 0
2636	176 0
2637	177 0
2638	176 0
2639	176 0
2640	175 0
2641	173 0
2642	174 0
2643	173 0
2644	173 0
2645	177 0
2646	175 0
2647	170 0
2648	173 0
2649	175 0
2650	175 0
2651	172 0
2652	172 0
2653	173 0
2654	176 0
2655	176 0
2656	174 0
2657	176 0
2658	177 0
2659	174 0
2660	172 0
2661	172 0
2662	171 0
2663	169 0
2664	171 0
2665	172 0
2666	172 0
2667	171 0
2668	168 0
2669	169 0
2670	169 0
2671	170 0
2672	170 0
2673	171 0
2674	171 0
2675	170 0
2676	170 0
2677	167 0
2678	167 0
2679	168 0
2680	170 0
2681	167 0
2682	168 0
2683	167 0
2684	169 0
2685	166 0
2686	163 0
2687	166 0
2688	160 0
2689	161 0
2690	162 0
2691	160 0
2692	161 0
2693	158 0
2694	158 0
2695	159 0
2696	159 0
2697	162 0
2698	161 0
2699	162 0
2700	162 0
2701	162 0
2702	164 0
2703	162 0
2704	166 0
2705	163 0
2706	163 0
2707	165 0
2708	165 0
2709	165 0
2710	166 0
2711	166 0
2712	166 0
2713	166 0
2714	164 0
2715	165 0
2716	163 0
2717	164 0
2718	164 0
2719	163 0
2720	162 0
2721	163 0
2722	160 0
2723	164 0
2724	166 0
2725	169 0
2726	167 0
2727	167 0
2728	169 0
2729	171 0
2730	170 0
2731	170 0
2732	170 0
2733	171 0
2734	171 0
2735	169 0
2736	169 0
2737	169 0
2738	169 0
2739	172 0
2740	172 0
2741	174 0
2742	172 0
2743	170 0
2744	170 0
2745	170 0
2746	170 0
2747	170 0
2748	169 0
2749	170 0
2750	171 0
2751	171 0
2752	169 0
2753	170 0
2754	172 0
2755	172 0
2756	170 0
2757	171 0
2758	172 0
2759	173 0
2760	175 0
2761	173 0
2762	176 0
2763	179 0
2764	177 0
2765	177 0
2766	175 0
2767	175 0
2768	176 0
2769	174 0
2770	174 0
2771	173 0
2772	175 0
2773	176 0
2774	175 0
2775	172 0
2776	174 0
2777	175 0
2778	174 0
2779	175 0
2780	173 0
2781	171 0
2782	175 0
2783	177 0
2784	175 0
2785	176 0
2786	176 0
2787	175 0
2788	176 0
2789	174 0
2790	170 0
2791	170 0
2792	171 0
2793	173 0
2794	174 0
2795	173 0
2796	168 0
2797	167 0
2798	167 0
2799	170 0
2800	170 0
2801	171 0
2802	171 0
2803	170 0
2804	170 0
2805	170 0
2806	169 0
2807	168 0
2808	170 0
2809	166 0
2810	164 0
2811	167 0
2812	168 0
2813	165 0
2814	166 0
2815	164 0
2816	163 0
2817	163 0
2818	162 0
2819	163 0
2820	163 0
2821	160 0
2822	157 0
2823	159 0
2824	160 0
2825	162 0
2826	162 0
2827	162 0
2828	163 0
2829	164 0
2830	166 0
2831	166 0
2832	168 0
2833	162 0
2834	163 0
2835	166 0
2836	167 0
2837	167 0
2838	167 0
2839	165 0
2840	166 0
2841	165 0
2842	165 0
2843	161 0
2844	163 0
2845	166 0
2846	160 0
2847	162 0
2848	163 0
2849	164 0
2850	163 0
2851	164 0
2852	167 0
2853	167 0
2854	168 0
2855	169 0
2856	173 0
2857	172 0
2858	170 0
2859	170 0
2860	172 0
2861	171 0
2862	172 0
2863	172 0
2864	170 0
2865	171 0
2866	170 0
2867	171 0
2868	172 0
2869	173 0
2870	172 0
2871	172 0
2872	172 0
2873	171 0
2874	171 0
2875	171 0
2876	170 0
2877	171 0
2878	171 0
2879	170 0
2880	168 0
2881	170 0
2882	172 0
2883	172 0
2884	172 0
2885	172 0
2886	173 0
2887	175 0
2888	174 0
2889	174 0
2890	178 0
2891	178 0
2892	177 0
2893	177 0
2894	175 0
2895	176 0
2896	178 0
2897	176 0
2898	175 0
2899	176 0
2900	175 0
2901	175 0
2902	174 0
2903	171 0
2904	172 0
2905	172 0
2906	174 0
2907	175 0
2908	171 0
2909	171 0
2910	172 0
2911	175 0
2912	174 0
2913	176 0
2914	175 0
2915	174 0
2916	172 0
2917	171 0
2918	169 0
2919	169 0
2920	169 0
2921	171 0
2922	172 0
2923	170 0
2924	167 0
2925	165 0
2926	168 0
2927	171 0
2928	171 0
2929	170 0
2930	170 0
2931	170 0
2932	170 0
2933	170 0
2934	171 0
2935	169 0
2936	168 0
2937	168 0
2938	165 0
2939	167 0
2940	169 0
2941	166 0
2942	164 0
2943	162 0
2944	159 0
2945	162 0
2946	164 0
2947	158 0
2948	161 0
2949	162 0
2950	160 0
2951	160 0
2952	162 0
2953	162 0
2954	162 0
2955	165 0
2956	166 0
2957	165 0
2958	166 0
2959	166 0
2960	167 0
2961	165 0
2962	166 0
2963	167 0
2964	167 0
2965	168 0
2966	168 0
2967	165 0
2968	165 0
2969	165 0
2970	166 0
2971	165 0
2972	167 0
2973	166 0
2974	168 0
2975	165 0
2976	169 0
2977	167 0
2978	165 0
2979	168 0
2980	170 0
2981	168 0
2982	171 0
2983	172 0
2984	173 0
2985	171 0
2986	170 0
2987	169 0
2988	171 0
2989	173 0
2990	172 0
2991	172 0
2992	171 0
2993	172 0
2994	171 0
2995	173 0
2996	172 0
2997	170 0
2998	172 0
2999	171 0
3000	170 0
3001	170 0
3002	172 0
3003	171 0
3004	172 0
3005	171 0
3006	169 0
3007	169 0
3008	169 0
3009	170 0
3010	172 0
3011	172 0
3012	173 0
3013	173 0
3014	174 0
3015	176 0
3016	174 0
3017	176 0
3018	177 0
3019	175 0
3020	175 0
3021	176 0
3022	175 0
3023	177 0
3024	177 0
3025	174 0
3026	173 0
3027	174 0
3028	174 0
3029	171 0
3030	170 0
3031	169 0
3032	169 0
3033	170 0
3034	169 0
3035	169 0
3036	166 0
3037	168 0
3038	173 0
3039	173 0
3040	172 0
3041	173 0
3042	175 0
3043	174 0
3044	172 0
3045	168 0
3046	167 0
3047	167 0
3048	169 0
3049	171 0
3050	169 0
3051	169 0
3052	168 0
3053	168 0
3054	170 0
3055	171 0
3056	169 0
3057	171 0
3058	170 0
3059	169 0
3060	169 0
3061	171 0
3062	172 0
3063	171 0
3064	169 0
3065	168 0
3066	167 0
3067	168 0
3068	168 0
3069	166 0
3070	164 0
3071	165 0
3072	160 0
3073	159 0
3074	161 0
3075	156 0
3076	157 0
3077	161 0
3078	162 0
3079	162 0
3080	164 0
3081	164 0
3082	166 0
3083	163 0
3084	163 0
3085	165 0
3086	166 0
3087	166 0
3088	166 0
3089	164 0
3090	166 0
3091	166 0
3092	167 0
3093	167 0
3094	167 0
3095	166 0
3096	163 0
3097	167 0
3098	168 0
3099	164 0
3100	167 0
3101	167 0
3102	166 0
3103	163 0
3104	169 0
3105	169 0
3106	163 0
3107	167 0
3108	170 0
3109	170 0
3110	170 0
3111	172 0
3112	171 0
3113	169 0
3114	173 0
3115	173 0
3116	173 0
3117	174 0
3118	174 0
3119	174 0
3120	172 0
3121	172 0
3122	174 0
3123	175 0
3124	172 0
3125	172 0
3126	171 0
3127	169 0
3128	171 0
3129	170 0
3130	170 0
3131	172 0
3132	171 0
3133	172 0
3134	170 0
3135	170 0
3136	170 0
3137	170 0
3138	170 0
3139	170 0
3140	172 0
3141	172 0
3142	173 0
3143	172 0
3144	172 0
3145	175 0
3146	175 0
3147	174 0
3148	175 0
3149	174 0
3150	175 0
3151	176 0
3152	174 0
3153	172 0
3154	172 0
3155	173 0
3156	173 0
3157	173 0
3158	170 0
3159	169 0
3160	169 0
3161	168 0
3162	167 0
3163	165 0
3164	165 0
3165	167 0
3166	174 0
3167	177 0
3168	175 0
3169	175 0
3170	177 0
3171	176 0
3172	175 0
3173	172 0
3174	171 0
3175	170 0
3176	168 0
3177	169 0
3178	170 0
3179	169 0
3180	169 0
3181	169 0
3182	169 0
3183	170 0
3184	173 0
3185	174 0
3186	174 0
3187	173 0
3188	171 0
3189	172 0
3190	172 0
3191	170 0
3192	169 0
3193	168 0
3194	168 0
3195	167 0
3196	166 0
3197	167 0
3198	167 0
3199	164 0
3200	160 0
3201	160 0
3202	159 0
3203	158 0
3204	157 0
3205	158 0
3206	160 0
3207	162 0
3208	163 0
3209	162 0
3210	163 0
3211	161 0
3212	163 0
3213	164 0
3214	164 0
3215	166 0
3216	165 0
3217	165 0
3218	165 0
3219	167 0
3220	166 0
3221	165 0
3222	164 0
3223	168 0
3224	167 0
3225	168 0
3226	170 0
3227	165 0
3228	166 0
3229	164 0
3230	165 0
3231	165 0
3232	168 0
3233	165 0
3234	165 0
3235	168 0
3236	168 0
3237	170 0
3238	172 0
3239	171 0
3240	172 0
3241	170 0
3242	172 0
3243	171 0
3244	174 0
3245	175 0
3246	175 0
3247	176 0
3248	175 0
3249	176 0
3250	177 0
3251	175 0
3252	174 0
3253	173 0
3254	171 0
3255	172 0
3256	171 0
3257	171 0
3258	170 0
3259	172 0
3260	171 0
3261	173 0
3262	171 0
3263	171 0
3264	170 0
3265	171 0
3266	171 0
3267	171 0
3268	173 0
3269	173 0
3270	173 0
3271	175 0
3272	173 0
3273	173 0
3274	171 0
3275	172 0
3276	173 0
3277	173 0
3278	173 0
3279	174 0
3280	174 0
3281	174 0
3282	175 0
3283	175 0
3284	177 0
3285	174 0
3286	170 0
3287	168 0
3288	167 0
3289	168 0
3290	166 0
3291	168 0
3292	167 0
3293	170 0
3294	176 0
3295	178 0
3296	176 0
3297	177 0
3298	176 0
3299	175 0
3300	172 0
3301	172 0
3302	170 0
3303	170 0
3304	168 0
3305	168 0
3306	169 0
3307	168 0
3308	169 0
3309	169 0
3310	170 0
3311	173 0
3312	176 0
3313	174 0
3314	175 0
3315	174 0
3316	173 0
3317	175 0
3318	173 0
3319	169 0
3320	166 0
3321	165 0
3322	167 0
3323	167 0
3324	167 0
3325	170 0
3326	167 0
3327	162 0
3328	162 0
3329	161 0
3330	161 0
3331	159 0
3332	157 0
3333	160 0
3334	158 0
3335	159 0
3336	163 0
3337	161 0
3338	160 0
3339	162 0
3340	163 0
3341	160 0
3342	159 0
3343	164 0
3344	163 0
3345	163 0
3346	166 0
3347	166 0
3348	164 0
3349	165 0
3350	163 0
3351	167 0
3352	168 0
3353	167 0
3354	170 0
3355	171 0
3356	169 0
3357	168 0
3358	169 0
3359	170 0
3360	172 0
3361	170 0
3362	173 0
3363	175 0
3364	171 0
3365	169 0
3366	172 0
3367	173 0
3368	172 0
3369	173 0
3370	175 0
3371	173 0
3372	175 0
3373	176 0
3374	175 0
3375	176 0
3376	177 0
3377	177 0
3378	176 0
3379	175 0
3380	173 0
3381	173 0
3382	173 0
3383	172 0
3384	171 0
3385	172 0
3386	172 0
3387	172 0
3388	172 0
3389	172 0
3390	171 0
3391	170 0
3392	170 0
3393	173 0
3394	172 0
3395	173 0
3396	174 0
3397	174 0
3398	174 0
3399	175 0
3400	174 0
3401	174 0
3402	174 0
3403	173 0
3404	172 0
3405	174 0
3406	173 0
3407	173 0
3408	174 0
3409	173 0
3410	174 0
3411	176 0
3412	176 0
3413	172 0
3414	168 0
3415	169 0
3416	169 0
3417	170 0
3418	168 0
3419	170 0
3420	168 0
3421	174 0
3422	175 0
3423	179 0
3424	176 0
3425	175 0
3426	175 0
3427	170 0
3428	171 0
3429	170 0
3430	168 0
3431	169 0
3432	168 0
3433	169 0
3434	169 0
3435	168 0
3436	169 0
3437	170 0
3438	173 0
3439	173 0
3440	174 0
3441	175 0
3442	176 0
3443	173 0
3444	173 0
3445	174 0
3446	172 0
3447	166 0
3448	165 0
3449	165 0
3450	165 0
3451	165 0
3452	167 0
3453	168 0
3454	164 0
3455	162 0
3456	159 0
3457	160 0
3458	158 0
3459	154 0
3460	157 0
3461	159 0
3462	160 0
3463	160 0
3464	162 0
3465	161 0
3466	162 0
3467	162 0
3468	162 0
3469	162 0
3470	162 0
3471	164 0
3472	165 0
3473	165 0
3474	165 0
3475	166 0
3476	167 0
3477	167 0
3478	166 0
3479	165 0
3480	167 0
3481	166 0
3482	167 0
3483	167 0
3484	168 0
3485	172 0
3486	172 0
3487	173 0
3488	175 0
3489	174 0
3490	176 0
3491	177 0
3492	176 0
3493	170 0
3494	174 0
3495	176 0
3496	174 0
3497	174 0
3498	172 0
3499	172 0
3500	175 0
3501	177 0
3502	175 0
3503	174 0
3504	175 0
3505	177 0
3506	176 0
3507	174 0
3508	173 0
3509	173 0
3510	173 0
3511	172 0
3512	171 0
3513	172 0
3514	172 0
3515	170 0
3516	172 0
3517	171 0
3518	169 0
3519	171 0
3520	172 0
3521	171 0
3522	172 0
3523	173 0
3524	172 0
3525	170 0
3526	172 0
3527	173 0
3528	172 0
3529	174 0
3530	176 0
3531	173 0
3532	173 0
3533	172 0
3534	173 0
3535	172 0
3536	173 0
3537	172 0
3538	171 0
3539	173 0
3540	175 0
3541	172 0
3542	169 0
3543	168 0
3544	169 0
3545	171 0
3546	170 0
3547	169 0
3548	172 0
3549	175 0
3550	177 0
3551	176 0
3552	173 0
3553	172 0
3554	170 0
3555	166 0
3556	168 0
3557	168 0
3558	169 0
3559	170 0
3560	169 0
3561	169 0
3562	170 0
3563	170 0
3564	171 0
3565	170 0
3566	172 0
3567	173 0
3568	173 0
3569	174 0
3570	175 0
3571	173 0
3572	174 0
3573	173 0
3574	172 0
3575	168 0
3576	165 0
3577	167 0
3578	164 0
3579	164 0
3580	165 0
3581	167 0
3582	163 0
3583	159 0
3584	159 0
3585	162 0
3586	162 0
3587	161 0
3588	162 0
3589	160 0
3590	160 0
3591	161 0
3592	163 0
3593	162 0
3594	163 0
3595	163 0
3596	163 0
3597	162 0
3598	163 0
3599	165 0
3600	167 0
3601	168 0
3602	166 0
3603	166 0
3604	168 0
3605	166 0
3606	165 0
3607	166 0
3608	166 0
3609	165 0
3610	166 0
3611	166 0
3612	166 0
3613	169 0
3614	171 0
3615	172 0
3616	175 0
3617	175 0
3618	174 0
3619	173 0
3620	175 0
3621	176 0
3622	177 0
3623	176 0
3624	174 0
3625	173 0
3626	167 0
3627	170 0
3628	175 0
3629	176 0
3630	177 0
3631	176 0
3632	176 0
3633	177 0
3634	178 0
3635	175 0
3636	172 0
3637	173 0
3638	174 0
3639	173 0
3640	174 0
3641	173 0
3642	157 0
3643	151 0
3644	176 0
3645	171 0
3646	170 0
3647	171 0
3648	172 0
3649	172 0
3650	171 0
3651	172 0
3652	171 0
3653	171 0
3654	172 0
3655	172 0
3656	173 0
3657	174 0
3658	174 0
3659	171 0
3660	171 0
3661	173 0
3662	172 0
3663	172 0
3664	173 0
3665	172 0
3666	172 0
3667	173 0
3668	174 0
3669	175 0
3670	173 0
3671	168 0
3672	171 0
3673	170 0
3674	170 0
3675	170 0
3676	169 0
3677	177 0
3678	179 0
3679	175 0
3680	173 0
3681	173 0
3682	174 0
3683	169 0
3684	170 0
3685	171 0
3686	169 0
3687	168 0
3688	171 0
3689	169 0
3690	169 0
3691	169 0
3692	170 0
3693	170 0
3694	170 0
3695	172 0
3696	173 0
3697	173 0
3698	172 0
3699	172 0
3700	171 0
3701	170 0
3702	170 0
3703	169 0
3704	168 0
3705	167 0
3706	164 0
3707	165 0
3708	169 0
3709	167 0
3710	162 0
3711	160 0
3712	159 0
3713	159 0
3714	162 0
3715	162 0
3716	163 0
3717	165 0
3718	165 0
3719	165 0
3720	163 0
3721	164 0
3722	162 0
3723	162 0
3724	164 0
3725	162 0
3726	163 0
3727	164 0
3728	165 0
3729	167 0
3730	167 0
3731	165 0
3732	163 0
3733	164 0
3734	161 0
3735	164 0
3736	167 0
3737	168 0
3738	167 0
3739	168 0
3740	168 0
3741	169 0
3742	168 0
3743	168 0
3744	172 0
3745	172 0
3746	171 0
3747	170 0
3748	170 0
3749	172 0
3750	173 0
3751	174 0
3752	175 0
3753	174 0
3754	174 0
3755	173 0
3756	174 0
3757	177 0
3758	178 0
3759	178 0
3760	177 0
3761	177 0
3762	177 0
3763	175 0
3764	173 0
3765	175 0
3766	175 0
3767	173 0
3768	173 0
3769	174 0
3770	174 0
3771	174 0
3772	174 0
3773	171 0
3774	171 0
3775	171 0
3776	171 0
3777	172 0
3778	171 0
3779	172 0
3780	171 0
3781	171 0
3782	170 0
3783	171 0
3784	171 0
3785	171 0
3786	172 0
3787	171 0
3788	170 0
3789	171 0
3790	172 0
3791	171 0
3792	172 0
3793	172 0
3794	172 0
3795	174 0
3796	174 0
3797	172 0
3798	172 0
3799	174 0
3800	172 0
3801	169 0
3802	171 0
3803	171 0
3804	170 0
3805	174 0
3806	176 0
3807	174 0
3808	174 0
3809	174 0
3810	172 0
3811	170 0
3812	171 0
3813	173 0
3814	168 0
3815	167 0
3816	171 0
3817	171 0
3818	169 0
3819	169 0
3820	170 0
3821	171 0
3822	169 0
3823	172 0
3824	172 0
3825	172 0
3826	169 0
3827	169 0
3828	171 0
3829	171 0
3830	169 0
3831	169 0
3832	167 0
3833	165 0
3834	164 0
3835	167 0
3836	171 0
3837	165 0
3838	163 0
3839	161 0
3840	163 0
3841	162 0
3842	165 0
3843	164 0
3844	163 0
3845	165 0
3846	164 0
3847	163 0
3848	163 0
3849	165 0
3850	164 0
3851	163 0
3852	163 0
3853	164 0
3854	162 0
3855	163 0
3856	165 0
3857	166 0
3858	167 0
3859	166 0
3860	163 0
3861	164 0
3862	162 0
3863	164 0
3864	168 0
3865	168 0
3866	165 0
3867	167 0
3868	167 0
3869	169 0
3870	168 0
3871	165 0
3872	167 0
3873	170 0
3874	174 0
3875	170 0
3876	170 0
3877	171 0
3878	171 0
3879	172 0
3880	175 0
3881	174 0
3882	173 0
3883	174 0
3884	174 0
3885	176 0
3886	177 0
3887	177 0
3888	174 0
3889	177 0
3890	177 0
3891	175 0
3892	175 0
3893	175 0
3894	171 0
3895	176 0
3896	175 0
3897	174 0
3898	177 0
3899	176 0
3900	175 0
3901	173 0
3902	172 0
3903	171 0
3904	169 0
3905	171 0
3906	172 0
3907	171 0
3908	169 0
3909	168 0
3910	169 0
3911	172 0
3912	171 0
3913	170 0
3914	172 0
3915	172 0
3916	171 0
3917	169 0
3918	170 0
3919	170 0
3920	171 0
3921	174 0
3922	174 0
3923	174 0
3924	175 0
3925	175 0
3926	173 0
3927	174 0
3928	173 0
3929	174 0
3930	174 0
3931	173 0
3932	172 0
3933	174 0
3934	171 0
3935	174 0
3936	175 0
3937	173 0
3938	171 0
3939	169 0
3940	166 0
3941	171 0
3942	169 0
3943	170 0
3944	172 0
3945	171 0
3946	168 0
3947	170 0
3948	171 0
3949	167 0
3950	168 0
3951	169 0
3952	169 0
3953	169 0
3954	168 0
3955	169 0
3956	169 0
3957	169 0
3958	165 0
3959	165 0
3960	166 0
3961	165 0
3962	165 0
3963	168 0
3964	169 0
3965	165 0
3966	163 0
3967	160 0
3968	164 0
3969	162 0
3970	165 0
3971	166 0
3972	164 0
3973	161 0
3974	161 0
3975	164 0
3976	165 0
3977	162 0
3978	163 0
3979	164 0
3980	165 0
3981	162 0
3982	159 0
3983	161 0
3984	162 0
3985	167 0
3986	165 0
3987	165 0
3988	165 0
3989	164 0
3990	165 0
3991	160 0
3992	164 0
3993	165 0
3994	168 0
3995	167 0
3996	167 0
3997	170 0
3998	171 0
3999	168 0
4000	169 0
4001	171 0
4002	176 0
4003	170 0
4004	169 0
4005	175 0
4006	174 0
4007	173 0
4008	174 0
4009	175 0
4010	173 0
4011	176 0
4012	176 0
4013	176 0
4014	176 0
4015	175 0
4016	174 0
4017	175 0
4018	176 0
4019	176 0
4020	176 0
4021	175 0
4022	174 0
4023	175 0
4024	170 0
4025	173 0
4026	177 0
4027	176 0
4028	175 0
4029	172 0
4030	172 0
4031	172 0
4032	171 0
4033	171 0
4034	169 0
4035	169 0
4036	171 0
4037	170 0
4038	171 0
4039	170 0
4040	170 0
4041	173 0
4042	174 0
4043	173 0
4044	174 0
4045	172 0
4046	170 0
4047	170 0
4048	172 0
4049	173 0
4050	170 0
4051	172 0
4052	171 0
4053	168 0
4054	173 0
4055	173 0
4056	171 0
4057	175 0
4058	173 0
4059	171 0
4060	173 0
4061	175 0
4062	173 0
4063	172 0
4064	172 0
4065	171 0
4066	173 0
4067	169 0
4068	169 0
4069	172 0
4070	170 0
4071	172 0
4072	170 0
4073	167 0
4074	167 0
4075	170 0
4076	170 0
4077	168 0
4078	167 0
4079	168 0
4080	168 0
4081	168 0
4082	169 0
4083	169 0
4084	167 0
4085	165 0
4086	166 0
4087	165 0
4088	165 0
4089	165 0
4090	165 0
4091	167 0
4092	168 0
4093	165 0
4094	162 0
4095	161 0
4096	161 0
4097	161 0
4098	159 0
4099	163 0
4100	161 0
4101	164 0
4102	166 0
4103	162 0
4104	164 0
4105	165 0
4106	165 0
4107	165 0
4108	164 0
4109	165 0
4110	162 0
4111	165 0
4112	164 0
4113	165 0
4114	165 0
4115	168 0
4116	167 0
4117	166 0
4118	167 0
4119	167 0
4120	169 0
4121	166 0
4122	166 0
4123	169 0
4124	167 0
4125	167 0
4126	167 0
4127	170 0
4128	169 0
4129	168 0
4130	173 0
4131	172 0
4132	173 0
4133	176 0
4134	173 0
4135	171 0
4136	171 0
4137	172 0
4138	171 0
4139	171 0
4140	174 0
4141	174 0
4142	173 0
4143	172 0
4144	172 0
4145	172 0
4146	174 0
4147	175 0
4148	171 0
4149	174 0
4150	174 0
4151	172 0
4152	167 0
4153	171 0
4154	174 0
4155	174 0
4156	174 0
4157	173 0
4158	174 0
4159	174 0
4160	171 0
4161	169 0
4162	170 0
4163	172 0
4164	171 0
4165	169 0
4166	170 0
4167	171 0
4168	171 0
4169	174 0
4170	174 0
4171	172 0
4172	173 0
4173	171 0
4174	170 0
4175	171 0
4176	173 0
4177	173 0
4178	172 0
4179	174 0
4180	173 0
4181	170 0
4182	174 0
4183	171 0
4184	170 0
4185	173 0
4186	170 0
4187	170 0
4188	173 0
4189	174 0
4190	173 0
4191	172 0
4192	172 0
4193	172 0
4194	171 0
4195	169 0
4196	171 0
4197	174 0
4198	171 0
4199	171 0
4200	171 0
4201	169 0
4202	168 0
4203	168 0
4204	170 0
4205	168 0
4206	168 0
4207	170 0
4208	170 0
4209	169 0
4210	169 0
4211	169 0
4212	170 0
4213	170 0
4214	168 0
4215	166 0
4216	165 0
4217	165 0
4218	165 0
4219	170 0
4220	167 0
4221	164 0
4222	166 0
4223	167 0
4224	160 0
4225	156 0
4226	156 0
4227	162 0
4228	159 0
4229	158 0
4230	164 0
4231	163 0
4232	163 0
4233	164 0
4234	165 0
4235	165 0
4236	167 0
4237	164 0
4238	163 0
4239	162 0
4240	164 0
4241	165 0
4242	168 0
4243	169 0
4244	166 0
4245	164 0
4246	161 0
4247	165 0
4248	169 0
4249	168 0
4250	165 0
4251	167 0
4252	170 0
4253	166 0
4254	163 0
4255	162 0
4256	166 0
4257	169 0
4258	168 0
4259	168 0
4260	170 0
4261	173 0
4262	172 0
4263	172 0
4264	172 0
4265	170 0
4266	175 0
4267	172 0
4268	171 0
4269	176 0
4270	171 0
4271	172 0
4272	172 0
4273	172 0
4274	173 0
4275	173 0
4276	174 0
4277	172 0
4278	169 0
4279	172 0
4280	172 0
4281	171 0
4282	173 0
4283	171 0
4284	171 0
4285	170 0
4286	169 0
4287	167 0
4288	166 0
4289	170 0
4290	170 0
4291	169 0
4292	169 0
4293	169 0
4294	171 0
4295	171 0
4296	169 0
4297	171 0
4298	172 0
4299	173 0
4300	171 0
4301	171 0
4302	173 0
4303	172 0
4304	173 0
4305	172 0
4306	173 0
4307	174 0
4308	176 0
4309	175 0
4310	171 0
4311	171 0
4312	172 0
4313	172 0
4314	171 0
4315	172 0
4316	173 0
4317	174 0
4318	172 0
4319	169 0
4320	171 0
4321	172 0
4322	169 0
4323	168 0
4324	172 0
4325	175 0
4326	169 0
4327	166 0
4328	170 0
4329	169 0
4330	169 0
4331	172 0
4332	169 0
4333	168 0
4334	167 0
4335	168 0
4336	169 0
4337	168 0
4338	169 0
4339	169 0
4340	170 0
4341	169 0
4342	165 0
4343	166 0
4344	166 0
4345	164 0
4346	165 0
4347	170 0
4348	167 0
4349	166 0
4350	166 0
4351	164 0
4352	161 0
4353	160 0
4354	155 0
4355	154 0
4356	156 0
4357	157 0
4358	156 0
4359	162 0
4360	164 0
4361	158 0
4362	159 0
4363	159 0
4364	160 0
4365	162 0
4366	163 0
4367	162 0
4368	162 0
4369	166 0
4370	168 0
4371	168 0
4372	165 0
4373	166 0
4374	165 0
4375	163 0
4376	166 0
4377	168 0
4378	162 0
4379	157 0
4380	160 0
4381	164 0
4382	163 0
4383	161 0
4384	164 0
4385	164 0
4386	162 0
4387	171 0
4388	171 0
4389	172 0
4390	169 0
4391	168 0
4392	169 0
4393	168 0
4394	171 0
4395	171 0
4396	169 0
4397	174 0
4398	171 0
4399	171 0
4400	170 0
4401	170 0
4402	170 0
4403	170 0
4404	172 0
4405	172 0
4406	168 0
4407	170 0
4408	172 0
4409	170 0
4410	172 0
4411	172 0
4412	171 0
4413	171 0
4414	170 0
4415	172 0
4416	172 0
4417	176 0
4418	172 0
4419	173 0
4420	171 0
4421	169 0
4422	172 0
4423	174 0
4424	173 0
4425	178 0
4426	170 0
4427	170 0
4428	172 0
4429	170 0
4430	172 0
4431	173 0
4432	173 0
4433	174 0
4434	174 0
4435	174 0
4436	175 0
4437	175 0
4438	169 0
4439	171 0
4440	175 0
4441	175 0
4442	173 0
4443	172 0
4444	174 0
4445	173 0
4446	171 0
4447	171 0
4448	170 0
4449	173 0
4450	170 0
4451	167 0
4452	171 0
4453	170 0
4454	170 0
4455	169 0
4456	169 0
4457	167 0
4458	168 0
4459	172 0
4460	170 0
4461	170 0
4462	170 0
4463	169 0
4464	168 0
4465	169 0
4466	173 0
4467	172 0
4468	170 0
4469	168 0
4470	165 0
4471	167 0
4472	166 0
4473	164 0
4474	169 0
4475	168 0
4476	164 0
4477	166 0
4478	162 0
4479	161 0
4480	162 0
4481	162 0
4482	158 0
4483	159 0
4484	156 0
4485	157 0
4486	160 0
4487	156 0
4488	159 0
4489	158 0
4490	156 0
4491	160 0
4492	160 0
4493	160 0
4494	160 0
4495	161 0
4496	162 0
4497	163 0
4498	166 0
4499	167 0
4500	163 0
4501	163 0
4502	164 0
4503	160 0
4504	159 0
4505	161 0
4506	161 0
4507	158 0
4508	159 0
4509	164 0
4510	160 0
4511	164 0
4512	164 0
4513	164 0
4514	165 0
4515	162 0
4516	167 0
4517	172 0
4518	173 0
4519	170 0
4520	169 0
4521	176 0
4522	177 0
4523	172 0
4524	175 0
4525	177 0
4526	178 0
4527	179 0
4528	179 0
4529	177 0
4530	179 0
4531	181 0
4532	178 0
4533	175 0
4534	172 0
4535	171 0
4536	172 0
4537	173 0
4538	168 0
4539	165 0
4540	159 0
4541	155 0
4542	152 0
4543	148 0
4544	142 0
4545	140 0
4546	139 0
4547	137 0
4548	146 0
4549	145 0
4550	129 0
4551	123 0
4552	118 0
4553	103 0
4554	157 0
4555	173 0
4556	171 0
4557	172 0
4558	171 0
4559	172 0
4560	172 0
4561	174 0
4562	173 0
4563	174 0
4564	175 0
4565	174 0
4566	171 0
4567	172 0
4568	173 0
4569	172 0
4570	169 0
4571	171 0
4572	169 0
4573	171 0
4574	172 0
4575	171 0
4576	172 0
4577	174 0
4578	170 0
4579	172 0
4580	172 0
4581	168 0
4582	165 0
4583	168 0
4584	171 0
4585	168 0
4586	167 0
4587	171 0
4588	174 0
4589	174 0
4590	174 0
4591	173 0
4592	172 0
4593	174 0
4594	173 0
4595	175 0
4596	172 0
4597	166 0
4598	166 0
4599	169 0
4600	167 0
4601	167 0
4602	172 0
4603	171 0
4604	165 0
4605	163 0
4606	163 0
4607	163 0
4608	159 0
4609	161 0
4610	162 0
4611	162 0
4612	163 0
4613	158 0
4614	155 0
4615	156 0
4616	158 0
4617	154 0
4618	149 0
4619	155 0
4620	160 0
4621	160 0
4622	163 0
4623	163 0
4624	163 0
4625	162 0
4626	161 0
4627	163 0
4628	161 0
4629	158 0
4630	157 0
4631	158 0
4632	160 0
4633	161 0
4634	158 0
4635	162 0
4636	163 0
4637	165 0
4638	166 0
4639	163 0
4640	163 0
4641	164 0
4642	165 0
4643	166 0
4644	170 0
4645	173 0
4646	174 0
4647	162 0
4648	150 0
4649	149 0
4650	143 0
4651	139 0
4652	135 0
4653	129 0
4654	120 0
4655	120 0
4656	119 0
4657	110 0
4658	105 0
4659	97 0
4660	96 0
4661	95 0
4662	91 0
4663	92 0
4664	83 0
4665	83 0
4666	74 0
4667	67 0
4668	65 0
4669	61 0
4670	59 0
4671	66 0
4672	75 0
4673	81 0
4674	76 0
4675	85 0
4676	108 0
4677	145 0
4678	142 0
4679	78 0
4680	45 0
4681	31 0
4682	125 0
4683	178 0
4684	168 0
4685	170 0
4686	171 0
4687	171 0
4688	171 0
4689	173 0
4690	172 0
4691	175 0
4692	175 0
4693	174 0
4694	170 0
4695	169 0
4696	170 0
4697	171 0
4698	171 0
4699	173 0
4700	171 0
4701	172 0
4702	176 0
4703	174 0
4704	175 0
4705	176 0
4706	173 0
4707	174 0
4708	176 0
4709	174 0
4710	171 0
4711	170 0
4712	171 0
4713	169 0
4714	168 0
4715	171 0
4716	173 0
4717	174 0
4718	175 0
4719	175 0
4720	175 0
4721	176 0
4722	176 0
4723	176 0
4724	169 0
4725	166 0
4726	169 0
4727	168 0
4728	166 0
4729	168 0
4730	170 0
4731	167 0
4732	165 0
4733	165 0
4734	164 0
4735	166 0
4736	160 0
4737	159 0
4738	160 0
4739	159 0
4740	158 0
4741	155 0
4742	156 0
4743	161 0
4744	162 0
4745	158 0
4746	156 0
4747	158 0
4748	161 0
4749	160 0
4750	162 0
4751	161 0
4752	161 0
4753	160 0
4754	161 0
4755	165 0
4756	161 0
4757	157 0
4758	158 0
4759	157 0
4760	162 0
4761	161 0
4762	162 0
4763	166 0
4764	166 0
4765	166 0
4766	166 0
4767	168 0
4768	171 0
4769	167 0
4770	168 0
4771	171 0
4772	172 0
4773	168 0
4774	166 0
4775	85 0
4776	39 0
4777	41 0
4778	40 0
4779	46 0
4780	46 0
4781	55 0
4782	65 0
4783	69 0
4784	81 0
4785	71 0
4786	56 0
4787	79 0
4788	87 0
4789	91 0
4790	94 0
4791	87 0
4792	82 0
4793	99 0
4794	98 0
4795	106 0
4796	118 0
4797	113 0
4798	123 0
4799	131 0
4800	128 0
4801	139 0
4802	123 0
4803	138 0
4804	116 0
4805	133 0
4806	170 0
4807	134 0
4808	64 0
4809	32 0
4810	85 0
4811	177 0
4812	169 0
4813	170 0
4814	171 0
4815	172 0
4816	171 0
4817	173 0
4818	174 0
4819	176 0
4820	174 0
4821	170 0
4822	170 0
4823	169 0
4824	167 0
4825	171 0
4826	173 0
4827	175 0
4828	174 0
4829	174 0
4830	175 0
4831	176 0
4832	178 0
4833	175 0
4834	174 0
4835	175 0
4836	177 0
4837	172 0
4838	175 0
4839	172 0
4840	171 0
4841	170 0
4842	169 0
4843	169 0
4844	171 0
4845	173 0
4846	173 0
4847	175 0
4848	175 0
4849	177 0
4850	176 0
4851	173 0
4852	170 0
4853	170 0
4854	167 0
4855	166 0
4856	167 0
4857	169 0
4858	170 0
4859	166 0
4860	165 0
4861	165 0
4862	165 0
4863	164 0
4864	160 0
4865	159 0
4866	157 0
4867	153 0
4868	152 0
4869	156 0
4870	159 0
4871	162 0
4872	159 0
4873	158 0
4874	159 0
4875	155 0
4876	159 0
4877	161 0
4878	160 0
4879	158 0
4880	158 0
4881	161 0
4882	166 0
4883	164 0
4884	160 0
4885	162 0
4886	162 0
4887	164 0
4888	164 0
4889	165 0
4890	163 0
4891	163 0
4892	163 0
4893	164 0
4894	164 0
4895	170 0
4896	171 0
4897	172 0
4898	173 0
4899	171 0
4900	169 0
4901	163 0
4902	165 0
4903	87 0
4904	32 0
4905	43 0
4906	54 0
4907	72 0
4908	101 0
4909	124 0
4910	144 0
4911	127 0
4912	119 0
4913	123 0
4914	126 0
4915	139 0
4916	134 0
4917	127 0
4918	134 0
4919	115 0
4920	65 0
4921	135 0
4922	127 0
4923	121 0
4924	136 0
4925	139 0
4926	154 0
4927	148 0
4928	153 0
4929	153 0
4930	143 0
4931	138 0
4932	135 0
4933	172 0
4934	156 0
4935	102 0
4936	65 0
4937	41 0
4938	54 0
4939	167 0
4940	170 0
4941	171 0
4942	172 0
4943	172 0
4944	171 0
4945	173 0
4946	175 0
4947	176 0
4948	175 0
4949	170 0
4950	171 0
4951	170 0
4952	171 0
4953	170 0
4954	171 0
4955	176 0
4956	175 0
4957	177 0
4958	176 0
4959	176 0
4960	174 0
4961	172 0
4962	174 0
4963	176 0
4964	177 0
4965	170 0
4966	172 0
4967	173 0
4968	169 0
4969	171 0
4970	171 0
4971	169 0
4972	170 0
4973	171 0
4974	173 0
4975	176 0
4976	175 0
4977	177 0
4978	176 0
4979	169 0
4980	167 0
4981	169 0
4982	168 0
4983	166 0
4984	167 0
4985	168 0
4986	167 0
4987	167 0
4988	166 0
4989	164 0
4990	167 0
4991	163 0
4992	154 0
4993	159 0
4994	159 0
4995	154 0
4996	154 0
4997	156 0
4998	159 0
4999	156 0
5000	159 0
5001	155 0
5002	157 0
5003	160 0
5004	157 0
5005	159 0
5006	157 0
5007	156 0
5008	156 0
5009	163 0
5010	167 0
5011	165 0
5012	164 0
5013	167 0
5014	163 0
5015	164 0
5016	165 0
5017	166 0
5018	167 0
5019	166 0
5020	165 0
5021	164 0
5022	167 0
5023	171 0
5024	169 0
5025	171 0
5026	172 0
5027	169 0
5028	164 0
5029	159 0
5030	164 0
5031	97 0
5032	43 0
5033	54 0
5034	67 0
5035	83 0
5036	97 0
5037	115 0
5038	141 0
5039	97 0
5040	74 0
5041	143 0
5042	126 0
5043	139 0
5044	137 0
5045	129 0
5046	128 0
5047	121 0
5048	90 0
5049	122 0
5050	128 0
5051	132 0
5052	142 0
5053	148 0
5054	152 0
5055	143 0
5056	135 0
5057	111 0
5058	127 0
5059	146 0
5060	151 0
5061	154 0
5062	178 0
5063	166 0
5064	118 0
5065	63 0
5066	39 0
5067	148 0
5068	176 0
5069	170 0
5070	170 0
5071	168 0
5072	172 0
5073	172 0
5074	173 0
5075	175 0
5076	175 0
5077	169 0
5078	166 0
5079	167 0
5080	173 0
5081	171 0
5082	174 0
5083	173 0
5084	172 0
5085	173 0
5086	173 0
5087	174 0
5088	172 0
5089	172 0
5090	173 0
5091	173 0
5092	172 0
5093	171 0
5094	173 0
5095	170 0
5096	172 0
5097	171 0
5098	172 0
5099	171 0
5100	171 0
5101	172 0
5102	172 0
5103	174 0
5104	172 0
5105	175 0
5106	174 0
5107	169 0
5108	167 0
5109	167 0
5110	166 0
5111	166 0
5112	166 0
5113	167 0
5114	164 0
5115	166 0
5116	166 0
5117	165 0
5118	164 0
5119	165 0
5120	156 0
5121	154 0
5122	156 0
5123	155 0
5124	156 0
5125	154 0
5126	158 0
5127	156 0
5128	157 0
5129	160 0
5130	155 0
5131	155 0
5132	160 0
5133	159 0
5134	160 0
5135	159 0
5136	159 0
5137	165 0
5138	163 0
5139	166 0
5140	167 0
5141	162 0
5142	160 0
5143	161 0
5144	163 0
5145	167 0
5146	169 0
5147	165 0
5148	165 0
5149	167 0
5150	166 0
5151	171 0
5152	170 0
5153	172 0
5154	168 0
5155	166 0
5156	164 0
5157	159 0
5158	163 0
5159	107 0
5160	51 0
5161	68 0
5162	74 0
5163	66 0
5164	90 0
5165	116 0
5166	127 0
5167	108 0
5168	87 0
5169	128 0
5170	131 0
5171	118 0
5172	123 0
5173	121 0
5174	119 0
5175	128 0
5176	113 0
5177	63 0
5178	62 0
5179	71 0
5180	123 0
5181	167 0
5182	139 0
5183	164 0
5184	144 0
5185	78 0
5186	104 0
5187	112 0
5188	113 0
5189	54 0
5190	100 0
5191	111 0
5192	107 0
5193	85 0
5194	47 0
5195	120 0
5196	179 0
5197	168 0
5198	168 0
5199	168 0
5200	171 0
5201	173 0
5202	172 0
5203	173 0
5204	176 0
5205	171 0
5206	169 0
5207	170 0
5208	168 0
5209	170 0
5210	174 0
5211	174 0
5212	173 0
5213	171 0
5214	175 0
5215	173 0
5216	172 0
5217	174 0
5218	176 0
5219	174 0
5220	175 0
5221	173 0
5222	172 0
5223	173 0
5224	172 0
5225	171 0
5226	171 0
5227	169 0
5228	167 0
5229	172 0
5230	171 0
5231	171 0
5232	172 0
5233	176 0
5234	176 0
5235	171 0
5236	169 0
5237	166 0
5238	164 0
5239	165 0
5240	169 0
5241	171 0
5242	167 0
5243	167 0
5244	166 0
5245	164 0
5246	162 0
5247	163 0
5248	152 0
5249	152 0
5250	151 0
5251	153 0
5252	154 0
5253	157 0
5254	156 0
5255	153 0
5256	156 0
5257	157 0
5258	158 0
5259	159 0
5260	157 0
5261	156 0
5262	158 0
5263	159 0
5264	160 0
5265	159 0
5266	164 0
5267	166 0
5268	165 0
5269	161 0
5270	161 0
5271	160 0
5272	164 0
5273	168 0
5274	167 0
5275	168 0
5276	167 0
5277	168 0
5278	167 0
5279	168 0
5280	170 0
5281	167 0
5282	163 0
5283	165 0
5284	161 0
5285	160 0
5286	163 0
5287	115 0
5288	56 0
5289	77 0
5290	73 0
5291	89 0
5292	111 0
5293	104 0
5294	92 0
5295	104 0
5296	129 0
5297	121 0
5298	111 0
5299	120 0
5300	111 0
5301	93 0
5302	82 0
5303	91 0
5304	69 0
5305	100 0
5306	111 0
5307	75 0
5308	73 0
5309	161 0
5310	155 0
5311	165 0
5312	178 0
5313	106 0
5314	69 0
5315	99 0
5316	94 0
5317	62 0
5318	95 0
5319	76 0
5320	50 0
5321	51 0
5322	41 0
5323	85 0
5324	178 0
5325	169 0
5326	169 0
5327	170 0
5328	171 0
5329	171 0
5330	173 0
5331	176 0
5332	173 0
5333	170 0
5334	169 0
5335	170 0
5336	171 0
5337	172 0
5338	175 0
5339	176 0
5340	175 0
5341	172 0
5342	172 0
5343	173 0
5344	171 0
5345	173 0
5346	174 0
5347	175 0
5348	177 0
5349	172 0
5350	172 0
5351	174 0
5352	171 0
5353	171 0
5354	171 0
5355	171 0
5356	171 0
5357	170 0
5358	170 0
5359	172 0
5360	174 0
5361	177 0
5362	175 0
5363	171 0
5364	166 0
5365	168 0
5366	169 0
5367	172 0
5368	174 0
5369	171 0
5370	167 0
5371	165 0
5372	167 0
5373	165 0
5374	167 0
5375	164 0
5376	147 0
5377	150 0
5378	152 0
5379	152 0
5380	149 0
5381	156 0
5382	155 0
5383	157 0
5384	159 0
5385	157 0
5386	158 0
5387	159 0
5388	158 0
5389	156 0
5390	154 0
5391	155 0
5392	155 0
5393	155 0
5394	161 0
5395	160 0
5396	164 0
5397	165 0
5398	162 0
5399	159 0
5400	163 0
5401	168 0
5402	167 0
5403	166 0
5404	170 0
5405	167 0
5406	167 0
5407	166 0
5408	164 0
5409	164 0
5410	163 0
5411	161 0
5412	160 0
5413	160 0
5414	165 0
5415	127 0
5416	55 0
5417	84 0
5418	86 0
5419	78 0
5420	78 0
5421	95 0
5422	103 0
5423	107 0
5424	97 0
5425	77 0
5426	95 0
5427	93 0
5428	91 0
5429	101 0
5430	88 0
5431	62 0
5432	88 0
5433	138 0
5434	133 0
5435	158 0
5436	117 0
5437	127 0
5438	108 0
5439	106 0
5440	101 0
5441	82 0
5442	66 0
5443	93 0
5444	77 0
5445	43 0
5446	66 0
5447	145 0
5448	86 0
5449	51 0
5450	46 0
5451	63 0
5452	168 0
5453	174 0
5454	172 0
5455	170 0
5456	170 0
5457	173 0
5458	172 0
5459	171 0
5460	169 0
5461	169 0
5462	169 0
5463	170 0
5464	171 0
5465	171 0
5466	171 0
5467	173 0
5468	173 0
5469	171 0
5470	173 0
5471	174 0
5472	174 0
5473	171 0
5474	172 0
5475	174 0
5476	174 0
5477	171 0
5478	171 0
5479	172 0
5480	170 0
5481	170 0
5482	173 0
5483	173 0
5484	171 0
5485	170 0
5486	173 0
5487	174 0
5488	174 0
5489	174 0
5490	171 0
5491	168 0
5492	168 0
5493	170 0
5494	170 0
5495	172 0
5496	171 0
5497	169 0
5498	164 0
5499	166 0
5500	168 0
5501	166 0
5502	166 0
5503	165 0
5504	154 0
5505	155 0
5506	156 0
5507	153 0
5508	150 0
5509	152 0
5510	156 0
5511	158 0
5512	155 0
5513	154 0
5514	158 0
5515	155 0
5516	155 0
5517	154 0
5518	154 0
5519	155 0
5520	156 0
5521	156 0
5522	161 0
5523	164 0
5524	165 0
5525	161 0
5526	162 0
5527	160 0
5528	159 0
5529	167 0
5530	168 0
5531	166 0
5532	169 0
5533	168 0
5534	167 0
5535	164 0
5536	162 0
5537	162 0
5538	159 0
5539	157 0
5540	157 0
5541	157 0
5542	162 0
5543	133 0
5544	53 0
5545	84 0
5546	79 0
5547	75 0
5548	86 0
5549	98 0
5550	98 0
5551	94 0
5552	81 0
5553	57 0
5554	57 0
5555	88 0
5556	98 0
5557	120 0
5558	96 0
5559	86 0
5560	111 0
5561	155 0
5562	149 0
5563	173 0
5564	87 0
5565	70 0
5566	83 0
5567	83 0
5568	62 0
5569	65 0
5570	82 0
5571	69 0
5572	43 0
5573	31 0
5574	38 0
5575	114 0
5576	129 0
5577	80 0
5578	55 0
5579	58 0
5580	150 0
5581	173 0
5582	170 0
5583	170 0
5584	173 0
5585	174 0
5586	172 0
5587	173 0
5588	173 0
5589	170 0
5590	168 0
5591	170 0
5592	168 0
5593	171 0
5594	172 0
5595	170 0
5596	168 0
5597	170 0
5598	172 0
5599	172 0
5600	172 0
5601	174 0
5602	174 0
5603	173 0
5604	173 0
5605	170 0
5606	171 0
5607	170 0
5608	168 0
5609	167 0
5610	171 0
5611	173 0
5612	173 0
5613	173 0
5614	173 0
5615	174 0
5616	174 0
5617	173 0
5618	171 0
5619	169 0
5620	167 0
5621	169 0
5622	169 0
5623	170 0
5624	169 0
5625	165 0
5626	163 0
5627	165 0
5628	164 0
5629	168 0
5630	167 0
5631	168 0
5632	150 0
5633	152 0
5634	153 0
5635	153 0
5636	153 0
5637	153 0
5638	153 0
5639	158 0
5640	154 0
5641	154 0
5642	155 0
5643	155 0
5644	152 0
5645	157 0
5646	156 0
5647	159 0
5648	161 0
5649	159 0
5650	164 0
5651	166 0
5652	168 0
5653	163 0
5654	160 0
5655	157 0
5656	159 0
5657	163 0
5658	166 0
5659	168 0
5660	169 0
5661	167 0
5662	163 0
5663	159 0
5664	159 0
5665	158 0
5666	157 0
5667	156 0
5668	158 0
5669	156 0
5670	157 0
5671	139 0
5672	55 0
5673	78 0
5674	89 0
5675	85 0
5676	94 0
5677	91 0
5678	99 0
5679	113 0
5680	106 0
5681	72 0
5682	74 0
5683	113 0
5684	140 0
5685	82 0
5686	62 0
5687	77 0
5688	114 0
5689	178 0
5690	199 0
5691	130 0
5692	71 0
5693	100 0
5694	80 0
5695	74 0
5696	61 0
5697	48 0
5698	76 0
5699	48 0
5700	30 0
5701	46 0
5702	59 0
5703	54 0
5704	102 0
5705	119 0
5706	82 0
5707	42 0
5708	118 0
5709	179 0
5710	168 0
5711	168 0
5712	169 0
5713	172 0
5714	171 0
5715	173 0
5716	169 0
5717	167 0
5718	168 0
5719	168 0
5720	168 0
5721	167 0
5722	167 0
5723	169 0
5724	167 0
5725	168 0
5726	173 0
5727	173 0
5728	170 0
5729	172 0
5730	172 0
5731	172 0
5732	170 0
5733	171 0
5734	173 0
5735	170 0
5736	170 0
5737	169 0
5738	171 0
5739	174 0
5740	174 0
5741	174 0
5742	175 0
5743	174 0
5744	173 0
5745	175 0
5746	173 0
5747	170 0
5748	168 0
5749	170 0
5750	170 0
5751	171 0
5752	169 0
5753	164 0
5754	166 0
5755	166 0
5756	167 0
5757	166 0
5758	168 0
5759	168 0
5760	150 0
5761	148 0
5762	154 0
5763	157 0
5764	154 0
5765	153 0
5766	151 0
5767	151 0
5768	155 0
5769	156 0
5770	156 0
5771	154 0
5772	156 0
5773	153 0
5774	154 0
5775	156 0
5776	159 0
5777	158 0
5778	163 0
5779	163 0
5780	165 0
5781	164 0
5782	159 0
5783	155 0
5784	159 0
5785	161 0
5786	159 0
5787	161 0
5788	166 0
5789	162 0
5790	157 0
5791	155 0
5792	155 0
5793	156 0
5794	157 0
5795	157 0
5796	160 0
5797	157 0
5798	155 0
5799	146 0
5800	58 0
5801	81 0
5802	103 0
5803	88 0
5804	91 0
5805	93 0
5806	106 0
5807	109 0
5808	87 0
5809	98 0
5810	118 0
5811	107 0
5812	106 0
5813	112 0
5814	80 0
5815	67 0
5816	116 0
5817	176 0
5818	91 0
5819	108 0
5820	152 0
5821	136 0
5822	80 0
5823	68 0
5824	68 0
5825	60 0
5826	58 0
5827	44 0
5828	44 0
5829	61 0
5830	57 0
5831	50 0
5832	105 0
5833	115 0
5834	83 0
5835	71 0
5836	95 0
5837	174 0
5838	168 0
5839	170 0
5840	170 0
5841	169 0
5842	170 0
5843	168 0
5844	166 0
5845	166 0
5846	165 0
5847	167 0
5848	168 0
5849	167 0
5850	168 0
5851	169 0
5852	168 0
5853	169 0
5854	172 0
5855	170 0
5856	170 0
5857	172 0
5858	172 0
5859	172 0
5860	171 0
5861	170 0
5862	172 0
5863	172 0
5864	171 0
5865	171 0
5866	175 0
5867	176 0
5868	174 0
5869	172 0
5870	175 0
5871	165 0
5872	161 0
5873	175 0
5874	171 0
5875	169 0
5876	170 0
5877	169 0
5878	170 0
5879	173 0
5880	169 0
5881	166 0
5882	168 0
5883	166 0
5884	167 0
5885	167 0
5886	165 0
5887	165 0
5888	147 0
5889	147 0
5890	150 0
5891	151 0
5892	149 0
5893	149 0
5894	151 0
5895	150 0
5896	152 0
5897	154 0
5898	152 0
5899	153 0
5900	158 0
5901	157 0
5902	155 0
5903	154 0
5904	155 0
5905	155 0
5906	159 0
5907	160 0
5908	161 0
5909	157 0
5910	156 0
5911	155 0
5912	157 0
5913	157 0
5914	159 0
5915	159 0
5916	159 0
5917	159 0
5918	155 0
5919	153 0
5920	153 0
5921	153 0
5922	155 0
5923	154 0
5924	156 0
5925	155 0
5926	148 0
5927	149 0
5928	67 0
5929	65 0
5930	113 0
5931	102 0
5932	101 0
5933	104 0
5934	102 0
5935	98 0
5936	126 0
5937	144 0
5938	125 0
5939	98 0
5940	84 0
5941	86 0
5942	82 0
5943	59 0
5944	138 0
5945	140 0
5946	43 0
5947	75 0
5948	137 0
5949	140 0
5950	86 0
5951	49 0
5952	50 0
5953	47 0
5954	42 0
5955	29 0
5956	49 0
5957	60 0
5958	63 0
5959	57 0
5960	68 0
5961	97 0
5962	72 0
5963	73 0
5964	83 0
5965	164 0
5966	168 0
5967	169 0
5968	170 0
5969	171 0
5970	169 0
5971	167 0
5972	168 0
5973	166 0
5974	162 0
5975	165 0
5976	168 0
5977	169 0
5978	170 0
5979	167 0
5980	168 0
5981	170 0
5982	170 0
5983	167 0
5984	169 0
5985	172 0
5986	172 0
5987	172 0
5988	170 0
5989	171 0
5990	171 0
5991	173 0
5992	171 0
5993	173 0
5994	175 0
5995	176 0
5996	174 0
5997	174 0
5998	175 0
5999	174 0
6000	173 0
6001	171 0
6002	169 0
6003	169 0
6004	169 0
6005	170 0
6006	172 0
6007	171 0
6008	168 0
6009	168 0
6010	167 0
6011	168 0
6012	166 0
6013	166 0
6014	166 0
6015	164 0
6016	148 0
6017	151 0
6018	149 0
6019	147 0
6020	148 0
6021	151 0
6022	148 0
6023	149 0
6024	154 0
6025	154 0
6026	154 0
6027	157 0
6028	158 0
6029	156 0
6030	156 0
6031	155 0
6032	156 0
6033	160 0
6034	159 0
6035	160 0
6036	161 0
6037	162 0
6038	161 0
6039	160 0
6040	159 0
6041	154 0
6042	156 0
6043	155 0
6044	153 0
6045	154 0
6046	154 0
6047	156 0
6048	153 0
6049	147 0
6050	146 0
6051	151 0
6052	151 0
6053	147 0
6054	151 0
6055	152 0
6056	77 0
6057	52 0
6058	120 0
6059	111 0
6060	108 0
6061	113 0
6062	115 0
6063	136 0
6064	135 0
6065	134 0
6066	169 0
6067	143 0
6068	136 0
6069	101 0
6070	63 0
6071	68 0
6072	99 0
6073	59 0
6074	58 0
6075	81 0
6076	143 0
6077	123 0
6078	82 0
6079	43 0
6080	69 0
6081	77 0
6082	93 0
6083	88 0
6084	57 0
6085	59 0
6086	73 0
6087	68 0
6088	44 0
6089	76 0
6090	81 0
6091	65 0
6092	60 0
6093	149 0
6094	171 0
6095	166 0
6096	168 0
6097	166 0
6098	166 0
6099	165 0
6100	167 0
6101	164 0
6102	161 0
6103	164 0
6104	167 0
6105	170 0
6106	169 0
6107	169 0
6108	168 0
6109	170 0
6110	169 0
6111	167 0
6112	166 0
6113	167 0
6114	170 0
6115	171 0
6116	170 0
6117	170 0
6118	171 0
6119	171 0
6120	170 0
6121	173 0
6122	175 0
6123	174 0
6124	176 0
6125	175 0
6126	175 0
6127	174 0
6128	173 0
6129	171 0
6130	169 0
6131	170 0
6132	169 0
6133	169 0
6134	171 0
6135	169 0
6136	169 0
6137	167 0
6138	168 0
6139	173 0
6140	170 0
6141	170 0
6142	170 0
6143	167 0
6144	147 0
6145	150 0
6146	151 0
6147	148 0
6148	152 0
6149	148 0
6150	149 0
6151	151 0
6152	157 0
6153	158 0
6154	157 0
6155	162 0
6156	162 0
6157	156 0
6158	156 0
6159	159 0
6160	157 0
6161	159 0
6162	165 0
6163	161 0
6164	159 0
6165	161 0
6166	161 0
6167	157 0
6168	157 0
6169	156 0
6170	152 0
6171	149 0
6172	149 0
6173	150 0
6174	150 0
6175	149 0
6176	151 0
6177	147 0
6178	144 0
6179	146 0
6180	150 0
6181	149 0
6182	150 0
6183	151 0
6184	86 0
6185	41 0
6186	123 0
6187	127 0
6188	118 0
6189	120 0
6190	124 0
6191	146 0
6192	115 0
6193	158 0
6194	136 0
6195	135 0
6196	123 0
6197	132 0
6198	95 0
6199	65 0
6200	73 0
6201	73 0
6202	73 0
6203	38 0
6204	113 0
6205	140 0
6206	76 0
6207	45 0
6208	89 0
6209	95 0
6210	87 0
6211	108 0
6212	104 0
6213	76 0
6214	65 0
6215	77 0
6216	52 0
6217	46 0
6218	59 0
6219	59 0
6220	54 0
6221	120 0
6222	176 0
6223	167 0
6224	168 0
6225	168 0
6226	168 0
6227	166 0
6228	168 0
6229	164 0
6230	162 0
6231	164 0
6232	168 0
6233	167 0
6234	168 0
6235	169 0
6236	169 0
6237	170 0
6238	170 0
6239	169 0
6240	169 0
6241	169 0
6242	170 0
6243	171 0
6244	171 0
6245	170 0
6246	168 0
6247	170 0
6248	171 0
6249	169 0
6250	173 0
6251	173 0
6252	173 0
6253	174 0
6254	171 0
6255	169 0
6256	173 0
6257	172 0
6258	171 0
6259	171 0
6260	169 0
6261	171 0
6262	170 0
6263	170 0
6264	170 0
6265	169 0
6266	171 0
6267	172 0
6268	171 0
6269	171 0
6270	170 0
6271	168 0
6272	147 0
6273	146 0
6274	148 0
6275	147 0
6276	153 0
6277	152 0
6278	152 0
6279	149 0
6280	156 0
6281	159 0
6282	159 0
6283	159 0
6284	156 0
6285	159 0
6286	161 0
6287	160 0
6288	162 0
6289	160 0
6290	160 0
6291	162 0
6292	162 0
6293	162 0
6294	161 0
6295	158 0
6296	152 0
6297	150 0
6298	151 0
6299	147 0
6300	150 0
6301	151 0
6302	148 0
6303	148 0
6304	152 0
6305	153 0
6306	150 0
6307	150 0
6308	152 0
6309	152 0
6310	149 0
6311	151 0
6312	97 0
6313	33 0
6314	121 0
6315	145 0
6316	123 0
6317	127 0
6318	136 0
6319	141 0
6320	126 0
6321	120 0
6322	136 0
6323	84 0
6324	135 0
6325	114 0
6326	98 0
6327	64 0
6328	66 0
6329	56 0
6330	68 0
6331	56 0
6332	59 0
6333	108 0
6334	59 0
6335	78 0
6336	120 0
6337	57 0
6338	71 0
6339	123 0
6340	127 0
6341	104 0
6342	100 0
6343	76 0
6344	59 0
6345	55 0
6346	49 0
6347	54 0
6348	32 0
6349	85 0
6350	176 0
6351	165 0
6352	166 0
6353	166 0
6354	167 0
6355	166 0
6356	166 0
6357	162 0
6358	165 0
6359	164 0
6360	167 0
6361	166 0
6362	168 0
6363	170 0
6364	170 0
6365	168 0
6366	169 0
6367	169 0
6368	169 0
6369	169 0
6370	169 0
6371	169 0
6372	170 0
6373	170 0
6374	168 0
6375	169 0
6376	172 0
6377	173 0
6378	174 0
6379	175 0
6380	174 0
6381	174 0
6382	173 0
6383	173 0
6384	174 0
6385	173 0
6386	172 0
6387	171 0
6388	172 0
6389	174 0
6390	173 0
6391	172 0
6392	171 0
6393	171 0
6394	170 0
6395	169 0
6396	169 0
6397	165 0
6398	166 0
6399	168 0
6400	143 0
6401	145 0
6402	151 0
6403	147 0
6404	148 0
6405	152 0
6406	155 0
6407	153 0
6408	155 0
6409	160 0
6410	163 0
6411	160 0
6412	157 0
6413	159 0
6414	158 0
6415	153 0
6416	158 0
6417	161 0
6418	159 0
6419	158 0
6420	162 0
6421	164 0
6422	160 0
6423	156 0
6424	153 0
6425	156 0
6426	153 0
6427	152 0
6428	150 0
6429	147 0
6430	152 0
6431	153 0
6432	150 0
6433	148 0
6434	153 0
6435	152 0
6436	148 0
6437	146 0
6438	147 0
6439	152 0
6440	107 0
6441	33 0
6442	105 0
6443	168 0
6444	132 0
6445	135 0
6446	140 0
6447	143 0
6448	128 0
6449	114 0
6450	131 0
6451	121 0
6452	102 0
6453	106 0
6454	89 0
6455	72 0
6456	65 0
6457	117 0
6458	77 0
6459	91 0
6460	60 0
6461	52 0
6462	49 0
6463	69 0
6464	142 0
6465	107 0
6466	165 0
6467	116 0
6468	107 0
6469	76 0
6470	99 0
6471	111 0
6472	82 0
6473	65 0
6474	62 0
6475	55 0
6476	42 0
6477	60 0
6478	164 0
6479	166 0
6480	167 0
6481	164 0
6482	165 0
6483	164 0
6484	164 0
6485	163 0
6486	165 0
6487	163 0
6488	166 0
6489	165 0
6490	167 0
6491	168 0
6492	169 0
6493	169 0
6494	168 0
6495	170 0
6496	169 0
6497	168 0
6498	170 0
6499	171 0
6500	170 0
6501	171 0
6502	171 0
6503	171 0
6504	172 0
6505	173 0
6506	173 0
6507	174 0
6508	176 0
6509	177 0
6510	174 0
6511	173 0
6512	173 0
6513	172 0
6514	171 0
6515	172 0
6516	174 0
6517	173 0
6518	171 0
6519	170 0
6520	169 0
6521	170 0
6522	169 0
6523	167 0
6524	167 0
6525	161 0
6526	162 0
6527	167 0
6528	147 0
6529	147 0
6530	148 0
6531	145 0
6532	148 0
6533	152 0
6534	156 0
6535	157 0
6536	156 0
6537	152 0
6538	161 0
6539	160 0
6540	161 0
6541	161 0
6542	157 0
6543	152 0
6544	153 0
6545	157 0
6546	160 0
6547	160 0
6548	160 0
6549	158 0
6550	158 0
6551	154 0
6552	152 0
6553	151 0
6554	150 0
6555	154 0
6556	152 0
6557	151 0
6558	150 0
6559	153 0
6560	153 0
6561	151 0
6562	151 0
6563	150 0
6564	147 0
6565	146 0
6566	148 0
6567	152 0
6568	115 0
6569	37 0
6570	81 0
6571	190 0
6572	155 0
6573	151 0
6574	146 0
6575	140 0
6576	134 0
6577	124 0
6578	114 0
6579	117 0
6580	105 0
6581	98 0
6582	90 0
6583	98 0
6584	102 0
6585	132 0
6586	90 0
6587	87 0
6588	82 0
6589	71 0
6590	75 0
6591	69 0
6592	93 0
6593	84 0
6594	113 0
6595	105 0
6596	88 0
6597	126 0
6598	117 0
6599	83 0
6600	111 0
6601	73 0
6602	63 0
6603	54 0
6604	52 0
6605	48 0
6606	148 0
6607	169 0
6608	165 0
6609	164 0
6610	165 0
6611	164 0
6612	165 0
6613	164 0
6614	163 0
6615	163 0
6616	161 0
6617	163 0
6618	165 0
6619	167 0
6620	168 0
6621	169 0
6622	168 0
6623	169 0
6624	169 0
6625	168 0
6626	169 0
6627	169 0
6628	169 0
6629	169 0
6630	170 0
6631	171 0
6632	168 0
6633	168 0
6634	171 0
6635	172 0
6636	160 0
6637	146 0
6638	152 0
6639	168 0
6640	172 0
6641	171 0
6642	172 0
6643	173 0
6644	174 0
6645	172 0
6646	170 0
6647	171 0
6648	169 0
6649	168 0
6650	166 0
6651	168 0
6652	167 0
6653	162 0
6654	163 0
6655	165 0
6656	144 0
6657	143 0
6658	148 0
6659	152 0
6660	154 0
6661	156 0
6662	154 0
6663	157 0
6664	159 0
6665	157 0
6666	157 0
6667	155 0
6668	156 0
6669	158 0
6670	156 0
6671	154 0
6672	153 0
6673	156 0
6674	160 0
6675	161 0
6676	158 0
6677	151 0
6678	152 0
6679	151 0
6680	150 0
6681	150 0
6682	153 0
6683	156 0
6684	155 0
6685	155 0
6686	153 0
6687	152 0
6688	150 0
6689	150 0
6690	149 0
6691	149 0
6692	148 0
6693	146 0
6694	147 0
6695	151 0
6696	122 0
6697	46 0
6698	56 0
6699	193 0
6700	171 0
6701	163 0
6702	160 0
6703	149 0
6704	147 0
6705	137 0
6706	123 0
6707	121 0
6708	113 0
6709	108 0
6710	101 0
6711	119 0
6712	172 0
6713	107 0
6714	86 0
6715	75 0
6716	78 0
6717	75 0
6718	78 0
6719	89 0
6720	78 0
6721	77 0
6722	75 0
6723	117 0
6724	87 0
6725	93 0
6726	78 0
6727	68 0
6728	77 0
6729	83 0
6730	71 0
6731	66 0
6732	56 0
6733	40 0
6734	125 0
6735	175 0
6736	163 0
6737	165 0
6738	164 0
6739	163 0
6740	165 0
6741	163 0
6742	163 0
6743	163 0
6744	163 0
6745	162 0
6746	165 0
6747	167 0
6748	166 0
6749	167 0
6750	167 0
6751	166 0
6752	166 0
6753	165 0
6754	164 0
6755	165 0
6756	168 0
6757	167 0
6758	167 0
6759	168 0
6760	168 0
6761	173 0
6762	169 0
6763	145 0
6764	126 0
6765	118 0
6766	123 0
6767	143 0
6768	165 0
6769	175 0
6770	176 0
6771	176 0
6772	172 0
6773	170 0
6774	168 0
6775	169 0
6776	168 0
6777	167 0
6778	165 0
6779	167 0
6780	166 0
6781	164 0
6782	164 0
6783	166 0
6784	151 0
6785	152 0
6786	156 0
6787	156 0
6788	159 0
6789	159 0
6790	158 0
6791	158 0
6792	159 0
6793	157 0
6794	156 0
6795	155 0
6796	154 0
6797	153 0
6798	156 0
6799	155 0
6800	154 0
6801	156 0
6802	159 0
6803	158 0
6804	152 0
6805	151 0
6806	152 0
6807	151 0
6808	148 0
6809	148 0
6810	152 0
6811	154 0
6812	153 0
6813	154 0
6814	153 0
6815	151 0
6816	148 0
6817	147 0
6818	148 0
6819	150 0
6820	146 0
6821	145 0
6822	145 0
6823	152 0
6824	130 0
6825	56 0
6826	35 0
6827	182 0
6828	196 0
6829	177 0
6830	179 0
6831	167 0
6832	159 0
6833	152 0
6834	136 0
6835	130 0
6836	128 0
6837	125 0
6838	127 0
6839	160 0
6840	195 0
6841	165 0
6842	94 0
6843	73 0
6844	75 0
6845	70 0
6846	82 0
6847	80 0
6848	72 0
6849	67 0
6850	88 0
6851	100 0
6852	93 0
6853	76 0
6854	96 0
6855	92 0
6856	83 0
6857	63 0
6858	76 0
6859	69 0
6860	69 0
6861	50 0
6862	103 0
6863	173 0
6864	159 0
6865	160 0
6866	162 0
6867	162 0
6868	161 0
6869	160 0
6870	163 0
6871	162 0
6872	161 0
6873	160 0
6874	163 0
6875	164 0
6876	165 0
6877	166 0
6878	166 0
6879	169 0
6880	171 0
6881	172 0
6882	173 0
6883	175 0
6884	174 0
6885	173 0
6886	170 0
6887	167 0
6888	165 0
6889	161 0
6890	134 0
6891	123 0
6892	141 0
6893	145 0
6894	127 0
6895	121 0
6896	150 0
6897	165 0
6898	154 0
6899	145 0
6900	172 0
6901	168 0
6902	167 0
6903	168 0
6904	170 0
6905	167 0
6906	166 0
6907	168 0
6908	168 0
6909	165 0
6910	164 0
6911	166 0
6912	156 0
6913	155 0
6914	157 0
6915	158 0
6916	156 0
6917	156 0
6918	154 0
6919	152 0
6920	155 0
6921	152 0
6922	152 0
6923	153 0
6924	155 0
6925	154 0
6926	155 0
6927	156 0
6928	154 0
6929	154 0
6930	154 0
6931	153 0
6932	150 0
6933	151 0
6934	152 0
6935	151 0
6936	151 0
6937	151 0
6938	149 0
6939	147 0
6940	147 0
6941	151 0
6942	150 0
6943	149 0
6944	149 0
6945	148 0
6946	145 0
6947	148 0
6948	148 0
6949	148 0
6950	146 0
6951	147 0
6952	132 0
6953	62 0
6954	24 0
6955	148 0
6956	233 0
6957	184 0
6958	192 0
6959	183 0
6960	168 0
6961	160 0
6962	149 0
6963	133 0
6964	135 0
6965	127 0
6966	157 0
6967	152 0
6968	161 0
6969	128 0
6970	112 0
6971	99 0
6972	79 0
6973	70 0
6974	76 0
6975	74 0
6976	75 0
6977	74 0
6978	93 0
6979	84 0
6980	129 0
6981	87 0
6982	100 0
6983	90 0
6984	134 0
6985	116 0
6986	92 0
6987	82 0
6988	67 0
6989	54 0
6990	77 0
6991	166 0
6992	157 0
6993	159 0
6994	160 0
6995	158 0
6996	158 0
6997	157 0
6998	161 0
6999	161 0
7000	164 0
7001	172 0
7002	170 0
7003	169 0
7004	167 0
7005	163 0
7006	158 0
7007	150 0
7008	144 0
7009	136 0
7010	126 0
7011	119 0
7012	108 0
7013	99 0
7014	90 0
7015	82 0
7016	71 0
7017	100 0
7018	116 0
7019	70 0
7020	90 0
7021	133 0
7022	149 0
7023	141 0
7024	135 0
7025	120 0
7026	72 0
7027	81 0
7028	158 0
7029	175 0
7030	175 0
7031	169 0
7032	164 0
7033	164 0
7034	166 0
7035	165 0
7036	166 0
7037	162 0
7038	162 0
7039	163 0
7040	154 0
7041	153 0
7042	153 0
7043	157 0
7044	157 0
7045	156 0
7046	155 0
7047	153 0
7048	153 0
7049	154 0
7050	152 0
7051	154 0
7052	155 0
7053	154 0
7054	155 0
7055	157 0
7056	154 0
7057	151 0
7058	151 0
7059	149 0
7060	147 0
7061	147 0
7062	148 0
7063	148 0
7064	149 0
7065	148 0
7066	146 0
7067	145 0
7068	145 0
7069	146 0
7070	147 0
7071	148 0
7072	145 0
7073	147 0
7074	148 0
7075	146 0
7076	146 0
7077	147 0
7078	145 0
7079	145 0
7080	135 0
7081	70 0
7082	28 0
7083	99 0
7084	243 0
7085	198 0
7086	195 0
7087	195 0
7088	186 0
7089	168 0
7090	155 0
7091	157 0
7092	163 0
7093	141 0
7094	145 0
7095	124 0
7096	96 0
7097	104 0
7098	158 0
7099	160 0
7100	105 0
7101	72 0
7102	78 0
7103	76 0
7104	81 0
7105	70 0
7106	67 0
7107	84 0
7108	161 0
7109	137 0
7110	100 0
7111	47 0
7112	65 0
7113	106 0
7114	88 0
7115	92 0
7116	108 0
7117	79 0
7118	57 0
7119	155 0
7120	162 0
7121	160 0
7122	157 0
7123	157 0
7124	156 0
7125	156 0
7126	156 0
7127	162 0
7128	140 0
7129	96 0
7130	103 0
7131	92 0
7132	82 0
7133	75 0
7134	68 0
7135	63 0
7136	59 0
7137	57 0
7138	56 0
7139	54 0
7140	54 0
7141	55 0
7142	57 0
7143	57 0
7144	60 0
7145	126 0
7146	149 0
7147	96 0
7148	61 0
7149	76 0
7150	111 0
7151	135 0
7152	132 0
7153	115 0
7154	128 0
7155	97 0
7156	69 0
7157	92 0
7158	129 0
7159	157 0
7160	171 0
7161	171 0
7162	166 0
7163	162 0
7164	160 0
7165	159 0
7166	162 0
7167	162 0
7168	152 0
7169	152 0
7170	151 0
7171	151 0
7172	152 0
7173	153 0
7174	157 0
7175	157 0
7176	153 0
7177	155 0
7178	155 0
7179	153 0
7180	151 0
7181	151 0
7182	155 0
7183	155 0
7184	151 0
7185	150 0
7186	147 0
7187	145 0
7188	145 0
7189	143 0
7190	144 0
7191	145 0
7192	145 0
7193	148 0
7194	146 0
7195	145 0
7196	145 0
7197	146 0
7198	147 0
7199	147 0
7200	148 0
7201	147 0
7202	148 0
7203	150 0
7204	151 0
7205	148 0
7206	147 0
7207	149 0
7208	139 0
7209	77 0
7210	34 0
7211	61 0
7212	235 0
7213	225 0
7214	197 0
7215	199 0
7216	195 0
7217	173 0
7218	168 0
7219	155 0
7220	191 0
7221	172 0
7222	136 0
7223	123 0
7224	110 0
7225	121 0
7226	141 0
7227	121 0
7228	116 0
7229	81 0
7230	73 0
7231	80 0
7232	88 0
7233	89 0
7234	90 0
7235	122 0
7236	132 0
7237	92 0
7238	66 0
7239	59 0
7240	51 0
7241	63 0
7242	96 0
7243	96 0
7244	126 0
7245	107 0
7246	59 0
7247	139 0
7248	165 0
7249	159 0
7250	156 0
7251	157 0
7252	156 0
7253	156 0
7254	155 0
7255	171 0
7256	96 0
7257	0 0
7258	22 0
7259	46 0
7260	60 0
7261	60 0
7262	58 0
7263	59 0
7264	60 0
7265	61 0
7266	61 0
7267	61 0
7268	60 0
7269	60 0
7270	61 0
7271	51 0
7272	77 0
7273	142 0
7274	144 0
7275	143 0
7276	96 0
7277	69 0
7278	67 0
7279	83 0
7280	152 0
7281	159 0
7282	155 0
7283	155 0
7284	134 0
7285	66 0
7286	53 0
7287	68 0
7288	95 0
7289	132 0
7290	160 0
7291	167 0
7292	168 0
7293	165 0
7294	160 0
7295	161 0
7296	147 0
7297	150 0
7298	154 0
7299	150 0
7300	149 0
7301	149 0
7302	148 0
7303	150 0
7304	154 0
7305	155 0
7306	152 0
7307	152 0
7308	150 0
7309	148 0
7310	148 0
7311	147 0
7312	146 0
7313	146 0
7314	146 0
7315	147 0
7316	145 0
7317	145 0
7318	150 0
7319	149 0
7320	147 0
7321	150 0
7322	150 0
7323	148 0
7324	146 0
7325	145 0
7326	148 0
7327	150 0
7328	152 0
7329	151 0
7330	150 0
7331	149 0
7332	151 0
7333	148 0
7334	147 0
7335	147 0
7336	139 0
7337	82 0
7338	36 0
7339	37 0
7340	206 0
7341	252 0
7342	208 0
7343	201 0
7344	199 0
7345	180 0
7346	183 0
7347	157 0
7348	173 0
7349	142 0
7350	130 0
7351	151 0
7352	153 0
7353	122 0
7354	115 0
7355	86 0
7356	76 0
7357	82 0
7358	59 0
7359	65 0
7360	87 0
7361	107 0
7362	111 0
7363	95 0
7364	106 0
7365	56 0
7366	72 0
7367	76 0
7368	64 0
7369	77 0
7370	95 0
7371	101 0
7372	111 0
7373	103 0
7374	88 0
7375	124 0
7376	166 0
7377	160 0
7378	158 0
7379	155 0
7380	156 0
7381	158 0
7382	156 0
7383	168 0
7384	73 0
7385	1 0
7386	7 0
7387	8 0
7388	25 0
7389	49 0
7390	64 0
7391	64 0
7392	60 0
7393	58 0
7394	58 0
7395	58 0
7396	57 0
7397	57 0
7398	56 0
7399	74 0
7400	128 0
7401	150 0
7402	150 0
7403	156 0
7404	156 0
7405	145 0
7406	138 0
7407	79 0
7408	68 0
7409	152 0
7410	119 0
7411	60 0
7412	86 0
7413	82 0
7414	58 0
7415	59 0
7416	54 0
7417	55 0
7418	68 0
7419	98 0
7420	134 0
7421	161 0
7422	171 0
7423	167 0
7424	145 0
7425	145 0
7426	149 0
7427	149 0
7428	146 0
7429	150 0
7430	148 0
7431	150 0
7432	150 0
7433	152 0
7434	147 0
7435	147 0
7436	152 0
7437	152 0
7438	148 0
7439	146 0
7440	148 0
7441	148 0
7442	147 0
7443	145 0
7444	147 0
7445	149 0
7446	148 0
7447	148 0
7448	148 0
7449	146 0
7450	146 0
7451	145 0
7452	146 0
7453	146 0
7454	147 0
7455	149 0
7456	146 0
7457	150 0
7458	150 0
7459	148 0
7460	149 0
7461	142 0
7462	145 0
7463	146 0
7464	137 0
7465	87 0
7466	39 0
7467	26 0
7468	156 0
7469	255 0
7470	219 0
7471	200 0
7472	206 0
7473	186 0
7474	174 0
7475	158 0
7476	134 0
7477	131 0
7478	153 0
7479	183 0
7480	166 0
7481	101 0
7482	98 0
7483	106 0
7484	99 0
7485	108 0
7486	69 0
7487	67 0
7488	84 0
7489	121 0
7490	98 0
7491	99 0
7492	74 0
7493	52 0
7494	75 0
7495	54 0
7496	69 0
7497	85 0
7498	88 0
7499	92 0
7500	129 0
7501	117 0
7502	102 0
7503	114 0
7504	163 0
7505	158 0
7506	155 0
7507	154 0
7508	154 0
7509	154 0
7510	155 0
7511	163 0
7512	47 0
7513	0 0
7514	7 0
7515	5 0
7516	2 0
7517	4 0
7518	21 0
7519	46 0
7520	61 0
7521	63 0
7522	59 0
7523	57 0
7524	57 0
7525	58 0
7526	58 0
7527	60 0
7528	97 0
7529	109 0
7530	97 0
7531	107 0
7532	115 0
7533	132 0
7534	153 0
7535	148 0
7536	80 0
7537	90 0
7538	112 0
7539	79 0
7540	76 0
7541	57 0
7542	58 0
7543	58 0
7544	60 0
7545	59 0
7546	55 0
7547	50 0
7548	57 0
7549	77 0
7550	117 0
7551	149 0
7552	145 0
7553	144 0
7554	144 0
7555	148 0
7556	147 0
7557	147 0
7558	148 0
7559	149 0
7560	150 0
7561	149 0
7562	147 0
7563	147 0
7564	151 0
7565	149 0
7566	145 0
7567	144 0
7568	144 0
7569	146 0
7570	145 0
7571	147 0
7572	148 0
7573	148 0
7574	148 0
7575	150 0
7576	151 0
7577	149 0
7578	152 0
7579	154 0
7580	155 0
7581	154 0
7582	154 0
7583	151 0
7584	146 0
7585	145 0
7586	143 0
7587	137 0
7588	133 0
7589	149 0
7590	148 0
7591	144 0
7592	138 0
7593	91 0
7594	42 0
7595	27 0
7596	106 0
7597	255 0
7598	229 0
7599	205 0
7600	199 0
7601	191 0
7602	169 0
7603	140 0
7604	129 0
7605	159 0
7606	151 0
7607	125 0
7608	102 0
7609	93 0
7610	86 0
7611	74 0
7612	70 0
7613	80 0
7614	83 0
7615	99 0
7616	89 0
7617	95 0
7618	75 0
7619	81 0
7620	50 0
7621	59 0
7622	68 0
7623	70 0
7624	59 0
7625	52 0
7626	77 0
7627	80 0
7628	93 0
7629	104 0
7630	97 0
7631	105 0
7632	158 0
7633	157 0
7634	157 0
7635	152 0
7636	149 0
7637	148 0
7638	149 0
7639	145 0
7640	25 0
7641	0 0
7642	5 0
7643	4 0
7644	5 0
7645	4 0
7646	2 0
7647	3 0
7648	18 0
7649	43 0
7650	59 0
7651	61 0
7652	56 0
7653	57 0
7654	46 0
7655	2 0
7656	29 0
7657	75 0
7658	98 0
7659	118 0
7660	114 0
7661	102 0
7662	115 0
7663	141 0
7664	138 0
7665	108 0
7666	74 0
7667	45 0
7668	62 0
7669	65 0
7670	69 0
7671	71 0
7672	76 0
7673	79 0
7674	83 0
7675	87 0
7676	89 0
7677	86 0
7678	83 0
7679	94 0
7680	146 0
7681	142 0
7682	140 0
7683	145 0
7684	146 0
7685	148 0
7686	152 0
7687	154 0
7688	156 0
7689	155 0
7690	153 0
7691	154 0
7692	154 0
7693	156 0
7694	155 0
7695	153 0
7696	155 0
7697	156 0
7698	154 0
7699	155 0
7700	150 0
7701	147 0
7702	141 0
7703	135 0
7704	127 0
7705	118 0
7706	109 0
7707	103 0
7708	94 0
7709	83 0
7710	76 0
7711	65 0
7712	58 0
7713	54 0
7714	49 0
7715	46 0
7716	41 0
7717	101 0
7718	144 0
7719	148 0
7720	140 0
7721	100 0
7722	47 0
7723	34 0
7724	65 0
7725	242 0
7726	244 0
7727	199 0
7728	180 0
7729	169 0
7730	152 0
7731	133 0
7732	141 0
7733	118 0
7734	116 0
7735	108 0
7736	90 0
7737	81 0
7738	93 0
7739	77 0
7740	67 0
7741	72 0
7742	74 0
7743	69 0
7744	64 0
7745	68 0
7746	63 0
7747	76 0
7748	75 0
7749	55 0
7750	52 0
7751	49 0
7752	51 0
7753	42 0
7754	56 0
7755	61 0
7756	72 0
7757	85 0
7758	70 0
7759	88 0
7760	146 0
7761	142 0
7762	128 0
7763	123 0
7764	118 0
7765	108 0
7766	109 0
7767	97 0
7768	9 0
7769	3 0
7770	5 0
7771	5 0
7772	4 0
7773	4 0
7774	5 0
7775	5 0
7776	0 0
7777	0 0
7778	15 0
7779	39 0
7780	55 0
7781	57 0
7782	37 0
7783	7 0
7784	1 0
7785	14 0
7786	35 0
7787	51 0
7788	111 0
7789	70 0
7790	50 0
7791	55 0
7792	52 0
7793	39 0
7794	42 0
7795	63 0
7796	83 0
7797	84 0
7798	85 0
7799	85 0
7800	85 0
7801	83 0
7802	84 0
7803	84 0
7804	84 0
7805	83 0
7806	68 0
7807	73 0
7808	145 0
7809	145 0
7810	152 0
7811	156 0
7812	155 0
7813	155 0
7814	156 0
7815	158 0
7816	158 0
7817	154 0
7818	146 0
7819	139 0
7820	130 0
7821	123 0
7822	113 0
7823	104 0
7824	93 0
7825	85 0
7826	77 0
7827	69 0
7828	58 0
7829	50 0
7830	44 0
7831	39 0
7832	36 0
7833	34 0
7834	34 0
7835	34 0
7836	35 0
7837	36 0
7838	38 0
7839	41 0
7840	42 0
7841	43 0
7842	44 0
7843	44 0
7844	43 0
7845	42 0
7846	123 0
7847	152 0
7848	141 0
7849	108 0
7850	50 0
7851	38 0
7852	38 0
7853	203 0
7854	253 0
7855	191 0
7856	168 0
7857	146 0
7858	131 0
7859	125 0
7860	119 0
7861	96 0
7862	95 0
7863	98 0
7864	91 0
7865	74 0
7866	74 0
7867	75 0
7868	75 0
7869	66 0
7870	63 0
7871	66 0
7872	56 0
7873	54 0
7874	55 0
7875	56 0
7876	48 0
7877	47 0
7878	43 0
7879	39 0
7880	47 0
7881	53 0
7882	63 0
7883	78 0
7884	93 0
7885	103 0
7886	105 0
7887	120 0
7888	137 0
7889	127 0
7890	117 0
7891	118 0
7892	116 0
7893	108 0
7894	102 0
7895	70 0
7896	0 0
7897	6 0
7898	5 0
7899	5 0
7900	4 0
7901	4 0
7902	3 0
7903	4 0
7904	4 0
7905	3 0
7906	0 0
7907	1 0
7908	14 0
7909	48 0
7910	59 0
7911	47 0
7912	44 0
7913	42 0
7914	38 0
7915	40 0
7916	57 0
7917	55 0
7918	59 0
7919	63 0
7920	68 0
7921	73 0
7922	78 0
7923	81 0
7924	82 0
7925	83 0
7926	85 0
7927	87 0
7928	89 0
7929	92 0
7930	95 0
7931	96 0
7932	96 0
7933	98 0
7934	96 0
7935	75 0
7936	145 0
7937	134 0
7938	116 0
7939	108 0
7940	99 0
7941	86 0
7942	76 0
7943	74 0
7944	65 0
7945	58 0
7946	50 0
7947	44 0
7948	38 0
7949	34 0
7950	31 0
7951	29 0
7952	29 0
7953	32 0
7954	35 0
7955	38 0
7956	41 0
7957	44 0
7958	47 0
7959	50 0
7960	53 0
7961	54 0
7962	54 0
7963	55 0
7964	56 0
7965	55 0
7966	54 0
7967	52 0
7968	51 0
7969	50 0
7970	50 0
7971	47 0
7972	46 0
7973	41 0
7974	84 0
7975	149 0
7976	137 0
7977	110 0
7978	53 0
7979	38 0
7980	24 0
7981	152 0
7982	251 0
7983	173 0
7984	150 0
7985	122 0
7986	109 0
7987	104 0
7988	95 0
7989	84 0
7990	79 0
7991	75 0
7992	70 0
7993	63 0
7994	56 0
7995	53 0
7996	52 0
7997	54 0
7998	50 0
7999	49 0
8000	49 0
8001	53 0
8002	55 0
8003	54 0
8004	57 0
8005	64 0
8006	71 0
8007	73 0
8008	72 0
8009	84 0
8010	111 0
8011	124 0
8012	126 0
8013	123 0
8014	111 0
8015	119 0
8016	137 0
8017	128 0
8018	116 0
8019	113 0
8020	115 0
8021	115 0
8022	120 0
8023	78 0
8024	18 0
8025	3 0
8026	1 0
8027	4 0
8028	4 0
8029	3 0
8030	3 0
8031	3 0
8032	3 0
8033	2 0
8034	3 0
8035	3 0
8036	5 0
8037	21 0
8038	46 0
8039	84 0
8040	79 0
8041	74 0
8042	76 0
8043	81 0
8044	82 0
8045	84 0
8046	86 0
8047	90 0
8048	92 0
8049	93 0
8050	95 0
8051	97 0
8052	98 0
8053	98 0
8054	98 0
8055	98 0
8056	97 0
8057	97 0
8058	97 0
8059	95 0
8060	94 0
8061	98 0
8062	85 0
8063	101 0
8064	150 0
8065	96 0
8066	27 0
8067	33 0
8068	31 0
8069	31 0
8070	33 0
8071	34 0
8072	35 0
8073	38 0
8074	41 0
8075	43 0
8076	45 0
8077	47 0
8078	49 0
8079	50 0
8080	52 0
8081	53 0
8082	53 0
8083	53 0
8084	54 0
8085	54 0
8086	54 0
8087	54 0
8088	55 0
8089	54 0
8090	54 0
8091	54 0
8092	54 0
8093	54 0
8094	52 0
8095	51 0
8096	50 0
8097	50 0
8098	49 0
8099	48 0
8100	47 0
8101	46 0
8102	38 0
8103	105 0
8104	144 0
8105	113 0
8106	57 0
8107	33 0
8108	16 0
8109	146 0
8110	214 0
8111	128 0
8112	117 0
8113	88 0
8114	81 0
8115	78 0
8116	71 0
8117	66 0
8118	57 0
8119	60 0
8120	54 0
8121	53 0
8122	53 0
8123	54 0
8124	56 0
8125	60 0
8126	62 0
8127	63 0
8128	67 0
8129	70 0
8130	70 0
8131	69 0
8132	70 0
8133	77 0
8134	79 0
8135	79 0
8136	80 0
8137	90 0
8138	113 0
8139	125 0
8140	118 0
8141	68 0
8142	54 0
8143	77 0
8144	91 0
8145	100 0
8146	114 0
8147	115 0
8148	101 0
8149	114 0
8150	115 0
8151	66 0
8152	34 0
8153	32 0
8154	11 0
8155	0 0
8156	1 0
8157	3 0
8158	2 0
8159	3 0
8160	2 0
8161	2 0
8162	3 0
8163	2 0
8164	11 0
8165	21 0
8166	42 0
8167	78 0
8168	76 0
8169	90 0
8170	92 0
8171	92 0
8172	93 0
8173	95 0
8174	95 0
8175	95 0
8176	94 0
8177	94 0
8178	95 0
8179	95 0
8180	94 0
8181	94 0
8182	93 0
8183	94 0
8184	94 0
8185	95 0
8186	96 0
8187	95 0
8188	94 0
8189	97 0
8190	76 0
8191	133 0
8192	126 0
8193	76 0
8194	38 0
8195	46 0
8196	46 0
8197	46 0
8198	46 0
8199	46 0
8200	47 0
8201	47 0
8202	48 0
8203	47 0
8204	49 0
8205	50 0
8206	50 0
8207	51 0
8208	52 0
8209	52 0
8210	52 0
8211	52 0
8212	53 0
8213	53 0
8214	53 0
8215	54 0
8216	55 0
8217	55 0
8218	55 0
8219	53 0
8220	52 0
8221	51 0
8222	50 0
8223	50 0
8224	50 0
8225	50 0
8226	49 0
8227	48 0
8228	47 0
8229	46 0
8230	44 0
8231	44 0
8232	121 0
8233	120 0
8234	66 0
8235	45 0
8236	38 0
8237	103 0
8238	112 0
8239	71 0
8240	68 0
8241	64 0
8242	78 0
8243	68 0
8244	61 0
8245	58 0
8246	57 0
8247	57 0
8248	59 0
8249	60 0
8250	64 0
8251	64 0
8252	64 0
8253	63 0
8254	64 0
8255	66 0
8256	67 0
8257	68 0
8258	69 0
8259	72 0
8260	76 0
8261	82 0
8262	83 0
8263	84 0
8264	86 0
8265	98 0
8266	112 0
8267	123 0
8268	105 0
8269	56 0
8270	74 0
8271	104 0
8272	113 0
8273	113 0
8274	112 0
8275	93 0
8276	106 0
8277	121 0
8278	111 0
8279	55 0
8280	28 0
8281	28 0
8282	34 0
8283	26 0
8284	7 0
8285	0 0
8286	1 0
8287	3 0
8288	2 0
8289	3 0
8290	3 0
8291	2 0
8292	15 0
8293	22 0
8294	55 0
8295	67 0
8296	83 0
8297	102 0
8298	98 0
8299	90 0
8300	92 0
8301	92 0
8302	93 0
8303	93 0
8304	93 0
8305	93 0
8306	94 0
8307	95 0
8308	94 0
8309	94 0
8310	96 0
8311	95 0
8312	95 0
8313	96 0
8314	95 0
8315	95 0
8316	96 0
8317	89 0
8318	86 0
8319	160 0
8320	115 0
8321	55 0
8322	43 0
8323	45 0
8324	46 0
8325	46 0
8326	46 0
8327	46 0
8328	46 0
8329	46 0
8330	46 0
8331	47 0
8332	47 0
8333	48 0
8334	50 0
8335	50 0
8336	49 0
8337	50 0
8338	51 0
8339	52 0
8340	51 0
8341	52 0
8342	53 0
8343	53 0
8344	52 0
8345	51 0
8346	51 0
8347	51 0
8348	50 0
8349	50 0
8350	50 0
8351	51 0
8352	52 0
8353	51 0
8354	51 0
8355	49 0
8356	48 0
8357	46 0
8358	46 0
8359	39 0
8360	62 0
8361	124 0
8362	94 0
8363	76 0
8364	68 0
8365	58 0
8366	53 0
8367	59 0
8368	61 0
8369	61 0
8370	59 0
8371	58 0
8372	59 0
8373	57 0
8374	59 0
8375	60 0
8376	61 0
8377	62 0
8378	65 0
8379	66 0
8380	66 0
8381	69 0
8382	71 0
8383	74 0
8384	78 0
8385	86 0
8386	86 0
8387	89 0
8388	87 0
8389	86 0
8390	87 0
8391	88 0
8392	91 0
8393	94 0
8394	94 0
8395	96 0
8396	88 0
8397	88 0
8398	101 0
8399	117 0
8400	109 0
8401	136 0
8402	131 0
8403	126 0
8404	126 0
8405	122 0
8406	114 0
8407	52 0
8408	32 0
8409	30 0
8410	24 0
8411	27 0
8412	35 0
8413	22 0
8414	2 0
8415	0 0
8416	3 0
8417	3 0
8418	3 0
8419	3 0
8420	18 0
8421	25 0
8422	60 0
8423	71 0
8424	91 0
8425	96 0
8426	93 0
8427	92 0
8428	94 0
8429	93 0
8430	94 0
8431	94 0
8432	94 0
8433	95 0
8434	95 0
8435	95 0
8436	94 0
8437	94 0
8438	94 0
8439	94 0
8440	95 0
8441	96 0
8442	95 0
8443	94 0
8444	99 0
8445	77 0
8446	112 0
8447	168 0
8448	123 0
8449	53 0
8450	43 0
8451	46 0
8452	45 0
8453	46 0
8454	46 0
8455	46 0
8456	45 0
8457	45 0
8458	45 0
8459	46 0
8460	46 0
8461	47 0
8462	48 0
8463	49 0
8464	49 0
8465	49 0
8466	51 0
8467	51 0
8468	50 0
8469	51 0
8470	52 0
8471	51 0
8472	50 0
8473	50 0
8474	50 0
8475	51 0
8476	50 0
8477	50 0
8478	52 0
8479	52 0
8480	52 0
8481	52 0
8482	51 0
8483	50 0
8484	49 0
8485	47 0
8486	46 0
8487	46 0
8488	34 0
8489	86 0
8490	104 0
8491	78 0
8492	74 0
8493	60 0
8494	51 0
8495	49 0
8496	46 0
8497	57 0
8498	62 0
8499	59 0
8500	63 0
8501	69 0
8502	77 0
8503	77 0
8504	73 0
8505	64 0
8506	61 0
8507	56 0
8508	58 0
8509	58 0
8510	59 0
8511	66 0
8512	66 0
8513	62 0
8514	62 0
8515	76 0
8516	78 0
8517	77 0
8518	80 0
8519	89 0
8520	96 0
8521	99 0
8522	100 0
8523	95 0
8524	94 0
8525	110 0
8526	105 0
8527	100 0
8528	96 0
8529	113 0
8530	119 0
8531	118 0
8532	113 0
8533	109 0
8534	108 0
8535	82 0
8536	47 0
8537	32 0
8538	30 0
8539	29 0
8540	25 0
8541	35 0
8542	37 0
8543	17 0
8544	0 0
8545	0 0
8546	3 0
8547	6 0
8548	21 0
8549	34 0
8550	64 0
8551	79 0
8552	97 0
8553	93 0
8554	94 0
8555	94 0
8556	94 0
8557	94 0
8558	95 0
8559	95 0
8560	94 0
8561	95 0
8562	96 0
8563	95 0
8564	93 0
8565	95 0
8566	93 0
8567	94 0
8568	94 0
8569	95 0
8570	94 0
8571	93 0
8572	95 0
8573	73 0
8574	144 0
8575	165 0
8576	130 0
8577	52 0
8578	44 0
8579	46 0
8580	45 0
8581	45 0
8582	45 0
8583	45 0
8584	45 0
8585	45 0
8586	46 0
8587	45 0
8588	47 0
8589	48 0
8590	48 0
8591	49 0
8592	50 0
8593	50 0
8594	49 0
8595	50 0
8596	50 0
8597	51 0
8598	51 0
8599	52 0
8600	52 0
8601	51 0
8602	51 0
8603	51 0
8604	50 0
8605	49 0
8606	49 0
8607	49 0
8608	47 0
8609	47 0
8610	47 0
8611	45 0
8612	46 0
8613	46 0
8614	45 0
8615	45 0
8616	43 0
8617	47 0
8618	96 0
8619	91 0
8620	71 0
8621	33 0
8622	32 0
8623	32 0
8624	44 0
8625	72 0
8626	82 0
8627	80 0
8628	76 0
8629	70 0
8630	56 0
8631	57 0
8632	45 0
8633	40 0
8634	51 0
8635	47 0
8636	38 0
8637	33 0
8638	42 0
8639	55 0
8640	53 0
8641	46 0
8642	47 0
8643	50 0
8644	45 0
8645	40 0
8646	40 0
8647	42 0
8648	41 0
8649	48 0
8650	58 0
8651	69 0
8652	103 0
8653	118 0
8654	114 0
8655	93 0
8656	96 0
8657	99 0
8658	96 0
8659	84 0
8660	97 0
8661	96 0
8662	89 0
8663	108 0
8664	94 0
8665	69 0
8666	43 0
8667	31 0
8668	33 0
8669	29 0
8670	31 0
8671	40 0
8672	36 0
8673	10 0
8674	0 0
8675	8 0
8676	19 0
8677	43 0
8678	66 0
8679	86 0
8680	95 0
8681	94 0
8682	94 0
8683	94 0
8684	95 0
8685	95 0
8686	96 0
8687	95 0
8688	96 0
8689	95 0
8690	95 0
8691	94 0
8692	93 0
8693	93 0
8694	94 0
8695	94 0
8696	94 0
8697	94 0
8698	93 0
8699	96 0
8700	84 0
8701	89 0
8702	164 0
8703	159 0
8704	117 0
8705	44 0
8706	45 0
8707	45 0
8708	45 0
8709	44 0
8710	45 0
8711	45 0
8712	45 0
8713	45 0
8714	45 0
8715	46 0
8716	47 0
8717	48 0
8718	49 0
8719	49 0
8720	50 0
8721	50 0
8722	50 0
8723	51 0
8724	51 0
8725	51 0
8726	51 0
8727	52 0
8728	51 0
8729	51 0
8730	51 0
8731	51 0
8732	51 0
8733	50 0
8734	51 0
8735	51 0
8736	52 0
8737	53 0
8738	54 0
8739	56 0
8740	59 0
8741	62 0
8742	65 0
8743	69 0
8744	73 0
8745	74 0
8746	83 0
8747	96 0
8748	86 0
8749	64 0
8750	61 0
8751	63 0
8752	80 0
8753	88 0
8754	74 0
8755	57 0
8756	57 0
8757	48 0
8758	40 0
8759	41 0
8760	48 0
8761	45 0
8762	42 0
8763	38 0
8764	34 0
8765	36 0
8766	44 0
8767	57 0
8768	60 0
8769	54 0
8770	52 0
8771	45 0
8772	49 0
8773	56 0
8774	64 0
8775	70 0
8776	74 0
8777	50 0
8778	32 0
8779	54 0
8780	80 0
8781	85 0
8782	93 0
8783	91 0
8784	99 0
8785	102 0
8786	97 0
8787	108 0
8788	97 0
8789	89 0
8790	103 0
8791	115 0
8792	109 0
8793	102 0
8794	94 0
8795	58 0
8796	39 0
8797	37 0
8798	35 0
8799	29 0
8800	39 0
8801	48 0
8802	30 0
8803	11 0
8804	13 0
8805	51 0
8806	68 0
8807	93 0
8808	93 0
8809	94 0
8810	94 0
8811	94 0
8812	95 0
8813	95 0
8814	96 0
8815	94 0
8816	94 0
8817	94 0
8818	94 0
8819	94 0
8820	93 0
8821	94 0
8822	94 0
8823	94 0
8824	94 0
8825	93 0
8826	94 0
8827	99 0
8828	72 0
8829	118 0
8830	166 0
8831	158 0
8832	97 0
8833	40 0
8834	45 0
8835	45 0
8836	46 0
8837	46 0
8838	46 0
8839	47 0
8840	47 0
8841	46 0
8842	45 0
8843	45 0
8844	46 0
8845	47 0
8846	48 0
8847	49 0
8848	49 0
8849	48 0
8850	48 0
8851	48 0
8852	48 0
8853	50 0
8854	51 0
8855	53 0
8856	54 0
8857	55 0
8858	59 0
8859	62 0
8860	65 0
8861	68 0
8862	72 0
8863	75 0
8864	78 0
8865	83 0
8866	87 0
8867	91 0
8868	93 0
8869	96 0
8870	97 0
8871	97 0
8872	99 0
8873	102 0
8874	90 0
8875	92 0
8876	104 0
8877	95 0
8878	93 0
8879	97 0
8880	79 0
8881	49 0
8882	34 0
8883	29 0
8884	33 0
8885	35 0
8886	40 0
8887	49 0
8888	67 0
8889	51 0
8890	36 0
8891	35 0
8892	33 0
8893	35 0
8894	40 0
8895	59 0
8896	56 0
8897	55 0
8898	55 0
8899	49 0
8900	46 0
8901	85 0
8902	85 0
8903	78 0
8904	73 0
8905	53 0
8906	51 0
8907	78 0
8908	76 0
8909	76 0
8910	80 0
8911	83 0
8912	89 0
8913	104 0
8914	116 0
8915	121 0
8916	99 0
8917	114 0
8918	115 0
8919	107 0
8920	108 0
8921	108 0
8922	113 0
8923	107 0
8924	82 0
8925	51 0
8926	35 0
8927	37 0
8928	36 0
8929	36 0
8930	50 0
8931	57 0
8932	35 0
8933	55 0
8934	71 0
8935	97 0
8936	93 0
8937	94 0
8938	94 0
8939	94 0
8940	95 0
8941	95 0
8942	95 0
8943	94 0
8944	94 0
8945	93 0
8946	94 0
8947	94 0
8948	93 0
8949	94 0
8950	94 0
8951	94 0
8952	93 0
8953	94 0
8954	94 0
8955	93 0
8956	73 0
8957	150 0
8958	162 0
8959	158 0
8960	81 0
8961	40 0
8962	46 0
8963	44 0
8964	45 0
8965	45 0
8966	45 0
8967	45 0
8968	45 0
8969	44 0
8970	44 0
8971	44 0
8972	45 0
8973	46 0
8974	48 0
8975	51 0
8976	53 0
8977	57 0
8978	61 0
8979	61 0
8980	62 0
8981	67 0
8982	74 0
8983	78 0
8984	83 0
8985	88 0
8986	93 0
8987	97 0
8988	101 0
8989	102 0
8990	103 0
8991	101 0
8992	98 0
8993	94 0
8994	90 0
8995	85 0
8996	80 0
8997	78 0
8998	76 0
8999	71 0
9000	59 0
9001	61 0
9002	78 0
9003	71 0
9004	98 0
9005	100 0
9006	100 0
9007	69 0
9008	32 0
9009	31 0
9010	35 0
9011	36 0
9012	34 0
9013	36 0
9014	33 0
9015	32 0
9016	36 0
9017	45 0
9018	43 0
9019	37 0
9020	44 0
9021	42 0
9022	33 0
9023	42 0
9024	41 0
9025	43 0
9026	46 0
9027	42 0
9028	38 0
9029	33 0
9030	39 0
9031	45 0
9032	38 0
9033	42 0
9034	72 0
9035	79 0
9036	76 0
9037	79 0
9038	83 0
9039	82 0
9040	81 0
9041	96 0
9042	95 0
9043	113 0
9044	115 0
9045	119 0
9046	111 0
9047	109 0
9048	109 0
9049	110 0
9050	109 0
9051	108 0
9052	109 0
9053	99 0
9054	69 0
9055	44 0
9056	38 0
9057	39 0
9058	40 0
9059	54 0
9060	71 0
9061	79 0
9062	83 0
9063	96 0
9064	93 0
9065	94 0
9066	94 0
9067	94 0
9068	94 0
9069	94 0
9070	93 0
9071	93 0
9072	93 0
9073	94 0
9074	94 0
9075	93 0
9076	94 0
9077	94 0
9078	95 0
9079	95 0
9080	94 0
9081	93 0
9082	97 0
9083	81 0
9084	94 0
9085	165 0
9086	156 0
9087	155 0
9088	62 0
9089	39 0
9090	43 0
9091	42 0
9092	43 0
9093	45 0
9094	45 0
9095	47 0
9096	49 0
9097	51 0
9098	52 0
9099	56 0
9100	60 0
9101	65 0
9102	70 0
9103	75 0
9104	80 0
9105	86 0
9106	91 0
9107	96 0
9108	99 0
9109	101 0
9110	101 0
9111	99 0
9112	97 0
9113	95 0
9114	90 0
9115	84 0
9116	81 0
9117	78 0
9118	74 0
9119	72 0
9120	73 0
9121	76 0
9122	77 0
9123	81 0
9124	84 0
9125	88 0
9126	91 0
9127	92 0
9128	94 0
9129	52 0
9130	63 0
9131	66 0
9132	70 0
9133	90 0
9134	58 0
9135	21 0
9136	32 0
9137	33 0
9138	36 0
9139	43 0
9140	42 0
9141	46 0
9142	41 0
9143	34 0
9144	41 0
9145	39 0
9146	31 0
9147	44 0
9148	68 0
9149	68 0
9150	59 0
9151	66 0
9152	74 0
9153	76 0
9154	73 0
9155	76 0
9156	79 0
9157	65 0
9158	54 0
9159	48 0
9160	46 0
9161	63 0
9162	77 0
9163	76 0
9164	75 0
9165	78 0
9166	79 0
9167	77 0
9168	97 0
9169	105 0
9170	78 0
9171	89 0
9172	111 0
9173	113 0
9174	112 0
9175	113 0
9176	112 0
9177	110 0
9178	110 0
9179	109 0
9180	109 0
9181	111 0
9182	109 0
9183	89 0
9184	60 0
9185	44 0
9186	49 0
9187	53 0
9188	68 0
9189	86 0
9190	97 0
9191	96 0
9192	94 0
9193	93 0
9194	94 0
9195	94 0
9196	93 0
9197	92 0
9198	91 0
9199	90 0
9200	90 0
9201	94 0
9202	94 0
9203	94 0
9204	94 0
9205	95 0
9206	94 0
9207	95 0
9208	94 0
9209	93 0
9210	98 0
9211	70 0
9212	126 0
9213	163 0
9214	156 0
9215	154 0
9216	56 0
9217	49 0
9218	52 0
9219	54 0
9220	61 0
9221	65 0
9222	68 0
9223	73 0
9224	77 0
9225	83 0
9226	88 0
9227	91 0
9228	92 0
9229	94 0
9230	95 0
9231	93 0
9232	90 0
9233	86 0
9234	82 0
9235	78 0
9236	74 0
9237	71 0
9238	70 0
9239	69 0
9240	70 0
9241	73 0
9242	77 0
9243	81 0
9244	86 0
9245	90 0
9246	93 0
9247	95 0
9248	96 0
9249	96 0
9250	95 0
9251	94 0
9252	92 0
9253	91 0
9254	90 0
9255	89 0
9256	96 0
9257	80 0
9258	54 0
9259	67 0
9260	58 0
9261	64 0
9262	29 0
9263	29 0
9264	35 0
9265	40 0
9266	46 0
9267	50 0
9268	44 0
9269	43 0
9270	38 0
9271	34 0
9272	49 0
9273	63 0
9274	53 0
9275	65 0
9276	88 0
9277	102 0
9278	91 0
9279	83 0
9280	75 0
9281	98 0
9282	75 0
9283	87 0
9284	117 0
9285	105 0
9286	88 0
9287	49 0
9288	58 0
9289	72 0
9290	72 0
9291	84 0
9292	101 0
9293	102 0
9294	109 0
9295	135 0
9296	133 0
9297	86 0
9298	80 0
9299	80 0
9300	90 0
9301	116 0
9302	119 0
9303	116 0
9304	114 0
9305	115 0
9306	114 0
9307	114 0
9308	114 0
9309	114 0
9310	113 0
9311	113 0
9312	104 0
9313	82 0
9314	61 0
9315	56 0
9316	78 0
9317	84 0
9318	99 0
9319	101 0
9320	99 0
9321	96 0
9322	94 0
9323	93 0
9324	92 0
9325	92 0
9326	91 0
9327	91 0
9328	91 0
9329	94 0
9330	94 0
9331	94 0
9332	94 0
9333	94 0
9334	94 0
9335	95 0
9336	94 0
9337	96 0
9338	92 0
9339	76 0
9340	150 0
9341	154 0
9342	154 0
9343	153 0
9344	78 0
9345	81 0
9346	83 0
9347	88 0
9348	90 0
9349	91 0
9350	89 0
9351	86 0
9352	83 0
9353	81 0
9354	75 0
9355	70 0
9356	68 0
9357	66 0
9358	65 0
9359	65 0
9360	66 0
9361	69 0
9362	73 0
9363	76 0
9364	81 0
9365	85 0
9366	89 0
9367	91 0
9368	92 0
9369	92 0
9370	92 0
9371	92 0
9372	91 0
9373	90 0
9374	90 0
9375	90 0
9376	90 0
9377	91 0
9378	91 0
9379	90 0
9380	90 0
9381	90 0
9382	90 0
9383	91 0
9384	93 0
9385	82 0
9386	55 0
9387	67 0
9388	45 0
9389	52 0
9390	35 0
9391	29 0
9392	34 0
9393	37 0
9394	37 0
9395	34 0
9396	39 0
9397	45 0
9398	41 0
9399	39 0
9400	43 0
9401	54 0
9402	57 0
9403	65 0
9404	98 0
9405	113 0
9406	119 0
9407	93 0
9408	59 0
9409	83 0
9410	78 0
9411	89 0
9412	107 0
9413	102 0
9414	95 0
9415	64 0
9416	77 0
9417	91 0
9418	109 0
9419	121 0
9420	125 0
9421	126 0
9422	129 0
9423	113 0
9424	74 0
9425	75 0
9426	81 0
9427	81 0
9428	77 0
9429	97 0
9430	123 0
9431	120 0
9432	119 0
9433	120 0
9434	119 0
9435	119 0
9436	119 0
9437	118 0
9438	119 0
9439	117 0
9440	118 0
9441	119 0
9442	108 0
9443	82 0
9444	89 0
9445	95 0
9446	104 0
9447	108 0
9448	114 0
9449	105 0
9450	86 0
9451	95 0
9452	92 0
9453	92 0
9454	91 0
9455	91 0
9456	92 0
9457	92 0
9458	92 0
9459	93 0
9460	94 0
9461	94 0
9462	94 0
9463	93 0
9464	93 0
9465	99 0
9466	77 0
9467	102 0
9468	163 0
9469	153 0
9470	155 0
9471	152 0
9472	87 0
9473	77 0
9474	75 0
9475	63 0
9476	57 0
9477	59 0
9478	60 0
9479	61 0
9480	64 0
9481	67 0
9482	72 0
9483	76 0
9484	81 0
9485	84 0
9486	86 0
9487	88 0
9488	88 0
9489	88 0
9490	87 0
9491	87 0
9492	86 0
9493	86 0
9494	86 0
9495	86 0
9496	86 0
9497	86 0
9498	87 0
9499	88 0
9500	89 0
9501	90 0
9502	90 0
9503	90 0
9504	91 0
9505	91 0
9506	91 0
9507	90 0
9508	90 0
9509	90 0
9510	90 0
9511	90 0
9512	92 0
9513	86 0
9514	51 0
9515	78 0
9516	34 0
9517	29 0
9518	52 0
9519	33 0
9520	39 0
9521	42 0
9522	42 0
9523	46 0
9524	50 0
9525	52 0
9526	52 0
9527	53 0
9528	48 0
9529	48 0
9530	49 0
9531	51 0
9532	64 0
9533	99 0
9534	86 0
9535	92 0
9536	81 0
9537	83 0
9538	93 0
9539	78 0
9540	87 0
9541	76 0
9542	82 0
9543	69 0
9544	86 0
9545	121 0
9546	120 0
9547	119 0
9548	108 0
9549	90 0
9550	81 0
9551	71 0
9552	79 0
9553	80 0
9554	80 0
9555	80 0
9556	80 0
9557	90 0
9558	118 0
9559	123 0
9560	120 0
9561	121 0
9562	120 0
9563	120 0
9564	120 0
9565	121 0
9566	120 0
9567	118 0
9568	114 0
9569	112 0
9570	112 0
9571	109 0
9572	104 0
9573	104 0
9574	107 0
9575	112 0
9576	112 0
9577	100 0
9578	82 0
9579	95 0
9580	92 0
9581	91 0
9582	91 0
9583	92 0
9584	91 0
9585	90 0
9586	92 0
9587	93 0
9588	93 0
9589	94 0
9590	94 0
9591	95 0
9592	94 0
9593	97 0
9594	69 0
9595	134 0
9596	160 0
9597	154 0
9598	150 0
9599	146 0
9600	81 0
9601	47 0
9602	42 0
9603	48 0
9604	75 0
9605	85 0
9606	89 0
9607	86 0
9608	85 0
9609	85 0
9610	85 0
9611	84 0
9612	84 0
9613	83 0
9614	83 0
9615	82 0
9616	83 0
9617	83 0
9618	84 0
9619	84 0
9620	85 0
9621	85 0
9622	86 0
9623	87 0
9624	87 0
9625	87 0
9626	87 0
9627	88 0
9628	89 0
9629	89 0
9630	90 0
9631	91 0
9632	90 0
9633	90 0
9634	90 0
9635	90 0
9636	90 0
9637	89 0
9638	89 0
9639	89 0
9640	90 0
9641	87 0
9642	48 0
9643	73 0
9644	51 0
9645	10 0
9646	38 0
9647	52 0
9648	44 0
9649	47 0
9650	45 0
9651	51 0
9652	51 0
9653	54 0
9654	53 0
9655	55 0
9656	55 0
9657	58 0
9658	60 0
9659	62 0
9660	62 0
9661	68 0
9662	70 0
9663	72 0
9664	74 0
9665	74 0
9666	74 0
9667	74 0
9668	71 0
9669	69 0
9670	69 0
9671	67 0
9672	80 0
9673	111 0
9674	96 0
9675	85 0
9676	84 0
9677	96 0
9678	80 0
9679	79 0
9680	77 0
9681	77 0
9682	77 0
9683	80 0
9684	82 0
9685	101 0
9686	118 0
9687	127 0
9688	120 0
9689	118 0
9690	116 0
9691	114 0
9692	112 0
9693	111 0
9694	109 0
9695	106 0
9696	104 0
9697	107 0
9698	108 0
9699	111 0
9700	113 0
9701	111 0
9702	111 0
9703	111 0
9704	112 0
9705	100 0
9706	83 0
9707	94 0
9708	92 0
9709	90 0
9710	91 0
9711	92 0
9712	90 0
9713	91 0
9714	91 0
9715	92 0
9716	93 0
9717	93 0
9718	93 0
9719	94 0
9720	96 0
9721	87 0
9722	80 0
9723	152 0
9724	150 0
9725	150 0
9726	148 0
9727	148 0
9728	102 0
9729	54 0
9730	38 0
9731	80 0
9732	80 0
9733	85 0
9734	89 0
9735	81 0
9736	78 0
9737	80 0
9738	80 0
9739	81 0
9740	82 0
9741	82 0
9742	82 0
9743	82 0
9744	83 0
9745	84 0
9746	85 0
9747	85 0
9748	85 0
9749	86 0
9750	86 0
9751	87 0
9752	87 0
9753	87 0
9754	87 0
9755	88 0
9756	88 0
9757	89 0
9758	89 0
9759	90 0
9760	89 0
9761	89 0
9762	90 0
9763	90 0
9764	90 0
9765	89 0
9766	88 0
9767	89 0
9768	88 0
9769	88 0
9770	52 0
9771	41 0
9772	54 0
9773	35 0
9774	6 0
9775	58 0
9776	57 0
9777	57 0
9778	61 0
9779	62 0
9780	64 0
9781	67 0
9782	68 0
9783	67 0
9784	69 0
9785	69 0
9786	70 0
9787	71 0
9788	73 0
9789	72 0
9790	69 0
9791	70 0
9792	71 0
9793	76 0
9794	78 0
9795	72 0
9796	71 0
9797	70 0
9798	71 0
9799	70 0
9800	68 0
9801	72 0
9802	85 0
9803	85 0
9804	79 0
9805	83 0
9806	83 0
9807	83 0
9808	85 0
9809	88 0
9810	90 0
9811	84 0
9812	86 0
9813	105 0
9814	105 0
9815	116 0
9816	111 0
9817	108 0
9818	104 0
9819	105 0
9820	108 0
9821	110 0
9822	112 0
9823	114 0
9824	118 0
9825	118 0
9826	118 0
9827	119 0
9828	123 0
9829	123 0
9830	121 0
9831	117 0
9832	117 0
9833	98 0
9834	81 0
9835	95 0
9836	91 0
9837	89 0
9838	90 0
9839	91 0
9840	90 0
9841	92 0
9842	92 0
9843	91 0
9844	92 0
9845	93 0
9846	94 0
9847	93 0
9848	99 0
9849	74 0
9850	108 0
9851	158 0
9852	146 0
9853	147 0
9854	149 0
9855	147 0
9856	111 0
9857	64 0
9858	38 0
9859	73 0
9860	79 0
9861	79 0
9862	83 0
9863	80 0
9864	81 0
9865	81 0
9866	81 0
9867	81 0
9868	81 0
9869	82 0
9870	83 0
9871	83 0
9872	84 0
9873	84 0
9874	85 0
9875	85 0
9876	86 0
9877	86 0
9878	86 0
9879	87 0
9880	86 0
9881	87 0
9882	88 0
9883	88 0
9884	88 0
9885	88 0
9886	88 0
9887	89 0
9888	89 0
9889	89 0
9890	89 0
9891	89 0
9892	89 0
9893	89 0
9894	88 0
9895	88 0
9896	87 0
9897	89 0
9898	51 0
9899	39 0
9900	18 0
9901	67 0
9902	19 0
9903	30 0
9904	80 0
9905	68 0
9906	71 0
9907	71 0
9908	70 0
9909	69 0
9910	68 0
9911	68 0
9912	68 0
9913	70 0
9914	72 0
9915	72 0
9916	71 0
9917	71 0
9918	70 0
9919	72 0
9920	76 0
9921	85 0
9922	94 0
9923	85 0
9924	78 0
9925	73 0
9926	71 0
9927	72 0
9928	74 0
9929	79 0
9930	83 0
9931	87 0
9932	89 0
9933	91 0
9934	85 0
9935	75 0
9936	68 0
9937	63 0
9938	54 0
9939	53 0
9940	99 0
9941	100 0
9942	105 0
9943	115 0
9944	112 0
9945	112 0
9946	111 0
9947	110 0
9948	112 0
9949	113 0
9950	112 0
9951	117 0
9952	125 0
9953	121 0
9954	123 0
9955	126 0
9956	127 0
9957	126 0
9958	119 0
9959	128 0
9960	126 0
9961	122 0
9962	96 0
9963	88 0
9964	90 0
9965	89 0
9966	91 0
9967	91 0
9968	90 0
9969	91 0
9970	91 0
9971	92 0
9972	93 0
9973	93 0
9974	93 0
9975	93 0
9976	96 0
9977	70 0
9978	134 0
9979	149 0
9980	146 0
9981	146 0
9982	145 0
9983	140 0
9984	114 0
9985	79 0
9986	40 0
9987	61 0
9988	83 0
9989	78 0
9990	80 0
9991	81 0
9992	81 0
9993	81 0
9994	81 0
9995	81 0
9996	82 0
9997	83 0
9998	83 0
9999	83 0
10000	83 0
10001	84 0
10002	84 0
10003	85 0
10004	85 0
10005	86 0
10006	86 0
10007	86 0
10008	87 0
10009	87 0
10010	87 0
10011	88 0
10012	88 0
10013	88 0
10014	88 0
10015	88 0
10016	88 0
10017	88 0
10018	88 0
10019	88 0
10020	88 0
10021	88 0
10022	88 0
10023	88 0
10024	86 0
10025	88 0
10026	50 0
10027	45 0
10028	0 0
10029	55 0
10030	57 0
10031	27 0
10032	67 0
10033	82 0
10034	67 0
10035	68 0
10036	70 0
10037	71 0
10038	71 0
10039	70 0
10040	71 0
10041	72 0
10042	71 0
10043	70 0
10044	69 0
10045	70 0
10046	71 0
10047	74 0
10048	77 0
10049	86 0
10050	99 0
10051	98 0
10052	85 0
10053	76 0
10054	70 0
10055	67 0
10056	62 0
10057	61 0
10058	57 0
10059	52 0
10060	56 0
10061	75 0
10062	86 0
10063	81 0
10064	64 0
10065	53 0
10066	69 0
10067	118 0
10068	124 0
10069	103 0
10070	120 0
10071	118 0
10072	118 0
10073	117 0
10074	117 0
10075	118 0
10076	116 0
10077	116 0
10078	117 0
10079	119 0
10080	123 0
10081	125 0
10082	125 0
10083	131 0
10084	133 0
10085	133 0
10086	130 0
10087	126 0
10088	123 0
10089	134 0
10090	125 0
10091	98 0
10092	89 0
10093	91 0
10094	92 0
10095	92 0
10096	91 0
10097	92 0
10098	92 0
10099	93 0
10100	94 0
10101	94 0
10102	93 0
10103	97 0
10104	85 0
10105	85 0
10106	152 0
10107	147 0
10108	144 0
10109	141 0
10110	138 0
10111	140 0
10112	112 0
10113	91 0
10114	47 0
10115	49 0
10116	83 0
10117	79 0
10118	80 0
10119	81 0
10120	81 0
10121	81 0
10122	80 0
10123	80 0
10124	81 0
10125	82 0
10126	82 0
10127	82 0
10128	82 0
10129	83 0
10130	84 0
10131	84 0
10132	85 0
10133	86 0
10134	86 0
10135	86 0
10136	86 0
10137	86 0
10138	87 0
10139	87 0
10140	87 0
10141	87 0
10142	88 0
10143	88 0
10144	88 0
10145	88 0
10146	87 0
10147	87 0
10148	87 0
10149	87 0
10150	86 0
10151	85 0
10152	83 0
10153	89 0
10154	52 0
10155	41 0
10156	0 0
10157	12 0
10158	80 0
10159	52 0
10160	50 0
10161	91 0
10162	94 0
10163	79 0
10164	72 0
10165	69 0
10166	70 0
10167	71 0
10168	72 0
10169	74 0
10170	73 0
10171	77 0
10172	81 0
10173	83 0
10174	85 0
10175	87 0
10176	82 0
10177	78 0
10178	85 0
10179	93 0
10180	75 0
10181	56 0
10182	48 0
10183	44 0
10184	42 0
10185	43 0
10186	44 0
10187	46 0
10188	51 0
10189	53 0
10190	62 0
10191	72 0
10192	91 0
10193	128 0
10194	152 0
10195	132 0
10196	109 0
10197	119 0
10198	120 0
10199	119 0
10200	121 0
10201	122 0
10202	121 0
10203	121 0
10204	124 0
10205	130 0
10206	129 0
10207	129 0
10208	127 0
10209	125 0
10210	121 0
10211	115 0
10212	103 0
10213	95 0
10214	84 0
10215	79 0
10216	95 0
10217	138 0
10218	146 0
10219	152 0
10220	116 0
10221	89 0
10222	93 0
10223	93 0
10224	92 0
10225	93 0
10226	92 0
10227	93 0
10228	93 0
10229	93 0
10230	93 0
10231	98 0
10232	73 0
10233	113 0
10234	155 0
10235	141 0
10236	140 0
10237	139 0
10238	137 0
10239	138 0
10240	106 0
10241	91 0
10242	58 0
10243	41 0
10244	76 0
10245	79 0
10246	79 0
10247	80 0
10248	80 0
10249	80 0
10250	80 0
10251	80 0
10252	80 0
10253	82 0
10254	82 0
10255	82 0
10256	82 0
10257	82 0
10258	83 0
10259	85 0
10260	85 0
10261	84 0
10262	85 0
10263	85 0
10264	86 0
10265	86 0
10266	86 0
10267	86 0
10268	86 0
10269	86 0
10270	87 0
10271	87 0
10272	87 0
10273	87 0
10274	87 0
10275	87 0
10276	86 0
10277	86 0
10278	85 0
10279	85 0
10280	83 0
10281	89 0
10282	53 0
10283	37 0
10284	2 0
10285	0 0
10286	54 0
10287	84 0
10288	60 0
10289	75 0
10290	112 0
10291	116 0
10292	110 0
10293	96 0
10294	86 0
10295	86 0
10296	84 0
10297	82 0
10298	79 0
10299	76 0
10300	69 0
10301	64 0
10302	57 0
10303	55 0
10304	56 0
10305	64 0
10306	89 0
10307	123 0
10308	116 0
10309	83 0
10310	64 0
10311	56 0
10312	50 0
10313	51 0
10314	51 0
10315	49 0
10316	51 0
10317	62 0
10318	83 0
10319	117 0
10320	165 0
10321	188 0
10322	128 0
10323	113 0
10324	124 0
10325	126 0
10326	130 0
10327	135 0
10328	137 0
10329	132 0
10330	130 0
10331	126 0
10332	118 0
10333	104 0
10334	102 0
10335	94 0
10336	94 0
10337	97 0
10338	106 0
10339	112 0
10340	115 0
10341	128 0
10342	139 0
10343	147 0
10344	150 0
10345	145 0
10346	141 0
10347	144 0
10348	113 0
10349	90 0
10350	94 0
10351	93 0
10352	92 0
10353	93 0
10354	93 0
10355	94 0
10356	94 0
10357	93 0
10358	94 0
10359	92 0
10360	74 0
10361	133 0
10362	141 0
10363	136 0
10364	132 0
10365	132 0
10366	133 0
10367	134 0
10368	107 0
10369	103 0
10370	73 0
10371	38 0
10372	66 0
10373	81 0
10374	78 0
10375	79 0
10376	80 0
10377	80 0
10378	80 0
10379	79 0
10380	80 0
10381	81 0
10382	81 0
10383	82 0
10384	82 0
10385	82 0
10386	83 0
10387	84 0
10388	84 0
10389	84 0
10390	85 0
10391	85 0
10392	86 0
10393	86 0
10394	85 0
10395	86 0
10396	86 0
10397	86 0
10398	86 0
10399	86 0
10400	86 0
10401	85 0
10402	85 0
10403	85 0
10404	85 0
10405	85 0
10406	84 0
10407	84 0
10408	83 0
10409	88 0
10410	55 0
10411	35 0
10412	4 0
10413	0 0
10414	18 0
10415	90 0
10416	74 0
10417	76 0
10418	95 0
10419	121 0
10420	122 0
10421	116 0
10422	113 0
10423	112 0
10424	96 0
10425	76 0
10426	63 0
10427	59 0
10428	55 0
10429	52 0
10430	51 0
10431	54 0
10432	60 0
10433	71 0
10434	96 0
10435	121 0
10436	118 0
10437	87 0
10438	69 0
10439	64 0
10440	64 0
10441	69 0
10442	78 0
10443	93 0
10444	112 0
10445	133 0
10446	149 0
10447	153 0
10448	139 0
10449	125 0
10450	129 0
10451	133 0
10452	127 0
10453	126 0
10454	115 0
10455	101 0
10456	88 0
10457	93 0
10458	99 0
10459	93 0
10460	99 0
10461	105 0
10462	120 0
10463	128 0
10464	139 0
10465	144 0
10466	147 0
10467	147 0
10468	147 0
10469	146 0
10470	142 0
10471	139 0
10472	138 0
10473	137 0
10474	134 0
10475	135 0
10476	101 0
10477	92 0
10478	94 0
10479	93 0
10480	93 0
10481	94 0
10482	94 0
10483	94 0
10484	93 0
10485	93 0
10486	96 0
10487	83 0
10488	90 0
10489	138 0
10490	134 0
10491	142 0
10492	145 0
10493	145 0
10494	142 0
10495	133 0
10496	160 0
10497	163 0
10498	117 0
10499	40 0
10500	51 0
10501	82 0
10502	77 0
10503	79 0
10504	80 0
10505	79 0
10506	79 0
10507	78 0
10508	79 0
10509	81 0
10510	81 0
10511	81 0
10512	82 0
10513	82 0
10514	83 0
10515	83 0
10516	83 0
10517	83 0
10518	84 0
10519	85 0
10520	85 0
10521	85 0
10522	85 0
10523	85 0
10524	85 0
10525	85 0
10526	85 0
10527	85 0
10528	85 0
10529	84 0
10530	85 0
10531	84 0
10532	85 0
10533	84 0
10534	84 0
10535	83 0
10536	81 0
10537	86 0
10538	57 0
10539	33 0
10540	4 0
10541	0 0
10542	9 0
10543	63 0
10544	94 0
10545	71 0
10546	85 0
10547	118 0
10548	119 0
10549	111 0
10550	110 0
10551	117 0
10552	125 0
10553	127 0
10554	130 0
10555	130 0
10556	129 0
10557	128 0
10558	129 0
10559	136 0
10560	145 0
10561	153 0
10562	167 0
10563	186 0
10564	193 0
10565	187 0
10566	175 0
10567	170 0
10568	164 0
10569	159 0
10570	157 0
10571	155 0
10572	150 0
10573	139 0
10574	131 0
10575	122 0
10576	115 0
10577	112 0
10578	95 0
10579	85 0
10580	94 0
10581	85 0
10582	91 0
10583	97 0
10584	112 0
10585	132 0
10586	142 0
10587	147 0
10588	150 0
10589	150 0
10590	148 0
10591	146 0
10592	144 0
10593	144 0
10594	143 0
10595	143 0
10596	138 0
10597	131 0
10598	129 0
10599	124 0
10600	116 0
10601	109 0
10602	102 0
10603	97 0
10604	94 0
10605	95 0
10606	94 0
10607	94 0
10608	94 0
10609	95 0
10610	94 0
10611	94 0
10612	94 0
10613	93 0
10614	97 0
10615	76 0
10616	107 0
10617	122 0
10618	125 0
10619	133 0
10620	136 0
10621	113 0
10622	117 0
10623	114 0
10624	162 0
10625	154 0
10626	130 0
10627	54 0
10628	38 0
10629	77 0
10630	78 0
10631	79 0
10632	79 0
10633	79 0
10634	79 0
10635	78 0
10636	80 0
10637	81 0
10638	81 0
10639	81 0
10640	82 0
10641	82 0
10642	82 0
10643	83 0
10644	84 0
10645	84 0
10646	84 0
10647	84 0
10648	84 0
10649	84 0
10650	86 0
10651	85 0
10652	85 0
10653	85 0
10654	83 0
10655	84 0
10656	84 0
10657	84 0
10658	84 0
10659	84 0
10660	84 0
10661	83 0
10662	82 0
10663	82 0
10664	79 0
10665	84 0
10666	59 0
10667	32 0
10668	4 0
10669	0 0
10670	7 0
10671	34 0
10672	93 0
10673	84 0
10674	83 0
10675	116 0
10676	124 0
10677	121 0
10678	118 0
10679	119 0
10680	121 0
10681	121 0
10682	124 0
10683	128 0
10684	133 0
10685	139 0
10686	147 0
10687	159 0
10688	176 0
10689	195 0
10690	212 0
10691	227 0
10692	229 0
10693	219 0
10694	194 0
10695	164 0
10696	142 0
10697	126 0
10698	113 0
10699	100 0
10700	86 0
10701	69 0
10702	88 0
10703	99 0
10704	81 0
10705	101 0
10706	114 0
10707	133 0
10708	145 0
10709	149 0
10710	155 0
10711	155 0
10712	152 0
10713	146 0
10714	143 0
10715	143 0
10716	145 0
10717	146 0
10718	144 0
10719	138 0
10720	127 0
10721	112 0
10722	94 0
10723	75 0
10724	53 0
10725	61 0
10726	97 0
10727	91 0
10728	90 0
10729	90 0
10730	92 0
10731	94 0
10732	95 0
10733	95 0
10734	95 0
10735	95 0
10736	95 0
10737	95 0
10738	94 0
10739	95 0
10740	95 0
10741	95 0
10742	94 0
10743	74 0
10744	96 0
10745	123 0
10746	152 0
10747	170 0
10748	170 0
10749	150 0
10750	176 0
10751	182 0
10752	160 0
10753	148 0
10754	136 0
10755	75 0
10756	33 0
10757	67 0
10758	80 0
10759	78 0
10760	78 0
10761	78 0
10762	80 0
10763	78 0
10764	78 0
10765	80 0
10766	81 0
10767	81 0
10768	82 0
10769	82 0
10770	82 0
10771	83 0
10772	83 0
10773	83 0
10774	84 0
10775	84 0
10776	83 0
10777	83 0
10778	83 0
10779	84 0
10780	83 0
10781	84 0
10782	84 0
10783	83 0
10784	84 0
10785	84 0
10786	82 0
10787	83 0
10788	83 0
10789	82 0
10790	81 0
10791	80 0
10792	79 0
10793	82 0
10794	62 0
10795	33 0
10796	6 0
10797	0 0
10798	0 0
10799	22 0
10800	63 0
10801	103 0
10802	85 0
10803	117 0
10804	128 0
10805	125 0
10806	124 0
10807	125 0
10808	124 0
10809	123 0
10810	123 0
10811	125 0
10812	126 0
10813	126 0
10814	127 0
10815	132 0
10816	134 0
10817	134 0
10818	132 0
10819	127 0
10820	116 0
10821	101 0
10822	91 0
10823	100 0
10824	94 0
10825	105 0
10826	112 0
10827	117 0
10828	125 0
10829	135 0
10830	145 0
10831	154 0
10832	155 0
10833	155 0
10834	152 0
10835	147 0
10836	144 0
10837	144 0
10838	144 0
10839	144 0
10840	144 0
10841	140 0
10842	132 0
10843	119 0
10844	102 0
10845	82 0
10846	61 0
10847	43 0
10848	28 0
10849	21 0
10850	20 0
10851	29 0
10852	22 0
10853	65 0
10854	99 0
10855	94 0
10856	95 0
10857	94 0
10858	95 0
10859	96 0
10860	96 0
10861	97 0
10862	97 0
10863	97 0
10864	97 0
10865	97 0
10866	97 0
10867	97 0
10868	95 0
10869	98 0
10870	90 0
10871	71 0
10872	139 0
10873	182 0
10874	186 0
10875	188 0
10876	189 0
10877	189 0
10878	181 0
10879	179 0
10880	133 0
10881	131 0
10882	133 0
10883	89 0
10884	40 0
10885	53 0
10886	82 0
10887	76 0
10888	77 0
10889	77 0
10890	78 0
10891	78 0
10892	78 0
10893	79 0
10894	80 0
10895	80 0
10896	80 0
10897	81 0
10898	81 0
10899	82 0
10900	82 0
10901	83 0
10902	83 0
10903	83 0
10904	83 0
10905	82 0
10906	83 0
10907	83 0
10908	83 0
10909	84 0
10910	83 0
10911	83 0
10912	83 0
10913	83 0
10914	82 0
10915	82 0
10916	81 0
10917	81 0
10918	80 0
10919	80 0
10920	78 0
10921	81 0
10922	64 0
10923	35 0
10924	8 0
10925	0 0
10926	1 0
10927	7 0
10928	41 0
10929	91 0
10930	99 0
10931	111 0
10932	131 0
10933	128 0
10934	129 0
10935	131 0
10936	135 0
10937	138 0
10938	143 0
10939	144 0
10940	140 0
10941	136 0
10942	132 0
10943	122 0
10944	114 0
10945	98 0
10946	94 0
10947	84 0
10948	84 0
10949	95 0
10950	109 0
10951	144 0
10952	156 0
10953	158 0
10954	159 0
10955	157 0
10956	152 0
10957	148 0
10958	145 0
10959	143 0
10960	145 0
10961	146 0
10962	147 0
10963	146 0
10964	138 0
10965	126 0
10966	109 0
10967	90 0
10968	68 0
10969	48 0
10970	35 0
10971	21 0
10972	20 0
10973	17 0
10974	15 0
10975	26 0
10976	27 0
10977	29 0
10978	17 0
10979	18 0
10980	32 0
10981	82 0
10982	99 0
10983	95 0
10984	96 0
10985	97 0
10986	97 0
10987	98 0
10988	98 0
10989	100 0
10990	101 0
10991	101 0
10992	103 0
10993	101 0
10994	102 0
10995	102 0
10996	99 0
10997	100 0
10998	86 0
10999	81 0
11000	167 0
11001	195 0
11002	184 0
11003	183 0
11004	182 0
11005	177 0
11006	172 0
11007	167 0
11008	105 0
11009	124 0
11010	127 0
11011	100 0
11012	51 0
11013	41 0
11014	79 0
11015	76 0
11016	77 0
11017	77 0
11018	77 0
11019	77 0
11020	77 0
11021	77 0
11022	79 0
11023	79 0
11024	80 0
11025	80 0
11026	80 0
11027	81 0
11028	82 0
11029	82 0
11030	82 0
11031	82 0
11032	81 0
11033	82 0
11034	82 0
11035	82 0
11036	82 0
11037	82 0
11038	83 0
11039	83 0
11040	82 0
11041	82 0
11042	82 0
11043	81 0
11044	80 0
11045	80 0
11046	80 0
11047	80 0
11048	79 0
11049	80 0
11050	68 0
11051	37 0
11052	10 0
11053	0 0
11054	2 0
11055	0 0
11056	24 0
11057	67 0
11058	123 0
11059	151 0
11060	142 0
11061	143 0
11062	144 0
11063	144 0
11064	136 0
11065	128 0
11066	106 0
11067	93 0
11068	103 0
11069	101 0
11070	101 0
11071	104 0
11072	118 0
11073	128 0
11074	142 0
11075	153 0
11076	160 0
11077	161 0
11078	159 0
11079	150 0
11080	145 0
11081	144 0
11082	143 0
11083	145 0
11084	145 0
11085	146 0
11086	144 0
11087	136 0
11088	118 0
11089	99 0
11090	81 0
11091	60 0
11092	47 0
11093	31 0
11094	25 0
11095	23 0
11096	20 0
11097	21 0
11098	29 0
11099	24 0
11100	30 0
11101	31 0
11102	25 0
11103	28 0
11104	23 0
11105	26 0
11106	42 0
11107	32 0
11108	35 0
11109	94 0
11110	99 0
11111	98 0
11112	99 0
11113	100 0
11114	102 0
11115	102 0
11116	103 0
11117	104 0
11118	105 0
11119	106 0
11120	106 0
11121	106 0
11122	106 0
11123	107 0
11124	107 0
11125	104 0
11126	75 0
11127	71 0
11128	141 0
11129	183 0
11130	175 0
11131	169 0
11132	169 0
11133	170 0
11134	164 0
11135	164 0
11136	169 0
11137	162 0
11138	167 0
11139	122 0
11140	49 0
11141	36 0
11142	69 0
11143	76 0
11144	77 0
11145	77 0
11146	77 0
11147	77 0
11148	77 0
11149	77 0
11150	77 0
11151	78 0
11152	79 0
11153	80 0
11154	79 0
11155	79 0
11156	81 0
11157	81 0
11158	81 0
11159	81 0
11160	81 0
11161	82 0
11162	82 0
11163	82 0
11164	82 0
11165	81 0
11166	82 0
11167	81 0
11168	81 0
11169	81 0
11170	81 0
11171	80 0
11172	80 0
11173	80 0
11174	80 0
11175	80 0
11176	79 0
11177	80 0
11178	70 0
11179	37 0
11180	12 0
11181	0 0
11182	1 0
11183	3 0
11184	5 0
11185	51 0
11186	109 0
11187	152 0
11188	139 0
11189	143 0
11190	140 0
11191	84 0
11192	86 0
11193	109 0
11194	115 0
11195	132 0
11196	147 0
11197	155 0
11198	159 0
11199	161 0
11200	157 0
11201	153 0
11202	148 0
11203	145 0
11204	143 0
11205	145 0
11206	148 0
11207	150 0
11208	148 0
11209	142 0
11210	130 0
11211	112 0
11212	93 0
11213	72 0
11214	47 0
11215	28 0
11216	17 0
11217	20 0
11218	24 0
11219	25 0
11220	27 0
11221	25 0
11222	27 0
11223	32 0
11224	25 0
11225	25 0
11226	25 0
11227	23 0
11228	23 0
11229	23 0
11230	22 0
11231	23 0
11232	26 0
11233	29 0
11234	54 0
11235	51 0
11236	61 0
11237	104 0
11238	102 0
11239	103 0
11240	103 0
11241	105 0
11242	106 0
11243	106 0
11244	106 0
11245	107 0
11246	109 0
11247	110 0
11248	110 0
11249	111 0
11250	111 0
11251	108 0
11252	107 0
11253	90 0
11254	132 0
11255	123 0
11256	46 0
11257	117 0
11258	176 0
11259	167 0
11260	168 0
11261	165 0
11262	164 0
11263	164 0
11264	191 0
11265	175 0
11266	179 0
11267	122 0
11268	45 0
11269	40 0
11270	56 0
11271	78 0
11272	74 0
11273	75 0
11274	76 0
11275	76 0
11276	76 0
11277	76 0
11278	77 0
11279	77 0
11280	78 0
11281	78 0
11282	78 0
11283	78 0
11284	79 0
11285	80 0
11286	81 0
11287	81 0
11288	82 0
11289	82 0
11290	82 0
11291	81 0
11292	81 0
11293	81 0
11294	81 0
11295	81 0
11296	81 0
11297	81 0
11298	81 0
11299	81 0
11300	80 0
11301	80 0
11302	79 0
11303	79 0
11304	79 0
11305	79 0
11306	72 0
11307	40 0
11308	15 0
11309	0 0
11310	1 0
11311	9 0
11312	1 0
11313	26 0
11314	85 0
11315	140 0
11316	161 0
11317	164 0
11318	166 0
11319	159 0
11320	163 0
11321	163 0
11322	160 0
11323	153 0
11324	144 0
11325	141 0
11326	140 0
11327	141 0
11328	144 0
11329	147 0
11330	148 0
11331	144 0
11332	134 0
11333	119 0
11334	101 0
11335	81 0
11336	60 0
11337	40 0
11338	23 0
11339	12 0
11340	6 0
11341	5 0
11342	10 0
11343	18 0
11344	21 0
11345	27 0
11346	26 0
11347	27 0
11348	22 0
11349	21 0
11350	23 0
11351	23 0
11352	23 0
11353	25 0
11354	25 0
11355	25 0
11356	25 0
11357	25 0
11358	31 0
11359	29 0
11360	24 0
11361	13 0
11362	2 0
11363	30 0
11364	101 0
11365	106 0
11366	105 0
11367	106 0
11368	106 0
11369	107 0
11370	109 0
11371	110 0
11372	111 0
11373	111 0
11374	109 0
11375	105 0
11376	101 0
11377	100 0
11378	102 0
11379	110 0
11380	129 0
11381	145 0
11382	207 0
11383	225 0
11384	134 0
11385	74 0
11386	159 0
11387	166 0
11388	159 0
11389	163 0
11390	161 0
11391	159 0
11392	152 0
11393	148 0
11394	145 0
11395	124 0
11396	53 0
11397	44 0
11398	43 0
11399	77 0
11400	73 0
11401	75 0
11402	75 0
11403	75 0
11404	76 0
11405	75 0
11406	76 0
11407	76 0
11408	76 0
11409	76 0
11410	77 0
11411	78 0
11412	79 0
11413	80 0
11414	80 0
11415	81 0
11416	81 0
11417	81 0
11418	81 0
11419	81 0
11420	81 0
11421	81 0
11422	81 0
11423	81 0
11424	80 0
11425	80 0
11426	81 0
11427	81 0
11428	81 0
11429	80 0
11430	80 0
11431	78 0
11432	78 0
11433	77 0
11434	74 0
11435	42 0
11436	17 0
11437	0 0
11438	1 0
11439	8 0
11440	9 0
11441	7 0
11442	64 0
11443	126 0
11444	157 0
11445	146 0
11446	141 0
11447	138 0
11448	135 0
11449	135 0
11450	138 0
11451	141 0
11452	144 0
11453	141 0
11454	134 0
11455	123 0
11456	107 0
11457	86 0
11458	63 0
11459	43 0
11460	26 0
11461	17 0
11462	14 0
11463	12 0
11464	10 0
11465	10 0
11466	9 0
11467	13 0
11468	20 0
11469	31 0
11470	37 0
11471	36 0
11472	23 0
11473	26 0
11474	26 0
11475	27 0
11476	26 0
11477	23 0
11478	29 0
11479	28 0
11480	23 0
11481	24 0
11482	19 0
11483	13 0
11484	9 0
11485	6 0
11486	5 0
11487	2 0
11488	3 0
11489	8 0
11490	16 0
11491	16 0
11492	81 0
11493	112 0
11494	108 0
11495	110 0
11496	110 0
11497	108 0
11498	106 0
11499	101 0
11500	99 0
11501	101 0
11502	110 0
11503	124 0
11504	145 0
11505	169 0
11506	191 0
11507	211 0
11508	224 0
11509	232 0
11510	228 0
11511	220 0
11512	230 0
11513	201 0
11514	170 0
11515	155 0
11516	156 0
11517	158 0
11518	161 0
11519	158 0
11520	148 0
11521	148 0
11522	147 0
11523	140 0
11524	69 0
11525	46 0
11526	37 0
11527	71 0
11528	74 0
11529	74 0
11530	74 0
11531	75 0
11532	75 0
11533	74 0
11534	74 0
11535	75 0
11536	75 0
11537	76 0
11538	77 0
11539	77 0
11540	78 0
11541	79 0
11542	79 0
11543	80 0
11544	80 0
11545	80 0
11546	81 0
11547	81 0
11548	81 0
11549	81 0
11550	81 0
11551	82 0
11552	81 0
11553	81 0
11554	81 0
11555	81 0
11556	81 0
11557	80 0
11558	80 0
11559	79 0
11560	78 0
11561	78 0
11562	76 0
11563	45 0
11564	20 0
11565	0 0
11566	3 0
11567	7 0
11568	20 0
11569	20 0
11570	39 0
11571	115 0
11572	141 0
11573	141 0
11574	142 0
11575	140 0
11576	133 0
11577	121 0
11578	105 0
11579	86 0
11580	70 0
11581	48 0
11582	32 0
11583	21 0
11584	12 0
11585	7 0
11586	6 0
11587	8 0
11588	10 0
11589	18 0
11590	25 0
11591	18 0
11592	17 0
11593	23 0
11594	26 0
11595	33 0
11596	37 0
11597	36 0
11598	33 0
11599	31 0
11600	24 0
11601	26 0
11602	26 0
11603	25 0
11604	21 0
11605	18 0
11606	14 0
11607	9 0
11608	4 0
11609	1 0
11610	1 0
11611	3 0
11612	4 0
11613	7 0
11614	16 0
11615	29 0
11616	31 0
11617	31 0
11618	30 0
11619	37 0
11620	101 0
11621	106 0
11622	100 0
11623	97 0
11624	98 0
11625	107 0
11626	121 0
11627	143 0
11628	167 0
11629	191 0
11630	211 0
11631	225 0
11632	232 0
11633	234 0
11634	232 0
11635	228 0
11636	225 0
11637	224 0
11638	226 0
11639	229 0
11640	222 0
11641	221 0
11642	222 0
11643	204 0
11644	171 0
11645	162 0
11646	159 0
11647	151 0
11648	145 0
11649	146 0
11650	146 0
11651	144 0
11652	94 0
11653	46 0
11654	37 0
11655	60 0
11656	75 0
11657	73 0
11658	73 0
11659	73 0
11660	74 0
11661	74 0
11662	74 0
11663	74 0
11664	75 0
11665	75 0
11666	76 0
11667	77 0
11668	77 0
11669	78 0
11670	78 0
11671	79 0
11672	80 0
11673	80 0
11674	80 0
11675	81 0
11676	81 0
11677	81 0
11678	81 0
11679	82 0
11680	81 0
11681	81 0
11682	82 0
11683	81 0
11684	81 0
11685	80 0
11686	80 0
11687	79 0
11688	79 0
11689	78 0
11690	78 0
11691	48 0
11692	24 0
11693	0 0
11694	2 0
11695	8 0
11696	17 0
11697	24 0
11698	17 0
11699	95 0
11700	123 0
11701	97 0
11702	76 0
11703	56 0
11704	39 0
11705	27 0
11706	20 0
11707	16 0
11708	18 0
11709	11 0
11710	11 0
11711	18 0
11712	21 0
11713	23 0
11714	22 0
11715	23 0
11716	24 0
11717	23 0
11718	24 0
11719	31 0
11720	35 0
11721	31 0
11722	32 0
11723	35 0
11724	39 0
11725	47 0
11726	53 0
11727	46 0
11728	17 0
11729	14 0
11730	7 0
11731	3 0
11732	0 0
11733	0 0
11734	3 0
11735	8 0
11736	14 0
11737	19 0
11738	21 0
11739	18 0
11740	27 0
11741	12 0
11742	9 0
11743	18 0
11744	25 0
11745	30 0
11746	27 0
11747	45 0
11748	106 0
11749	118 0
11750	140 0
11751	164 0
11752	188 0
11753	210 0
11754	225 0
11755	233 0
11756	235 0
11757	233 0
11758	230 0
11759	227 0
11760	225 0
11761	224 0
11762	224 0
11763	225 0
11764	225 0
11765	226 0
11766	227 0
11767	227 0
11768	228 0
11769	227 0
11770	219 0
11771	219 0
11772	220 0
11773	184 0
11774	150 0
11775	144 0
11776	157 0
11777	151 0
11778	143 0
11779	144 0
11780	118 0
11781	51 0
11782	41 0
11783	47 0
11784	76 0
11785	71 0
11786	73 0
11787	72 0
11788	73 0
11789	74 0
11790	73 0
11791	74 0
11792	75 0
11793	75 0
11794	76 0
11795	76 0
11796	77 0
11797	78 0
11798	78 0
11799	79 0
11800	79 0
11801	79 0
11802	80 0
11803	81 0
11804	81 0
11805	81 0
11806	82 0
11807	81 0
11808	82 0
11809	82 0
11810	82 0
11811	81 0
11812	82 0
11813	81 0
11814	81 0
11815	80 0
11816	79 0
11817	76 0
11818	80 0
11819	51 0
11820	27 0
11821	0 0
11822	2 0
11823	9 0
11824	18 0
11825	24 0
11826	22 0
11827	26 0
11828	22 0
11829	15 0
11830	15 0
11831	17 0
11832	22 0
11833	25 0
11834	26 0
11835	27 0
11836	29 0
11837	13 0
11838	22 0
11839	31 0
11840	27 0
11841	26 0
11842	25 0
11843	26 0
11844	26 0
11845	26 0
11846	31 0
11847	47 0
11848	44 0
11849	41 0
11850	47 0
11851	52 0
11852	48 0
11853	35 0
11854	19 0
11855	6 0
11856	0 0
11857	2 0
11858	7 0
11859	14 0
11860	22 0
11861	26 0
11862	30 0
11863	31 0
11864	32 0
11865	30 0
11866	15 0
11867	2 0
11868	14 0
11869	9 0
11870	4 0
11871	0 0
11872	0 0
11873	24 0
11874	25 0
11875	112 0
11876	217 0
11877	220 0
11878	232 0
11879	235 0
11880	234 0
11881	230 0
11882	227 0
11883	225 0
11884	225 0
11885	226 0
11886	226 0
11887	227 0
11888	226 0
11889	226 0
11890	226 0
11891	226 0
11892	226 0
11893	227 0
11894	227 0
11895	227 0
11896	229 0
11897	229 0
11898	230 0
11899	215 0
11900	218 0
11901	191 0
11902	161 0
11903	157 0
11904	166 0
11905	155 0
11906	139 0
11907	138 0
11908	125 0
11909	53 0
11910	44 0
11911	38 0
11912	72 0
11913	70 0
11914	72 0
11915	72 0
11916	72 0
11917	73 0
11918	73 0
11919	73 0
11920	74 0
11921	74 0
11922	75 0
11923	75 0
11924	76 0
11925	77 0
11926	78 0
11927	78 0
11928	79 0
11929	79 0
11930	80 0
11931	81 0
11932	81 0
11933	82 0
11934	82 0
11935	82 0
11936	82 0
11937	82 0
11938	82 0
11939	82 0
11940	82 0
11941	82 0
11942	81 0
11943	81 0
11944	80 0
11945	78 0
11946	82 0
11947	55 0
11948	32 0
11949	0 0
11950	1 0
11951	10 0
11952	19 0
11953	25 0
11954	25 0
11955	27 0
11956	34 0
11957	37 0
11958	31 0
11959	30 0
11960	29 0
11961	27 0
11962	24 0
11963	24 0
11964	26 0
11965	13 0
11966	19 0
11967	27 0
11968	25 0
11969	26 0
11970	30 0
11971	33 0
11972	38 0
11973	44 0
11974	48 0
11975	48 0
11976	45 0
11977	38 0
11978	27 0
11979	15 0
11980	7 0
11981	5 0
11982	11 0
11983	19 0
11984	28 0
11985	34 0
11986	35 0
11987	37 0
11988	37 0
11989	34 0
11990	30 0
11991	25 0
11992	21 0
11993	25 0
11994	11 0
11995	1 0
11996	0 0
11997	3 0
11998	20 0
11999	17 0
12000	20 0
12001	30 0
12002	29 0
12003	176 0
12004	240 0
12005	224 0
12006	225 0
12007	224 0
12008	226 0
12009	227 0
12010	227 0
12011	227 0
12012	227 0
12013	227 0
12014	228 0
12015	227 0
12016	226 0
12017	226 0
12018	227 0
12019	228 0
12020	229 0
12021	230 0
12022	227 0
12023	222 0
12024	214 0
12025	204 0
12026	191 0
12027	189 0
12028	216 0
12029	122 0
12030	70 0
12031	82 0
12032	111 0
12033	104 0
12034	99 0
12035	91 0
12036	88 0
12037	25 0
12038	43 0
12039	37 0
12040	62 0
12041	71 0
12042	71 0
12043	71 0
12044	71 0
12045	72 0
12046	72 0
12047	72 0
12048	73 0
12049	74 0
12050	74 0
12051	76 0
12052	76 0
12053	77 0
12054	78 0
12055	79 0
12056	80 0
12057	80 0
12058	80 0
12059	81 0
12060	82 0
12061	82 0
12062	83 0
12063	83 0
12064	83 0
12065	83 0
12066	83 0
12067	83 0
12068	83 0
12069	83 0
12070	82 0
12071	82 0
12072	81 0
12073	80 0
12074	83 0
12075	58 0
12076	39 0
12077	2 0
12078	1 0
12079	8 0
12080	21 0
12081	25 0
12082	25 0
12083	31 0
12084	35 0
12085	31 0
12086	21 0
12087	27 0
12088	29 0
12089	28 0
12090	27 0
12091	25 0
12092	29 0
12093	13 0
12094	33 0
12095	51 0
12096	48 0
12097	48 0
12098	46 0
12099	41 0
12100	34 0
12101	27 0
12102	20 0
12103	14 0
12104	11 0
12105	11 0
12106	15 0
12107	21 0
12108	26 0
12109	28 0
12110	29 0
12111	36 0
12112	35 0
12113	30 0
12114	33 0
12115	21 0
12116	15 0
12117	16 0
12118	15 0
12119	8 0
12120	9 0
12121	24 0
12122	24 0
12123	0 0
12124	1 0
12125	5 0
12126	26 0
12127	32 0
12128	34 0
12129	34 0
12130	51 0
12131	209 0
12132	228 0
12133	225 0
12134	227 0
12135	228 0
12136	228 0
12137	228 0
12138	228 0
12139	227 0
12140	227 0
12141	227 0
12142	228 0
12143	229 0
12144	230 0
12145	230 0
12146	227 0
12147	221 0
12148	212 0
12149	200 0
12150	190 0
12151	181 0
12152	174 0
12153	171 0
12154	167 0
12155	200 0
12156	200 0
12157	130 0
12158	77 0
12159	43 0
12160	88 0
12161	97 0
12162	107 0
12163	120 0
12164	134 0
12165	33 0
12166	32 0
12167	42 0
12168	49 0
12169	73 0
12170	69 0
12171	71 0
12172	71 0
12173	71 0
12174	72 0
12175	71 0
12176	72 0
12177	74 0
12178	74 0
12179	76 0
12180	76 0
12181	77 0
12182	79 0
12183	79 0
12184	80 0
12185	80 0
12186	81 0
12187	82 0
12188	83 0
12189	83 0
12190	83 0
12191	83 0
12192	84 0
12193	84 0
12194	85 0
12195	85 0
12196	85 0
12197	84 0
12198	83 0
12199	83 0
12200	83 0
12201	82 0
12202	84 0
12203	60 0
12204	47 0
12205	11 0
12206	2 0
12207	6 0
12208	20 0
12209	25 0
12210	25 0
12211	18 0
12212	22 0
12213	28 0
12214	24 0
12215	35 0
12216	43 0
12217	29 0
12218	27 0
12219	22 0
12220	18 0
12221	6 0
12222	16 0
12223	15 0
12224	7 0
12225	5 0
12226	5 0
12227	7 0
12228	10 0
12229	15 0
12230	19 0
12231	22 0
12232	25 0
12233	27 0
12234	27 0
12235	26 0
12236	25 0
12237	25 0
12238	28 0
12239	19 0
12240	12 0
12241	9 0
12242	19 0
12243	8 0
12244	9 0
12245	11 0
12246	17 0
12247	19 0
12248	17 0
12249	28 0
12250	31 0
12251	7 0
12252	1 0
12253	27 0
12254	35 0
12255	34 0
12256	37 0
12257	24 0
12258	81 0
12259	231 0
12260	224 0
12261	226 0
12262	227 0
12263	227 0
12264	227 0
12265	227 0
12266	228 0
12267	230 0
12268	231 0
12269	230 0
12270	227 0
12271	220 0
12272	209 0
12273	197 0
12274	184 0
12275	174 0
12276	168 0
12277	167 0
12278	170 0
12279	172 0
12280	174 0
12281	175 0
12282	175 0
12283	212 0
12284	136 0
12285	130 0
12286	84 0
12287	44 0
12288	158 0
12289	165 0
12290	167 0
12291	176 0
12292	170 0
12293	41 0
12294	27 0
12295	49 0
12296	38 0
12297	72 0
12298	68 0
12299	69 0
12300	70 0
12301	71 0
12302	72 0
12303	71 0
12304	71 0
12305	74 0
12306	74 0
12307	75 0
12308	76 0
12309	77 0
12310	79 0
12311	79 0
12312	80 0
12313	81 0
12314	82 0
12315	83 0
12316	84 0
12317	84 0
12318	84 0
12319	85 0
12320	86 0
12321	86 0
12322	86 0
12323	86 0
12324	86 0
12325	86 0
12326	86 0
12327	86 0
12328	86 0
12329	84 0
12330	88 0
12331	66 0
12332	57 0
12333	27 0
12334	4 0
12335	9 0
12336	21 0
12337	28 0
12338	27 0
12339	26 0
12340	37 0
12341	34 0
12342	27 0
12343	16 0
12344	10 0
12345	5 0
12346	1 0
12347	0 0
12348	0 0
12349	2 0
12350	5 0
12351	10 0
12352	16 0
12353	21 0
12354	25 0
12355	27 0
12356	28 0
12357	27 0
12358	26 0
12359	26 0
12360	25 0
12361	25 0
12362	25 0
12363	25 0
12364	24 0
12365	25 0
12366	17 0
12367	9 0
12368	9 0
12369	13 0
12370	13 0
12371	21 0
12372	20 0
12373	21 0
12374	19 0
12375	15 0
12376	16 0
12377	19 0
12378	24 0
12379	33 0
12380	20 0
12381	28 0
12382	24 0
12383	22 0
12384	33 0
12385	41 0
12386	144 0
12387	235 0
12388	223 0
12389	226 0
12390	228 0
12391	229 0
12392	230 0
12393	229 0
12394	225 0
12395	216 0
12396	203 0
12397	189 0
12398	176 0
12399	168 0
12400	165 0
12401	165 0
12402	166 0
12403	167 0
12404	169 0
12405	171 0
12406	173 0
12407	173 0
12408	174 0
12409	172 0
12410	190 0
12411	211 0
12412	134 0
12413	109 0
12414	42 0
12415	28 0
12416	181 0
12417	181 0
12418	178 0
12419	178 0
12420	164 0
12421	39 0
12422	23 0
12423	52 0
12424	35 0
12425	65 0
12426	69 0
12427	69 0
12428	70 0
12429	71 0
12430	72 0
12431	72 0
12432	72 0
12433	74 0
12434	75 0
12435	75 0
12436	76 0
12437	77 0
12438	79 0
12439	80 0
12440	81 0
12441	82 0
12442	83 0
12443	84 0
12444	85 0
12445	86 0
12446	86 0
12447	87 0
12448	88 0
12449	88 0
12450	89 0
12451	89 0
12452	89 0
12453	90 0
12454	91 0
12455	92 0
12456	92 0
12457	92 0
12458	96 0
12459	74 0
12460	68 0
12461	42 0
12462	13 0
12463	13 0
12464	19 0
12465	21 0
12466	17 0
12467	12 0
12468	6 0
12469	0 0
12470	0 0
12471	0 0
12472	0 0
12473	5 0
12474	11 0
12475	16 0
12476	24 0
12477	26 0
12478	30 0
12479	31 0
12480	25 0
12481	25 0
12482	25 0
12483	25 0
12484	26 0
12485	26 0
12486	26 0
12487	26 0
12488	25 0
12489	24 0
12490	23 0
12491	24 0
12492	26 0
12493	28 0
12494	22 0
12495	20 0
12496	20 0
12497	18 0
12498	22 0
12499	15 0
12500	15 0
12501	14 0
12502	16 0
12503	14 0
12504	18 0
12505	24 0
12506	21 0
12507	23 0
12508	34 0
12509	61 0
12510	96 0
12511	133 0
12512	175 0
12513	210 0
12514	231 0
12515	229 0
12516	231 0
12517	231 0
12518	221 0
12519	210 0
12520	199 0
12521	184 0
12522	170 0
12523	159 0
12524	155 0
12525	157 0
12526	160 0
12527	164 0
12528	167 0
12529	169 0
12530	169 0
12531	169 0
12532	169 0
12533	170 0
12534	171 0
12535	173 0
12536	174 0
12537	172 0
12538	210 0
12539	153 0
12540	108 0
12541	70 0
12542	60 0
12543	100 0
12544	181 0
12545	181 0
12546	180 0
12547	183 0
12548	159 0
12549	39 0
12550	25 0
12551	47 0
12552	39 0
12553	54 0
12554	70 0
12555	68 0
12556	69 0
12557	70 0
12558	71 0
12559	72 0
12560	72 0
12561	73 0
12562	75 0
12563	76 0
12564	77 0
12565	78 0
12566	80 0
12567	81 0
12568	82 0
12569	83 0
12570	84 0
12571	86 0
12572	87 0
12573	88 0
12574	88 0
12575	90 0
12576	92 0
12577	93 0
12578	94 0
12579	95 0
12580	97 0
12581	98 0
12582	99 0
12583	99 0
12584	100 0
12585	99 0
12586	104 0
12587	78 0
12588	83 0
12589	76 0
12590	26 0
12591	18 0
12592	27 0
12593	2 0
12594	0 0
12595	2 0
12596	2 0
12597	9 0
12598	17 0
12599	28 0
12600	33 0
12601	27 0
12602	28 0
12603	24 0
12604	23 0
12605	28 0
12606	24 0
12607	24 0
12608	25 0
12609	25 0
12610	26 0
12611	26 0
12612	27 0
12613	26 0
12614	26 0
12615	25 0
12616	24 0
12617	23 0
12618	29 0
12619	35 0
12620	31 0
12621	29 0
12622	25 0
12623	13 0
12624	12 0
12625	13 0
12626	16 0
12627	17 0
12628	18 0
12629	16 0
12630	21 0
12631	29 0
12632	47 0
12633	80 0
12634	116 0
12635	154 0
12636	191 0
12637	217 0
12638	232 0
12639	240 0
12640	238 0
12641	236 0
12642	220 0
12643	206 0
12644	189 0
12645	147 0
12646	171 0
12647	196 0
12648	176 0
12649	170 0
12650	160 0
12651	157 0
12652	158 0
12653	163 0
12654	163 0
12655	165 0
12656	167 0
12657	168 0
12658	168 0
12659	169 0
12660	169 0
12661	170 0
12662	171 0
12663	172 0
12664	172 0
12665	183 0
12666	211 0
12667	129 0
12668	107 0
12669	103 0
12670	147 0
12671	182 0
12672	181 0
12673	179 0
12674	175 0
12675	178 0
12676	148 0
12677	36 0
12678	29 0
12679	41 0
12680	44 0
12681	43 0
12682	70 0
12683	67 0
12684	69 0
12685	70 0
12686	71 0
12687	72 0
12688	72 0
12689	73 0
12690	75 0
12691	76 0
12692	78 0
12693	79 0
12694	81 0
12695	82 0
12696	84 0
12697	86 0
12698	88 0
12699	90 0
12700	92 0
12701	94 0
12702	96 0
12703	99 0
12704	101 0
12705	103 0
12706	104 0
12707	105 0
12708	104 0
12709	105 0
12710	104 0
12711	104 0
12712	103 0
12713	102 0
12714	105 0
12715	82 0
12716	82 0
12717	122 0
12718	46 0
12719	30 0
12720	41 0
12721	30 0
12722	18 0
12723	26 0
12724	41 0
12725	45 0
12726	43 0
12727	44 0
12728	33 0
12729	23 0
12730	12 0
12731	10 0
12732	4 0
12733	12 0
12734	24 0
12735	24 0
12736	26 0
12737	26 0
12738	26 0
12739	26 0
12740	26 0
12741	25 0
12742	25 0
12743	25 0
12744	23 0
12745	31 0
12746	34 0
12747	29 0
12748	31 0
12749	29 0
12750	14 0
12751	15 0
12752	13 0
12753	13 0
12754	23 0
12755	40 0
12756	64 0
12757	99 0
12758	138 0
12759	175 0
12760	205 0
12761	226 0
12762	236 0
12763	238 0
12764	234 0
12765	225 0
12766	222 0
12767	198 0
12768	183 0
12769	125 0
12770	65 0
12771	131 0
12772	189 0
12773	146 0
12774	186 0
12775	109 0
12776	104 0
12777	149 0
12778	172 0
12779	162 0
12780	160 0
12781	163 0
12782	163 0
12783	164 0
12784	166 0
12785	168 0
12786	169 0
12787	170 0
12788	170 0
12789	170 0
12790	172 0
12791	174 0
12792	169 0
12793	206 0
12794	152 0
12795	119 0
12796	131 0
12797	154 0
12798	126 0
12799	114 0
12800	172 0
12801	171 0
12802	170 0
12803	171 0
12804	138 0
12805	34 0
12806	36 0
12807	39 0
12808	45 0
12809	38 0
12810	65 0
12811	67 0
12812	69 0
12813	70 0
12814	70 0
12815	72 0
12816	74 0
12817	74 0
12818	76 0
12819	78 0
12820	80 0
12821	82 0
12822	84 0
12823	86 0
12824	88 0
12825	91 0
12826	95 0
12827	98 0
12828	101 0
12829	102 0
12830	104 0
12831	105 0
12832	107 0
12833	108 0
12834	108 0
12835	108 0
12836	107 0
12837	107 0
12838	104 0
12839	105 0
12840	105 0
12841	104 0
12842	107 0
12843	88 0
12844	73 0
12845	157 0
12846	83 0
12847	40 0
12848	48 0
12849	38 0
12850	21 0
12851	25 0
12852	23 0
12853	16 0
12854	6 0
12855	12 0
12856	22 0
12857	26 0
12858	11 0
12859	0 0
12860	14 0
12861	7 0
12862	22 0
12863	26 0
12864	26 0
12865	27 0
12866	27 0
12867	26 0
12868	26 0
12869	26 0
12870	27 0
12871	28 0
12872	26 0
12873	21 0
12874	20 0
12875	16 0
12876	18 0
12877	20 0
12878	27 0
12879	50 0
12880	81 0
12881	119 0
12882	158 0
12883	192 0
12884	216 0
12885	231 0
12886	237 0
12887	236 0
12888	229 0
12889	221 0
12890	211 0
12891	199 0
12892	180 0
12893	203 0
12894	213 0
12895	119 0
12896	129 0
12897	48 0
12898	10 0
12899	36 0
12900	70 0
12901	125 0
12902	97 0
12903	11 0
12904	39 0
12905	53 0
12906	179 0
12907	168 0
12908	165 0
12909	166 0
12910	166 0
12911	166 0
12912	167 0
12913	169 0
12914	169 0
12915	170 0
12916	171 0
12917	170 0
12918	173 0
12919	173 0
12920	176 0
12921	212 0
12922	125 0
12923	63 0
12924	64 0
12925	108 0
12926	115 0
12927	174 0
12928	182 0
12929	180 0
12930	174 0
12931	181 0
12932	136 0
12933	34 0
12934	42 0
12935	42 0
12936	43 0
12937	39 0
12938	56 0
12939	68 0
12940	68 0
12941	70 0
12942	71 0
12943	73 0
12944	75 0
12945	76 0
12946	79 0
12947	82 0
12948	84 0
12949	87 0
12950	89 0
12951	92 0
12952	95 0
12953	97 0
12954	101 0
12955	104 0
12956	106 0
12957	106 0
12958	105 0
12959	105 0
12960	108 0
12961	109 0
12962	108 0
12963	107 0
12964	107 0
12965	108 0
12966	107 0
12967	108 0
12968	108 0
12969	108 0
12970	110 0
12971	89 0
12972	77 0
12973	170 0
12974	133 0
12975	52 0
12976	63 0
12977	42 0
12978	20 0
12979	25 0
12980	10 0
12981	0 0
12982	11 0
12983	2 0
12984	19 0
12985	28 0
12986	19 0
12987	6 0
12988	27 0
12989	30 0
12990	27 0
12991	27 0
12992	25 0
12993	20 0
12994	20 0
12995	28 0
12996	29 0
12997	29 0
12998	26 0
12999	21 0
13000	18 0
13001	21 0
13002	38 0
13003	63 0
13004	98 0
13005	139 0
13006	178 0
13007	208 0
13008	227 0
13009	237 0
13010	237 0
13011	233 0
13012	227 0
13013	218 0
13014	208 0
13015	196 0
13016	183 0
13017	171 0
13018	162 0
13019	158 0
13020	153 0
13021	211 0
13022	190 0
13023	100 0
13024	110 0
13025	99 0
13026	59 0
13027	29 0
13028	38 0
13029	7 0
13030	0 0
13031	42 0
13032	39 0
13033	66 0
13034	174 0
13035	173 0
13036	170 0
13037	170 0
13038	170 0
13039	171 0
13040	171 0
13041	170 0
13042	170 0
13043	171 0
13044	172 0
13045	172 0
13046	173 0
13047	171 0
13048	195 0
13049	186 0
13050	129 0
13051	130 0
13052	146 0
13053	44 0
13054	148 0
13055	162 0
13056	124 0
13057	108 0
13058	109 0
13059	147 0
13060	132 0
13061	38 0
13062	46 0
13063	45 0
13064	41 0
13065	43 0
13066	48 0
13067	70 0
13068	69 0
13069	71 0
13070	74 0
13071	76 0
13072	79 0
13073	81 0
13074	82 0
13075	85 0
13076	88 0
13077	91 0
13078	93 0
13079	95 0
13080	97 0
13081	100 0
13082	102 0
13083	104 0
13084	106 0
13085	107 0
13086	107 0
13087	107 0
13088	110 0
13089	111 0
13090	111 0
13091	110 0
13092	110 0
13093	110 0
13094	109 0
13095	108 0
13096	106 0
13097	106 0
13098	101 0
13099	88 0
13100	113 0
13101	175 0
13102	185 0
13103	85 0
13104	93 0
13105	65 0
13106	17 0
13107	26 0
13108	15 0
13109	2 0
13110	26 0
13111	28 0
13112	27 0
13113	29 0
13114	26 0
13115	27 0
13116	26 0
13117	23 0
13118	23 0
13119	28 0
13120	27 0
13121	20 0
13122	20 0
13123	19 0
13124	20 0
13125	27 0
13126	46 0
13127	76 0
13128	116 0
13129	157 0
13130	193 0
13131	220 0
13132	234 0
13133	237 0
13134	236 0
13135	231 0
13136	224 0
13137	217 0
13138	207 0
13139	196 0
13140	185 0
13141	174 0
13142	166 0
13143	162 0
13144	161 0
13145	161 0
13146	161 0
13147	161 0
13148	163 0
13149	223 0
13150	159 0
13151	100 0
13152	113 0
13153	110 0
13154	107 0
13155	72 0
13156	27 0
13157	9 0
13158	8 0
13159	22 0
13160	27 0
13161	1 0
13162	144 0
13163	206 0
13164	175 0
13165	181 0
13166	174 0
13167	175 0
13168	180 0
13169	176 0
13170	173 0
13171	173 0
13172	174 0
13173	174 0
13174	175 0
13175	173 0
13176	208 0
13177	145 0
13178	89 0
13179	120 0
13180	138 0
13181	147 0
13182	164 0
13183	151 0
13184	68 0
13185	67 0
13186	63 0
13187	61 0
13188	71 0
13189	54 0
13190	49 0
13191	49 0
13192	38 0
13193	45 0
13194	46 0
13195	69 0
13196	70 0
13197	74 0
13198	77 0
13199	79 0
13200	82 0
13201	84 0
13202	85 0
13203	88 0
13204	91 0
13205	93 0
13206	94 0
13207	97 0
13208	100 0
13209	101 0
13210	103 0
13211	106 0
13212	108 0
13213	110 0
13214	111 0
13215	112 0
13216	112 0
13217	111 0
13218	111 0
13219	110 0
13220	107 0
13221	108 0
13222	111 0
13223	118 0
13224	131 0
13225	148 0
13226	164 0
13227	184 0
13228	204 0
13229	210 0
13230	209 0
13231	134 0
13232	102 0
13233	79 0
13234	16 0
13235	25 0
13236	24 0
13237	21 0
13238	30 0
13239	21 0
13240	27 0
13241	30 0
13242	55 0
13243	36 0
13244	26 0
13245	22 0
13246	23 0
13247	27 0
13248	30 0
13249	37 0
13250	59 0
13251	94 0
13252	133 0
13253	173 0
13254	205 0
13255	226 0
13256	236 0
13257	237 0
13258	231 0
13259	225 0
13260	222 0
13261	219 0
13262	206 0
13263	198 0
13264	187 0
13265	179 0
13266	173 0
13267	170 0
13268	170 0
13269	170 0
13270	169 0
13271	168 0
13272	166 0
13273	164 0
13274	163 0
13275	159 0
13276	172 0
13277	225 0
13278	164 0
13279	120 0
13280	121 0
13281	111 0
13282	126 0
13283	74 0
13284	18 0
13285	23 0
13286	34 0
13287	54 0
13288	34 0
13289	49 0
13290	195 0
13291	227 0
13292	210 0
13293	189 0
13294	181 0
13295	179 0
13296	186 0
13297	184 0
13298	177 0
13299	176 0
13300	176 0
13301	176 0
13302	174 0
13303	186 0
13304	204 0
13305	104 0
13306	107 0
13307	134 0
13308	109 0
13309	72 0
13310	133 0
13311	175 0
13312	74 0
13313	73 0
13314	71 0
13315	62 0
13316	55 0
13317	60 0
13318	42 0
13319	60 0
13320	42 0
13321	43 0
13322	47 0
13323	62 0
13324	73 0
13325	75 0
13326	78 0
13327	80 0
13328	83 0
13329	86 0
13330	86 0
13331	88 0
13332	92 0
13333	94 0
13334	96 0
13335	99 0
13336	101 0
13337	103 0
13338	104 0
13339	107 0
13340	109 0
13341	109 0
13342	109 0
13343	107 0
13344	107 0
13345	111 0
13346	117 0
13347	128 0
13348	144 0
13349	162 0
13350	181 0
13351	198 0
13352	211 0
13353	219 0
13354	222 0
13355	221 0
13356	222 0
13357	217 0
13358	213 0
13359	182 0
13360	107 0
13361	80 0
13362	16 0
13363	24 0
13364	19 0
13365	19 0
13366	31 0
13367	22 0
13368	23 0
13369	25 0
13370	43 0
13371	24 0
13372	24 0
13373	43 0
13374	72 0
13375	110 0
13376	150 0
13377	187 0
13378	215 0
13379	230 0
13380	236 0
13381	239 0
13382	231 0
13383	222 0
13384	219 0
13385	212 0
13386	217 0
13387	218 0
13388	219 0
13389	223 0
13390	195 0
13391	175 0
13392	179 0
13393	179 0
13394	179 0
13395	178 0
13396	176 0
13397	173 0
13398	171 0
13399	168 0
13400	166 0
13401	164 0
13402	164 0
13403	158 0
13404	190 0
13405	206 0
13406	138 0
13407	144 0
13408	133 0
13409	132 0
13410	106 0
13411	46 0
13412	31 0
13413	49 0
13414	51 0
13415	77 0
13416	65 0
13417	119 0
13418	218 0
13419	216 0
13420	225 0
13421	212 0
13422	183 0
13423	184 0
13424	184 0
13425	184 0
13426	182 0
13427	180 0
13428	179 0
13429	179 0
13430	174 0
13431	207 0
13432	143 0
13433	81 0
13434	105 0
13435	143 0
13436	164 0
13437	104 0
13438	92 0
13439	132 0
13440	71 0
13441	69 0
13442	68 0
13443	58 0
13444	55 0
13445	63 0
13446	27 0
13447	62 0
13448	46 0
13449	50 0
13450	50 0
13451	54 0
13452	76 0
13453	75 0
13454	78 0
13455	81 0
13456	84 0
13457	86 0
13458	87 0
13459	90 0
13460	94 0
13461	96 0
13462	98 0
13463	100 0
13464	102 0
13465	102 0
13466	102 0
13467	104 0
13468	104 0
13469	111 0
13470	123 0
13471	137 0
13472	158 0
13473	176 0
13474	193 0
13475	208 0
13476	217 0
13477	221 0
13478	222 0
13479	220 0
13480	219 0
13481	217 0
13482	216 0
13483	213 0
13484	213 0
13485	215 0
13486	211 0
13487	212 0
13488	139 0
13489	77 0
13490	19 0
13491	26 0
13492	19 0
13493	21 0
13494	25 0
13495	25 0
13496	30 0
13497	53 0
13498	85 0
13499	127 0
13500	167 0
13501	201 0
13502	224 0
13503	235 0
13504	237 0
13505	233 0
13506	230 0
13507	228 0
13508	222 0
13509	196 0
13510	207 0
13511	217 0
13512	204 0
13513	201 0
13514	217 0
13515	219 0
13516	221 0
13517	225 0
13518	226 0
13519	192 0
13520	181 0
13521	183 0
13522	180 0
13523	179 0
13524	178 0
13525	175 0
13526	173 0
13527	169 0
13528	167 0
13529	165 0
13530	165 0
13531	159 0
13532	202 0
13533	207 0
13534	112 0
13535	132 0
13536	121 0
13537	108 0
13538	140 0
13539	88 0
13540	67 0
13541	70 0
13542	58 0
13543	78 0
13544	56 0
13545	150 0
13546	220 0
13547	213 0
13548	217 0
13549	223 0
13550	215 0
13551	187 0
13552	185 0
13553	185 0
13554	184 0
13555	184 0
13556	182 0
13557	180 0
13558	182 0
13559	207 0
13560	106 0
13561	54 0
13562	89 0
13563	101 0
13564	112 0
13565	151 0
13566	164 0
13567	145 0
13568	68 0
13569	67 0
13570	68 0
13571	58 0
13572	56 0
13573	65 0
13574	12 0
13575	56 0
13576	50 0
13577	65 0
13578	58 0
13579	47 0
13580	75 0
13581	76 0
13582	79 0
13583	82 0
13584	85 0
13585	87 0
13586	90 0
13587	91 0
13588	93 0
13589	92 0
13590	93 0
13591	95 0
13592	103 0
13593	114 0
13594	128 0
13595	146 0
13596	166 0
13597	185 0
13598	202 0
13599	212 0
13600	219 0
13601	221 0
13602	221 0
13603	219 0
13604	218 0
13605	217 0
13606	218 0
13607	218 0
13608	219 0
13609	219 0
13610	219 0
13611	218 0
13612	217 0
13613	216 0
13614	213 0
13615	217 0
13616	187 0
13617	70 0
13618	8 0
13619	18 0
13620	36 0
13621	58 0
13622	95 0
13623	139 0
13624	180 0
13625	211 0
13626	230 0
13627	237 0
13628	236 0
13629	231 0
13630	226 0
13631	222 0
13632	218 0
13633	214 0
13634	189 0
13635	162 0
13636	115 0
13637	64 0
13638	108 0
13639	135 0
13640	165 0
13641	220 0
13642	216 0
13643	219 0
13644	221 0
13645	222 0
13646	227 0
13647	222 0
13648	186 0
13649	182 0
13650	183 0
13651	181 0
13652	180 0
13653	178 0
13654	175 0
13655	172 0
13656	170 0
13657	168 0
13658	167 0
13659	167 0
13660	207 0
13661	227 0
13662	202 0
13663	164 0
13664	153 0
13665	174 0
13666	229 0
13667	213 0
13668	125 0
13669	60 0
13670	67 0
13671	72 0
13672	73 0
13673	192 0
13674	216 0
13675	213 0
13676	216 0
13677	217 0
13678	223 0
13679	220 0
13680	192 0
13681	185 0
13682	187 0
13683	184 0
13684	183 0
13685	179 0
13686	198 0
13687	179 0
13688	105 0
13689	101 0
13690	60 0
13691	94 0
13692	119 0
13693	90 0
13694	127 0
13695	164 0
13696	69 0
13697	68 0
13698	69 0
13699	55 0
13700	63 0
13701	67 0
13702	5 0
13703	40 0
13704	51 0
13705	88 0
13706	74 0
13707	42 0
13708	67 0
13709	82 0
13710	82 0
13711	83 0
13712	83 0
13713	83 0
13714	84 0
13715	88 0
13716	96 0
13717	109 0
13718	129 0
13719	152 0
13720	173 0
13721	191 0
13722	205 0
13723	213 0
13724	217 0
13725	217 0
13726	217 0
13727	215 0
13728	215 0
13729	216 0
13730	218 0
13731	219 0
13732	220 0
13733	220 0
13734	220 0
13735	220 0
13736	219 0
13737	220 0
13738	219 0
13739	219 0
13740	218 0
13741	217 0
13742	216 0
13743	213 0
13744	218 0
13745	132 0
13746	109 0
13747	158 0
13748	193 0
13749	218 0
13750	231 0
13751	236 0
13752	234 0
13753	227 0
13754	224 0
13755	221 0
13756	219 0
13757	216 0
13758	214 0
13759	210 0
13760	211 0
13761	184 0
13762	139 0
13763	81 0
13764	14 0
13765	74 0
13766	73 0
13767	21 0
13768	71 0
13769	217 0
13770	215 0
13771	217 0
13772	219 0
13773	222 0
13774	223 0
13775	229 0
13776	216 0
13777	182 0
13778	184 0
13779	185 0
13780	182 0
13781	180 0
13782	177 0
13783	174 0
13784	172 0
13785	171 0
13786	169 0
13787	173 0
13788	217 0
13789	219 0
13790	194 0
13791	199 0
13792	184 0
13793	200 0
13794	218 0
13795	208 0
13796	203 0
13797	146 0
13798	120 0
13799	108 0
13800	154 0
13801	214 0
13802	211 0
13803	212 0
13804	213 0
13805	215 0
13806	216 0
13807	220 0
13808	222 0
13809	197 0
13810	184 0
13811	188 0
13812	183 0
13813	180 0
13814	206 0
13815	142 0
13816	105 0
13817	111 0
13818	105 0
13819	68 0
13820	88 0
13821	127 0
13822	98 0
13823	68 0
13824	69 0
13825	67 0
13826	67 0
13827	53 0
13828	74 0
13829	71 0
13830	5 0
13831	21 0
13832	44 0
13833	100 0
13834	104 0
13835	54 0
13836	57 0
13837	69 0
13838	76 0
13839	82 0
13840	94 0
13841	111 0
13842	132 0
13843	156 0
13844	175 0
13845	190 0
13846	202 0
13847	209 0
13848	210 0
13849	210 0
13850	209 0
13851	210 0
13852	211 0
13853	214 0
13854	216 0
13855	217 0
13856	218 0
13857	219 0
13858	219 0
13859	220 0
13860	220 0
13861	221 0
13862	221 0
13863	221 0
13864	222 0
13865	222 0
13866	222 0
13867	223 0
13868	223 0
13869	222 0
13870	222 0
13871	222 0
13872	223 0
13873	231 0
13874	238 0
13875	238 0
13876	235 0
13877	232 0
13878	230 0
13879	221 0
13880	211 0
13881	220 0
13882	216 0
13883	211 0
13884	210 0
13885	210 0
13886	210 0
13887	210 0
13888	212 0
13889	165 0
13890	127 0
13891	52 0
13892	32 0
13893	35 0
13894	28 0
13895	33 0
13896	53 0
13897	176 0
13898	222 0
13899	214 0
13900	218 0
13901	220 0
13902	222 0
13903	224 0
13904	230 0
13905	208 0
13906	181 0
13907	186 0
13908	185 0
13909	182 0
13910	179 0
13911	177 0
13912	174 0
13913	174 0
13914	170 0
13915	186 0
13916	216 0
13917	215 0
13918	220 0
13919	239 0
13920	243 0
13921	223 0
13922	216 0
13923	210 0
13924	211 0
13925	220 0
13926	218 0
13927	213 0
13928	217 0
13929	212 0
13930	212 0
13931	212 0
13932	213 0
13933	214 0
13934	214 0
13935	215 0
13936	218 0
13937	223 0
13938	202 0
13939	188 0
13940	185 0
13941	190 0
13942	193 0
13943	117 0
13944	115 0
13945	112 0
13946	110 0
13947	111 0
13948	78 0
13949	83 0
13950	134 0
13951	117 0
13952	68 0
13953	67 0
13954	65 0
13955	49 0
13956	82 0
13957	72 0
13958	4 0
13959	9 0
13960	34 0
13961	96 0
13962	142 0
13963	68 0
13964	85 0
13965	114 0
13966	138 0
13967	159 0
13968	176 0
13969	189 0
13970	197 0
13971	201 0
13972	201 0
13973	201 0
13974	201 0
13975	203 0
13976	206 0
13977	209 0
13978	212 0
13979	214 0
13980	216 0
13981	217 0
13982	219 0
13983	218 0
13984	219 0
13985	221 0
13986	222 0
13987	224 0
13988	226 0
13989	229 0
13990	231 0
13991	233 0
13992	233 0
13993	233 0
13994	233 0
13995	234 0
13996	234 0
13997	233 0
13998	233 0
13999	234 0
14000	236 0
14001	233 0
14002	229 0
14003	221 0
14004	198 0
14005	172 0
14006	129 0
14007	63 0
14008	58 0
14009	207 0
14010	218 0
14011	211 0
14012	213 0
14013	213 0
14014	212 0
14015	210 0
14016	212 0
14017	163 0
14018	90 0
14019	21 0
14020	24 0
14021	29 0
14022	39 0
14023	44 0
14024	67 0
14025	199 0
14026	215 0
14027	213 0
14028	217 0
14029	219 0
14030	221 0
14031	223 0
14032	225 0
14033	230 0
14034	203 0
14035	183 0
14036	187 0
14037	185 0
14038	181 0
14039	178 0
14040	176 0
14041	176 0
14042	170 0
14043	201 0
14044	195 0
14045	192 0
14046	243 0
14047	240 0
14048	217 0
14049	218 0
14050	218 0
14051	214 0
14052	214 0
14053	213 0
14054	214 0
14055	213 0
14056	211 0
14057	213 0
14058	214 0
14059	214 0
14060	214 0
14061	214 0
14062	214 0
14063	215 0
14064	213 0
14065	214 0
14066	220 0
14067	205 0
14068	183 0
14069	203 0
14070	159 0
14071	110 0
14072	117 0
14073	115 0
14074	115 0
14075	111 0
14076	116 0
14077	89 0
14078	73 0
14079	113 0
14080	67 0
14081	66 0
14082	63 0
14083	49 0
14084	91 0
14085	72 0
14086	2 0
14087	6 0
14088	19 0
14089	92 0
14090	174 0
14091	151 0
14092	157 0
14093	195 0
14094	192 0
14095	193 0
14096	194 0
14097	195 0
14098	196 0
14099	199 0
14100	202 0
14101	205 0
14102	207 0
14103	209 0
14104	212 0
14105	213 0
14106	215 0
14107	218 0
14108	220 0
14109	223 0
14110	227 0
14111	229 0
14112	231 0
14113	234 0
14114	236 0
14115	238 0
14116	239 0
14117	239 0
14118	240 0
14119	241 0
14120	242 0
14121	242 0
14122	241 0
14123	240 0
14124	241 0
14125	241 0
14126	236 0
14127	223 0
14128	199 0
14129	181 0
14130	147 0
14131	90 0
14132	62 0
14133	56 0
14134	49 0
14135	20 0
14136	10 0
14137	119 0
14138	225 0
14139	211 0
14140	213 0
14141	212 0
14142	211 0
14143	210 0
14144	214 0
14145	169 0
14146	88 0
14147	47 0
14148	40 0
14149	25 0
14150	20 0
14151	32 0
14152	131 0
14153	206 0
14154	217 0
14155	217 0
14156	216 0
14157	217 0
14158	219 0
14159	221 0
14160	223 0
14161	227 0
14162	229 0
14163	197 0
14164	185 0
14165	187 0
14166	183 0
14167	180 0
14168	178 0
14169	176 0
14170	173 0
14171	204 0
14172	221 0
14173	234 0
14174	240 0
14175	245 0
14176	212 0
14177	226 0
14178	224 0
14179	223 0
14180	223 0
14181	225 0
14182	224 0
14183	222 0
14184	222 0
14185	223 0
14186	223 0
14187	223 0
14188	223 0
14189	223 0
14190	223 0
14191	223 0
14192	224 0
14193	225 0
14194	225 0
14195	225 0
14196	201 0
14197	196 0
14198	118 0
14199	114 0
14200	119 0
14201	114 0
14202	116 0
14203	116 0
14204	113 0
14205	117 0
14206	97 0
14207	65 0
14208	66 0
14209	64 0
14210	59 0
14211	51 0
14212	106 0
14213	73 0
14214	1 0
14215	7 0
14216	6 0
14217	88 0
14218	181 0
14219	169 0
14220	159 0
14221	186 0
14222	185 0
14223	189 0
14224	193 0
14225	196 0
14226	199 0
14227	201 0
14228	204 0
14229	206 0
14230	207 0
14231	210 0
14232	212 0
14233	222 0
14234	230 0
14235	236 0
14236	240 0
14237	243 0
14238	245 0
14239	246 0
14240	246 0
14241	247 0
14242	247 0
14243	248 0
14244	249 0
14245	250 0
14246	249 0
14247	246 0
14248	243 0
14249	238 0
14250	232 0
14251	219 0
14252	197 0
14253	160 0
14254	129 0
14255	102 0
14256	78 0
14257	81 0
14258	66 0
14259	47 0
14260	49 0
14261	59 0
14262	70 0
14263	44 0
14264	23 0
14265	72 0
14266	210 0
14267	215 0
14268	213 0
14269	213 0
14270	212 0
14271	211 0
14272	212 0
14273	206 0
14274	89 0
14275	44 0
14276	57 0
14277	57 0
14278	47 0
14279	76 0
14280	168 0
14281	215 0
14282	219 0
14283	215 0
14284	215 0
14285	216 0
14286	218 0
14287	219 0
14288	222 0
14289	224 0
14290	229 0
14291	226 0
14292	192 0
14293	187 0
14294	187 0
14295	182 0
14296	179 0
14297	176 0
14298	178 0
14299	209 0
14300	236 0
14301	253 0
14302	252 0
14303	252 0
14304	240 0
14305	231 0
14306	232 0
14307	231 0
14308	230 0
14309	229 0
14310	229 0
14311	228 0
14312	228 0
14313	228 0
14314	228 0
14315	228 0
14316	229 0
14317	230 0
14318	231 0
14319	230 0
14320	225 0
14321	216 0
14322	204 0
14323	185 0
14324	197 0
14325	172 0
14326	102 0
14327	108 0
14328	116 0
14329	118 0
14330	115 0
14331	115 0
14332	118 0
14333	113 0
14334	116 0
14335	107 0
14336	64 0
14337	63 0
14338	56 0
14339	57 0
14340	122 0
14341	69 0
14342	0 0
14343	8 0
14344	0 0
14345	73 0
14346	179 0
14347	164 0
14348	153 0
14349	186 0
14350	185 0
14351	189 0
14352	192 0
14353	195 0
14354	197 0
14355	200 0
14356	202 0
14357	205 0
14358	207 0
14359	209 0
14360	212 0
14361	227 0
14362	237 0
14363	242 0
14364	244 0
14365	247 0
14366	250 0
14367	252 0
14368	254 0
14369	255 0
14370	254 0
14371	250 0
14372	244 0
14373	235 0
14374	226 0
14375	218 0
14376	202 0
14377	185 0
14378	157 0
14379	116 0
14380	74 0
14381	57 0
14382	72 0
14383	72 0
14384	71 0
14385	74 0
14386	60 0
14387	57 0
14388	49 0
14389	60 0
14390	88 0
14391	32 0
14392	39 0
14393	106 0
14394	200 0
14395	219 0
14396	215 0
14397	214 0
14398	214 0
14399	214 0
14400	211 0
14401	218 0
14402	158 0
14403	84 0
14404	60 0
14405	47 0
14406	40 0
14407	89 0
14408	202 0
14409	218 0
14410	214 0
14411	213 0
14412	214 0
14413	216 0
14414	217 0
14415	218 0
14416	220 0
14417	222 0
14418	224 0
14419	230 0
14420	222 0
14421	192 0
14422	186 0
14423	183 0
14424	181 0
14425	175 0
14426	184 0
14427	215 0
14428	228 0
14429	233 0
14430	243 0
14431	241 0
14432	230 0
14433	229 0
14434	228 0
14435	230 0
14436	230 0
14437	230 0
14438	230 0
14439	228 0
14440	227 0
14441	228 0
14442	230 0
14443	230 0
14444	228 0
14445	221 0
14446	211 0
14447	197 0
14448	184 0
14449	175 0
14450	171 0
14451	169 0
14452	199 0
14453	136 0
14454	109 0
14455	111 0
14456	108 0
14457	117 0
14458	120 0
14459	117 0
14460	115 0
14461	118 0
14462	115 0
14463	119 0
14464	63 0
14465	64 0
14466	55 0
14467	62 0
14468	126 0
14469	62 0
14470	0 0
14471	9 0
14472	0 0
14473	57 0
14474	175 0
14475	166 0
14476	154 0
14477	184 0
14478	184 0
14479	187 0
14480	191 0
14481	194 0
14482	197 0
14483	199 0
14484	202 0
14485	204 0
14486	206 0
14487	208 0
14488	210 0
14489	217 0
14490	229 0
14491	238 0
14492	244 0
14493	248 0
14494	250 0
14495	247 0
14496	240 0
14497	231 0
14498	223 0
14499	215 0
14500	208 0
14501	205 0
14502	204 0
14503	212 0
14504	156 0
14505	141 0
14506	132 0
14507	105 0
14508	89 0
14509	90 0
14510	93 0
14511	83 0
14512	75 0
14513	58 0
14514	57 0
14515	56 0
14516	44 0
14517	82 0
14518	91 0
14519	11 0
14520	45 0
14521	112 0
14522	216 0
14523	216 0
14524	216 0
14525	216 0
14526	216 0
14527	216 0
14528	217 0
14529	216 0
14530	222 0
14531	215 0
14532	186 0
14533	145 0
14534	92 0
14535	141 0
14536	219 0
14537	210 0
14538	212 0
14539	213 0
14540	215 0
14541	215 0
14542	216 0
14543	217 0
14544	218 0
14545	220 0
14546	222 0
14547	223 0
14548	231 0
14549	216 0
14550	188 0
14551	183 0
14552	181 0
14553	176 0
14554	191 0
14555	221 0
14556	242 0
14557	238 0
14558	246 0
14559	245 0
14560	231 0
14561	230 0
14562	229 0
14563	229 0
14564	230 0
14565	231 0
14566	231 0
14567	232 0
14568	230 0
14569	226 0
14570	218 0
14571	207 0
14572	195 0
14573	184 0
14574	175 0
14575	172 0
14576	171 0
14577	173 0
14578	173 0
14579	185 0
14580	184 0
14581	102 0
14582	110 0
14583	111 0
14584	112 0
14585	112 0
14586	116 0
14587	118 0
14588	118 0
14589	119 0
14590	120 0
14591	118 0
14592	63 0
14593	64 0
14594	53 0
14595	69 0
14596	127 0
14597	53 0
14598	0 0
14599	10 0
14600	0 0
14601	47 0
14602	171 0
14603	166 0
14604	149 0
14605	181 0
14606	183 0
14607	186 0
14608	190 0
14609	193 0
14610	196 0
14611	198 0
14612	201 0
14613	203 0
14614	205 0
14615	208 0
14616	211 0
14617	212 0
14618	224 0
14619	231 0
14620	230 0
14621	223 0
14622	216 0
14623	208 0
14624	204 0
14625	200 0
14626	200 0
14627	201 0
14628	202 0
14629	204 0
14630	205 0
14631	217 0
14632	176 0
14633	132 0
14634	136 0
14635	124 0
14636	104 0
14637	100 0
14638	98 0
14639	88 0
14640	76 0
14641	51 0
14642	55 0
14643	54 0
14644	49 0
14645	124 0
14646	59 0
14647	19 0
14648	55 0
14649	156 0
14650	222 0
14651	216 0
14652	218 0
14653	217 0
14654	217 0
14655	217 0
14656	218 0
14657	217 0
14658	215 0
14659	215 0
14660	220 0
14661	222 0
14662	218 0
14663	216 0
14664	212 0
14665	213 0
14666	214 0
14667	214 0
14668	215 0
14669	215 0
14670	216 0
14671	217 0
14672	217 0
14673	218 0
14674	220 0
14675	221 0
14676	223 0
14677	231 0
14678	208 0
14679	185 0
14680	184 0
14681	177 0
14682	198 0
14683	225 0
14684	246 0
14685	249 0
14686	253 0
14687	247 0
14688	231 0
14689	232 0
14690	231 0
14691	231 0
14692	230 0
14693	227 0
14694	223 0
14695	214 0
14696	203 0
14697	191 0
14698	184 0
14699	179 0
14700	176 0
14701	177 0
14702	176 0
14703	175 0
14704	173 0
14705	174 0
14706	171 0
14707	198 0
14708	144 0
14709	92 0
14710	101 0
14711	107 0
14712	110 0
14713	113 0
14714	112 0
14715	114 0
14716	119 0
14717	118 0
14718	119 0
14719	121 0
14720	63 0
14721	62 0
14722	51 0
14723	75 0
14724	125 0
14725	46 0
14726	0 0
14727	9 0
14728	0 0
14729	40 0
14730	167 0
14731	166 0
14732	141 0
14733	179 0
14734	182 0
14735	185 0
14736	188 0
14737	191 0
14738	194 0
14739	198 0
14740	201 0
14741	203 0
14742	205 0
14743	206 0
14744	205 0
14745	204 0
14746	204 0
14747	200 0
14748	196 0
14749	195 0
14750	194 0
14751	195 0
14752	197 0
14753	200 0
14754	202 0
14755	204 0
14756	205 0
14757	206 0
14758	206 0
14759	214 0
14760	192 0
14761	133 0
14762	136 0
14763	125 0
14764	110 0
14765	106 0
14766	98 0
14767	95 0
14768	82 0
14769	64 0
14770	58 0
14771	50 0
14772	85 0
14773	138 0
14774	24 0
14775	29 0
14776	78 0
14777	186 0
14778	216 0
14779	219 0
14780	218 0
14781	218 0
14782	218 0
14783	217 0
14784	217 0
14785	216 0
14786	215 0
14787	214 0
14788	213 0
14789	210 0
14790	212 0
14791	214 0
14792	215 0
14793	215 0
14794	215 0
14795	215 0
14796	216 0
14797	216 0
14798	216 0
14799	217 0
14800	217 0
14801	217 0
14802	218 0
14803	219 0
14804	220 0
14805	223 0
14806	229 0
14807	203 0
14808	184 0
14809	180 0
14810	203 0
14811	229 0
14812	241 0
14813	245 0
14814	250 0
14815	241 0
14816	233 0
14817	230 0
14818	225 0
14819	219 0
14820	216 0
14821	209 0
14822	188 0
14823	184 0
14824	180 0
14825	180 0
14826	180 0
14827	180 0
14828	179 0
14829	178 0
14830	177 0
14831	174 0
14832	174 0
14833	173 0
14834	176 0
14835	194 0
14836	125 0
14837	105 0
14838	100 0
14839	102 0
14840	106 0
14841	110 0
14842	113 0
14843	113 0
14844	114 0
14845	117 0
14846	119 0
14847	115 0
14848	61 0
14849	61 0
14850	47 0
14851	79 0
14852	123 0
14853	38 0
14854	0 0
14855	9 0
14856	0 0
14857	35 0
14858	163 0
14859	166 0
14860	151 0
14861	176 0
14862	181 0
14863	184 0
14864	188 0
14865	191 0
14866	193 0
14867	194 0
14868	194 0
14869	193 0
14870	192 0
14871	190 0
14872	189 0
14873	188 0
14874	188 0
14875	189 0
14876	192 0
14877	194 0
14878	196 0
14879	199 0
14880	200 0
14881	202 0
14882	203 0
14883	204 0
14884	206 0
14885	207 0
14886	207 0
14887	211 0
14888	206 0
14889	143 0
14890	138 0
14891	128 0
14892	122 0
14893	120 0
14894	105 0
14895	89 0
14896	95 0
14897	73 0
14898	59 0
14899	60 0
14900	129 0
14901	112 0
14902	11 0
14903	48 0
14904	108 0
14905	205 0
14906	214 0
14907	221 0
14908	220 0
14909	220 0
14910	219 0
14911	219 0
14912	218 0
14913	217 0
14914	216 0
14915	216 0
14916	216 0
14917	216 0
14918	216 0
14919	216 0
14920	216 0
14921	216 0
14922	216 0
14923	216 0
14924	216 0
14925	216 0
14926	217 0
14927	217 0
14928	217 0
14929	218 0
14930	218 0
14931	218 0
14932	219 0
14933	219 0
14934	222 0
14935	226 0
14936	193 0
14937	182 0
14938	210 0
14939	235 0
14940	237 0
14941	234 0
14942	231 0
14943	224 0
14944	217 0
14945	212 0
14946	209 0
14947	210 0
14948	213 0
14949	217 0
14950	197 0
14951	181 0
14952	184 0
14953	181 0
14954	181 0
14955	179 0
14956	178 0
14957	178 0
14958	178 0
14959	176 0
14960	175 0
14961	171 0
14962	186 0
14963	177 0
14964	131 0
14965	132 0
14966	118 0
14967	110 0
14968	108 0
14969	118 0
14970	122 0
14971	124 0
14972	125 0
14973	124 0
14974	129 0
14975	129 0
14976	59 0
14977	60 0
14978	46 0
14979	85 0
14980	120 0
14981	31 0
14982	0 0
14983	8 0
14984	1 0
14985	30 0
14986	156 0
14987	166 0
14988	152 0
14989	174 0
14990	179 0
14991	180 0
14992	183 0
14993	181 0
14994	179 0
14995	179 0
14996	179 0
14997	178 0
14998	179 0
14999	181 0
15000	183 0
15001	186 0
15002	189 0
15003	191 0
15004	193 0
15005	195 0
15006	197 0
15007	199 0
15008	200 0
15009	201 0
15010	203 0
15011	204 0
15012	206 0
15013	207 0
15014	208 0
15015	209 0
15016	214 0
15017	154 0
15018	129 0
15019	131 0
15020	134 0
15021	120 0
15022	115 0
15023	92 0
15024	93 0
15025	78 0
15026	64 0
15027	59 0
15028	135 0
15029	71 0
15030	16 0
15031	71 0
15032	119 0
15033	210 0
15034	214 0
15035	223 0
15036	221 0
15037	220 0
15038	220 0
15039	220 0
15040	219 0
15041	219 0
15042	218 0
15043	218 0
15044	218 0
15045	217 0
15046	217 0
15047	217 0
15048	217 0
15049	217 0
15050	217 0
15051	217 0
15052	217 0
15053	218 0
15054	217 0
15055	218 0
15056	218 0
15057	217 0
15058	218 0
15059	218 0
15060	218 0
15061	218 0
15062	218 0
15063	222 0
15064	216 0
15065	193 0
15066	217 0
15067	230 0
15068	221 0
15069	214 0
15070	209 0
15071	206 0
15072	206 0
15073	207 0
15074	209 0
15075	211 0
15076	213 0
15077	215 0
15078	219 0
15079	194 0
15080	178 0
15081	181 0
15082	181 0
15083	181 0
15084	177 0
15085	177 0
15086	178 0
15087	177 0
15088	175 0
15089	175 0
15090	195 0
15091	149 0
15092	138 0
15093	137 0
15094	132 0
15095	123 0
15096	113 0
15097	114 0
15098	124 0
15099	130 0
15100	132 0
15101	136 0
15102	135 0
15103	141 0
15104	59 0
15105	60 0
15106	44 0
15107	91 0
15108	115 0
15109	24 0
15110	2 0
15111	9 0
15112	2 0
15113	26 0
15114	156 0
15115	167 0
15116	151 0
15117	160 0
15118	167 0
15119	166 0
15120	157 0
15121	166 0
15122	173 0
15123	174 0
15124	176 0
15125	178 0
15126	181 0
15127	183 0
15128	185 0
15129	187 0
15130	189 0
15131	190 0
15132	192 0
15133	194 0
15134	196 0
15135	198 0
15136	200 0
15137	201 0
15138	203 0
15139	205 0
15140	206 0
15141	207 0
15142	208 0
15143	208 0
15144	218 0
15145	170 0
15146	128 0
15147	137 0
15148	135 0
15149	121 0
15150	112 0
15151	102 0
15152	90 0
15153	82 0
15154	62 0
15155	73 0
15156	140 0
15157	36 0
15158	59 0
15159	85 0
15160	110 0
15161	208 0
15162	215 0
15163	225 0
15164	224 0
15165	223 0
15166	223 0
15167	222 0
15168	222 0
15169	222 0
15170	221 0
15171	221 0
15172	221 0
15173	221 0
15174	221 0
15175	221 0
15176	221 0
15177	222 0
15178	222 0
15179	222 0
15180	222 0
15181	223 0
15182	223 0
15183	223 0
15184	223 0
15185	224 0
15186	224 0
15187	225 0
15188	226 0
15189	227 0
15190	228 0
15191	227 0
15192	222 0
15193	214 0
15194	212 0
15195	207 0
15196	205 0
15197	205 0
15198	205 0
15199	206 0
15200	207 0
15201	207 0
15202	208 0
15203	210 0
15204	212 0
15205	213 0
15206	214 0
15207	219 0
15208	195 0
15209	180 0
15210	183 0
15211	181 0
15212	179 0
15213	176 0
15214	176 0
15215	176 0
15216	173 0
15217	184 0
15218	184 0
15219	130 0
15220	135 0
15221	143 0
15222	135 0
15223	128 0
15224	122 0
15225	113 0
15226	114 0
15227	122 0
15228	129 0
15229	131 0
15230	135 0
15231	133 0
15232	59 0
15233	58 0
15234	46 0
15235	98 0
15236	109 0
15237	20 0
15238	2 0
15239	6 0
15240	5 0
15241	10 0
15242	133 0
15243	160 0
15244	156 0
15245	155 0
15246	155 0
15247	154 0
15248	135 0
15249	159 0
15250	179 0
15251	177 0
15252	179 0
15253	180 0
15254	181 0
15255	182 0
15256	184 0
15257	186 0
15258	188 0
15259	190 0
15260	192 0
15261	193 0
15262	195 0
15263	197 0
15264	199 0
15265	200 0
15266	203 0
15267	205 0
15268	206 0
15269	207 0
15270	208 0
15271	208 0
15272	217 0
15273	185 0
15274	131 0
15275	140 0
15276	136 0
15277	123 0
15278	113 0
15279	103 0
15280	88 0
15281	86 0
15282	45 0
15283	119 0
15284	105 0
15285	33 0
15286	92 0
15287	90 0
15288	113 0
15289	207 0
15290	217 0
15291	231 0
15292	229 0
15293	228 0
15294	228 0
15295	228 0
15296	228 0
15297	228 0
15298	227 0
15299	227 0
15300	227 0
15301	227 0
15302	227 0
15303	227 0
15304	227 0
15305	227 0
15306	227 0
15307	227 0
15308	227 0
15309	227 0
15310	227 0
15311	228 0
15312	228 0
15313	229 0
15314	230 0
15315	229 0
15316	227 0
15317	220 0
15318	209 0
15319	195 0
15320	180 0
15321	199 0
15322	207 0
15323	206 0
15324	207 0
15325	207 0
15326	206 0
15327	206 0
15328	206 0
15329	207 0
15330	208 0
15331	208 0
15332	210 0
15333	211 0
15334	212 0
15335	214 0
15336	218 0
15337	195 0
15338	182 0
15339	182 0
15340	181 0
15341	179 0
15342	177 0
15343	176 0
15344	173 0
15345	193 0
15346	161 0
15347	131 0
15348	134 0
15349	139 0
15350	143 0
15351	132 0
15352	127 0
15353	122 0
15354	116 0
15355	111 0
15356	117 0
15357	130 0
15358	131 0
15359	136 0
15360	56 0
15361	55 0
15362	45 0
15363	102 0
15364	106 0
15365	26 0
15366	2 0
15367	6 0
15368	8 0
15369	0 0
15370	86 0
15371	162 0
15372	156 0
15373	168 0
15374	157 0
15375	156 0
15376	142 0
15377	157 0
15378	179 0
15379	176 0
15380	178 0
15381	179 0
15382	180 0
15383	182 0
15384	183 0
15385	185 0
15386	187 0
15387	189 0
15388	191 0
15389	193 0
15390	195 0
15391	196 0
15392	198 0
15393	200 0
15394	202 0
15395	204 0
15396	206 0
15397	207 0
15398	209 0
15399	209 0
15400	214 0
15401	199 0
15402	138 0
15403	140 0
15404	134 0
15405	126 0
15406	117 0
15407	103 0
15408	92 0
15409	78 0
15410	67 0
15411	148 0
15412	53 0
15413	45 0
15414	95 0
15415	93 0
15416	124 0
15417	207 0
15418	217 0
15419	233 0
15420	230 0
15421	230 0
15422	229 0
15423	229 0
15424	228 0
15425	228 0
15426	228 0
15427	228 0
15428	228 0
15429	228 0
15430	227 0
15431	227 0
15432	227 0
15433	227 0
15434	227 0
15435	227 0
15436	227 0
15437	229 0
15438	229 0
15439	228 0
15440	227 0
15441	222 0
15442	214 0
15443	203 0
15444	190 0
15445	178 0
15446	170 0
15447	165 0
15448	169 0
15449	203 0
15450	207 0
15451	207 0
15452	208 0
15453	208 0
15454	207 0
15455	207 0
15456	207 0
15457	207 0
15458	207 0
15459	208 0
15460	209 0
15461	210 0
15462	211 0
15463	212 0
15464	214 0
15465	218 0
15466	192 0
15467	177 0
15468	182 0
15469	181 0
15470	179 0
15471	176 0
15472	178 0
15473	191 0
15474	146 0
15475	136 0
15476	134 0
15477	137 0
15478	141 0
15479	140 0
15480	131 0
15481	125 0
15482	118 0
15483	109 0
15484	115 0
15485	121 0
15486	130 0
15487	133 0
15488	56 0
15489	52 0
15490	47 0
15491	107 0
15492	102 0
15493	33 0
15494	6 0
15495	6 0
15496	7 0
15497	0 0
15498	40 0
15499	155 0
15500	152 0
15501	169 0
15502	168 0
15503	157 0
15504	143 0
15505	153 0
15506	179 0
15507	176 0
15508	177 0
15509	179 0
15510	180 0
15511	182 0
15512	183 0
15513	185 0
15514	187 0
15515	189 0
15516	190 0
15517	192 0
15518	194 0
15519	196 0
15520	197 0
15521	199 0
15522	201 0
15523	203 0
15524	205 0
15525	207 0
15526	209 0
15527	210 0
15528	212 0
15529	211 0
15530	149 0
15531	145 0
15532	137 0
15533	124 0
15534	117 0
15535	102 0
15536	99 0
15537	48 0
15538	104 0
15539	123 0
15540	25 0
15541	75 0
15542	96 0
15543	118 0
15544	136 0
15545	205 0
15546	217 0
15547	233 0
15548	230 0
15549	230 0
15550	229 0
15551	229 0
15552	229 0
15553	228 0
15554	228 0
15555	228 0
15556	228 0
15557	228 0
15558	228 0
15559	227 0
15560	228 0
15561	228 0
15562	229 0
15563	229 0
15564	227 0
15565	222 0
15566	216 0
15567	210 0
15568	199 0
15569	189 0
15570	180 0
15571	174 0
15572	171 0
15573	171 0
15574	171 0
15575	169 0
15576	179 0
15577	207 0
15578	208 0
15579	208 0
15580	208 0
15581	208 0
15582	208 0
15583	208 0
15584	208 0
15585	208 0
15586	208 0
15587	208 0
15588	208 0
15589	209 0
15590	209 0
15591	210 0
15592	211 0
15593	214 0
15594	217 0
15595	185 0
15596	179 0
15597	183 0
15598	178 0
15599	173 0
15600	187 0
15601	177 0
15602	143 0
15603	144 0
15604	138 0
15605	135 0
15606	137 0
15607	139 0
15608	137 0
15609	131 0
15610	119 0
15611	109 0
15612	112 0
15613	119 0
15614	119 0
15615	129 0
15616	56 0
15617	50 0
15618	50 0
15619	113 0
15620	101 0
15621	43 0
15622	13 0
15623	5 0
15624	7 0
15625	4 0
15626	9 0
15627	128 0
15628	154 0
15629	160 0
15630	174 0
15631	162 0
15632	145 0
15633	150 0
15634	178 0
15635	175 0
15636	177 0
15637	178 0
15638	179 0
15639	181 0
15640	183 0
15641	184 0
15642	186 0
15643	188 0
15644	190 0
15645	192 0
15646	194 0
15647	195 0
15648	197 0
15649	198 0
15650	200 0
15651	202 0
15652	204 0
15653	206 0
15654	208 0
15655	210 0
15656	211 0
15657	217 0
15658	162 0
15659	151 0
15660	145 0
15661	126 0
15662	116 0
15663	106 0
15664	78 0
15665	38 0
15666	141 0
15667	64 0
15668	40 0
15669	97 0
15670	106 0
15671	134 0
15672	143 0
15673	203 0
15674	218 0
15675	234 0
15676	231 0
15677	230 0
15678	230 0
15679	230 0
15680	229 0
15681	228 0
15682	228 0
15683	228 0
15684	228 0
15685	228 0
15686	229 0
15687	229 0
15688	229 0
15689	226 0
15690	221 0
15691	215 0
15692	211 0
15693	214 0
15694	210 0
15695	187 0
15696	183 0
15697	180 0
15698	178 0
15699	177 0
15700	176 0
15701	173 0
15702	172 0
15703	168 0
15704	186 0
15705	208 0
15706	209 0
15707	209 0
15708	209 0
15709	209 0
15710	208 0
15711	209 0
15712	209 0
15713	208 0
15714	208 0
15715	208 0
15716	208 0
15717	208 0
15718	208 0
15719	208 0
15720	209 0
15721	207 0
15722	212 0
15723	217 0
15724	187 0
15725	179 0
15726	181 0
15727	174 0
15728	190 0
15729	155 0
15730	147 0
15731	146 0
15732	141 0
15733	136 0
15734	133 0
15735	135 0
15736	136 0
15737	136 0
15738	132 0
15739	124 0
15740	111 0
15741	115 0
15742	122 0
15743	119 0
15744	54 0
15745	47 0
15746	53 0
15747	119 0
15748	97 0
15749	37 0
15750	19 0
15751	5 0
15752	6 0
15753	7 0
15754	0 0
15755	87 0
15756	156 0
15757	151 0
15758	173 0
15759	164 0
15760	146 0
15761	146 0
15762	177 0
15763	175 0
15764	176 0
15765	177 0
15766	179 0
15767	180 0
15768	182 0
15769	184 0
15770	185 0
15771	188 0
15772	190 0
15773	192 0
15774	194 0
15775	195 0
15776	196 0
15777	198 0
15778	199 0
15779	201 0
15780	202 0
15781	205 0
15782	207 0
15783	210 0
15784	210 0
15785	218 0
15786	177 0
15787	153 0
15788	150 0
15789	128 0
15790	115 0
15791	111 0
15792	40 0
15793	84 0
15794	130 0
15795	21 0
15796	66 0
15797	96 0
15798	153 0
15799	142 0
15800	145 0
15801	203 0
15802	218 0
15803	234 0
15804	230 0
15805	230 0
15806	230 0
15807	229 0
15808	229 0
15809	228 0
15810	229 0
15811	229 0
15812	229 0
15813	228 0
15814	224 0
15815	217 0
15816	213 0
15817	209 0
15818	208 0
15819	211 0
15820	215 0
15821	220 0
15822	224 0
15823	201 0
15824	186 0
15825	185 0
15826	181 0
15827	178 0
15828	176 0
15829	173 0
15830	172 0
15831	169 0
15832	193 0
15833	209 0
15834	211 0
15835	210 0
15836	210 0
15837	210 0
15838	210 0
15839	210 0
15840	209 0
15841	209 0
15842	209 0
15843	209 0
15844	208 0
15845	208 0
15846	208 0
15847	207 0
15848	215 0
15849	172 0
15850	104 0
15851	211 0
15852	213 0
15853	183 0
15854	176 0
15855	184 0
15856	179 0
15857	139 0
15858	143 0
15859	149 0
15860	148 0
15861	145 0
15862	137 0
15863	135 0
15864	135 0
15865	137 0
15866	137 0
15867	133 0
15868	125 0
15869	117 0
15870	120 0
15871	126 0
15872	53 0
15873	46 0
15874	59 0
15875	123 0
15876	92 0
15877	32 0
15878	29 0
15879	8 0
15880	6 0
15881	7 0
15882	0 0
15883	42 0
15884	151 0
15885	148 0
15886	168 0
15887	167 0
15888	149 0
15889	143 0
15890	175 0
15891	174 0
15892	176 0
15893	177 0
15894	178 0
15895	180 0
15896	182 0
15897	184 0
15898	185 0
15899	188 0
15900	190 0
15901	192 0
15902	194 0
15903	195 0
15904	197 0
15905	199 0
15906	200 0
15907	200 0
15908	201 0
15909	203 0
15910	205 0
15911	209 0
15912	210 0
15913	218 0
15914	191 0
15915	152 0
15916	154 0
15917	131 0
15918	123 0
15919	92 0
15920	37 0
15921	142 0
15922	68 0
15923	22 0
15924	93 0
15925	108 0
15926	202 0
15927	178 0
15928	154 0
15929	201 0
15930	218 0
15931	234 0
15932	231 0
15933	230 0
15934	230 0
15935	230 0
15936	230 0
15937	230 0
15938	226 0
15939	221 0
15940	215 0
15941	210 0
15942	206 0
15943	205 0
15944	207 0
15945	209 0
15946	211 0
15947	213 0
15948	214 0
15949	216 0
15950	221 0
15951	221 0
15952	194 0
15953	186 0
15954	183 0
15955	180 0
15956	177 0
15957	174 0
15958	172 0
15959	172 0
15960	199 0
15961	212 0
15962	214 0
15963	212 0
15964	212 0
15965	212 0
15966	212 0
15967	212 0
15968	211 0
15969	210 0
15970	210 0
15971	210 0
15972	210 0
15973	209 0
15974	208 0
15975	209 0
15976	210 0
15977	208 0
15978	193 0
15979	205 0
15980	209 0
15981	211 0
15982	182 0
15983	188 0
15984	163 0
15985	141 0
15986	142 0
15987	144 0
15988	149 0
15989	147 0
15990	146 0
15991	137 0
15992	134 0
15993	136 0
15994	138 0
15995	139 0
15996	137 0
15997	129 0
15998	121 0
15999	125 0
16000	53 0
16001	42 0
16002	62 0
16003	126 0
16004	89 0
16005	28 0
16006	35 0
16007	14 0
16008	5 0
16009	6 0
16010	3 0
16011	8 0
16012	128 0
16013	151 0
16014	161 0
16015	169 0
16016	152 0
16017	142 0
16018	173 0
16019	175 0
16020	176 0
16021	176 0
16022	178 0
16023	180 0
16024	181 0
16025	184 0
16026	186 0
16027	188 0
16028	190 0
16029	192 0
16030	194 0
16031	196 0
16032	197 0
16033	198 0
16034	200 0
16035	200 0
16036	201 0
16037	202 0
16038	204 0
16039	207 0
16040	211 0
16041	216 0
16042	203 0
16043	155 0
16044	153 0
16045	131 0
16046	125 0
16047	53 0
16048	89 0
16049	134 0
16050	19 0
16051	59 0
16052	100 0
16053	145 0
16054	213 0
16055	194 0
16056	164 0
16057	201 0
16058	219 0
16059	235 0
16060	233 0
16061	232 0
16062	229 0
16063	225 0
16064	219 0
16065	213 0
16066	208 0
16067	205 0
16068	205 0
16069	206 0
16070	208 0
16071	208 0
16072	209 0
16073	209 0
16074	210 0
16075	211 0
16076	213 0
16077	215 0
16078	218 0
16079	224 0
16080	214 0
16081	188 0
16082	186 0
16083	182 0
16084	179 0
16085	175 0
16086	172 0
16087	177 0
16088	204 0
16089	221 0
16090	222 0
16091	222 0
16092	222 0
16093	222 0
16094	221 0
16095	221 0
16096	221 0
16097	221 0
16098	221 0
16099	221 0
16100	221 0
16101	221 0
16102	221 0
16103	220 0
16104	220 0
16105	222 0
16106	228 0
16107	226 0
16108	222 0
16109	212 0
16110	183 0
16111	166 0
16112	144 0
16113	146 0
16114	146 0
16115	141 0
16116	146 0
16117	149 0
16118	146 0
16119	143 0
16120	137 0
16121	134 0
16122	137 0
16123	138 0
16124	140 0
16125	138 0
16126	130 0
16127	124 0
16128	52 0
16129	40 0
16130	67 0
16131	128 0
16132	85 0
16133	26 0
16134	37 0
16135	29 0
16136	5 0
16137	4 0
16138	5 0
16139	0 0
16140	86 0
16141	156 0
16142	153 0
16143	171 0
16144	156 0
16145	139 0
16146	170 0
16147	175 0
16148	175 0
16149	176 0
16150	178 0
16151	179 0
16152	181 0
16153	184 0
16154	185 0
16155	188 0
16156	190 0
16157	192 0
16158	194 0
16159	196 0
16160	197 0
16161	198 0
16162	200 0
16163	200 0
16164	201 0
16165	202 0
16166	203 0
16167	205 0
16168	209 0
16169	214 0
16170	212 0
16171	161 0
16172	148 0
16173	137 0
16174	110 0
16175	54 0
16176	147 0
16177	67 0
16178	23 0
16179	95 0
16180	104 0
16181	191 0
16182	203 0
16183	205 0
16184	182 0
16185	198 0
16186	220 0
16187	230 0
16188	222 0
16189	216 0
16190	210 0
16191	207 0
16192	205 0
16193	206 0
16194	207 0
16195	208 0
16196	207 0
16197	207 0
16198	208 0
16199	208 0
16200	208 0
16201	209 0
16202	209 0
16203	210 0
16204	211 0
16205	214 0
16206	216 0
16207	219 0
16208	225 0
16209	204 0
16210	186 0
16211	184 0
16212	179 0
16213	177 0
16214	172 0
16215	183 0
16216	210 0
16217	226 0
16218	225 0
16219	225 0
16220	225 0
16221	225 0
16222	225 0
16223	224 0
16224	224 0
16225	225 0
16226	224 0
16227	224 0
16228	224 0
16229	224 0
16230	224 0
16231	224 0
16232	226 0
16233	224 0
16234	212 0
16235	192 0
16236	167 0
16237	146 0
16238	135 0
16239	140 0
16240	142 0
16241	144 0
16242	147 0
16243	143 0
16244	145 0
16245	150 0
16246	151 0
16247	145 0
16248	142 0
16249	135 0
16250	135 0
16251	137 0
16252	136 0
16253	139 0
16254	137 0
16255	133 0
16256	50 0
16257	38 0
16258	69 0
16259	128 0
16260	79 0
16261	25 0
16262	37 0
16263	39 0
16264	12 0
16265	3 0
16266	6 0
16267	1 0
16268	47 0
16269	151 0
16270	148 0
16271	168 0
16272	161 0
16273	138 0
16274	167 0
16275	175 0
16276	174 0
16277	175 0
16278	177 0
16279	179 0
16280	180 0
16281	182 0
16282	184 0
16283	187 0
16284	189 0
16285	192 0
16286	194 0
16287	196 0
16288	197 0
16289	198 0
16290	200 0
16291	200 0
16292	201 0
16293	202 0
16294	202 0
16295	203 0
16296	206 0
16297	210 0
16298	216 0
16299	169 0
16300	139 0
16301	137 0
16302	88 0
16303	108 0
16304	131 0
16305	23 0
16306	61 0
16307	104 0
16308	136 0
16309	214 0
16310	204 0
16311	208 0
16312	205 0
16313	209 0
16314	211 0
16315	207 0
16316	205 0
16317	205 0
16318	207 0
16319	208 0
16320	208 0
16321	208 0
16322	207 0
16323	208 0
16324	207 0
16325	207 0
16326	207 0
16327	207 0
16328	207 0
16329	208 0
16330	208 0
16331	208 0
16332	209 0
16333	211 0
16334	213 0
16335	216 0
16336	220 0
16337	221 0
16338	194 0
16339	185 0
16340	181 0
16341	177 0
16342	173 0
16343	188 0
16344	215 0
16345	227 0
16346	225 0
16347	225 0
16348	224 0
16349	224 0
16350	224 0
16351	223 0
16352	223 0
16353	223 0
16354	223 0
16355	223 0
16356	222 0
16357	222 0
16358	221 0
16359	214 0
16360	198 0
16361	173 0
16362	151 0
16363	135 0
16364	133 0
16365	138 0
16366	136 0
16367	135 0
16368	140 0
16369	141 0
16370	144 0
16371	147 0
16372	140 0
16373	144 0
16374	145 0
16375	145 0
16376	143 0
16377	141 0
16378	135 0
16379	136 0
16380	136 0
16381	132 0
16382	135 0
16383	137 0
