16384
0	125.9047303	-1.968825103e-10
1	116.6515896	-2.74846812e-10
2	130.1422751	-1.435136454e-10
3	150.3307868	2.086402162e-10
4	147.6666442	5.728058028e-10
5	132.5566752	7.61598784e-10
6	131.748375	7.955378578e-10
7	128.1418057	8.012595032e-10
8	120.1330046	7.869473961e-10
9	126.985685	6.752642889e-10
10	126.2399238	5.394067415e-10
11	121.9864403	5.492903909e-10
12	147.6613621	6.394333951e-10
13	173.2450568	5.396501024e-10
14	169.808021	1.931681481e-10
15	164.4888174	-1.613447154e-10
16	166.5844175	-3.775149082e-10
17	165.730085	-5.376996626e-10
18	167.8730922	-7.202984875e-10
19	173.08093	-9.007656843e-10
20	172.5888597	-1.022623763e-09
21	167.6090469	-9.814762336e-10
22	164.26019	-7.263256663e-10
23	163.494699	-4.62692995e-10
24	163.4295959	-4.570903656e-10
25	164.0540472	-6.409326403e-10
26	167.2670539	-7.55550289e-10
27	169.7467736	-7.821565617e-10
28	164.2741242	-8.509957183e-10
29	160.8703752	-8.79662565e-10
30	169.1736327	-7.264642221e-10
31	168.5549202	-5.140190495e-10
32	159.5585139	-4.573728063e-10
33	171.5301376	-5.072706699e-10
34	187.6947354	-4.376730089e-10
35	179.0948782	-1.615685363e-10
36	165.3732492	1.915072545e-10
37	166.5478489	4.181419655e-10
38	174.6722177	4.216378358e-10
39	175.8078259	3.096864987e-10
40	171.0334531	2.801261445e-10
41	175.0851501	3.943902982e-10
42	177.2031153	5.35566258e-10
43	163.5776093	5.981757312e-10
44	154.410845	6.213181081e-10
45	151.4492288	6.528413365e-10
46	144.067365	6.205631564e-10
47	148.7467903	4.352020966e-10
48	157.0026058	1.729691945e-10
49	145.8966908	-2.386357778e-11
50	138.0752704	-1.928555093e-10
51	153.9516471	-4.747171545e-10
52	172.0406218	-8.335625523e-10
53	177.5426363	-1.070054267e-09
54	180.6637726	-1.124062621e-09
55	182.2282245	-1.119259352e-09
56	174.6716832	-1.160632479e-09
57	168.0977922	-1.233797065e-09
58	170.8685421	-1.267146388e-09
59	173.0490176	-1.141449602e-09
60	169.7686548	-8.134968255e-10
61	166.1080324	-4.673914589e-10
62	167.6858424	-2.733155924e-10
63	172.1677149	-1.220268331e-10
64	170.3438212	1.246629466e-10
65	168.7971368	3.385611791e-10
66	173.3100275	3.899476297e-10
67	171.5855019	4.443005963e-10
68	166.4931426	6.498996896e-10
69	165.2953878	8.140990104e-10
70	162.8082479	7.246256928e-10
71	166.5040182	4.867697356e-10
72	175.3530216	3.34424044e-10
73	173.8543035	3.342037758e-10
74	167.9047021	4.17571755e-10
75	166.0152116	4.71205297e-10
76	164.0363763	4.044196089e-10
77	164.6315724	2.287858791e-10
78	169.4534198	3.175770757e-11
79	172.1602764	-1.864997046e-10
80	170.7163802	-4.925642116e-10
81	170.768798	-8.122658102e-10
82	171.7339328	-9.485674468e-10
83	164.8511086	-8.547367258e-10
84	156.8224001	-7.061959906e-10
85	158.8806351	-6.385683093e-10
86	163.9067624	-5.888374233e-10
87	168.8113288	-4.791971264e-10
88	177.2764045	-4.11001011e-10
89	183.7514188	-5.347366994e-10
90	184.1098884	-7.915268441e-10
91	180.4507434	-9.412097768e-10
92	178.3789964	-8.525944395e-10
93	177.5438295	-6.123102025e-10
94	173.4615821	-3.864730758e-10
95	175.7631238	-2.570388347e-10
96	182.2092034	-1.79278814e-10
97	177.4253811	-5.894307264e-11
98	173.3975898	8.965095333e-11
99	174.6121178	1.700328767e-10
100	168.0323852	1.864641774e-10
101	167.266676	3.186855224e-10
102	171.8078708	5.631317634e-10
103	159.8671634	6.457483437e-10
104	148.9472686	4.665832165e-10
105	159.1225939	3.200995025e-10
106	170.3723382	4.082707505e-10
107	166.1730589	5.425029315e-10
108	155.085614	5.119868973e-10
109	149.6326569	3.566569262e-10
110	149.779913	2.047499947e-10
111	147.5064653	1.058708676e-10
112	145.3608952	7.294076454e-11
113	151.6049892	4.731148806e-11
114	158.8078457	-8.74624817e-11
115	156.6011759	-3.040003804e-10
116	157.5063822	-4.650217988e-10
117	168.1000496	-5.924736257e-10
118	167.8786615	-8.133387297e-10
119	158.3934219	-1.05568887e-09
120	159.2678471	-1.098278801e-09
121	161.1827956	-9.736318418e-10
122	157.6911737	-9.11551723e-10
123	157.8832657	-9.563443371e-10
124	159.0802579	-8.988969569e-10
125	163.4765196	-6.091287474e-10
126	169.6328579	-2.339888283e-10
127	165.0765758	-2.813571598e-11
128	156.1954449	-4.354205885e-11
129	154.571382	-1.068709565e-10
130	163.8731793	-2.323830017e-11
131	177.7860594	2.223146112e-10
132	174.9473998	4.831850475e-10
133	163.2022692	6.376286166e-10
134	164.4875787	6.883489334e-10
135	163.0457359	6.828102528e-10
136	157.560467	6.138574093e-10
137	163.7617454	4.501465867e-10
138	161.0636367	3.141700233e-10
139	148.4337968	3.785505243e-10
140	155.6960303	5.42899059e-10
141	169.7297727	4.883116134e-10
142	166.343189	1.36124001e-10
143	162.5157863	-2.278977007e-10
144	168.5635086	-4.086473382e-10
145	168.2507638	-5.02517139e-10
146	163.4014311	-6.373905848e-10
147	166.5325217	-7.823892645e-10
148	167.8703132	-8.822080844e-10
149	159.9516615	-8.889546876e-10
150	153.6376517	-7.673293112e-10
151	154.4601741	-6.252758311e-10
152	157.2683613	-6.640910044e-10
153	157.5709452	-8.573426413e-10
154	161.9254732	-1.009880179e-09
155	172.008096	-1.104668357e-09
156	171.3753013	-1.238213088e-09
157	166.5957126	-1.286757367e-09
158	173.0990782	-1.076037037e-09
159	169.3380949	-7.472635843e-10
160	157.0930385	-5.920153257e-10
161	165.7979352	-5.899938316e-10
162	176.2566418	-4.628901706e-10
163	165.8838299	-1.060360688e-10
164	154.8778258	3.388898051e-10
165	157.3457138	6.643805506e-10
166	166.971984	7.876987951e-10
167	171.0016512	7.729070717e-10
168	168.8424828	7.595666318e-10
169	175.5910839	8.001066476e-10
170	183.9373957	8.551737096e-10
171	179.2127991	8.886935632e-10
172	172.5301631	9.182858918e-10
173	171.1737161	9.288569913e-10
174	173.4319976	8.070468738e-10
175	179.810797	5.007905202e-10
176	178.4412858	1.295674679e-10
177	164.3250315	-1.283897433e-10
178	156.1903207	-3.080309341e-10
179	162.6159372	-5.77257353e-10
180	166.1610472	-9.269243151e-10
181	159.4049061	-1.149015105e-09
182	158.1505197	-1.180616493e-09
183	163.9950889	-1.174154107e-09
184	162.936414	-1.233869895e-09
185	156.7638955	-1.316772469e-09
186	154.9001459	-1.349627965e-09
187	158.3889021	-1.279360617e-09
188	159.0098147	-1.088285018e-09
189	151.7622402	-8.487255343e-10
190	149.5887257	-6.731131208e-10
191	154.8606387	-4.931717257e-10
192	155.3864965	-2.552518197e-10
193	158.1343463	-1.057056664e-10
194	163.0262692	-1.715001474e-10
195	157.035316	-2.351612238e-10
196	150.7863799	-8.509459803e-11
197	151.9136287	1.224780277e-10
198	152.5968888	1.289244267e-10
199	155.5414151	1.564437468e-11
200	160.2921868	1.907807246e-11
201	160.6811508	1.664641758e-10
202	158.8396992	3.552553807e-10
203	157.9494723	4.963478517e-10
204	158.1874238	5.534577241e-10
205	157.7905094	5.02771158e-10
206	158.4497483	3.548592531e-10
207	160.8693359	1.02676978e-10
208	160.0469055	-2.272795285e-10
209	162.2551943	-5.124078939e-10
210	168.8877116	-5.679261506e-10
211	164.9598096	-4.230251704e-10
212	157.1970653	-3.061355613e-10
213	160.4565396	-3.535127746e-10
214	166.2191052	-4.496065742e-10
215	169.3752708	-4.733884396e-10
216	174.3953474	-4.926228314e-10
217	178.5781815	-6.574900624e-10
218	177.2249252	-9.221174935e-10
219	171.874232	-1.042872455e-09
220	168.402013	-9.389093947e-10
221	163.8075544	-7.200764429e-10
222	157.8621589	-5.255795799e-10
223	162.4144007	-3.821689631e-10
224	168.2601848	-2.473790062e-10
225	162.1859977	-1.227586921e-10
226	158.9303928	-3.910294311e-11
227	160.6377568	-1.317701503e-11
228	157.5008448	3.150901762e-11
229	160.4377204	2.491411522e-10
230	168.0824976	5.733120645e-10
231	162.721354	6.763354321e-10
232	153.7859131	4.423021949e-10
233	161.802283	1.841655717e-10
234	175.3711976	1.846789388e-10
235	173.8937974	2.880469196e-10
236	166.0261126	2.68425282e-10
237	161.8853619	1.602131761e-10
238	155.4786538	9.119460742e-11
239	152.4919141	5.538147718e-11
240	157.8149796	1.200461952e-11
241	163.0045077	-3.401723347e-11
242	164.6370792	-1.233164681e-10
243	161.6532068	-2.584172876e-10
244	160.7812358	-3.808366955e-10
245	167.7064812	-5.157527738e-10
246	167.7979229	-7.420961623e-10
247	161.8226095	-9.38129574e-10
248	164.3679823	-8.86890561e-10
249	166.8270516	-6.726708079e-10
250	164.0954505	-5.786056079e-10
251	162.6123467	-6.723137602e-10
252	162.320815	-7.119069778e-10
253	165.8313295	-5.152465121e-10
254	168.5269219	-2.098712315e-10
255	164.292474	-3.649347491e-11
256	160.5903918	-5.083222732e-11
257	159.3583981	-9.858780459e-11
258	161.4329551	-4.040145996e-11
259	166.8802225	9.717204819e-11
260	163.2667705	2.525926135e-10
261	154.730096	3.822417938e-10
262	155.158393	4.887539262e-10
263	157.6168099	5.538360881e-10
264	160.1505728	5.247571266e-10
265	168.8793777	4.058673397e-10
266	170.6912298	3.456221975e-10
267	159.587952	5.117684054e-10
268	156.3945869	7.792202439e-10
269	164.8661972	7.972076332e-10
270	165.1576765	4.602327408e-10
271	163.3984359	6.70610234e-11
272	171.0664659	-1.438511532e-10
273	169.5389551	-2.617017714e-10
274	160.2083149	-4.028226641e-10
275	163.8684082	-5.191846952e-10
276	168.3665204	-5.599165576e-10
277	160.8068922	-5.642473155e-10
278	155.28908	-5.422826632e-10
279	160.3145195	-5.366640465e-10
280	165.9025373	-6.396678742e-10
281	162.5487222	-8.392966322e-10
282	163.3956863	-9.896243824e-10
283	175.4787034	-1.079841994e-09
284	176.8363879	-1.199897071e-09
285	170.1079138	-1.204748301e-09
286	171.8044656	-9.030269865e-10
287	165.779953	-4.521982788e-10
288	154.5470176	-1.912283665e-10
289	159.7350022	-1.405204841e-10
290	166.689844	-1.571009989e-11
291	160.5447907	3.111413349e-10
292	154.5923768	6.910507722e-10
293	159.2173786	9.622809216e-10
294	169.0983553	1.088851675e-09
295	171.8908052	1.106108982e-09
296	169.3463604	1.053599874e-09
297	174.0965121	9.68530145e-10
298	180.9999095	8.630447468e-10
299	176.7181973	7.849987327e-10
300	165.0474368	7.888996123e-10
301	162.1678606	8.015703656e-10
302	171.7342706	6.829630195e-10
303	177.454315	3.823341643e-10
304	171.0888493	2.523847797e-11
305	162.2566494	-2.054569848e-10
306	160.3957131	-3.382822911e-10
307	165.9918787	-5.352056576e-10
308	167.5858917	-8.048814948e-10
309	160.8283974	-9.730918293e-10
310	160.0722876	-9.877272333e-10
311	168.1348723	-1.004201167e-09
312	171.7658504	-1.105316727e-09
313	166.5131161	-1.186643672e-09
314	163.0370442	-1.189405907e-09
315	171.0144014	-1.154349505e-09
316	176.0651084	-1.086275958e-09
317	166.8116655	-9.944542967e-10
318	161.0503193	-8.988934042e-10
319	163.3362357	-7.377032318e-10
320	165.3162677	-4.923794705e-10
321	172.4980628	-3.356124267e-10
322	176.0343346	-3.900773038e-10
323	165.8075775	-4.528484254e-10
324	157.276546	-2.707434277e-10
325	158.9876222	2.692779333e-11
326	163.330952	1.733777566e-10
327	164.5345601	2.421884915e-10
328	163.5813299	4.026041722e-10
329	164.3537396	6.759179882e-10
330	164.5300593	8.658442852e-10
331	165.4705122	1.004309524e-09
332	169.5374428	1.086791102e-09
333	167.9472224	1.091333246e-09
334	162.9806723	9.309779614e-10
335	161.3253972	5.867946129e-10
336	158.4611628	1.243272152e-10
337	160.8142561	-2.375699637e-10
338	168.0123804	-3.294555739e-10
339	163.9770375	-2.028173185e-10
340	156.3964439	-1.07236886e-10
341	160.1208669	-2.172377833e-10
342	166.9774934	-4.097291395e-10
343	169.7152412	-5.383764545e-10
344	172.7104576	-6.434266453e-10
345	175.5858677	-8.411937813e-10
346	172.8435314	-1.049679454e-09
347	167.9914181	-1.10088294e-09
348	165.6488155	-9.317293603e-10
349	160.4800958	-7.055938056e-10
350	157.9175442	-5.204725539e-10
351	165.735952	-3.433608953e-10
352	170.1697404	-1.466560207e-10
353	165.3366841	-1.422861828e-11
354	162.0258845	-1.876365729e-11
355	160.9203773	-9.185541217e-11
356	159.3697734	-9.747402885e-11
357	161.1564861	1.23604238e-10
358	166.4767338	4.646558693e-10
359	165.9536076	6.053078039e-10
360	158.2982916	3.823785732e-10
361	161.4543738	9.917222599e-11
362	173.2884414	5.890044008e-11
363	173.9461541	1.556159646e-10
364	170.8929462	1.557634022e-10
365	168.5450628	1.462439059e-10
366	159.0545555	2.139337596e-10
367	157.7262469	2.990496739e-10
368	167.0902077	2.673044008e-10
369	170.0365513	1.947242367e-10
370	168.2598094	1.246576176e-10
371	164.9370753	5.076117304e-11
372	161.407463	-4.657429997e-11
373	163.9394878	-2.14617657e-10
374	165.9896196	-4.762199524e-10
375	165.8289959	-7.107345823e-10
376	170.9181585	-6.562856925e-10
377	175.8060939	-4.539568721e-10
378	174.2728431	-3.686135841e-10
379	169.8383587	-5.32644151e-10
380	167.1845265	-6.563976029e-10
381	165.752964	-5.915836709e-10
382	161.5474632	-3.929123693e-10
383	157.654372	-3.034319462e-10
384	157.048709	-3.042632812e-10
385	155.8227725	-2.489777273e-10
386	155.2091249	-1.237392411e-10
387	157.8710625	2.864553039e-11
388	160.1173018	1.621263124e-10
389	158.3649088	3.300701934e-10
390	156.0195399	5.221796329e-10
391	158.8701441	7.04769576e-10
392	164.0210101	7.276845793e-10
393	169.3050438	6.725748847e-10
394	172.6771479	6.563443122e-10
395	163.5797504	8.852953925e-10
396	152.8970944	1.199580879e-09
397	157.4785471	1.269583549e-09
398	162.1915991	9.642047161e-10
399	164.2193943	5.448921314e-10
400	172.7198468	2.729390047e-10
401	170.0800438	6.240519212e-11
402	160.0753744	-1.590336751e-10
403	165.5375534	-2.911058061e-10
404	172.0881399	-2.673861133e-10
405	163.9818848	-2.320721393e-10
406	157.4144042	-2.535376353e-10
407	164.16697	-3.60115493e-10
408	169.281494	-5.21861665e-10
409	159.9807511	-7.278320169e-10
410	155.2482064	-8.646079408e-10
411	166.1385336	-9.46343448e-10
412	171.4867028	-1.020111995e-09
413	168.0038499	-9.899920883e-10
414	167.7156911	-6.770299876e-10
415	164.6640639	-1.997140231e-10
416	159.0780998	7.49835749e-11
417	160.8299972	1.024424989e-10
418	164.9750626	1.575166664e-10
419	161.5826185	3.447215846e-10
420	155.7244033	5.434550587e-10
421	159.0455374	6.611067249e-10
422	166.3754666	7.504024069e-10
423	166.5224962	8.417924136e-10
424	164.515247	8.569465137e-10
425	168.2188795	7.544738168e-10
426	174.6137689	6.014566623e-10
427	171.394726	5.121520985e-10
428	156.9764605	5.289315652e-10
429	154.6015107	6.169642575e-10
430	167.1794049	5.869686959e-10
431	168.4725719	3.980016317e-10
432	159.5555333	1.598685628e-10
433	157.000366	1.545252815e-11
434	159.9300292	-3.897682177e-11
435	165.7998045	-1.273736672e-10
436	169.7268515	-2.972697644e-10
437	166.6572712	-4.091553762e-10
438	164.365079	-4.38758363e-10
439	168.8544477	-5.586713314e-10
440	172.3145482	-7.718590211e-10
441	166.128353	-9.378950949e-10
442	162.2586038	-9.237233201e-10
443	173.3726129	-8.99310848e-10
444	180.6394139	-8.939871066e-10
445	172.8339228	-9.272458357e-10
446	165.8241933	-8.975522547e-10
447	163.5717856	-7.655884815e-10
448	166.3250566	-5.240377021e-10
449	176.1647735	-3.08578052e-10
450	178.35334	-3.042188723e-10
451	168.0394775	-2.929105847e-10
452	159.9752096	-8.031086907e-11
453	162.9122164	2.743387739e-10
454	169.9800297	4.876294923e-10
455	168.2650924	6.459703883e-10
456	161.614763	8.805862706e-10
457	159.4283429	1.133008354e-09
458	157.3548292	1.212715262e-09
459	159.3471884	1.195063604e-09
460	167.0988062	1.203556366e-09
461	166.545336	1.19760557e-09
462	159.8048789	1.048857001e-09
463	156.0720782	6.244764705e-10
464	154.5623872	9.246647892e-11
465	159.3539793	-3.517985903e-10
466	165.4945816	-4.82968332e-10
467	160.7332711	-3.788809266e-10
468	153.804265	-2.651106001e-10
469	158.1107647	-3.379625468e-10
470	166.7481757	-4.777334084e-10
471	169.9126349	-5.980922424e-10
472	171.5683659	-7.095550814e-10
473	172.5442712	-8.821032793e-10
474	168.6563952	-1.020538321e-09
475	166.3439195	-9.726335293e-10
476	165.1204199	-7.657874335e-10
477	159.6092623	-5.688818305e-10
478	161.0602186	-4.809006526e-10
479	169.8022035	-3.36862982e-10
480	173.1874399	-1.401687655e-10
481	172.6962653	-1.008615413e-11
482	169.9850203	-7.838885097e-11
483	167.0848019	-2.253202069e-10
484	167.7516053	-2.833502322e-10
485	166.4642928	-8.494183135e-11
486	167.0670867	2.559588097e-10
487	169.5356463	4.406910392e-10
488	163.7242559	3.150617545e-10
489	161.7681883	1.124860205e-10
490	168.0547483	9.243983357e-11
491	168.0040652	1.812789918e-10
492	166.4578671	1.9554669e-10
493	164.1456815	2.406039812e-10
494	156.3924599	4.261231368e-10
495	158.0288587	5.981330986e-10
496	166.8652977	5.651941137e-10
497	168.0317694	4.363833739e-10
498	167.100734	3.436770868e-10
499	166.3055114	2.804299015e-10
500	161.517848	1.74514625e-10
501	159.444411	-5.190514685e-11
502	161.8942281	-3.704663243e-10
503	163.9116519	-6.792504337e-10
504	167.9617088	-7.160192439e-10
505	173.6504305	-5.874500886e-10
506	172.4036004	-5.369837908e-10
507	167.592443	-6.772662431e-10
508	166.95875	-7.93916044e-10
509	163.0776216	-7.217781928e-10
510	156.5175087	-5.684341886e-10
511	157.2998059	-5.025082572e-10
512	160.1712311	-4.582023649e-10
513	159.6027184	-2.920863551e-10
514	157.3108801	-7.446843142e-11
515	157.2158131	1.181845732e-10
516	164.2492896	2.445812441e-10
517	166.2028166	4.098552608e-10
518	158.2922532	6.478693138e-10
519	157.7622987	8.812186536e-10
520	160.8368962	9.376481813e-10
521	161.8028035	8.974900823e-10
522	168.3131608	8.964597953e-10
523	166.027714	1.081728485e-09
524	155.5787214	1.341811995e-09
525	158.797542	1.389850013e-09
526	167.159346	1.124186966e-09
527	172.4080481	7.199805196e-10
528	177.8820858	4.183799973e-10
529	171.0188268	1.199396138e-10
530	159.4596129	-1.792326287e-10
531	164.2875702	-3.645777014e-10
532	171.3962515	-2.875903959e-10
533	163.2149854	-1.760582791e-10
534	156.3698284	-1.969802099e-10
535	165.101652	-3.399538429e-10
536	170.693483	-5.354579002e-10
537	159.8410311	-7.495053467e-10
538	151.9638851	-9.226255315e-10
539	159.2118371	-9.973266657e-10
540	167.6006537	-1.066794653e-09
541	167.0830167	-1.038230835e-09
542	163.7288885	-7.919460643e-10
543	163.8081189	-3.88610033e-10
544	162.8950687	-1.519637749e-10
545	161.5099773	-1.208224631e-10
546	165.3108893	-8.589751133e-11
547	164.6798501	4.89848162e-11
548	158.7017715	1.523350335e-10
549	161.5561251	1.669704375e-10
550	167.2021355	2.488107498e-10
551	167.0359018	4.555058553e-10
552	166.9245991	6.266507313e-10
553	169.4997861	6.353690907e-10
554	174.836222	5.523581592e-10
555	172.3566714	5.032774197e-10
556	158.6957599	5.913314283e-10
557	157.7114659	7.365201782e-10
558	166.789337	8.101928017e-10
559	160.7161836	7.528146995e-10
560	151.1397758	6.425580068e-10
561	153.4969502	5.226521438e-10
562	157.9293805	4.683542443e-10
563	161.7390584	3.638316315e-10
564	166.8029582	2.234106233e-10
565	166.1247552	1.240465508e-10
566	159.9318774	2.039612923e-11
567	158.7246108	-2.456630455e-10
568	159.9779244	-6.503313443e-10
569	153.3049396	-9.157670178e-10
570	151.0902114	-9.278782187e-10
571	162.9163112	-8.448317601e-10
572	171.5768032	-8.344827052e-10
573	170.8982283	-8.67471428e-10
574	167.3944155	-8.537579532e-10
575	163.1933139	-7.354508114e-10
576	166.668405	-5.388738344e-10
577	175.2668446	-3.393463288e-10
578	175.0484865	-2.921982656e-10
579	167.2337893	-2.409077382e-10
580	161.9683943	-5.697131655e-11
581	166.0719045	2.608224747e-10
582	172.5700154	4.745910331e-10
583	168.3526125	6.588294355e-10
584	160.6079387	9.303864346e-10
585	156.9540428	1.139289552e-09
586	153.7932275	1.099413893e-09
587	158.3465814	8.976250854e-10
588	169.6307756	8.142375663e-10
589	173.2688552	8.201297419e-10
590	169.4654305	7.241673927e-10
591	166.2045769	3.697842033e-10
592	167.5323668	-1.033342301e-10
593	173.2393277	-4.868887515e-10
594	174.879433	-5.827800464e-10
595	166.8194618	-4.707416679e-10
596	157.8992132	-3.084128508e-10
597	159.7969778	-2.86913604e-10
598	167.1629342	-3.335500764e-10
599	169.3272744	-3.987441488e-10
600	169.5446856	-5.365929923e-10
601	168.3590298	-7.31596117e-10
602	165.8881715	-8.745022484e-10
603	169.1790965	-8.10288725e-10
604	169.1865343	-6.378328976e-10
605	163.0881907	-5.498854705e-10
606	165.2722649	-6.060929536e-10
607	169.8848173	-5.658122859e-10
608	171.0890708	-4.023359423e-10
609	173.5655986	-2.667857046e-10
610	169.5283346	-3.222098144e-10
611	164.850702	-4.523812436e-10
612	166.7257001	-4.658939901e-10
613	162.7123734	-2.560209822e-10
614	159.3693995	5.777067713e-11
615	163.5004399	2.492583917e-10
616	161.3950418	2.346460803e-10
617	157.6195962	1.438422714e-10
618	160.0798108	2.009752365e-10
619	160.6655292	3.10141246e-10
620	158.6951401	3.334097443e-10
621	156.3324107	4.064322212e-10
622	154.9971133	6.485230131e-10
623	158.9721907	8.469189794e-10
624	162.5620343	7.697913418e-10
625	161.2304473	5.249720658e-10
626	162.6292214	3.444853292e-10
627	166.1025938	2.454729753e-10
628	162.8792021	1.097326674e-10
629	159.129887	-1.255315851e-10
630	162.1607616	-4.404228093e-10
631	163.9463516	-7.182929807e-10
632	165.693222	-8.098712811e-10
633	171.0276192	-7.390585921e-10
634	169.457812	-7.325553497e-10
635	166.7088807	-8.204850133e-10
636	169.2291817	-8.379679173e-10
637	163.4319091	-6.872227232e-10
638	156.8338851	-5.489848576e-10
639	161.1003388	-5.292264404e-10
640	164.2019036	-5.081179921e-10
641	162.5904102	-3.321076747e-10
642	157.5139649	-9.154987879e-11
643	154.5142929	6.640732408e-11
644	164.3315193	9.671197176e-11
645	168.813233	1.95372607e-10
646	159.7517981	4.2551207e-10
647	159.0831259	6.355840299e-10
648	161.6493377	7.055778184e-10
649	161.139003	6.971401234e-10
650	170.2907873	7.272280556e-10
651	175.1003393	8.526104267e-10
652	167.2059952	9.942890955e-10
653	165.8074451	1.001311034e-09
654	172.1200162	7.954028547e-10
655	176.3491706	5.138733883e-10
656	175.5034831	2.761790796e-10
657	164.6232306	4.19060342e-11
658	153.1555069	-2.785700559e-10
659	158.2817213	-4.677911392e-10
660	168.2086296	-3.507700796e-10
661	163.5144024	-1.399609317e-10
662	158.9073758	-1.397051363e-10
663	168.5938485	-3.585967079e-10
664	174.3302358	-5.807727632e-10
665	166.2629263	-8.192131418e-10
666	157.9326423	-1.013177098e-09
667	160.1525545	-1.11970877e-09
668	169.1016121	-1.118642956e-09
669	169.3390993	-1.064030641e-09
670	163.2335386	-8.568186161e-10
671	166.0722815	-5.775255829e-10
672	168.1470105	-3.818581007e-10
673	165.8940299	-3.395896897e-10
674	171.2886663	-2.435776025e-10
675	172.9374666	-6.529354835e-11
676	167.6985016	1.015365569e-11
677	169.0677452	-2.982503133e-12
678	170.9819409	6.42170761e-11
679	169.893671	3.641851265e-10
680	170.1467313	6.803713148e-10
681	170.5195383	7.979590322e-10
682	173.7994366	7.464500129e-10
683	172.9949922	7.51697371e-10
684	166.2429988	8.500826709e-10
685	169.7070461	9.771348175e-10
686	174.1329167	1.034287322e-09
687	163.5486902	1.038600317e-09
688	156.0840657	9.441762927e-10
689	161.652413	7.913758537e-10
690	164.7205536	6.02296879e-10
691	163.571275	4.165592316e-10
692	166.7290916	2.613660399e-10
693	166.4254981	1.554862905e-10
694	158.447097	6.753353432e-11
695	156.4414376	-2.28855157e-10
696	158.8826604	-7.148042158e-10
697	155.3940225	-1.053376053e-09
698	155.7809864	-1.052262277e-09
699	163.2577387	-9.145004753e-10
700	169.5576855	-8.423803877e-10
701	174.2042584	-8.242189153e-10
702	171.6859901	-7.722569251e-10
703	164.3041146	-6.554543575e-10
704	164.6764551	-5.267342118e-10
705	166.4911716	-4.127862496e-10
706	162.101263	-3.312390362e-10
707	157.7124198	-2.672262411e-10
708	158.4219459	-1.115463277e-10
709	165.5402002	1.271427408e-10
710	170.6048703	3.152216266e-10
711	167.871602	5.251798996e-10
712	165.419538	8.106830762e-10
713	163.3832845	1.043900966e-09
714	160.895088	9.438920756e-10
715	165.535139	6.850537915e-10
716	173.7545524	5.192752894e-10
717	176.6519143	5.78591397e-10
718	172.8545776	5.734772657e-10
719	168.0730243	3.86897625e-10
720	169.5516739	6.931699659e-11
721	173.1472799	-1.49022128e-10
722	170.8602484	-2.008562205e-10
723	162.9828445	-1.041886577e-10
724	156.0467733	-7.485567721e-12
725	157.8885524	2.186695269e-11
726	163.8932959	-7.656097978e-12
727	165.7873763	-1.209752298e-10
728	165.2775537	-3.321858344e-10
729	162.2423704	-6.358380489e-10
730	163.0402965	-8.131664231e-10
731	171.3852376	-8.048441913e-10
732	171.1696747	-6.693205989e-10
733	164.3961557	-6.494946803e-10
734	164.1577288	-7.812683833e-10
735	162.7312289	-8.556568787e-10
736	162.6381453	-7.109903777e-10
737	166.8895859	-5.453042462e-10
738	162.9876071	-5.555556015e-10
739	159.9173229	-5.620783838e-10
740	164.9000215	-4.246238916e-10
741	163.6396478	-1.25067956e-10
742	161.0786227	1.640625413e-10
743	166.4487085	3.670823645e-10
744	168.1522914	3.985975994e-10
745	164.1518405	4.314149038e-10
746	165.0782956	5.049578533e-10
747	167.43777	6.031362076e-10
748	162.8699112	5.948548321e-10
749	159.6921385	6.307372402e-10
750	164.9383334	8.413794106e-10
751	168.384805	1.031326136e-09
752	164.3316155	9.310543447e-10
753	159.8911735	5.637010858e-10
754	162.3946584	3.028839402e-10
755	168.7611664	1.836681918e-10
756	168.177976	3.956035499e-11
757	165.6103488	-1.64668279e-10
758	168.9242821	-3.648512603e-10
759	168.3356204	-4.965547973e-10
760	166.3434473	-6.022373711e-10
761	168.170023	-6.539293551e-10
762	164.7341612	-7.350777764e-10
763	163.6882432	-8.42391934e-10
764	166.0895729	-8.283498332e-10
765	158.2739473	-6.67722766e-10
766	153.8125428	-5.517915014e-10
767	160.3806016	-5.883995513e-10
768	163.4708293	-6.743423597e-10
769	161.6899378	-5.512825751e-10
770	155.2354616	-3.323892273e-10
771	151.2716416	-2.603348648e-10
772	160.5908896	-3.256346304e-10
773	164.4637287	-3.052056385e-10
774	156.4248848	-1.134514704e-10
775	156.3730986	1.044373477e-10
776	158.9332763	2.092672702e-10
777	157.180426	3.26110694e-10
778	164.4052197	5.18601162e-10
779	173.318623	6.961808907e-10
780	169.2159466	7.865397222e-10
781	163.963254	7.850458061e-10
782	168.3937336	6.583809053e-10
783	172.4288425	5.040714512e-10
784	168.8023869	4.34576819e-10
785	159.7338621	3.152118566e-10
786	152.4186761	3.669065052e-11
787	159.15013	-1.54025237e-10
788	171.6331329	-4.216893501e-11
789	170.5584242	1.62711622e-10
790	167.1352222	1.562039387e-10
791	173.0995778	-1.211297729e-10
792	176.601766	-3.8917225e-10
793	173.806381	-6.851825773e-10
794	168.3755232	-9.098570786e-10
795	167.9037993	-1.016835505e-09
796	175.9294231	-9.466250006e-10
797	174.908564	-8.27443003e-10
798	166.6062681	-6.800027208e-10
799	168.6863576	-4.993445657e-10
800	169.5957023	-4.165690015e-10
801	166.4305031	-3.985993757e-10
802	170.8138809	-3.101572332e-10
803	172.6320969	-4.909406215e-11
804	169.9340839	5.937650371e-11
805	170.0969192	4.482991756e-11
806	168.4557814	8.92983465e-11
807	167.4017999	4.063576142e-10
808	168.6716697	7.297389359e-10
809	168.2733507	8.419815956e-10
810	169.0124296	7.583054185e-10
811	169.5222809	7.384963752e-10
812	170.8415388	7.719815898e-10
813	177.2622795	7.895479825e-10
814	177.5412459	8.507559102e-10
815	167.0580755	8.865237433e-10
816	163.2652285	8.69457395e-10
817	170.6535203	7.039915317e-10
818	172.3499269	4.879536775e-10
819	167.6104699	2.372768648e-10
820	168.897027	1.025615148e-10
821	168.4805582	6.57029986e-11
822	161.8922514	6.84314827e-11
823	162.6671575	-1.628643886e-10
824	167.2032083	-5.744826836e-10
825	166.993334	-8.933653817e-10
826	166.0018148	-8.868497048e-10
827	163.1681498	-7.018741144e-10
828	163.7480649	-6.246931861e-10
829	169.5955586	-5.576632489e-10
830	166.4500161	-4.481082172e-10
831	159.1502815	-3.427480522e-10
832	159.0815088	-2.916982211e-10
833	157.5047875	-2.52381227e-10
834	152.4451585	-2.062812143e-10
835	152.2047108	-1.428190899e-10
836	159.2082211	-4.264499864e-11
837	167.0373278	1.097690827e-10
838	166.9967817	2.510933683e-10
839	165.2707206	4.459028702e-10
840	167.2165296	7.768727883e-10
841	165.5963726	1.076064571e-09
842	164.2522773	1.054997867e-09
843	167.9939638	7.968461446e-10
844	171.0360297	6.773488437e-10
845	171.3825372	7.580895911e-10
846	168.0073611	7.88435095e-10
847	164.6979618	6.582974166e-10
848	167.3464373	4.824434185e-10
849	169.6247531	3.576987595e-10
850	167.3658272	3.38292061e-10
851	164.2951109	3.289111206e-10
852	163.2901705	2.971090041e-10
853	166.0413782	2.657145615e-10
854	168.815335	2.219140427e-10
855	168.8722651	6.119371676e-11
856	165.7494936	-2.368159002e-10
857	160.6577608	-6.110063566e-10
858	165.0408208	-8.557359266e-10
859	175.6581143	-8.497069715e-10
860	175.501124	-7.093721166e-10
861	171.5236736	-6.768159366e-10
862	171.1596811	-7.790692536e-10
863	168.0206302	-8.201475055e-10
864	168.2973386	-6.894360638e-10
865	171.3810811	-5.065485809e-10
866	167.6838184	-4.367022299e-10
867	165.9502253	-3.056532805e-10
868	171.635001	5.447198248e-12
869	173.6967832	4.077911342e-10
870	171.3963498	6.612710379e-10
871	173.4376999	7.707745553e-10
872	174.0285163	7.577218852e-10
873	167.5530649	7.857989814e-10
874	167.2565064	8.240643723e-10
875	170.824504	8.589218226e-10
876	163.1604552	8.006075802e-10
877	159.4299495	7.431806281e-10
878	168.6095502	9.280878288e-10
879	169.5789591	1.154132789e-09
880	159.8463416	1.056081445e-09
881	153.769512	7.018083892e-10
882	155.8754404	4.499725037e-10
883	161.7716877	2.989990477e-10
884	162.8416818	1.376463388e-10
885	163.2906092	-4.896616446e-11
886	167.8685266	-1.473239308e-10
887	167.2304637	-1.579287812e-10
888	163.9134664	-2.267457333e-10
889	162.8821096	-3.785496361e-10
890	161.1116665	-6.03401773e-10
891	163.4499295	-7.898943721e-10
892	163.5787223	-8.259313233e-10
893	155.3306607	-6.743148262e-10
894	154.3458705	-5.818066029e-10
895	161.8940409	-6.895932714e-10
896	165.3638132	-8.436886745e-10
897	163.1317437	-7.847384964e-10
898	155.9832224	-6.203055847e-10
899	152.280856	-5.466036512e-10
900	157.5368044	-6.127249819e-10
901	157.7732621	-5.781961576e-10
902	150.7483853	-3.458806574e-10
903	151.0841312	-9.262102196e-11
904	155.5304263	1.22250654e-10
905	154.1242225	4.230225059e-10
906	157.1560031	8.23630053e-10
907	167.7109151	1.105321168e-09
908	168.1576048	1.198159794e-09
909	162.5427654	1.142735684e-09
910	166.9985766	1.005053818e-09
911	170.7149266	9.216636343e-10
912	165.9038604	9.002789625e-10
913	160.0280016	8.331104695e-10
914	155.969365	5.843583395e-10
915	161.0909363	3.567768303e-10
916	170.9937685	4.318296831e-10
917	170.0383548	5.773586054e-10
918	164.6099901	5.071072451e-10
919	162.8531794	1.692983531e-10
920	163.1190137	-1.659268278e-10
921	166.4326712	-5.054259233e-10
922	167.0351555	-8.465974588e-10
923	168.1804623	-9.614486984e-10
924	175.0312601	-8.572644816e-10
925	173.162801	-6.284697207e-10
926	164.7795342	-4.95552932e-10
927	163.510815	-3.830722406e-10
928	162.6078503	-4.201714532e-10
929	160.7325455	-5.01108488e-10
930	162.544005	-4.442020085e-10
931	164.4186388	-2.072511052e-10
932	167.019211	-6.879563585e-11
933	167.9566508	-9.154188518e-11
934	164.7075305	-5.046985052e-11
935	164.2991034	2.385478481e-10
936	166.7830401	5.164535466e-10
937	166.0141267	5.70905101e-10
938	162.819099	5.035154516e-10
939	162.6623645	4.608580184e-10
940	167.6994227	4.751941063e-10
941	172.3129657	4.795905895e-10
942	170.6964275	5.811315873e-10
943	165.420923	7.320775097e-10
944	166.0012646	8.914247118e-10
945	173.6321077	8.531602091e-10
946	174.6129151	6.733644753e-10
947	169.3886256	4.055173974e-10
948	169.7983545	2.660156539e-10
949	168.4238243	2.551212575e-10
950	163.2609346	3.098037382e-10
951	165.2253351	1.899591595e-10
952	170.7104088	-1.361186719e-10
953	174.2156922	-3.683222616e-10
954	171.459033	-3.726610132e-10
955	161.6167358	-2.407354316e-10
956	160.8272862	-2.10535589e-10
957	167.9779065	-1.622249002e-10
958	166.5888171	-8.096012749e-11
959	164.0448148	-5.640821144e-11
960	166.9384998	-1.277804529e-10
961	166.0373597	-2.220339468e-10
962	160.7571632	-2.131832488e-10
963	159.9633523	-1.329754085e-10
964	167.016008	-2.164490809e-11
965	169.2562898	9.953549096e-11
966	161.8277972	2.177280578e-10
967	161.2323584	3.760511902e-10
968	165.9862657	7.370672961e-10
969	164.8925259	1.073881428e-09
970	167.1769118	1.117224535e-09
971	173.9821217	9.586456073e-10
972	175.9503918	8.924754269e-10
973	173.9714831	9.564793402e-10
974	170.3765246	9.885683383e-10
975	168.414915	8.279235075e-10
976	169.2092421	6.878702052e-10
977	167.4501073	6.634532923e-10
978	163.964303	6.314717638e-10
979	163.9919312	5.287876803e-10
980	167.8014086	4.077307381e-10
981	170.9228929	3.281739325e-10
982	171.4712153	2.692983614e-10
983	170.9406808	1.340785261e-10
984	165.4981224	-1.688009732e-10
985	160.3033082	-5.667262215e-10
986	167.238401	-8.355538483e-10
987	175.0429755	-8.317675437e-10
988	173.1422715	-6.565779032e-10
989	171.8641848	-5.372218226e-10
990	172.5377407	-5.121050251e-10
991	171.1382898	-4.654783226e-10
992	170.1680545	-3.204769783e-10
993	167.827358	-1.854045806e-10
994	163.8132151	-1.77616144e-10
995	162.8301103	-2.753441919e-11
996	167.9456488	3.492779399e-10
997	173.1532308	7.357749965e-10
998	170.8600288	9.124265787e-10
999	168.5035834	8.888205727e-10
1000	166.6766734	8.221192616e-10
1001	159.2645227	7.818785619e-10
1002	159.7976539	8.160450093e-10
1003	164.5888369	8.191074485e-10
1004	157.0182931	7.467555463e-10
1005	155.7069512	6.837561628e-10
1006	167.4415668	8.72633521e-10
1007	168.150282	1.112106851e-09
1008	159.1392817	1.117229864e-09
1009	155.9020232	8.60606697e-10
1010	158.5617024	6.845342071e-10
1011	161.8070488	5.628510991e-10
1012	162.2881293	3.56700447e-10
1013	163.860563	1.487787671e-10
1014	168.6486158	1.213260603e-10
1015	170.2420666	2.214362027e-10
1016	166.7019521	1.75067072e-10
1017	163.2220382	-3.450750796e-11
1018	166.4364764	-3.736122522e-10
1019	172.3426104	-6.395231011e-10
1020	168.7843955	-7.39884598e-10
1021	161.2500717	-6.07722761e-10
1022	162.4042724	-5.509734891e-10
1023	168.9559548	-6.652483009e-10
1024	172.4061487	-8.454090761e-10
1025	168.4139873	-8.031024734e-10
1026	161.0471717	-6.360290072e-10
1027	158.8352633	-5.45706591e-10
1028	160.0389685	-4.973408352e-10
1029	157.5887069	-3.45654172e-10
1030	151.8978311	-7.480061015e-11
1031	152.6334545	1.715010356e-10
1032	160.480718	4.281179855e-10
1033	160.8887009	7.816929326e-10
1034	159.2811214	1.256756477e-09
1035	167.2858679	1.590183096e-09
1036	168.4669035	1.626496271e-09
1037	162.3713928	1.452268528e-09
1038	164.9472647	1.239378378e-09
1039	165.2437435	1.107923531e-09
1040	158.1535608	1.067042454e-09
1041	153.9666364	9.757599173e-10
1042	152.3206469	7.321938611e-10
1043	155.7923023	5.018927496e-10
1044	163.419181	5.079412446e-10
1045	164.9945235	5.973239681e-10
1046	160.0001266	4.539506548e-10
1047	153.69027	1.318047893e-10
1048	153.9233718	-2.16549445e-10
1049	162.8846501	-5.441540551e-10
1050	170.0907755	-9.160254777e-10
1051	173.9190598	-1.069942357e-09
1052	177.4731225	-9.13224163e-10
1053	175.5393914	-6.110099093e-10
1054	168.7135582	-4.192965974e-10
1055	163.2118162	-3.771987167e-10
1056	163.0885296	-4.792868324e-10
1057	165.6223879	-6.461862156e-10
1058	164.6891533	-6.924416596e-10
1059	166.199232	-5.005516002e-10
1060	173.1690727	-3.523457082e-10
1061	174.5180529	-3.274651661e-10
1062	169.7823526	-2.044471259e-10
1063	168.4099566	8.760725478e-11
1064	170.3214767	3.555040706e-10
1065	167.4902452	4.063034353e-10
1066	159.9940192	3.856452935e-10
1067	159.2855598	4.036548873e-10
1068	163.9248962	4.837712453e-10
1069	163.6334136	4.961355771e-10
1070	162.9410556	6.087796933e-10
1071	165.2688791	8.502665239e-10
1072	168.7135198	1.139071948e-09
1073	173.4548066	1.238202429e-09
1074	172.8630244	1.098668712e-09
1075	169.0561362	8.427072373e-10
1076	169.4285434	6.258149554e-10
1077	167.3836642	5.726148444e-10
1078	162.4503545	5.572422523e-10
1079	161.8196569	4.399867137e-10
1080	166.9057793	1.614264278e-10
1081	174.1994087	-2.668265608e-11
1082	171.3564755	-8.396305873e-11
1083	161.1958888	-6.599432112e-11
1084	162.1570248	-1.311386555e-10
1085	167.8348083	-1.741886635e-10
1086	166.7888098	-1.27666766e-10
1087	167.4256323	-1.407443051e-10
1088	172.0884678	-3.081384037e-10
1089	172.8058658	-4.871969495e-10
1090	166.5823904	-5.027533945e-10
1091	162.9741326	-4.089404371e-10
1092	167.0106253	-2.311537628e-10
1093	163.0103983	-6.848477341e-11
1094	152.9898739	6.001954489e-11
1095	156.4984295	2.180282621e-10
1096	162.6951823	5.088445221e-10
1097	160.0075489	8.042979616e-10
1098	163.0567809	9.113989563e-10
1099	172.7734015	8.577814015e-10
1100	175.3097032	8.802159002e-10
1101	169.6836711	9.903535769e-10
1102	164.5436934	9.730261041e-10
1103	163.4757736	8.057154943e-10
1104	162.216833	6.814149245e-10
1105	158.5473111	7.066569552e-10
1106	155.6320391	6.818252629e-10
1107	157.8456068	5.356319832e-10
1108	164.188152	3.428661799e-10
1109	167.6228269	2.372795294e-10
1110	169.5393461	2.269828769e-10
1111	170.2946663	1.654738568e-10
1112	162.7317707	-6.915357176e-11
1113	158.1403801	-4.058247072e-10
1114	164.3552796	-6.787468365e-10
1115	165.3333814	-7.198384111e-10
1116	160.6432273	-5.963327609e-10
1117	161.1389115	-4.659996833e-10
1118	165.3759375	-3.922027147e-10
1119	170.1367052	-2.767812646e-10
1120	168.7216652	-1.643076786e-10
1121	161.8614047	-1.741833344e-10
1122	159.4964728	-2.62491362e-10
1123	160.4422815	-1.911697467e-10
1124	165.2891949	1.787121562e-10
1125	171.8299132	5.247100532e-10
1126	168.8798326	6.550617826e-10
1127	163.5214562	5.445741635e-10
1128	161.4411473	4.718927471e-10
1129	157.7376558	4.882361182e-10
1130	160.8477597	5.582023732e-10
1131	165.2434721	6.077947035e-10
1132	159.4857575	5.911173773e-10
1133	160.3017335	5.92340399e-10
1134	170.5708616	7.921183709e-10
1135	170.5366683	1.053594545e-09
1136	163.0421069	1.137570926e-09
1137	161.1462026	1.05850706e-09
1138	162.0251485	1.002034011e-09
1139	160.3985453	9.51754231e-10
1140	157.5763343	7.087654907e-10
1141	155.9603287	4.515676721e-10
1142	159.3287864	3.894582434e-10
1143	165.3410591	5.026503658e-10
1144	162.4494362	4.511404583e-10
1145	157.8572749	1.80786941e-10
1146	167.4841936	-2.249418429e-10
1147	175.4310103	-5.356302069e-10
1148	168.2735647	-6.508695805e-10
1149	161.7353331	-5.44561729e-10
1150	162.3064739	-4.651639074e-10
1151	166.1798995	-5.667688541e-10
1152	168.8387318	-7.126921275e-10
1153	163.2185123	-7.232463517e-10
1154	157.7772939	-6.102300887e-10
1155	159.5183074	-5.320934804e-10
1156	161.1568681	-4.322657787e-10
1157	160.5552922	-2.27291963e-10
1158	157.3156132	8.192735379e-11
1159	158.2017	2.76664025e-10
1160	167.956426	4.127969078e-10
1161	169.8019223	6.893081661e-10
1162	164.6078897	1.13267884e-09
1163	166.8852126	1.397335581e-09
1164	165.440458	1.367427949e-09
1165	159.133332	1.134164762e-09
1166	159.807767	8.567466736e-10
1167	158.4672866	7.334568508e-10
1168	152.6478417	6.623226412e-10
1169	152.1726509	5.814575488e-10
1170	155.225941	4.006892595e-10
1171	159.8562975	2.729194648e-10
1172	168.2531896	2.848690173e-10
1173	174.3888601	3.797850923e-10
1174	169.7804817	2.576108216e-10
1175	159.6593362	1.488054124e-11
1176	157.7511778	-1.983515574e-10
1177	165.4821636	-4.655493768e-10
1178	173.9743215	-8.117435613e-10
1179	175.882425	-1.016352336e-09
1180	172.5394239	-8.834710741e-10
1181	171.6345806	-6.07762729e-10
1182	168.1446913	-3.95559141e-10
1183	160.6859728	-3.788143133e-10
1184	165.0021528	-5.128653058e-10
1185	173.2811441	-7.18722859e-10
1186	169.660938	-7.722462669e-10
1187	168.7055209	-6.454170531e-10
1188	175.4386499	-4.779616702e-10
1189	175.1122683	-3.582059094e-10
1190	168.7255159	-1.735234179e-10
1191	166.4664696	1.709024033e-10
1192	168.0420756	4.039648616e-10
1193	163.4729313	4.344560267e-10
1194	155.8346136	4.177636015e-10
1195	159.5273023	5.106728374e-10
1196	164.9477542	5.999498676e-10
1197	161.5181753	6.573892541e-10
1198	163.1886173	7.412368497e-10
1199	170.6852361	9.750031893e-10
1200	173.0466224	1.244068848e-09
1201	171.3889381	1.377712611e-09
1202	167.8954667	1.253208204e-09
1203	165.4069461	9.681024871e-10
1204	165.9136296	7.01737779e-10
1205	165.1440135	5.168505623e-10
1206	160.560685	3.697917528e-10
1207	155.7839129	1.824416174e-10
1208	160.0195352	-4.632294548e-11
1209	169.1095357	-1.846154341e-10
1210	167.1994748	-2.355884376e-10
1211	161.5409818	-2.906723751e-10
1212	163.6255882	-4.106421869e-10
1213	164.0716687	-4.669722387e-10
1214	160.7593809	-4.064419912e-10
1215	161.4288377	-4.231086592e-10
1216	166.8705993	-5.977831563e-10
1217	169.9429192	-8.464082768e-10
1218	164.3483907	-8.964766707e-10
1219	160.9178789	-7.878835362e-10
1220	163.6811701	-5.606710651e-10
1221	157.5383795	-3.699955897e-10
1222	151.5008933	-1.675668493e-10
1223	160.8169563	1.261657445e-11
1224	167.1560396	2.505324836e-10
1225	160.6768952	4.672142673e-10
1226	160.4955321	5.614273491e-10
1227	171.6797393	5.808926673e-10
1228	176.0120921	6.986935475e-10
1229	168.5891912	8.59232685e-10
1230	164.4197007	8.247180716e-10
1231	166.1089808	6.518350304e-10
1232	165.5362884	5.635900635e-10
1233	163.7748016	6.469642599e-10
1234	163.0221667	6.67588651e-10
1235	164.6005994	5.118767632e-10
1236	167.1456215	2.848841163e-10
1237	167.8909232	1.950692941e-10
1238	172.7112768	1.96856309e-10
1239	175.4105807	1.791597981e-10
1240	167.3962426	-2.254196829e-12
1241	165.0225694	-2.759366069e-10
1242	169.7417882	-5.542721837e-10
1243	165.8745928	-6.894000926e-10
1244	160.0576789	-7.196896412e-10
1245	160.5419558	-7.077201047e-10
1246	167.5004151	-5.873466158e-10
1247	176.5904242	-4.46783055e-10
1248	172.9338373	-3.043392205e-10
1249	162.2617714	-3.917470792e-10
1250	160.7190685	-5.471978426e-10
1251	162.7500459	-5.38319167e-10
1252	166.1872785	-2.023763379e-10
1253	170.3098466	1.638955638e-10
1254	165.8119489	2.656097564e-10
1255	159.4417146	1.692335161e-10
1256	159.582863	1.283377848e-10
1257	162.360198	2.144329159e-10
1258	165.9696654	3.564459838e-10
1259	165.2420534	4.907421136e-10
1260	158.4833338	6.052092161e-10
1261	156.9195035	7.366232069e-10
1262	161.8538552	9.390888067e-10
1263	161.3514592	1.155834539e-09
1264	155.7537806	1.218368961e-09
1265	154.5395797	1.200516575e-09
1266	155.7365371	1.208316558e-09
1267	155.681699	1.182295151e-09
1268	154.7932124	9.095151299e-10
1269	150.9654444	5.698006511e-10
1270	154.2362058	4.400462217e-10
1271	165.3597849	5.075722065e-10
1272	162.005214	4.347420202e-10
1273	155.3733557	1.191233778e-10
1274	166.8395343	-3.056666031e-10
1275	171.9167986	-6.060738578e-10
1276	161.2883606	-6.839799838e-10
1277	155.6084664	-6.042686351e-10
1278	155.2021379	-5.305107464e-10
1279	157.5660076	-5.770965927e-10
1280	160.0293426	-7.126352841e-10
1281	155.236673	-7.867546614e-10
1282	153.8388731	-8.220943926e-10
1283	159.7498215	-8.524088102e-10
1284	163.8838477	-7.865095242e-10
1285	165.4436808	-5.250759827e-10
1286	162.3279993	-1.623350343e-10
1287	160.7942251	8.583800337e-12
1288	168.2265716	8.424461129e-11
1289	170.8658288	2.653353093e-10
1290	166.0895422	5.920850477e-10
1291	165.1722066	8.261746842e-10
1292	163.8120284	7.458922369e-10
1293	160.353218	5.254641167e-10
1294	160.6950313	3.451630093e-10
1295	160.1526726	3.226068301e-10
1296	156.7930107	3.18424842e-10
1297	157.6089114	3.652491642e-10
1298	160.8529199	3.528994874e-10
1299	162.3204255	3.78105991e-10
1300	168.6991972	4.456994773e-10
1301	175.9257411	5.231490796e-10
1302	169.5712074	3.892237643e-10
1303	157.0223587	1.825597451e-10
1304	152.4660784	-1.3993251e-12
1305	157.4806742	-1.561502039e-10
1306	167.7292037	-4.258193798e-10
1307	167.9237452	-7.075211528e-10
1308	159.6493095	-6.909424144e-10
1309	162.1663137	-4.728941683e-10
1310	162.9378705	-3.339137855e-10
1311	155.9227496	-4.048494873e-10
1312	164.2211474	-5.614886334e-10
1313	174.893998	-6.666844854e-10
1314	168.2352284	-7.385079215e-10
1315	163.8725538	-6.745821679e-10
1316	168.8497471	-5.026832284e-10
1317	169.1029609	-3.034115181e-10
1318	165.3373908	-8.803535678e-11
1319	167.0853128	2.444591196e-10
1320	171.2794664	3.915427982e-10
1321	166.1267306	3.739621945e-10
1322	161.0836766	3.362963241e-10
1323	170.2899593	4.261835329e-10
1324	176.3114705	6.016822596e-10
1325	170.3590667	6.901652583e-10
1326	170.5114811	6.516551743e-10
1327	176.077183	8.150458086e-10
1328	173.4003943	1.071205347e-09
1329	165.859025	1.127577143e-09
1330	162.2545094	9.422085334e-10
1331	162.2879724	6.765352722e-10
1332	164.1080087	4.897309225e-10
1333	167.5853162	2.759712459e-10
1334	165.5155193	1.75903736e-12
1335	159.2272377	-1.724851373e-10
1336	162.7599561	-2.461377768e-10
1337	169.1641039	-3.253717296e-10
1338	167.0335741	-3.317950359e-10
1339	166.6966947	-3.606999144e-10
1340	168.0555913	-5.306644013e-10
1341	162.7496744	-6.85369983e-10
1342	156.6439081	-6.429790034e-10
1343	156.3267428	-5.51819479e-10
1344	163.1829777	-7.20823401e-10
1345	168.4628818	-1.023450213e-09
1346	164.77623	-1.105035174e-09
1347	164.1720842	-1.00936326e-09
1348	166.6901064	-8.626797054e-10
1349	161.0936419	-6.836273769e-10
1350	160.6786095	-4.059708125e-10
1351	173.1886177	-1.710942499e-10
1352	178.138808	2.482725137e-11
1353	167.7211316	1.361826207e-10
1354	162.8714453	2.132320986e-10
1355	173.0499289	2.827151846e-10
1356	177.1934804	4.026947664e-10
1357	168.696477	6.650919815e-10
1358	166.1001922	6.890434889e-10
1359	169.3109008	5.223865784e-10
1360	169.1445481	5.122160474e-10
1361	169.5118554	6.846638811e-10
1362	171.2232033	7.900800014e-10
1363	170.9042982	6.435074695e-10
1364	166.2787485	3.450812969e-10
1365	163.7771514	2.548068423e-10
1366	172.0511575	2.419113798e-10
1367	176.640603	1.581179632e-10
1368	170.3754806	2.915001573e-11
1369	170.0423051	-1.842401787e-10
1370	172.1723973	-3.949933713e-10
1371	166.2984131	-6.141709363e-10
1372	159.6734821	-7.662883661e-10
1373	157.346505	-8.114797723e-10
1374	163.7273392	-7.261622414e-10
1375	172.7607001	-5.677409654e-10
1376	167.8586722	-4.187490354e-10
1377	158.2776477	-4.680682508e-10
1378	159.6720375	-6.933511543e-10
1379	165.0149083	-7.114975276e-10
1380	167.9048941	-4.06142675e-10
1381	167.5537122	-4.401989884e-11
1382	161.4805401	8.336620283e-11
1383	155.3311433	1.600053423e-11
1384	158.1983336	3.624833766e-11
1385	166.6593013	1.443662967e-10
1386	168.7281468	2.555107237e-10
1387	163.1083097	4.202740378e-10
1388	156.7997894	6.176019696e-10
1389	154.0996487	8.292535547e-10
1390	157.9615929	1.009867745e-09
1391	162.8246909	1.118710902e-09
1392	162.0720948	1.101633451e-09
1393	160.6038084	1.026516205e-09
1394	161.9062978	9.937259904e-10
1395	166.657302	9.849765448e-10
1396	168.4548062	7.588423223e-10
1397	160.0221019	3.842894891e-10
1398	160.4649203	2.319704429e-10
1399	171.8009558	3.242672797e-10
1400	165.6044495	2.281947964e-10
1401	156.9013532	-9.50972634e-11
1402	166.595666	-4.980678092e-10
1403	168.4252142	-6.983484901e-10
1404	158.3020015	-7.756306708e-10
1405	155.3438576	-6.974705258e-10
1406	156.3287938	-6.134763808e-10
1407	158.1039545	-6.15896667e-10
1408	158.2250386	-6.833991151e-10
1409	153.3770633	-7.784981548e-10
1410	153.3160901	-9.437761683e-10
1411	159.4748965	-1.090492141e-09
1412	164.3669008	-1.067165911e-09
1413	165.7031365	-7.993463669e-10
1414	161.8902076	-3.913096513e-10
1415	159.088401	-1.359097279e-10
1416	164.080185	-7.82700571e-11
1417	169.3393164	6.074918346e-11
1418	168.8798067	3.40985018e-10
1419	168.1874936	5.599769537e-10
1420	169.4973182	4.806874898e-10
1421	168.5787919	3.609701427e-10
1422	166.536987	3.464588616e-10
1423	165.0094651	4.704410195e-10
1424	161.9893502	4.918672136e-10
1425	161.6512189	5.832592187e-10
1426	162.4735137	7.396729895e-10
1427	160.4329834	8.680285379e-10
1428	166.1794291	9.277409951e-10
1429	175.2414996	9.080156627e-10
1430	171.3859829	7.033866822e-10
1431	162.1971257	3.548072947e-10
1432	157.1701823	2.014224343e-10
1433	161.2496514	6.097433669e-11
1434	173.9177368	-1.740909639e-10
1435	172.1240856	-4.333604586e-10
1436	160.1100543	-5.438900441e-10
1437	163.4584687	-4.217963756e-10
1438	165.4424176	-3.993845255e-10
1439	159.4891504	-5.542162285e-10
1440	168.4406596	-6.933917884e-10
1441	177.5176663	-7.43244355e-10
1442	169.1900492	-7.916576283e-10
1443	163.1480132	-7.281746317e-10
1444	167.9124416	-5.627649458e-10
1445	170.9449813	-2.959446022e-10
1446	171.1545371	3.60329544e-11
1447	177.1371607	3.304601037e-10
1448	181.4374056	4.167777234e-10
1449	172.6347386	3.128310944e-10
1450	166.9809034	1.492890256e-10
1451	176.648184	2.558089296e-10
1452	182.048302	4.738609505e-10
1453	175.4448994	5.656430879e-10
1454	172.1266763	5.810927295e-10
1455	172.8529137	6.623528392e-10
1456	166.7074862	8.815188579e-10
1457	159.4694438	9.050316052e-10
1458	161.2715391	7.332792151e-10
1459	164.5077502	5.350440091e-10
1460	166.5541997	4.392606279e-10
1461	172.6358026	2.408486743e-10
1462	172.924584	6.327005586e-11
1463	168.6587552	-7.100009469e-11
1464	171.2376442	-1.394133697e-10
1465	170.8662251	-9.757061825e-11
1466	167.0812067	-1.300746177e-10
1467	170.6856421	-2.027604751e-10
1468	171.8473459	-4.444549173e-10
1469	164.722003	-6.727967072e-10
1470	157.2021078	-6.603664282e-10
1471	156.1519303	-5.885605336e-10
1472	164.2597546	-7.491278708e-10
1473	169.3625609	-1.013888973e-09
1474	166.3598624	-1.143209971e-09
1475	167.1604907	-1.155507912e-09
1476	167.2847596	-1.11757803e-09
1477	161.3078276	-1.008266581e-09
1478	162.8442275	-7.029530291e-10
1479	173.3191273	-3.598930043e-10
1480	175.5384303	-1.530169325e-10
1481	163.9271418	-3.309175156e-11
1482	157.6499063	3.619859967e-11
1483	165.9689184	1.298514629e-10
1484	168.2757898	3.697702144e-10
1485	160.6142388	6.605822556e-10
1486	160.5130227	7.317781936e-10
1487	164.6989469	6.300107103e-10
1488	164.8188518	6.118672236e-10
1489	166.5923754	8.176870292e-10
1490	171.5086713	9.394003353e-10
1491	170.9218321	7.960245796e-10
1492	160.9510469	6.411680076e-10
1493	156.6959757	5.309981344e-10
1494	165.4583935	4.468410086e-10
1495	169.0789923	3.263287418e-10
1496	164.8011037	1.22782895e-10
1497	164.645156	-2.402078536e-12
1498	164.6460397	-1.510924719e-10
1499	161.1146446	-3.856990283e-10
1500	156.2322988	-5.755085297e-10
1501	153.4034366	-7.057496809e-10
1502	159.6387569	-6.996403457e-10
1503	167.5083335	-5.530458314e-10
1504	165.2201599	-4.233231543e-10
1505	160.9087222	-5.270430758e-10
1506	165.6087363	-7.451104178e-10
1507	174.4263151	-7.928269152e-10
1508	175.7354974	-5.791609414e-10
1509	168.8746111	-2.267466215e-10
1510	160.7547701	-1.323292587e-10
1511	155.5490624	-1.813473816e-10
1512	160.6929299	-1.311857289e-10
1513	171.9214653	-6.371125849e-11
1514	172.3530733	-4.787326091e-11
1515	165.879866	2.816324951e-11
1516	161.84007	2.43022491e-10
1517	158.3303316	5.471512132e-10
1518	162.0259771	7.601070884e-10
1519	171.4949664	8.318679079e-10
1520	172.3689023	7.833151905e-10
1521	164.706843	6.558473764e-10
1522	161.4020798	6.701115218e-10
1523	169.3110514	6.823666077e-10
1524	172.462847	4.976762336e-10
1525	161.267774	2.300092339e-10
1526	161.5348818	1.443014597e-10
1527	173.341185	2.213327299e-10
1528	168.6113038	1.826276907e-10
1529	162.2165217	-9.010125979e-11
1530	170.2266984	-3.806972515e-10
1531	171.5827761	-4.620969163e-10
1532	163.9658687	-5.110687429e-10
1533	162.0133681	-4.919123997e-10
1534	163.9187411	-4.227483918e-10
1535	163.1602981	-3.846698515e-10
1536	158.0788847	-4.394847819e-10
1537	152.4154841	-5.406426418e-10
1538	152.3564611	-7.527745094e-10
1539	158.3009024	-9.889856711e-10
1540	164.4284368	-1.054250465e-09
1541	165.2078848	-8.314634536e-10
1542	162.0856103	-4.166642587e-10
1543	159.9717435	-1.146962525e-10
1544	162.6456098	1.324496068e-13
1545	168.5867197	1.673458039e-10
1546	169.2969944	4.06675138e-10
1547	167.5326184	5.374544143e-10
1548	171.0265421	4.762671368e-10
1549	171.704237	3.965313633e-10
1550	167.7424257	5.117434254e-10
1551	165.811299	6.336553504e-10
1552	164.265158	6.788019036e-10
1553	165.1762823	7.339563401e-10
1554	166.1496014	8.665149709e-10
1555	163.8433083	1.047143705e-09
1556	168.6720569	1.118847126e-09
1557	176.2294555	9.814460356e-10
1558	174.8955189	6.75125067e-10
1559	168.5578325	2.992174286e-10
1560	160.6237055	6.265665764e-11
1561	162.4530152	-2.972733171e-11
1562	174.7394061	-2.038829106e-10
1563	171.2549924	-4.383220453e-10
1564	158.9151902	-4.831877121e-10
1565	161.5985437	-4.642541906e-10
1566	164.1622231	-5.333196107e-10
1567	161.4162331	-6.946228037e-10
1568	168.8364943	-7.823524051e-10
1569	174.3168675	-7.30326466e-10
1570	165.632769	-6.976395017e-10
1571	158.9773721	-6.391656093e-10
1572	163.6818558	-4.713989199e-10
1573	167.9640074	-1.783952985e-10
1574	169.6339532	1.847733078e-10
1575	176.7972583	4.768441197e-10
1576	178.8212029	5.085789567e-10
1577	167.3824596	2.859077419e-10
1578	160.8601354	4.9441784e-11
1579	168.602201	9.956879765e-11
1580	175.547893	3.28186367e-10
1581	172.6007876	5.003231163e-10
1582	167.6792592	6.494011995e-10
1583	164.843609	8.66072547e-10
1584	158.4531867	1.04258957e-09
1585	156.2115825	9.961260705e-10
1586	164.8764467	7.900418098e-10
1587	169.5116289	6.133760166e-10
1588	169.1372198	5.932385694e-10
1589	173.0359071	4.682150223e-10
1590	174.0699995	2.821554101e-10
1591	174.5550298	1.765871893e-10
1592	176.1151598	1.596334176e-10
1593	168.4620607	1.977218389e-10
1594	162.4159119	1.904774116e-10
1595	166.9845003	5.154543459e-12
1596	169.5802677	-3.706215335e-10
1597	165.1122129	-6.612295156e-10
1598	157.479406	-7.43408668e-10
1599	156.2655383	-7.586280493e-10
1600	164.9910525	-8.61557492e-10
1601	168.8296808	-1.101558844e-09
1602	166.7149849	-1.177854481e-09
1603	168.0176392	-1.167834052e-09
1604	165.7091225	-1.227047797e-09
1605	159.7868659	-1.155966434e-09
1606	161.0854443	-8.417728736e-10
1607	167.6087273	-4.34019265e-10
1608	167.9894554	-1.257591808e-10
1609	160.2145096	-1.197153487e-11
1610	158.3893839	7.762279708e-11
1611	165.7014169	1.932414229e-10
1612	166.578486	4.294591349e-10
1613	162.15649	7.373881505e-10
1614	164.2686587	8.508331817e-10
1615	167.991755	7.535860824e-10
1616	166.6297996	7.891096665e-10
1617	166.7109143	9.509186771e-10
1618	172.5069304	1.075020295e-09
1619	171.9529059	9.880074536e-10
1620	161.0587922	8.790050909e-10
1621	157.8481584	8.466936041e-10
1622	164.115988	7.545970515e-10
1623	165.6906096	5.199018993e-10
1624	164.3709834	2.279496591e-10
1625	164.0553601	3.833267037e-11
1626	164.3215264	-8.870615353e-11
1627	165.4667816	-2.387245956e-10
1628	162.7751038	-4.802698239e-10
1629	160.3734968	-6.646978523e-10
1630	164.4947224	-6.947051823e-10
1631	168.5097653	-6.431224442e-10
1632	168.1563969	-5.974896133e-10
1633	166.1775094	-6.850242595e-10
1634	170.2461517	-9.415859203e-10
1635	180.6808191	-1.045466158e-09
1636	180.6169084	-8.652667471e-10
1637	168.7792908	-6.720284329e-10
1638	159.9259274	-5.624976041e-10
1639	157.3634183	-5.352132071e-10
1640	163.7340045	-4.40550707e-10
1641	172.8724238	-3.806894799e-10
1642	171.0428986	-4.425422251e-10
1643	165.8481472	-4.059779179e-10
1644	162.9659257	-1.450444209e-10
1645	157.5919037	2.105626784e-10
1646	160.2227808	5.477711618e-10
1647	172.8317953	6.767171268e-10
1648	175.9085449	6.383256146e-10
1649	164.5487979	5.928231239e-10
1650	160.5440212	5.737392783e-10
1651	173.5488631	5.937859093e-10
1652	178.6954392	4.798244024e-10
1653	168.8507619	2.959301693e-10
1654	170.6545975	2.498148355e-10
1655	180.8749018	3.614324395e-10
1656	177.3305688	2.912923236e-10
1657	170.4199846	1.304134578e-10
1658	172.9737645	-2.311706382e-11
1659	174.1563276	-6.567457689e-11
1660	168.0595895	-6.724243384e-11
1661	165.2628568	-1.765390056e-10
1662	168.5698624	-2.673961053e-10
1663	166.2583457	-2.819091627e-10
1664	158.2007092	-3.156148676e-10
1665	153.6711893	-4.432525458e-10
1666	153.9095192	-6.794707019e-10
1667	159.6302659	-9.781213617e-10
1668	165.3554311	-1.098906965e-09
1669	163.341452	-9.490446207e-10
1670	159.3801854	-5.981510842e-10
1671	156.91504	-3.415006056e-10
1672	156.9381319	-1.82937665e-10
1673	160.7639866	3.978373186e-12
1674	159.1023159	1.774300706e-10
1675	156.0754371	2.240467811e-10
1676	162.0185658	1.010385109e-10
1677	165.7102983	1.21672894e-10
1678	163.0083857	2.757383211e-10
1679	161.404882	4.797147124e-10
1680	160.6140322	5.283227189e-10
1681	162.169712	4.94118968e-10
1682	164.1232743	6.329192725e-10
1683	163.2928665	8.44378123e-10
1684	164.0064815	8.954397224e-10
1685	165.6774177	7.691927095e-10
1686	166.6146916	4.517342056e-10
1687	163.4464586	9.569767201e-11
1688	155.0675051	-9.989054028e-11
1689	157.2844479	-2.281825839e-10
1690	168.5070838	-3.0482461e-10
1691	166.7114719	-4.006228682e-10
1692	159.1330019	-3.829454531e-10
1693	161.3847175	-3.203894927e-10
1694	165.0107026	-4.087394867e-10
1695	165.9340154	-6.177260925e-10
1696	170.1567694	-6.744057535e-10
1697	172.1220596	-5.733131747e-10
1698	164.8397034	-5.184087604e-10
1699	159.2937893	-4.729140413e-10
1700	163.6806214	-4.113996921e-10
1701	166.4989553	-1.330789923e-10
1702	166.635782	1.968285535e-10
1703	171.5660228	4.484246308e-10
1704	170.9171134	4.705460466e-10
1705	160.7097303	2.40010567e-10
1706	154.6341529	-3.032396556e-11
1707	159.8107969	-3.647526725e-11
1708	169.718609	1.31753719e-10
1709	172.3422464	3.270833604e-10
1710	167.8992816	5.822804461e-10
1711	163.5037648	8.946250407e-10
1712	158.5812084	1.103921177e-09
1713	160.9279452	1.012197548e-09
1714	171.9647242	7.057880946e-10
1715	174.7212207	6.171696487e-10
1716	169.9182753	6.268654484e-10
1717	167.3188264	5.799057901e-10
1718	167.0952148	4.185564118e-10
1719	171.6846493	2.533196986e-10
1720	171.9791147	2.323705672e-10
1721	161.2225059	2.724247494e-10
1722	154.8894004	2.090497775e-10
1723	158.915085	-6.278866316e-12
1724	165.1866893	-3.732950615e-10
1725	166.1134974	-7.228652121e-10
1726	159.3678741	-8.740583812e-10
1727	158.3682894	-9.333567252e-10
1728	166.3325461	-1.024008878e-09
1729	168.7538228	-1.125163518e-09
1730	167.9233498	-1.09882814e-09
1731	169.441987	-1.073293898e-09
1732	166.7494418	-1.124075166e-09
1733	162.6901387	-1.121640669e-09
1734	164.2165562	-8.709345467e-10
1735	167.6455769	-4.275350074e-10
1736	166.6427641	-1.384264925e-10
1737	164.3757823	-1.329714117e-12
1738	167.4765433	4.904787687e-11
1739	170.8759652	1.288049667e-10
1740	169.1140829	3.846286623e-10
1741	167.4267985	6.517015816e-10
1742	169.0315272	7.58064389e-10
1743	170.2258365	7.185274598e-10
1744	166.9002002	7.21804394e-10
1745	165.1611301	8.962197651e-10
1746	170.7258541	9.574718796e-10
1747	171.5455716	8.46498871e-10
1748	166.2284514	8.374960725e-10
1749	167.6682069	8.770151272e-10
1750	170.8946137	8.113922867e-10
1751	171.208648	5.525886415e-10
1752	171.5679319	2.253719433e-10
1753	168.7146634	-2.221556272e-12
1754	168.2618832	-1.293785079e-10
1755	170.9384665	-3.110427471e-10
1756	167.8439245	-5.328322228e-10
1757	164.6305256	-7.091021104e-10
1758	164.8532957	-7.967808635e-10
1759	165.7639923	-7.743292674e-10
1760	167.6255187	-7.761220555e-10
1761	165.3141468	-9.311691418e-10
1762	166.8292185	-1.133861005e-09
1763	178.8107264	-1.198781518e-09
1764	180.5520328	-1.150294526e-09
1765	167.6525318	-9.619656183e-10
1766	159.1134306	-8.525973261e-10
1767	159.9720528	-7.432823246e-10
1768	166.2585618	-4.883906612e-10
1769	170.8235504	-3.69528852e-10
1770	169.0337564	-3.956412975e-10
1771	167.8479018	-4.236393458e-10
1772	166.774897	-2.625140105e-10
1773	161.4052211	1.390569881e-10
1774	163.2770932	4.938438547e-10
1775	177.1753213	6.820788379e-10
1776	182.152179	7.44693418e-10
1777	170.1207296	7.047020745e-10
1778	167.9430509	7.064031582e-10
1779	181.8942589	6.476406078e-10
1780	183.1672453	5.106484124e-10
1781	171.816629	3.7882808e-10
1782	170.7306223	3.900706425e-10
1783	175.8381066	3.858060538e-10
1784	172.2879211	2.850641945e-10
1785	162.7009794	6.713829492e-11
1786	161.0442479	-7.25721705e-11
1787	166.5459372	7.885470055e-12
1788	165.3709146	-1.297228991e-11
1789	164.7832507	-1.790418924e-10
1790	171.2730015	-4.004858667e-10
1791	169.311747	-5.226663546e-10
1792	161.0596991	-5.922076163e-10
1793	157.6140372	-7.436669058e-10
1794	156.7746445	-1.017965712e-09
1795	160.5444837	-1.286606155e-09
1796	163.6895218	-1.415357609e-09
1797	158.9716708	-1.329796273e-09
1798	154.7421603	-1.078113154e-09
1799	153.3918527	-8.577361044e-10
1800	153.9381963	-6.182141465e-10
1801	156.3824437	-4.033131606e-10
1802	153.142314	-2.927165177e-10
1803	150.7054701	-2.879372296e-10
1804	158.2498417	-3.800351145e-10
1805	164.917709	-3.11440207e-10
1806	164.933719	1.959676865e-11
1807	163.1776609	3.23084226e-10
1808	161.0515862	3.725499909e-10
1809	160.8407936	3.555720163e-10
1810	164.6586158	4.013154253e-10
1811	167.7988042	6.023719301e-10
1812	163.7958772	6.750711101e-10
1813	159.4817238	5.710261153e-10
1814	163.2499036	3.844413676e-10
1815	164.0043002	1.970710262e-10
1816	159.5918143	-2.517319686e-12
1817	163.882323	-1.015689755e-10
1818	171.2802865	-1.612452394e-10
1819	170.9929076	-1.858619925e-10
1820	168.3537549	-1.407707284e-10
1821	169.1476945	-1.627140644e-10
1822	173.034865	-3.398414883e-10
1823	175.3031026	-5.9978289e-10
1824	175.0028417	-7.425811077e-10
1825	174.2453152	-5.942508707e-10
1826	169.8588514	-5.272711157e-10
1827	167.162569	-5.431206596e-10
1828	170.2001305	-5.3836402e-10
1829	169.0443238	-3.966957873e-10
1830	165.9418963	-1.63732139e-10
1831	167.1821208	7.866463037e-11
1832	166.0242998	4.07043288e-11
1833	161.1698951	-1.360003221e-10
1834	157.0543255	-3.505504775e-10
1835	160.2186945	-3.95175892e-10
1836	172.2808796	-2.618387729e-10
1837	178.7651323	-4.816769206e-11
1838	174.5406798	2.569811031e-10
1839	168.4598599	6.909219863e-10
1840	164.2968665	9.407981061e-10
1841	167.1665697	8.238023597e-10
1842	174.4941398	5.912865753e-10
1843	174.819033	3.746127852e-10
1844	168.430336	4.363900352e-10
1845	162.1084478	4.639946205e-10
1846	163.1957242	3.418070271e-10
1847	170.8196565	2.006905753e-10
1848	171.1927042	1.629438806e-10
1849	164.2226984	1.783482251e-10
1850	160.3643925	9.138201307e-11
1851	162.6042538	-7.392086943e-11
1852	170.8100961	-3.702544937e-10
1853	173.6691153	-6.472258285e-10
1854	165.6455431	-8.469016599e-10
1855	162.9356885	-9.621810015e-10
1856	167.4763476	-1.063069632e-09
1857	167.7264403	-1.112391956e-09
1858	166.8907868	-1.053027887e-09
1859	168.0596943	-1.025640017e-09
1860	167.1967766	-1.098585223e-09
1861	166.4055769	-1.137872019e-09
1862	169.1123554	-9.731877526e-10
1863	170.244074	-6.158948906e-10
1864	167.2983262	-3.28967964e-10
1865	169.0285994	-2.15364615e-10
1866	173.1922053	-2.047730874e-10
1867	169.6422903	-1.771307545e-10
1868	166.2645659	4.62563321e-12
1869	168.7658784	2.180033931e-10
1870	170.6156886	3.551980932e-10
1871	170.8589675	3.957825179e-10
1872	169.2225512	5.296194594e-10
1873	169.3316981	6.466631675e-10
1874	173.7245901	6.417808507e-10
1875	174.6564973	6.056755097e-10
1876	175.4348284	6.315068468e-10
1877	178.9372037	7.998623985e-10
1878	177.6241646	8.625882231e-10
1879	176.8470417	6.141780418e-10
1880	176.0775905	3.034843488e-10
1881	169.236664	6.849587564e-11
1882	167.7337831	-7.899814136e-11
1883	171.2409684	-2.270059696e-10
1884	170.0787288	-4.555467115e-10
1885	167.8593492	-6.653100293e-10
1886	165.8304165	-7.095692922e-10
1887	167.5584053	-7.338831765e-10
1888	172.2431038	-8.067440049e-10
1889	167.61648	-9.316076799e-10
1890	164.7036583	-1.031010832e-09
1891	176.1327741	-1.043050091e-09
1892	180.7284293	-9.404326207e-10
1893	168.5727596	-8.833058729e-10
1894	159.650161	-7.631331123e-10
1895	163.0433846	-6.222240501e-10
1896	168.2132122	-4.023217315e-10
1897	169.2315372	-2.166657964e-10
1898	170.49322	-2.612496885e-10
1899	173.1008675	-3.737290477e-10
1900	172.1034262	-2.453166559e-10
1901	165.8331597	8.176703759e-11
1902	163.9502667	3.85782517e-10
1903	173.0489761	5.496634259e-10
1904	174.6101592	5.683729043e-10
1905	162.2563764	6.283444876e-10
1906	163.2624901	6.019211796e-10
1907	175.8730821	4.024558464e-10
1908	173.333516	2.489293216e-10
1909	162.5427493	9.282707936e-11
1910	160.2685896	1.39285472e-10
1911	165.1904233	1.481814671e-10
1912	166.2863417	-1.274047534e-11
1913	157.2610175	-2.533102617e-10
1914	155.6310767	-3.20306448e-10
1915	166.8476269	-2.222977358e-10
1916	170.6184574	-1.620321655e-10
1917	171.7168555	-2.887650119e-10
1918	177.5477557	-6.179750045e-10
1919	173.7450453	-8.057763345e-10
1920	164.8848303	-9.674154811e-10
1921	160.7244086	-1.130425531e-09
1922	158.3869864	-1.358051449e-09
1923	160.1987024	-1.551902162e-09
1924	161.8337759	-1.596548227e-09
1925	158.0835187	-1.463403621e-09
1926	155.9892725	-1.269309102e-09
1927	157.6397244	-1.035072472e-09
1928	160.2449923	-7.450271511e-10
1929	161.0077715	-5.009903603e-10
1930	157.3755696	-3.630518108e-10
1931	155.7460796	-4.145537247e-10
1932	161.3151348	-4.941580478e-10
1933	167.6296062	-4.314464341e-10
1934	168.6133685	-3.612932176e-11
1935	165.8381896	3.992859376e-10
1936	160.6860893	5.609011033e-10
1937	156.0866615	5.140350368e-10
1938	161.0885149	5.668860936e-10
1939	167.7148615	6.790541462e-10
1940	159.2623739	6.618701143e-10
1941	150.8549136	5.807727632e-10
1942	155.8568204	4.910929441e-10
1943	159.3109725	4.171081258e-10
1944	161.5048581	3.023297168e-10
1945	167.838563	8.910161498e-11
1946	169.593021	-1.656896842e-11
1947	169.3176455	-7.049649753e-11
1948	169.5392328	-8.732170542e-11
1949	169.248569	-1.473257072e-10
1950	173.5374091	-4.08372447e-10
1951	175.6991098	-7.786971068e-10
1952	171.7280434	-9.03547015e-10
1953	169.4936706	-7.816556291e-10
1954	169.5085367	-6.78201495e-10
1955	172.10038	-7.293041726e-10
1956	174.7333348	-8.400218299e-10
1957	170.934731	-7.489866505e-10
1958	166.4989375	-6.069407199e-10
1959	166.0424299	-5.373763656e-10
1960	167.3615078	-5.546758608e-10
1961	168.2368341	-6.289884169e-10
1962	164.6165416	-7.338716301e-10
1963	164.419708	-7.022400439e-10
1964	174.7119328	-5.794245084e-10
1965	181.3508546	-3.593374487e-10
1966	176.1985884	5.398748115e-11
1967	168.6890443	4.804174836e-10
1968	166.5400142	7.676557168e-10
1969	169.1493019	6.957612264e-10
1970	172.2624528	3.909428337e-10
1971	173.5348879	2.434674684e-10
1972	170.0665176	3.24273941e-10
1973	165.3589088	3.862514752e-10
1974	169.3315734	3.782325564e-10
1975	174.8223711	2.712332581e-10
1976	173.2210961	2.316156156e-10
1977	171.7740903	2.209046279e-10
1978	169.8633282	5.452527319e-11
1979	169.263573	-1.956048656e-10
1980	176.3747136	-3.581313024e-10
1981	177.6463786	-4.824212141e-10
1982	168.8495177	-6.369758054e-10
1983	165.6589357	-8.276535013e-10
1984	168.015232	-1.012164574e-09
1985	167.0837465	-1.076801759e-09
1986	164.2624641	-1.058559018e-09
1987	163.4820355	-1.047632647e-09
1988	164.3164584	-1.146057027e-09
1989	166.0955301	-1.266593941e-09
1990	169.4743891	-1.164995211e-09
1991	168.5672482	-8.176206379e-10
1992	165.4759897	-5.965943295e-10
1993	171.9831734	-4.767501949e-10
1994	175.9705273	-4.957345645e-10
1995	167.1955023	-4.345865889e-10
1996	165.388399	-2.821245459e-10
1997	173.1991655	-1.469819821e-10
1998	175.3132156	1.477040712e-12
1999	173.5084942	2.163242918e-10
2000	173.5720132	5.218221411e-10
2001	175.0870891	6.947358244e-10
2002	174.2448668	7.443063943e-10
2003	171.9806769	6.958593701e-10
2004	175.4012762	7.719345163e-10
2005	177.5020852	9.698033487e-10
2006	174.5852391	1.061482013e-09
2007	176.8868382	8.800884466e-10
2008	176.8385613	6.005631548e-10
2009	169.0717062	3.298437079e-10
2010	167.5740947	2.215632122e-10
2011	173.0001948	3.280709038e-11
2012	176.7785264	-1.937765504e-10
2013	175.037003	-3.423088479e-10
2014	169.6114652	-4.287858957e-10
2015	171.8696303	-4.672671139e-10
2016	177.1265889	-6.201612557e-10
2017	169.6396792	-8.110196958e-10
2018	162.5445192	-7.98137556e-10
2019	172.0547752	-7.445670747e-10
2020	179.6443192	-7.258704748e-10
2021	169.4328117	-6.667479902e-10
2022	160.190485	-6.857114876e-10
2023	164.3538326	-6.180078671e-10
2024	167.0553438	-4.477067606e-10
2025	166.2555053	-2.994475778e-10
2026	171.0542843	-2.784603659e-10
2027	175.0641606	-4.105396023e-10
2028	173.2477977	-4.112403751e-10
2029	167.5934376	-1.360849211e-10
2030	164.2127776	1.053628296e-10
2031	168.4813433	1.983848641e-10
2032	166.2479751	3.14661186e-10
2033	157.0417235	3.605604704e-10
2034	163.5081143	3.087450295e-10
2035	175.9196779	1.450009002e-10
2036	173.6750886	-3.955458183e-11
2037	164.9593127	-6.363753968e-11
2038	161.1921951	7.924061407e-11
2039	166.7716069	8.136114005e-11
2040	171.1785595	-3.534461612e-11
2041	162.4918213	-1.906101943e-10
2042	159.9095888	-3.159188466e-10
2043	170.6379482	-1.870961164e-10
2044	174.8806331	-1.10596865e-10
2045	174.9727761	-2.144440181e-10
2046	176.5166348	-4.257598718e-10
2047	170.8298841	-6.366427385e-10
2048	162.6165426	-7.976126426e-10
2049	158.5843841	-9.781890853e-10
2050	157.2703014	-1.232578928e-09
2051	159.3862505	-1.317833842e-09
2052	162.2088443	-1.255222148e-09
2053	162.1238872	-1.12575016e-09
2054	162.5389487	-1.004088368e-09
2055	166.3131365	-8.278724373e-10
2056	168.5272419	-4.931672848e-10
2057	165.6832039	-2.178666136e-10
2058	162.241977	-1.147069106e-10
2059	160.7888249	-1.918198933e-10
2060	161.8466807	-3.336317889e-10
2061	164.8941871	-2.621387551e-10
2062	165.2411643	1.072901767e-10
2063	162.8771201	5.765867783e-10
2064	156.631584	7.490625897e-10
2065	149.3351255	7.623937037e-10
2066	155.9941708	7.533444979e-10
2067	164.8581755	7.681810743e-10
2068	155.4735136	6.636096117e-10
2069	147.976456	4.712727986e-10
2070	153.2816866	4.650768659e-10
2071	158.3655291	5.435754069e-10
2072	167.1069663	4.361222494e-10
2073	174.4247561	2.692903678e-10
2074	171.4509084	1.1476331e-10
2075	170.1596541	5.446754159e-11
2076	170.998214	3.900346712e-11
2077	170.7244388	-1.299618191e-10
2078	175.5889275	-4.400249054e-10
2079	177.6066698	-8.122471584e-10
2080	171.4626339	-1.055160403e-09
2081	166.5888154	-9.493668074e-10
2082	168.4481388	-8.295613085e-10
2083	174.3504097	-8.74674555e-10
2084	175.754095	-9.290044289e-10
2085	170.5051004	-8.904175175e-10
2086	165.9126798	-8.569944754e-10
2087	165.4996201	-8.653602279e-10
2088	170.0614325	-9.539462553e-10
2089	174.0023624	-9.626521802e-10
2090	169.630618	-8.515721461e-10
2091	166.0333907	-7.690204029e-10
2092	172.5923199	-6.37257358e-10
2093	178.563736	-3.930935577e-10
2094	173.0578408	-1.507061143e-11
2095	165.1254505	4.694618028e-10
2096	165.8018886	7.44538653e-10
2097	167.9952798	6.512115291e-10
2098	167.9244435	3.787512526e-10
2099	169.8983017	2.180611247e-10
2100	167.8291909	2.706297408e-10
2101	165.9852218	4.642153328e-10
2102	171.2925959	4.570388512e-10
2103	170.4417518	4.327480596e-10
2104	166.6846856	4.587237257e-10
2105	170.9527186	4.075149107e-10
2106	171.4583255	1.801785388e-10
2107	170.5341373	-1.204103484e-10
2108	176.6779954	-2.817603928e-10
2109	176.7481878	-2.333457871e-10
2110	169.6886937	-3.508420221e-10
2111	167.8993306	-5.232845268e-10
2112	170.5933075	-6.913847272e-10
2113	169.8202978	-8.269411822e-10
2114	163.8090517	-8.77491857e-10
2115	159.928664	-9.308607218e-10
2116	161.4596009	-1.045984632e-09
2117	164.8245615	-1.179417453e-09
2118	167.1080298	-1.102505642e-09
2119	163.1432796	-8.337384116e-10
2120	161.6310161	-5.511235912e-10
2121	172.6653216	-5.030162953e-10
2122	175.4697799	-4.109788065e-10
2123	163.5178245	-2.873843385e-10
2124	162.9743876	-1.765680935e-10
2125	173.197622	-1.256541537e-10
2126	173.5538942	2.919708919e-11
2127	168.1305342	2.859383841e-10
2128	169.9423599	6.515215034e-10
2129	172.945852	9.604654849e-10
2130	167.4874709	1.034559105e-09
2131	164.5288999	1.008162442e-09
2132	169.9461831	9.941194534e-10
2133	170.3485725	1.136307048e-09
2134	169.5746158	1.239860659e-09
2135	176.0723729	1.096010394e-09
2136	176.7213637	8.393445938e-10
2137	168.3399045	6.433875654e-10
2138	163.8657142	4.666382836e-10
2139	169.5327527	2.958895351e-10
2140	178.161296	4.933831121e-11
2141	175.2160991	-1.522391102e-10
2142	165.6689776	-1.720845688e-10
2143	167.2289735	-3.171276575e-10
2144	172.1610709	-5.59923663e-10
2145	165.2563329	-7.57262697e-10
2146	157.9412088	-7.762199772e-10
2147	166.0127313	-6.930083174e-10
2148	175.219048	-5.58843638e-10
2149	167.2991943	-5.513811629e-10
2150	159.0897161	-5.598437269e-10
2151	162.9329024	-6.006359854e-10
2152	163.4964382	-5.500240263e-10
2153	163.4161801	-4.397726627e-10
2154	171.0897363	-4.646825147e-10
2155	175.588035	-5.325668795e-10
2156	174.8453306	-4.511422347e-10
2157	173.3395262	-2.385291964e-10
2158	172.8786773	-2.193800697e-12
2159	173.7508107	1.55936597e-10
2160	167.2396864	3.562012907e-10
2161	159.7958671	5.924594149e-10
2162	165.9897951	5.524229962e-10
2163	174.3134369	3.144684513e-10
2164	172.3575676	1.435331853e-10
2165	163.5059025	2.003046617e-10
2166	156.386427	3.713944707e-10
2167	160.6536179	4.626254935e-10
2168	166.0921992	4.017239874e-10
2169	160.86837	2.354578754e-10
2170	159.4494825	1.440305653e-10
2171	167.0801071	1.58435931e-10
2172	171.4637673	2.041353753e-10
2173	171.5600523	1.520650272e-10
2174	170.5082114	-6.346034809e-11
2175	166.8816534	-2.191598014e-10
2176	161.8420901	-3.407834015e-10
2177	158.9294905	-6.361826621e-10
2178	159.393716	-8.742162549e-10
2179	162.2281789	-9.415037638e-10
2180	166.5253466	-8.306955124e-10
2181	168.7248325	-7.305622773e-10
2182	169.4369698	-6.847438172e-10
2183	172.7919352	-5.589457786e-10
2184	171.9752193	-2.726388004e-10
2185	166.0696982	-3.748379385e-11
2186	164.6415392	6.882405756e-11
2187	164.4323311	-3.207034638e-11
2188	162.8863391	-2.102673591e-10
2189	163.545	-1.833271313e-10
2190	164.1434943	4.007816301e-11
2191	164.811831	4.555884558e-10
2192	160.8365476	6.901075267e-10
2193	154.8961104	7.378879729e-10
2194	162.7832858	7.890594844e-10
2195	170.7693628	7.964562343e-10
2196	163.5226121	6.313101153e-10
2197	159.9756158	4.700773104e-10
2198	163.7381239	5.426086247e-10
2199	167.988472	7.285407833e-10
2200	178.2114071	7.503127009e-10
2201	182.7218613	5.518696611e-10
2202	175.7229491	4.055396019e-10
2203	171.6449556	3.398623605e-10
2204	170.5378928	2.291002943e-10
2205	169.5149426	5.062084085e-11
2206	173.2991609	-2.787432507e-10
2207	175.8333851	-7.051843554e-10
2208	169.7489638	-9.007159463e-10
2209	161.5190749	-8.814353691e-10
2210	162.0083379	-8.296465737e-10
2211	168.1813929	-8.529310591e-10
2212	169.2331501	-9.321681205e-10
2213	165.8905341	-8.55175486e-10
2214	163.6931893	-8.288552067e-10
2215	165.7637668	-9.841478743e-10
2216	173.125675	-1.143860118e-09
2217	177.9459315	-1.10617826e-09
2218	174.0018686	-9.801013334e-10
2219	168.3340733	-7.653540024e-10
2220	170.7543833	-5.894360555e-10
2221	176.2817703	-3.685238781e-10
2222	171.314435	5.762235133e-11
2223	163.9053351	4.711893098e-10
2224	166.9441474	7.401599333e-10
2225	169.8492981	6.765841221e-10
2226	169.9820846	4.087192806e-10
2227	171.2818164	2.292397383e-10
2228	167.5527702	2.713331781e-10
2229	168.1221843	4.285825028e-10
2230	172.9185196	5.012950055e-10
2231	166.0793148	5.990390406e-10
2232	162.2034715	7.126832458e-10
2233	169.9418864	7.374207911e-10
2234	171.3413035	4.4119286e-10
2235	170.7169545	1.005480144e-10
2236	176.0607518	3.92432753e-11
2237	176.8393751	9.307576931e-11
2238	172.6757163	9.307576931e-11
2239	172.1849736	-2.533262489e-11
2240	176.8052666	-2.158060397e-10
2241	178.2281596	-3.704965224e-10
2242	171.2105174	-5.34241984e-10
2243	165.319413	-6.611724501e-10
2244	166.8596989	-7.658353951e-10
2245	170.6110733	-9.460467965e-10
2246	168.6885978	-8.946221541e-10
2247	159.5936839	-6.648583906e-10
2248	159.5520829	-4.27826663e-10
2249	172.9954782	-3.934612636e-10
2250	175.4145898	-2.98980396e-10
2251	164.7897123	-1.616538015e-10
2252	166.1644176	-5.762590405e-11
2253	177.1861107	-9.319478522e-11
2254	175.8158688	-8.925926664e-11
2255	168.0426351	1.888711409e-10
2256	172.0450453	5.333173902e-10
2257	175.2226417	8.749516667e-10
2258	166.5617818	1.019320628e-09
2259	164.8444717	1.021307483e-09
2260	170.0756553	1.015463269e-09
2261	168.0598141	1.083304113e-09
2262	168.8619889	1.135725292e-09
2263	175.7259649	1.013237494e-09
2264	176.1928672	8.280229835e-10
2265	168.0519851	6.37979447e-10
2266	159.9381405	5.065299291e-10
2267	165.7665997	2.527622556e-10
2268	178.6558584	1.24664723e-11
2269	175.1251134	-8.440803612e-11
2270	163.3105446	-1.003730432e-10
2271	163.0852215	-1.628972512e-10
2272	166.7219939	-4.796154585e-10
2273	162.7402617	-7.684555214e-10
2274	158.3649765	-7.298428528e-10
2275	165.253069	-5.696518812e-10
2276	173.4628137	-4.487885619e-10
2277	168.4090324	-3.716271735e-10
2278	163.8703992	-3.543076943e-10
2279	167.6513049	-3.997975284e-10
2280	167.5549157	-4.061462278e-10
2281	168.1564285	-4.055609182e-10
2282	173.7597605	-3.638369606e-10
2283	174.9435439	-3.433733298e-10
2284	173.4841398	-2.331876914e-10
2285	175.0999253	6.529354835e-11
2286	177.728379	2.898072893e-10
2287	175.3526032	4.203180026e-10
2288	166.3117056	6.815605857e-10
2289	160.6531111	9.599308015e-10
2290	163.1389009	9.403748891e-10
2291	167.7323351	6.602567382e-10
2292	169.0673058	3.924895964e-10
2293	162.8430846	4.366436102e-10
2294	156.0443939	6.104023953e-10
2295	158.7168971	7.297185078e-10
2296	163.8008782	7.387281897e-10
2297	164.7154858	6.473950265e-10
2298	165.1924641	4.830198463e-10
2299	167.7779586	4.124780517e-10
2300	170.6820247	3.605631349e-10
2301	169.0557885	1.937046079e-10
2302	165.7246072	3.451638975e-11
2303	165.4840729	-6.51061427e-11
2304	163.2989495	-2.124451726e-10
2305	159.4941368	-4.78582507e-10
2306	158.3264581	-7.25388638e-10
2307	159.4619134	-7.196891971e-10
2308	163.1466844	-5.637827982e-10
2309	164.6528142	-5.075069254e-10
2310	163.9325104	-5.843263651e-10
2311	165.3603331	-5.098588218e-10
2312	162.1732915	-2.978186586e-10
2313	157.4025062	-9.891110153e-11
2314	159.9730129	-5.357847499e-11
2315	162.088309	-1.345110689e-10
2316	161.0064525	-2.385238673e-10
2317	161.1075782	-2.642028818e-10
2318	162.4301867	-4.228084549e-11
2319	165.169127	3.039293262e-10
2320	163.1755371	5.336033837e-10
2321	159.9197644	6.932134866e-10
2322	165.6971746	8.0255802e-10
2323	168.9387244	9.412204349e-10
2324	165.0831819	8.216822778e-10
2325	165.4948794	6.389795359e-10
2326	166.9913344	7.670788449e-10
2327	169.4557071	1.079158096e-09
2328	176.3919411	1.104023539e-09
2329	176.3600481	9.043112925e-10
2330	167.8820457	7.273257552e-10
2331	162.3995347	5.774616341e-10
2332	161.1484336	3.979261365e-10
2333	160.7400412	1.425446428e-10
2334	164.179923	-1.707318731e-10
2335	170.9468558	-5.171489903e-10
2336	170.3679255	-7.406395497e-10
2337	162.9094244	-7.846008288e-10
2338	162.2061816	-7.817888559e-10
2339	166.7880472	-9.315019867e-10
2340	168.1742322	-9.898144526e-10
2341	167.4969458	-8.928706663e-10
2342	166.830793	-9.135492363e-10
2343	169.1380642	-1.067802735e-09
2344	174.3170367	-1.255554771e-09
2345	177.3889436	-1.236465152e-09
2346	175.9637688	-1.024120344e-09
2347	170.5516528	-8.494094317e-10
2348	170.3421206	-6.312195211e-10
2349	176.5413023	-3.409574845e-10
2350	174.1810423	-1.316280418e-12
2351	168.8207352	4.055706881e-10
2352	172.5569626	6.167963917e-10
2353	176.8743028	5.658256086e-10
2354	179.0163098	4.096314399e-10
2355	176.4623077	2.68196132e-10
2356	168.1319643	3.218136868e-10
2357	169.099667	4.398899023e-10
2358	171.5514865	5.112568147e-10
2359	162.3895881	6.922125095e-10
2360	161.4249798	9.640546139e-10
2361	170.681338	1.024829999e-09
2362	171.581362	7.666924873e-10
2363	170.1581767	4.308349233e-10
2364	174.8234198	3.143103555e-10
2365	177.8556229	4.070797033e-10
2366	174.5029503	3.955964445e-10
2367	171.2451712	2.807016841e-10
2368	175.0434598	1.474358413e-10
2369	178.7969051	-9.332357109e-11
2370	174.67908	-3.62221364e-10
2371	170.2942739	-5.827889282e-10
2372	174.072507	-8.004503727e-10
2373	180.3296801	-9.321983185e-10
2374	175.704766	-9.20318044e-10
2375	164.3545314	-8.124008133e-10
2376	166.4865353	-7.136637947e-10
2377	179.1368911	-7.58497265e-10
2378	181.2030605	-6.764704352e-10
2379	173.8795253	-4.232640904e-10
2380	175.2435188	-3.332001342e-10
2381	182.9386367	-3.865565645e-10
2382	177.509817	-3.894653489e-10
2383	167.6688222	-1.662199267e-10
2384	172.5923056	2.155156054e-10
2385	174.7504282	5.426423755e-10
2386	166.7668012	7.255245293e-10
2387	169.1527668	8.285372388e-10
2388	175.1486516	7.891607368e-10
2389	174.1817819	8.336140667e-10
2390	176.2757757	8.758673786e-10
2391	180.1511445	7.822569259e-10
2392	180.4193118	7.108660327e-10
2393	173.6921487	6.445493028e-10
2394	163.1317473	5.274891635e-10
2395	168.0566777	3.009406058e-10
2396	181.9064733	6.81517065e-11
2397	179.2310373	-2.920685915e-11
2398	169.1774076	7.64117658e-11
2399	168.6642623	1.621192069e-11
2400	171.7123389	-2.794307008e-10
2401	171.4745474	-5.176588047e-10
2402	171.3174767	-5.926032998e-10
2403	176.0940774	-4.69492889e-10
2404	179.4683934	-2.94321012e-10
2405	175.693928	-2.462900994e-10
2406	173.4865661	-1.563371654e-10
2407	174.6777535	-2.084297179e-10
2408	173.4880052	-3.175824048e-10
2409	172.3872303	-3.208580068e-10
2410	171.5068143	-3.647286917e-10
2411	167.8321103	-3.019735573e-10
2412	165.7037256	-1.311963871e-10
2413	170.9075427	1.075015632e-10
2414	177.5402804	2.891118456e-10
2415	175.2092647	4.130136233e-10
2416	169.9125869	6.093578975e-10
2417	169.0818332	9.078053864e-10
2418	168.2198764	8.951221986e-10
2419	170.1368796	5.466240793e-10
2420	173.9428827	2.590923032e-10
2421	170.8422123	2.319175962e-10
2422	165.9186432	3.451408048e-10
2423	164.1807041	4.676143917e-10
2424	165.4100196	5.53412427e-10
2425	169.9865538	5.526246127e-10
2426	169.8524255	4.843396795e-10
2427	166.8529326	3.815765481e-10
2428	167.1036744	2.406057575e-10
2429	162.26504	5.296918459e-11
2430	157.3094832	-7.175771088e-11
2431	161.0160387	-8.199663171e-11
2432	162.34493	-2.083968553e-10
2433	157.5109109	-4.343094773e-10
2434	153.0634402	-6.208891179e-10
2435	152.1979563	-6.194911251e-10
2436	155.2139495	-4.591926839e-10
2437	156.5478551	-4.342428639e-10
2438	155.9624914	-5.054365815e-10
2439	155.9112527	-4.934008757e-10
2440	153.4036858	-3.578701779e-10
2441	153.8167935	-2.407869459e-10
2442	159.5117255	-2.197166893e-10
2443	162.4047281	-2.629700901e-10
2444	162.2505577	-2.886446637e-10
2445	162.3889853	-2.344329175e-10
2446	163.9590152	-1.481836875e-11
2447	165.6081315	2.496358675e-10
2448	163.7014582	4.663451847e-10
2449	162.6241544	6.233076277e-10
2450	163.486543	8.380496297e-10
2451	161.6551268	1.00495523e-09
2452	162.3536613	9.132321566e-10
2453	165.9431032	7.789324741e-10
2454	167.1230323	9.668053025e-10
2455	169.6763182	1.242094427e-09
2456	173.0407305	1.315360265e-09
2457	171.1840997	1.048427123e-09
2458	164.9564327	8.461675804e-10
2459	161.1580376	6.384794915e-10
2460	162.6173239	3.51339402e-10
2461	162.6929555	1.01163522e-12
2462	163.9135499	-2.749303007e-10
2463	173.0391158	-5.226095112e-10
2464	177.4219263	-6.118341389e-10
2465	172.108895	-6.304201605e-10
2466	169.5438915	-7.318909923e-10
2467	170.5600299	-8.994369693e-10
2468	171.3375968	-1.000447725e-09
2469	171.8639939	-8.702745191e-10
2470	171.5570817	-8.629088555e-10
2471	171.728924	-1.049361487e-09
2472	171.3208241	-1.207712153e-09
2473	172.86827	-1.18001342e-09
2474	176.0131349	-1.001252414e-09
2475	172.2202438	-8.188649758e-10
2476	169.3664665	-6.392468777e-10
2477	174.0678785	-4.056239788e-10
2478	173.5599242	-4.235189976e-11
2479	169.1179946	2.311555392e-10
2480	170.5600821	3.914015778e-10
2481	176.9377731	3.998019693e-10
2482	182.4867739	3.136175764e-10
2483	176.9581698	3.252331737e-10
2484	168.1242399	4.295159783e-10
2485	171.821085	4.16028989e-10
2486	173.6822853	4.832116929e-10
2487	166.541943	6.869056435e-10
2488	168.6551293	9.71691172e-10
2489	176.2810788	1.166771568e-09
2490	173.4226399	9.075211693e-10
2491	166.6910588	5.806697345e-10
2492	168.6507714	4.694804545e-10
2493	173.4574546	4.845421842e-10
2494	168.6839349	4.548006416e-10
2495	160.5499909	2.995843573e-10
2496	162.0822078	1.171223118e-10
2497	169.5371485	-1.496154312e-10
2498	172.9129494	-5.372484679e-10
2499	173.5348394	-8.993552569e-10
2500	180.8503853	-1.138122485e-09
2501	189.2877371	-1.241281744e-09
2502	182.5386578	-1.192249854e-09
2503	170.4675515	-1.03231379e-09
2504	171.2012191	-1.000963756e-09
2505	176.7565415	-1.090908697e-09
2506	176.0039422	-9.825793512e-10
2507	172.1607292	-7.31969152e-10
2508	174.2631269	-5.214131349e-10
2509	179.4157998	-4.952038779e-10
2510	172.8915693	-4.944844534e-10
2511	165.6144737	-2.676703303e-10
2512	172.5748278	7.10080883e-11
2513	175.598006	4.012603583e-10
2514	172.2286624	6.327880442e-10
2515	177.1135319	7.159464133e-10
2516	181.4500082	7.685940773e-10
2517	181.0926232	7.891038933e-10
2518	180.4076022	7.715952322e-10
2519	177.6840196	8.006528773e-10
2520	176.8930241	7.828431237e-10
2521	172.4716234	7.526770318e-10
2522	163.0008257	7.490914555e-10
2523	167.0276281	4.494129513e-10
2524	179.5025405	1.279865103e-10
2525	180.5865127	6.406963848e-11
2526	176.8790247	1.329549804e-10
2527	178.4091868	1.278870343e-10
2528	180.4745574	-1.239808256e-10
2529	180.7192407	-3.977547181e-10
2530	181.4894768	-4.594475911e-10
2531	180.5643524	-4.128093423e-10
2532	175.8048751	-4.096385453e-10
2533	171.9647349	-3.794582426e-10
2534	170.3923775	-3.669846649e-10
2535	169.0104886	-4.237978857e-10
2536	169.6803886	-5.829825511e-10
2537	169.5240499	-7.357137122e-10
2538	165.4381124	-7.770584176e-10
2539	160.4474268	-6.713136713e-10
2540	159.1295021	-5.091411737e-10
2541	166.4587942	-2.360298623e-10
2542	173.4223416	-5.837996753e-11
2543	170.4149335	-2.930988785e-13
2544	169.887121	2.341771221e-10
2545	172.5187529	4.298961187e-10
2546	168.5505204	4.729141523e-10
2547	167.50606	2.084714623e-10
2548	170.797202	-2.226308027e-11
2549	171.5172773	1.575450881e-11
2550	171.1790896	9.988809779e-11
2551	167.2041431	1.921947046e-10
2552	166.7886318	3.898001921e-10
2553	173.8863485	5.163389716e-10
2554	172.930864	5.467644115e-10
2555	167.7431933	4.991562719e-10
2556	166.951364	3.031637164e-10
2557	160.222129	1.333688715e-10
2558	155.0633556	1.247180137e-11
2559	162.2759274	2.280131639e-11
2560	168.0314636	-2.05950812e-11
2561	163.8482001	-2.269828769e-10
2562	157.3029883	-4.450022573e-10
2563	155.4705007	-4.172218127e-10
2564	157.98112	-3.175522068e-10
2565	160.3339063	-3.220677058e-10
2566	160.1238224	-3.859135234e-10
2567	156.734039	-4.024105493e-10
2568	154.8417207	-2.78426171e-10
2569	158.8259253	-2.341966621e-10
2570	162.5716504	-3.820552763e-10
2571	162.4650035	-4.415507959e-10
2572	161.6761439	-3.5636738e-10
2573	162.3314672	-2.249738174e-10
2574	164.5530807	-3.242028868e-11
2575	164.2564764	1.499458335e-10
2576	163.1815055	2.859188442e-10
2577	164.2994082	4.58530991e-10
2578	160.3478453	6.95141722e-10
2579	156.3441481	8.594280843e-10
2580	161.2038282	7.896154841e-10
2581	165.662134	7.141256475e-10
2582	166.9431316	9.127987255e-10
2583	168.949976	1.191590826e-09
2584	168.8520074	1.246526438e-09
2585	167.2106511	1.04406439e-09
2586	163.627068	8.636273918e-10
2587	161.9879167	6.596625468e-10
2588	166.1130999	3.334648113e-10
2589	164.8995797	-7.87494514e-11
2590	161.4760109	-3.505782331e-10
2591	168.3729512	-3.678781724e-10
2592	174.42656	-3.018936212e-10
2593	172.3752588	-2.051763204e-10
2594	170.7535615	-3.683489069e-10
2595	171.5538879	-6.164206923e-10
2596	173.3693041	-7.316121042e-10
2597	175.0948915	-6.830838117e-10
2598	175.6419303	-7.096048193e-10
2599	172.6404662	-8.84799789e-10
2600	166.0547384	-1.095205704e-09
2601	166.8245737	-1.068723776e-09
2602	173.3190989	-9.091891684e-10
2603	170.5508558	-8.315801381e-10
2604	165.063002	-6.600942015e-10
2605	167.6165975	-4.04046574e-10
2606	170.3762765	-1.20632393e-10
2607	167.8359748	1.097610891e-10
2608	167.8379908	8.294875897e-11
2609	178.4189199	6.993516877e-11
2610	187.1413018	1.774793645e-10
2611	179.929211	3.642277591e-10
2612	173.74916	4.858549119e-10
2613	179.0119419	4.587370483e-10
2614	178.3316236	4.861853142e-10
2615	170.7901207	6.623999127e-10
2616	170.828051	1.004119454e-09
2617	174.6529957	1.184959686e-09
2618	168.6987478	1.012306683e-09
2619	158.1384123	7.515854605e-10
2620	161.1050993	5.69421843e-10
2621	171.1567709	4.918057073e-10
2622	168.2547275	3.976925456e-10
2623	158.4262224	2.003162081e-10
2624	157.7357875	6.465938895e-12
2625	166.3462088	-1.81618276e-10
2626	172.9253156	-5.471143538e-10
2627	173.1336848	-9.685905411e-10
2628	177.8834662	-1.163508401e-09
2629	183.4302301	-1.188379173e-09
2630	175.7880411	-9.616432095e-10
2631	167.2570769	-7.400533519e-10
2632	168.1040903	-7.016822678e-10
2633	169.1400049	-7.318714523e-10
2634	169.6705487	-6.705747069e-10
2635	173.0950299	-5.695302008e-10
2636	179.8405631	-3.867413056e-10
2637	184.353595	-3.004672067e-10
2638	177.7611656	-2.603464111e-10
2639	171.3296119	-1.403321903e-13
2640	174.0198702	2.876916483e-10
2641	174.56893	5.343405718e-10
2642	173.3608887	6.9683459e-10
2643	174.4958459	8.148433039e-10
2644	174.3259302	8.674376772e-10
2645	174.7249872	8.010268004e-10
2646	172.3705874	6.988063461e-10
2647	167.9005252	6.868763336e-10
2648	169.7376322	7.930029966e-10
2649	170.0841898	9.491465391e-10
2650	164.6600982	9.119389688e-10
2651	165.4398337	5.874714049e-10
2652	171.8033983	2.021636192e-10
2653	174.8061411	-1.341149414e-11
2654	176.4681762	-3.537259374e-11
2655	179.410431	1.559641305e-11
2656	179.8494536	-1.91395344e-10
2657	180.087783	-4.51327864e-10
2658	182.8038265	-5.454481311e-10
2659	179.0019938	-5.800373515e-10
2660	171.1228261	-6.671498909e-10
2661	170.8948675	-7.475691177e-10
2662	170.8774153	-7.826166382e-10
2663	168.2556578	-8.440714794e-10
2664	171.3128172	-9.646381471e-10
2665	172.7086359	-1.129766503e-09
2666	167.9051965	-1.15317178e-09
2667	162.506406	-9.84071491e-10
2668	160.5025131	-8.280522934e-10
2669	165.6101238	-5.177902551e-10
2670	168.292096	-2.212487971e-10
2671	164.7909464	-8.323652878e-11
2672	168.9689219	9.099032638e-11
2673	174.3143923	2.487130502e-10
2674	170.7219948	3.307754071e-10
2675	167.9439184	1.861657495e-10
2676	168.6946297	9.167777648e-11
2677	172.4643885	2.659010789e-10
2678	175.8417999	4.280735766e-10
2679	171.6649913	4.843911938e-10
2680	171.97378	5.71736436e-10
2681	178.9478996	8.170406574e-10
2682	176.4263951	8.949339048e-10
2683	171.1909274	7.428582194e-10
2684	170.2147686	4.879474602e-10
2685	163.4794892	3.524647241e-10
2686	158.420953	2.516209463e-10
2687	165.7957867	2.837250435e-10
2688	172.9977402	2.752571504e-10
2689	168.6570273	1.003268579e-10
2690	160.7052785	-1.549036455e-10
2691	157.4226022	-2.12452278e-10
2692	158.2258226	-1.630358071e-10
2693	161.6667384	-2.006981248e-10
2694	160.7098333	-2.781614938e-10
2695	153.2281149	-2.359445972e-10
2696	152.4836446	-1.813873496e-10
2697	158.1232687	-2.297984025e-10
2698	158.1069374	-4.910809537e-10
2699	155.3871648	-6.517364426e-10
2700	155.3111557	-5.243290246e-10
2701	158.8170209	-3.505888913e-10
2702	162.8876315	-1.707789465e-10
2703	162.229381	-2.348699013e-11
2704	164.1537007	1.026290164e-10
2705	166.9731498	2.448121705e-10
2706	159.7786095	4.381455199e-10
2707	155.8827111	6.135447705e-10
2708	161.837199	6.708695821e-10
2709	164.5325224	6.758149595e-10
2710	164.5401846	8.682761177e-10
2711	163.3020518	1.105391334e-09
2712	160.4301603	1.14078702e-09
2713	160.8466335	1.038873876e-09
2714	160.3948277	9.39762046e-10
2715	162.1869199	8.992202538e-10
2716	169.4161382	6.686882159e-10
2717	168.0188012	1.228510627e-10
2718	161.3056666	-1.135394001e-10
2719	163.3076677	-3.327471632e-11
2720	166.7514322	1.690381168e-10
2721	165.2672854	2.545110789e-10
2722	164.7314262	1.481375023e-10
2723	167.0113841	-1.618190026e-10
2724	169.0588466	-3.574829321e-10
2725	170.7697556	-4.184919078e-10
2726	172.2883919	-5.507097001e-10
2727	167.2301971	-8.272529328e-10
2728	159.1966677	-1.056038812e-09
2729	162.8532934	-1.073489742e-09
2730	172.1565117	-1.005622252e-09
2731	171.1109175	-8.559837283e-10
2732	164.8579125	-7.650786671e-10
2733	166.5242827	-4.757083616e-10
2734	172.2767184	-1.839701724e-10
2735	168.6998797	3.661426717e-11
2736	164.8606971	-1.097966162e-11
2737	175.5469175	-1.86233251e-11
2738	181.0550135	2.446221004e-10
2739	170.4694864	4.345590554e-10
2740	166.9551475	6.639702121e-10
2741	172.7817324	7.544613823e-10
2742	171.4291407	6.389146989e-10
2743	164.7431399	8.469598356e-10
2744	163.7155529	1.099179414e-09
2745	168.6081628	1.218612766e-09
2746	165.5321081	1.113724224e-09
2747	156.5730966	8.915179706e-10
2748	162.9892983	7.499529886e-10
2749	176.6383742	7.27036209e-10
2750	174.992644	5.773301837e-10
2751	164.483602	3.931219794e-10
2752	161.1718179	3.374154289e-10
2753	167.495387	2.761932905e-10
2754	171.8512039	-5.173639295e-11
2755	168.2344069	-5.023093053e-10
2756	168.353892	-7.59960983e-10
2757	171.5571061	-7.656986156e-10
2758	169.1536615	-4.142801657e-10
2759	168.8052402	-1.70940595e-10
2760	171.182486	-8.099121374e-11
2761	170.0601757	-2.329194615e-10
2762	170.9501087	-3.220268496e-10
2763	177.3068586	-2.341309369e-10
2764	184.5068819	-1.51770152e-10
2765	185.0002857	-9.514877775e-11
2766	177.3214939	-9.711342841e-11
2767	169.8451865	6.157208077e-11
2768	166.6069386	3.690949768e-10
2769	168.2525716	5.713598483e-10
2770	172.3860243	6.189289081e-10
2771	171.5578661	6.818190457e-10
2772	170.433057	6.203659808e-10
2773	173.0205633	5.752340826e-10
2774	171.2664586	4.711253609e-10
2775	169.0290587	5.372022827e-10
2776	172.4695868	7.431388838e-10
2777	174.1414324	8.99838426e-10
2778	169.6319741	8.895728598e-10
2779	162.9633203	6.976534905e-10
2780	160.8054786	3.688249706e-10
2781	165.4570319	9.441691873e-11
2782	172.8916727	3.308642249e-11
2783	178.4019635	-1.540207961e-10
2784	179.4955478	-2.550049061e-10
2785	183.3465904	-4.410516397e-10
2786	190.7856319	-4.28508784e-10
2787	186.9705146	-5.943547876e-10
2788	179.0105065	-7.097487043e-10
2789	180.991965	-9.794742795e-10
2790	179.7531297	-9.77072645e-10
2791	174.1985009	-9.688125857e-10
2792	176.0169035	-1.096804425e-09
2793	177.6367385	-1.178369402e-09
2794	174.2583922	-1.205529898e-09
2795	170.3168359	-9.236948983e-10
2796	168.7941996	-5.792841762e-10
2797	170.2987897	-1.747224587e-10
2798	168.2187258	2.082547468e-10
2799	166.146188	3.974225393e-10
2800	172.37322	4.163389633e-10
2801	177.1834351	5.849791762e-10
2802	174.2736239	5.196021391e-10
2803	168.1378826	3.718643171e-10
2804	163.8683103	3.71555231e-10
2805	167.1746795	5.680504955e-10
2806	169.9219808	7.48650919e-10
2807	166.5660149	7.602132257e-10
2808	169.609449	8.259686268e-10
2809	175.7980684	1.001692951e-09
2810	173.1474772	1.128832139e-09
2811	169.1317911	9.856471195e-10
2812	168.160848	7.693259363e-10
2813	163.3774231	6.274341047e-10
2814	159.0777669	4.68029171e-10
2815	163.6030954	5.21080068e-10
2816	168.062092	4.315037216e-10
2817	162.9146168	2.745697003e-10
2818	156.6194444	1.425171092e-10
2819	154.6623806	-3.089617451e-11
2820	156.8377835	-1.075068923e-10
2821	163.9639312	-2.47771581e-10
2822	163.6680881	-3.993463338e-10
2823	155.9458807	-2.445226244e-10
2824	159.0396636	-1.065689759e-10
2825	165.6558961	-1.641815572e-10
2826	162.6114006	-4.398330589e-10
2827	158.3910884	-6.913545292e-10
2828	159.2341657	-6.903562166e-10
2829	164.5437171	-4.315410251e-10
2830	167.679325	-2.719069414e-10
2831	166.167629	-2.265156951e-10
2832	170.5518217	-1.786979453e-10
2833	173.5915689	-5.867839548e-11
2834	166.1408957	1.546194284e-10
2835	163.7872824	2.976108249e-10
2836	168.5492754	5.495390809e-10
2837	170.2351333	6.621796445e-10
2838	168.9582528	8.844374122e-10
2839	162.9426694	1.040426412e-09
2840	157.9648918	1.150702644e-09
2841	159.8050049	1.095431301e-09
2842	161.0757556	1.14610188e-09
2843	164.9289869	1.276095674e-09
2844	172.637237	9.650413801e-10
2845	170.9468615	4.715943192e-10
2846	162.7994188	1.775539715e-10
2847	160.0014319	2.045705827e-10
2848	158.4112663	4.732889636e-10
2849	153.8535651	5.141771453e-10
2850	153.703736	3.150937289e-10
2851	158.8624066	5.849898344e-11
2852	161.9359268	-2.359215046e-10
2853	165.3795937	-4.167048928e-10
2854	169.2225826	-5.931148905e-10
2855	164.7023507	-8.420943942e-10
2856	160.5704509	-9.929763678e-10
2857	168.1437034	-1.049926368e-09
2858	176.4822262	-9.154330627e-10
2859	174.1797895	-8.994263112e-10
2860	166.2939818	-7.205933628e-10
2861	167.2695046	-4.178488666e-10
2862	173.7509928	-6.936318186e-11
2863	166.9627587	1.689102191e-10
2864	160.6436936	1.41266554e-10
2865	170.6543845	1.477715728e-10
2866	172.4439715	2.550528677e-10
2867	162.2543781	5.888978194e-10
2868	163.1234987	8.325855561e-10
2869	170.6739321	9.305090032e-10
2870	171.8478702	9.558291936e-10
2871	167.3316062	1.108517722e-09
2872	166.0124934	1.246291959e-09
2873	172.1709333	1.361540214e-09
2874	171.185823	1.312130848e-09
2875	163.6226576	1.128187321e-09
2876	169.8919419	1.024872631e-09
2877	181.4609432	8.76182682e-10
2878	179.4204101	7.090079635e-10
2879	170.7708289	6.00932637e-10
2880	169.1058508	5.960387739e-10
2881	175.0453677	5.699121175e-10
2882	176.916242	3.213411759e-10
2883	169.9973571	-1.833271313e-10
2884	164.6462487	-4.098374973e-10
2885	165.4054742	-3.369784451e-10
2886	169.0273307	-1.129834004e-10
2887	172.9589503	6.115996598e-11
2888	173.3597431	7.463185625e-11
2889	170.5341627	-9.148237723e-12
2890	170.5154515	-2.421280954e-10
2891	177.0717496	-3.000781845e-10
2892	183.5196737	-4.337916693e-10
2893	182.4368278	-5.462066355e-10
2894	178.8757372	-5.726832342e-10
2895	173.9744626	-3.053486353e-10
2896	168.8358409	5.48006085e-12
2897	174.9408272	1.68849823e-10
2898	183.2284365	2.432916091e-10
2899	179.8541481	3.223377121e-10
2900	176.6564043	4.830269518e-10
2901	176.4668885	5.163247607e-10
2902	172.9800125	5.224016775e-10
2903	172.6267567	6.385310058e-10
2904	175.5680904	8.438423293e-10
2905	177.2519765	9.65409086e-10
2906	173.6810209	1.061334132e-09
2907	161.7986145	8.496510162e-10
2908	154.7396497	5.99747807e-10
2909	162.3786449	3.248867841e-10
2910	174.0216881	8.76312356e-11
2911	177.8280089	-9.74882397e-11
2912	175.6175071	-2.757492013e-10
2913	180.8466487	-3.283062711e-10
2914	190.0436413	-2.93136182e-10
2915	185.3610229	-3.229470025e-10
2916	177.3102185	-6.183746848e-10
2917	179.035291	-8.061586954e-10
2918	177.4917435	-8.292069253e-10
2919	172.0439073	-8.210143676e-10
2920	172.749334	-8.398739482e-10
2921	174.8544905	-1.020366014e-09
2922	173.2615479	-9.423395397e-10
2923	170.9458528	-7.052705087e-10
2924	170.1581177	-3.58607366e-10
2925	166.9727933	8.752998326e-11
2926	161.6143926	4.20802948e-10
2927	162.8033915	5.848121987e-10
2928	168.8743781	6.304965439e-10
2929	172.901511	5.875921971e-10
2930	173.1407147	4.455049663e-10
2931	166.6328186	2.98273406e-10
2932	161.4806066	1.738467148e-10
2933	164.6174106	4.903029094e-10
2934	164.6059648	7.50990381e-10
2935	162.04842	7.794493939e-10
2936	166.6528136	7.996519003e-10
2937	171.1049665	8.989395894e-10
2938	169.0009109	9.147704816e-10
2939	165.0604442	8.770157933e-10
2940	162.9108401	7.281055758e-10
2941	161.3584565	5.956799498e-10
2942	160.5784462	5.451852303e-10
2943	163.3780832	4.77427875e-10
2944	163.6926915	4.990070579e-10
2945	158.2900849	4.912461549e-10
2946	155.9630802	4.01582767e-10
2947	157.1141818	2.804156907e-10
2948	161.9523602	6.958167376e-11
2949	170.3052558	-3.01653813e-10
2950	167.7836018	-4.287752375e-10
2951	160.4991301	-3.334097443e-10
2952	165.9525785	-2.28371988e-10
2953	171.1969237	-2.781668229e-10
2954	165.6128615	-6.802913788e-10
2955	160.0300866	-9.344116592e-10
2956	161.2682414	-9.742855411e-10
2957	166.2646083	-7.979039651e-10
2958	165.94629	-6.585860746e-10
2959	163.2182983	-5.739853037e-10
2960	167.831622	-5.069420439e-10
2961	170.4136233	-3.429256878e-10
2962	166.4933324	-1.501305746e-10
2963	165.9773097	1.441495812e-10
2964	168.8544373	3.417852668e-10
2965	172.0618236	4.794067365e-10
2966	170.5440866	7.882423603e-10
2967	160.8174637	9.262759448e-10
2968	154.7972116	8.794103223e-10
2969	156.4967732	8.737082169e-10
2970	158.3650928	9.638547738e-10
2971	163.1735676	1.010327821e-09
2972	170.1214312	9.690275249e-10
2973	169.9698951	5.482334586e-10
2974	165.3499904	2.657305487e-10
2975	164.263209	3.448050734e-10
2976	161.6452886	4.869740167e-10
2977	154.3663314	5.579270379e-10
2978	154.4082571	3.66313202e-10
2979	161.3789985	1.595239496e-10
2980	164.8066998	-9.550404911e-11
2981	169.720305	-4.089901751e-10
2982	173.2256821	-6.88645585e-10
2983	167.7959187	-8.463878487e-10
2984	167.3441671	-8.937082185e-10
2985	175.8479546	-8.714859945e-10
2986	180.0092045	-7.621068221e-10
2987	175.3030246	-8.445120159e-10
2988	168.1056381	-7.305498428e-10
2989	171.8989351	-3.73546527e-10
2990	179.4830905	4.215117144e-11
2991	172.3854165	2.900328866e-10
2992	168.7305582	2.501892027e-10
2993	178.5110721	1.426929686e-10
2994	177.284659	2.940492294e-10
2995	168.3783263	5.365681233e-10
2996	169.6622389	6.964331334e-10
2997	175.0975677	7.311697914e-10
2998	176.6964456	7.1609918e-10
2999	173.5530574	9.027090186e-10
3000	172.6454107	1.009317074e-09
3001	177.7652405	1.158563023e-09
3002	176.0852207	1.074008438e-09
3003	169.1771574	9.392824296e-10
3004	172.328294	8.431122467e-10
3005	178.5193618	8.096989745e-10
3006	175.0882836	6.306279943e-10
3007	168.8816485	4.666578235e-10
3008	170.6007971	4.975966306e-10
3009	177.318279	5.067448683e-10
3010	178.8667738	3.208153743e-10
3011	171.8856406	-7.545963854e-11
3012	163.3103752	-4.56241267e-10
3013	164.897084	-3.770299628e-10
3014	175.6595396	-2.769517948e-10
3015	181.1802122	-4.530349429e-10
3016	179.9176759	-3.47670337e-10
3017	178.0416235	-3.967208784e-10
3018	177.1778105	-5.74688741e-10
3019	181.065285	-7.172999972e-10
3020	183.1291617	-8.891571923e-10
3021	179.2532273	-9.74374359e-10
3022	178.5323998	-8.360316883e-10
3023	174.5359244	-4.194458114e-10
3024	168.566328	-1.193853905e-10
3025	176.9674029	1.152766771e-10
3026	185.2393885	7.490719156e-11
3027	180.869076	1.98220107e-10
3028	177.3470692	5.076152831e-10
3029	174.1392672	6.404192732e-10
3030	170.2196258	7.35319361e-10
3031	171.7881411	8.100737858e-10
3032	173.9068205	9.685781066e-10
3033	176.050937	1.099047964e-09
3034	174.0744279	1.098060309e-09
3035	160.220297	9.458815953e-10
3036	150.8546798	6.724665269e-10
3037	160.6397877	4.234994577e-10
3038	173.8372488	1.471587296e-10
3039	171.9826955	-5.774047906e-11
3040	164.0265095	-2.447571035e-10
3041	169.1236498	-2.653859354e-10
3042	178.330753	-3.596660747e-10
3043	174.1001797	-3.057643028e-10
3044	166.6605855	-5.570655048e-10
3045	166.9238347	-8.158220766e-10
3046	167.5312379	-8.268870033e-10
3047	165.7642945	-8.291625164e-10
3048	166.8646572	-8.679919006e-10
3049	169.2656735	-8.966605236e-10
3050	167.7243046	-8.074572122e-10
3051	167.1426472	-6.07936812e-10
3052	169.0491183	-3.847127061e-10
3053	164.7498755	-1.79253945e-10
3054	162.1137837	1.270059613e-10
3055	169.162427	3.423874517e-10
3056	174.5743207	3.629985201e-10
3057	178.3916899	1.505249259e-10
3058	181.3209291	-3.469224907e-11
3059	175.2212822	-2.762092777e-10
3060	170.8229648	-2.193942805e-10
3061	171.8202584	1.983408993e-10
3062	166.7007043	4.692477518e-10
3063	162.2591082	5.832436756e-10
3064	164.7050258	5.586073826e-10
3065	167.3055105	7.431086857e-10
3066	167.2158668	9.119194289e-10
3067	163.5148171	9.036895676e-10
3068	159.9032651	8.187530653e-10
3069	161.1503121	7.354366005e-10
3070	165.0666106	6.11565909e-10
3071	166.8572878	6.286047238e-10
3072	161.2891315	5.037250617e-10
3073	153.5046545	4.804086018e-10
3074	152.3025462	4.438369672e-10
3075	154.7579431	2.587832171e-10
3076	160.8312823	-8.208722591e-11
3077	166.2622436	-4.732250147e-10
3078	160.3967573	-7.160849691e-10
3079	155.5480875	-6.896918592e-10
3080	163.0000565	-5.172626771e-10
3081	168.2063332	-5.886580112e-10
3082	163.4916629	-8.45702175e-10
3083	158.2721807	-1.075859402e-09
3084	160.2495578	-1.130551652e-09
3085	163.9827175	-1.046762677e-09
3086	160.8011669	-9.997780381e-10
3087	157.2732916	-9.905587461e-10
3088	159.0070441	-8.258478346e-10
3089	161.227242	-6.122569118e-10
3090	163.5194979	-4.808420329e-10
3091	164.8650052	-2.659632514e-10
3092	167.5482443	-1.205489042e-10
3093	174.8537035	2.219593398e-10
3094	174.9414978	5.124221047e-10
3095	165.6273132	6.916707207e-10
3096	161.1401363	6.579838896e-10
3097	162.3186344	5.606821674e-10
3098	164.0939231	6.791829321e-10
3099	168.1318559	8.70294059e-10
3100	172.488054	7.64092789e-10
3101	172.7302756	5.06394926e-10
3102	172.2519983	2.639204411e-10
3103	175.9512417	3.258975312e-10
3104	174.3046592	4.602274117e-10
3105	164.3092023	4.370832585e-10
3106	162.3483288	3.281286354e-10
3107	167.2175485	1.861018006e-10
3108	169.6909557	-1.261515337e-10
3109	175.4762947	-3.915410218e-10
3110	177.0978517	-6.512372863e-10
3111	170.9256136	-7.597655838e-10
3112	172.9329393	-7.872067442e-10
3113	180.2936484	-6.514575546e-10
3114	180.4615397	-7.4530071e-10
3115	174.2037595	-8.101217475e-10
3116	169.7497414	-7.786269407e-10
3117	175.8475534	-6.872209468e-10
3118	180.7389774	-2.795985665e-10
3119	174.3738897	-2.105480235e-10
3120	175.3902701	-2.906457297e-10
3121	183.4785702	-2.274571642e-10
3122	179.669598	-6.119904583e-11
3123	171.6381081	1.283062545e-10
3124	170.7058373	1.810978034e-10
3125	172.5910644	1.453699383e-10
3126	173.4188583	2.88725488e-10
3127	173.0591936	5.16948262e-10
3128	174.6201448	7.345342112e-10
3129	176.3622446	7.603304653e-10
3130	171.9355589	7.03783698e-10
3131	165.5497151	6.52097043e-10
3132	165.1956535	6.994511637e-10
3133	167.4415576	6.735021429e-10
3134	164.9236306	5.557527771e-10
3135	162.2161706	3.499671664e-10
3136	167.2093769	2.31318964e-10
3137	175.6229626	2.780211616e-10
3138	180.7632928	1.341948774e-10
3139	177.3047108	-1.81394455e-10
3140	167.783662	-3.89963617e-10
3141	170.7308015	-4.730296155e-10
3142	183.4842832	-4.988240931e-10
3143	184.613123	-5.389093616e-10
3144	179.796519	-6.520011198e-10
3145	177.4511165	-4.998970127e-10
3146	173.5626297	-6.17056628e-10
3147	171.9649632	-8.513598715e-10
3148	168.7551634	-9.615348517e-10
3149	164.3044912	-9.612790564e-10
3150	166.7174845	-8.242526661e-10
3151	165.6073334	-4.179696589e-10
3152	163.7882191	-3.933031678e-11
3153	173.9888087	8.833822562e-11
3154	181.1911187	1.676792039e-10
3155	179.0959603	3.069509091e-10
3156	176.8986794	5.385114576e-10
3157	171.8889843	6.791118778e-10
3158	167.8218998	7.708447214e-10
3159	168.5237922	8.951897001e-10
3160	168.7540072	1.036420727e-09
3161	171.7550845	1.086375434e-09
3162	173.1850989	8.281233477e-10
3163	162.4286972	5.321325602e-10
3164	154.1246973	3.288356254e-10
3165	166.201913	1.878106559e-10
3166	180.7037046	-5.849543072e-11
3167	173.9440486	-2.447038128e-10
3168	161.4233757	-3.767031131e-10
3169	164.3617476	-3.416751326e-10
3170	170.6840161	-1.791882198e-10
3171	166.9067097	-1.674891337e-10
3172	159.7304301	-3.948414928e-10
3173	158.3324086	-6.6713568e-10
3174	162.7958306	-8.868994428e-10
3175	167.1976555	-8.876046564e-10
3176	171.9816969	-8.505232074e-10
3177	175.7407638	-8.746106062e-10
3178	172.9981043	-8.117897465e-10
3179	173.1494677	-6.309370804e-10
3180	176.2035956	-6.016218634e-10
3181	171.1608228	-5.507878598e-10
3182	171.0785322	-3.031459528e-10
3183	178.461374	-5.414335646e-11
3184	178.1915892	2.72333267e-11
3185	178.2011168	-1.571205388e-10
3186	179.784749	-2.993694181e-10
3187	174.3783477	-3.948450455e-10
3188	172.732559	-2.277928957e-10
3189	173.9104852	1.574562702e-10
3190	168.7979405	5.526121782e-10
3191	165.1852119	6.37232489e-10
3192	166.2652611	6.23174401e-10
3193	169.3206648	8.414779984e-10
3194	172.1373129	1.00133235e-09
3195	168.6999125	9.863789785e-10
3196	162.4581538	9.265797019e-10
3197	162.9825849	8.198650647e-10
3198	169.3030105	7.840181837e-10
3199	170.1281825	6.425011634e-10
3200	160.4411268	4.845706059e-10
3201	151.6853728	3.953495309e-10
3202	151.4697303	2.880664596e-10
3203	156.4790359	1.151398976e-10
3204	163.9733177	-1.785700476e-10
3205	165.4832052	-5.926583668e-10
3206	158.9606078	-8.219860348e-10
3207	157.6612984	-8.693028519e-10
3208	164.38028	-7.418119452e-10
3209	168.9255376	-7.309086669e-10
3210	165.79231	-9.186482686e-10
3211	160.9107101	-1.109219383e-09
3212	162.7089954	-1.135596506e-09
3213	165.5340016	-1.164805141e-09
3214	163.8651845	-1.10799192e-09
3215	161.7559177	-1.019992979e-09
3216	159.3689248	-8.439471344e-10
3217	161.704702	-6.5098682e-10
3218	168.9732995	-6.064251323e-10
3219	170.0748214	-5.554117166e-10
3220	172.224515	-2.965183654e-10
3221	180.2204715	8.22932833e-11
3222	178.6138322	2.89432478e-10
3223	169.9951406	4.014761856e-10
3224	166.6911537	3.873985577e-10
3225	166.2881817	3.597460108e-10
3226	166.4871484	4.752696015e-10
3227	167.726936	6.73203715e-10
3228	168.1049095	6.384937024e-10
3229	166.7969857	4.339923976e-10
3230	169.064744	3.606466237e-10
3231	177.4530835	5.547562409e-10
3232	177.8530688	7.398490709e-10
3233	167.963134	6.320934887e-10
3234	164.7249942	4.774491913e-10
3235	166.8903623	3.14646087e-10
3236	169.6334805	-7.776890243e-12
3237	176.2694882	-3.837996587e-10
3238	176.8184506	-8.141682883e-10
3239	171.9018301	-9.803162726e-10
3240	174.6432515	-1.072915978e-09
3241	179.3709427	-1.059156318e-09
3242	176.5330166	-9.568452697e-10
3243	170.0856184	-1.089450308e-09
3244	169.7271205	-1.143638073e-09
3245	175.1204794	-1.035989072e-09
3246	173.5654175	-9.046701166e-10
3247	169.5623834	-6.761702309e-10
3248	176.3751826	-6.464944136e-10
3249	182.7648711	-5.233768974e-10
3250	177.6793155	-2.349942463e-10
3251	170.3161607	-2.377191777e-10
3252	167.9837103	-1.701270236e-10
3253	167.764054	-1.314326425e-10
3254	167.5796199	8.283684849e-11
3255	171.2871379	4.396660813e-10
3256	176.0214226	6.494307314e-10
3257	173.7266002	6.635367811e-10
3258	168.6420862	6.787548301e-10
3259	166.1446849	7.64620367e-10
3260	165.8258963	8.671392493e-10
3261	168.6122848	9.210090468e-10
3262	170.246941	7.031921712e-10
3263	169.762633	4.589413294e-10
3264	171.6624634	3.926974301e-10
3265	175.7250507	3.562110606e-10
3266	180.5416489	2.024922452e-10
3267	176.8083219	-1.065636468e-10
3268	165.1642397	-3.086970679e-10
3269	167.2102186	-2.723155035e-10
3270	176.6389146	-3.30819816e-10
3271	173.9779954	-5.039595408e-10
3272	171.5397155	-5.727613939e-10
3273	174.2539254	-6.088107796e-10
3274	172.5662502	-5.725659946e-10
3275	169.7927463	-7.074447694e-10
3276	167.1366571	-8.260609974e-10
3277	166.7452856	-8.775629112e-10
3278	170.3105864	-7.087930243e-10
3279	170.1439699	-4.888001115e-10
3280	170.7885869	-5.330846875e-11
3281	177.0373647	4.161826439e-11
3282	180.0914803	-1.221245327e-11
3283	179.6918367	1.552535878e-12
3284	178.1284959	4.29842828e-11
3285	173.9940583	1.410818129e-10
3286	171.8285681	3.077307298e-10
3287	171.7385043	5.402949199e-10
3288	171.3735126	7.131610857e-10
3289	175.1813946	7.562057647e-10
3290	179.6570454	4.679403531e-10
3291	173.0597836	2.313047531e-10
3292	164.7205731	1.480788825e-10
3293	175.0326757	9.013945146e-11
3294	188.0765324	4.758859973e-11
3295	179.2264756	-1.471871514e-10
3296	166.3819811	-1.026307928e-10
3297	167.4838706	-2.763123064e-11
3298	171.2506034	2.302158464e-10
3299	169.767425	2.508073749e-10
3300	164.7312857	-7.036504712e-11
3301	163.2972867	-4.179288027e-10
3302	169.2502372	-6.757083781e-10
3303	175.3919781	-7.297860094e-10
3304	180.7173113	-7.979217287e-10
3305	181.5672431	-7.749143549e-10
3306	173.7466689	-6.913865036e-10
3307	170.6391638	-5.149445315e-10
3308	170.6526725	-4.11652934e-10
3309	165.2964156	-4.802913622e-10
3310	168.0856539	-3.805773474e-10
3311	174.6046644	-1.246238668e-10
3312	171.9620199	-1.641886627e-10
3313	171.2355101	-1.415472184e-10
3314	173.1829429	-1.650626302e-10
3315	172.1056659	-1.804263405e-10
3316	174.6844477	4.830447153e-11
3317	177.7051107	3.207354382e-10
3318	175.9349332	7.148681647e-10
3319	173.3041774	8.780052241e-10
3320	172.2115306	9.226557296e-10
3321	174.5673167	1.01820774e-09
3322	177.7209801	1.082941736e-09
3323	174.3704484	8.881357871e-10
3324	166.5313218	7.650218237e-10
3325	165.5292099	8.509477567e-10
3326	172.7539986	8.662190965e-10
3327	173.3556897	5.753015841e-10
3328	163.1075777	4.238724927e-10
3329	155.0029329	2.3283242e-10
3330	155.0825708	2.04014583e-10
3331	161.2240832	1.482192147e-10
3332	165.640771	-1.27258204e-10
3333	161.0180033	-4.338573945e-10
3334	156.176877	-5.905711475e-10
3335	157.5655845	-4.775948526e-10
3336	160.5268951	-3.187743403e-10
3337	163.6128565	-3.265512305e-10
3338	163.0281685	-4.531273134e-10
3339	160.1342917	-5.827338612e-10
3340	161.7804504	-7.597744656e-10
3341	165.2560934	-8.881215763e-10
3342	168.8904262	-1.012024242e-09
3343	168.0601772	-9.759695274e-10
3344	159.9653604	-7.552785064e-10
3345	159.8725081	-6.226255067e-10
3346	165.6196601	-5.619860133e-10
3347	163.2122396	-6.206235525e-10
3348	164.2340242	-5.214104704e-10
3349	169.3068944	-1.977440434e-10
3350	164.4594812	1.017443907e-10
3351	158.2854303	2.726974202e-10
3352	158.8107321	4.114575347e-10
3353	160.7582058	4.815952082e-10
3354	162.5059512	6.213713988e-10
3355	163.2960472	7.306031335e-10
3356	161.551913	7.070237729e-10
3357	158.9573566	5.746230158e-10
3358	162.7863783	5.441638251e-10
3359	172.7191641	7.436486982e-10
3360	173.927476	8.727472078e-10
3361	166.2837116	7.059366425e-10
3362	162.7064111	3.980691332e-10
3363	163.3601396	2.885229833e-10
3364	167.0657083	5.906919398e-11
3365	172.4235907	-3.377671476e-10
3366	172.6907506	-8.246221483e-10
3367	171.3371745	-1.147380857e-09
3368	174.479201	-1.152844931e-09
3369	177.0572924	-1.132203664e-09
3370	172.658702	-1.045243891e-09
3371	168.1028444	-1.029858865e-09
3372	173.05919	-1.138927175e-09
3373	175.3026522	-1.058158006e-09
3374	166.3951335	-9.052918415e-10
3375	165.5345707	-7.646132616e-10
3376	176.6959305	-6.135589814e-10
3377	181.370767	-3.253202152e-10
3378	175.4264841	-1.392788107e-10
3379	168.7606412	8.88782381e-11
3380	168.5205205	1.071551736e-10
3381	169.7738097	1.78850712e-10
3382	169.967461	4.279794297e-10
3383	177.5223542	9.046434712e-10
3384	182.6613701	9.90826976e-10
3385	174.9605412	1.018449325e-09
3386	170.3004872	9.852278993e-10
3387	171.7710912	9.473843932e-10
3388	170.2985848	1.018715778e-09
3389	171.852318	9.41430045e-10
3390	176.3409225	8.422471609e-10
3391	175.5673766	7.119407286e-10
3392	170.1645963	5.310365481e-10
3393	168.2722714	3.643929603e-10
3394	172.2793317	2.110542852e-10
3395	169.7055013	-8.514255967e-11
3396	162.5353987	-1.178808162e-10
3397	167.3030393	-8.010658803e-11
3398	173.6097455	-1.515498838e-10
3399	171.4323168	-3.975326734e-10
3400	175.0369453	-6.718057222e-10
3401	182.7068057	-6.033857858e-10
3402	181.2177761	-5.450058183e-10
3403	174.3895628	-7.661054013e-10
3404	171.8219346	-1.038380049e-09
3405	173.6278313	-1.143199313e-09
3406	173.0740488	-1.057857801e-09
3407	170.7833548	-8.551435116e-10
3408	171.3624466	-4.987086299e-10
3409	172.3007518	-3.77021081e-10
3410	173.7829139	-4.018083644e-10
3411	175.9848395	-4.61303884e-10
3412	175.0973556	-3.863593889e-10
3413	173.8488981	-2.700542012e-10
3414	173.9400297	-6.104095007e-11
3415	172.8705705	3.10798498e-10
3416	171.4756797	6.847962197e-10
3417	172.726142	7.169251859e-10
3418	176.4498981	5.478781873e-10
3419	173.0052127	3.844569108e-10
3420	165.4147493	3.332765175e-10
3421	173.0062024	4.04579481e-10
3422	184.8112046	3.305853369e-10
3423	180.1569822	3.540367999e-10
3424	172.9054021	4.374420826e-10
3425	173.7565308	6.168416888e-10
3426	175.1691235	8.209681823e-10
3427	173.9102389	7.334861607e-10
3428	169.3486538	3.820908034e-10
3429	166.4212149	-1.291944329e-11
3430	167.57545	-3.063913567e-10
3431	169.0317613	-5.294964467e-10
3432	172.0216181	-6.597513647e-10
3433	170.6094713	-7.922675849e-10
3434	163.2436362	-5.59948532e-10
3435	161.7925669	-3.156781503e-10
3436	162.6123397	-2.855369274e-10
3437	162.4638101	-3.799502934e-10
3438	170.0759603	-3.373941126e-10
3439	177.3377217	-1.931628191e-10
3440	176.5862101	-4.449418611e-11
3441	175.1454385	-1.314326425e-11
3442	174.7875815	8.791189998e-12
3443	174.6874137	1.15042198e-10
3444	175.7086091	3.010427463e-10
3445	176.5490598	5.383675727e-10
3446	175.8792008	7.482121589e-10
3447	172.6052108	9.135874279e-10
3448	170.0351735	7.822080761e-10
3449	171.5112137	8.623128878e-10
3450	173.7846319	7.553424552e-10
3451	171.763466	5.632205813e-10
3452	165.2789753	4.783053953e-10
3453	164.0460232	5.829452476e-10
3454	170.1874886	7.461533613e-10
3455	169.3871872	6.359197613e-10
3456	159.4032416	5.010161175e-10
3457	151.571588	3.82009091e-10
3458	152.5164438	3.258140424e-10
3459	159.6758822	3.519886604e-10
3460	158.8009967	1.705586783e-10
3461	150.8139864	-4.121325503e-11
3462	153.0450944	4.23874269e-11
3463	159.0020402	7.083222897e-11
3464	158.711039	1.473772215e-10
3465	159.7856216	1.042153031e-10
3466	161.2715991	-1.312141507e-10
3467	160.0059072	-3.490416844e-10
3468	159.1066869	-5.616218601e-10
3469	162.336495	-7.747829045e-10
3470	170.462854	-1.007707695e-09
3471	169.1270423	-1.0790977e-09
3472	157.6639862	-9.668390533e-10
3473	156.2081034	-6.922640239e-10
3474	158.7620304	-6.198277447e-10
3475	156.3557849	-6.425153742e-10
3476	160.9205495	-5.821796378e-10
3477	165.4105339	-3.822417938e-10
3478	160.2855202	-1.73031367e-10
3479	157.939135	9.168488191e-11
3480	162.4678105	4.230695794e-10
3481	167.2842399	6.176268386e-10
3482	170.3576729	7.905818222e-10
3483	170.1776643	7.87041543e-10
3484	165.2959715	7.989733319e-10
3485	160.6467678	7.16706694e-10
3486	164.2835959	7.712017691e-10
3487	171.8890108	9.668532641e-10
3488	173.0249364	9.519069977e-10
3489	169.3312306	7.022897819e-10
3490	166.8450456	4.343796434e-10
3491	168.7232178	3.5566039e-10
3492	173.0997398	2.156816947e-10
3493	173.4509085	-2.72780909e-10
3494	172.0340277	-7.839062732e-10
3495	173.6578999	-9.865246398e-10
3496	176.5797289	-1.044554665e-09
3497	176.9977115	-9.558931424e-10
3498	170.766422	-9.077449903e-10
3499	169.0436541	-8.056897371e-10
3500	179.4598052	-7.043734485e-10
3501	179.2987956	-5.363887112e-10
3502	167.2663278	-4.297096012e-10
3503	170.3167837	-3.459437181e-10
3504	183.4157508	-2.103881513e-10
3505	186.4330039	-1.966427021e-11
3506	178.8664402	2.659934495e-10
3507	171.8873724	4.339053561e-10
3508	174.1858039	2.007904953e-10
3509	176.1397381	2.186837378e-10
3510	174.7401576	4.053486435e-10
3511	181.0876688	7.114593359e-10
3512	180.5594288	9.674216983e-10
3513	166.3059044	1.030365127e-09
3514	163.3461067	8.709086785e-10
3515	169.6454734	8.752358838e-10
3516	167.2822078	8.329781309e-10
3517	167.0174294	8.56111626e-10
3518	175.6550315	7.433396121e-10
3519	177.5609681	6.948663867e-10
3520	169.3182281	5.765024014e-10
3521	166.3846554	3.507807378e-10
3522	169.7516605	5.475442322e-11
3523	167.9642056	-2.217532824e-10
3524	167.2099738	-3.073719057e-10
3525	172.0613497	-2.318536474e-10
3526	170.8807776	-2.894715578e-10
3527	166.5535364	-6.638209982e-10
3528	171.2954493	-8.80215012e-10
3529	178.6436216	-8.44721626e-10
3530	174.1752075	-8.00969957e-10
3531	163.2868323	-9.747846974e-10
3532	163.8466765	-1.269604866e-09
3533	169.8615574	-1.386645465e-09
3534	167.4770455	-1.368743341e-09
3535	165.7602053	-1.203796174e-09
3536	166.718151	-9.583462912e-10
3537	164.6771008	-6.906031302e-10
3538	166.7247984	-7.289600035e-10
3539	168.8810507	-6.241691608e-10
3540	165.8695136	-4.631637296e-10
3541	165.5002041	-3.870521681e-10
3542	166.3902647	-8.941114515e-11
3543	166.2166306	2.928750575e-10
3544	166.385672	7.291376392e-10
3545	165.5433955	9.318057437e-10
3546	167.5874909	8.105232041e-10
3547	168.5305948	6.926512697e-10
3548	165.555884	6.525588958e-10
3549	170.5745786	7.13033188e-10
3550	179.0818328	7.441052219e-10
3551	178.6388383	7.212825892e-10
3552	175.4531863	8.292637688e-10
3553	174.5252437	8.657821127e-10
3554	173.0641802	8.69512462e-10
3555	170.2063571	6.719105272e-10
3556	167.4423207	3.519744496e-10
3557	166.2920975	1.12976295e-11
3558	164.0850133	-2.841886726e-10
3559	163.0350108	-5.626290545e-10
3560	166.0011205	-7.566569593e-10
3561	166.1822333	-7.412239711e-10
3562	164.8530708	-5.288036675e-10
3563	166.6843331	-2.649898079e-10
3564	167.4025238	-1.724345111e-10
3565	169.0133009	-3.463185294e-10
3566	173.9930554	-3.889439881e-10
3567	178.0863265	-1.926672155e-10
3568	178.86576	-1.926139248e-10
3569	174.9890033	-1.914060022e-10
3570	171.0879649	-1.637054936e-10
3571	170.687928	-1.111573056e-10
3572	169.2377884	2.254552101e-11
3573	168.2965307	1.896651725e-10
3574	168.2081182	3.258833203e-10
3575	165.1002658	4.104130369e-10
3576	163.2321744	3.911715396e-10
3577	163.9000773	4.523599273e-10
3578	164.2361764	4.776943285e-10
3579	163.1623149	2.846078928e-10
3580	159.7893606	1.954987283e-10
3581	160.5398569	3.899209844e-10
3582	166.016466	5.841833683e-10
3583	165.374492	6.700133781e-10
3584	157.2788922	6.16275031e-10
3585	150.7411924	5.015259319e-10
3586	155.7984431	5.869829067e-10
3587	165.3092371	4.058193781e-10
3588	159.2562732	2.332001259e-10
3589	150.5863313	1.45274015e-10
3590	160.0530455	1.960849261e-10
3591	168.989763	2.709121816e-10
3592	164.8985736	2.775628616e-10
3593	161.727872	3.922906444e-11
3594	163.3995734	-2.625171192e-10
3595	162.5755507	-4.979803236e-10
3596	158.338199	-7.417000347e-10
3597	162.1099843	-1.056633891e-09
3598	173.3455143	-1.439637742e-09
3599	172.0469381	-1.55315405e-09
3600	163.1944684	-1.324096388e-09
3601	163.2732801	-9.440590532e-10
3602	163.225172	-7.688996106e-10
3603	162.9924781	-7.230909205e-10
3604	170.9581875	-6.431903898e-10
3605	174.4494056	-3.83622023e-10
3606	168.9275392	-1.194386812e-10
3607	166.9288581	1.379127923e-10
3608	170.6094717	4.320916958e-10
3609	174.4234614	6.794955709e-10
3610	177.0169639	9.036753568e-10
3611	175.7810512	9.591758499e-10
3612	168.5052874	8.894289749e-10
3613	164.1053606	7.642100286e-10
3614	168.4106849	7.858602658e-10
3615	173.206951	9.621849983e-10
3616	175.768835	1.029626162e-09
3617	176.5895677	7.564260329e-10
3618	175.2919498	4.925624353e-10
3619	179.3512068	4.036522228e-10
3620	182.5612538	2.329656468e-10
3621	175.3006308	-1.559996576e-11
3622	170.4292586	-3.586890784e-10
3623	173.4570542	-5.794795754e-10
3624	176.9595853	-6.200053804e-10
3625	176.258161	-6.737153058e-10
3626	168.9836639	-6.219877946e-10
3627	170.7794727	-5.641744849e-10
3628	184.9593876	-4.139408816e-10
3629	184.420012	-3.077111899e-10
3630	173.8225277	-2.495141871e-10
3631	177.9961973	-4.35463221e-10
3632	187.7507044	-4.44657644e-10
3633	186.7336858	-2.558664391e-10
3634	175.6571796	-3.553424222e-11
3635	167.7177987	1.385558335e-12
3636	171.5802579	-1.466915478e-10
3637	173.6297985	-2.496918228e-10
3638	172.1153729	-4.45936621e-11
3639	177.4594683	3.66288333e-10
3640	173.7201559	5.406803893e-10
3641	159.7191533	6.505302963e-10
3642	163.381875	6.174580847e-10
3643	176.8122821	5.458140606e-10
3644	173.9482072	5.415472515e-10
3645	169.2895564	5.090576849e-10
3646	178.1776172	5.019380467e-10
3647	180.181851	5.944258419e-10
3648	170.6454485	5.090114996e-10
3649	168.0796475	3.397175874e-10
3650	167.8353034	5.97104588e-11
3651	165.039738	-2.062776616e-10
3652	170.4314127	-2.514610742e-10
3653	174.9337284	-2.825188972e-10
3654	169.249972	-3.55630192e-10
3655	165.6197074	-7.304450378e-10
3656	171.3281176	-9.581668792e-10
3657	178.6199865	-9.320118011e-10
3658	173.4340812	-9.599574469e-10
3659	162.6202937	-1.130622707e-09
3660	167.8740011	-1.34166811e-09
3661	176.7058592	-1.380751513e-09
3662	173.4011315	-1.374296232e-09
3663	171.9962361	-1.306492692e-09
3664	171.961519	-1.169336628e-09
3665	168.9355545	-9.161915671e-10
3666	171.2811298	-6.652882689e-10
3667	171.0192149	-4.382343377e-10
3668	165.8906326	-2.921609621e-10
3669	165.6305936	-1.824567164e-10
3670	167.0817063	-1.206430511e-10
3671	169.862584	3.039346552e-10
3672	173.0735909	7.610196917e-10
3673	169.8036652	8.171809895e-10
3674	167.2116113	7.068088337e-10
3675	170.6881963	4.983320423e-10
3676	173.4022233	4.905444939e-10
3677	175.0472883	5.544933401e-10
3678	178.3779216	5.513172141e-10
3679	180.2117303	5.978648687e-10
3680	178.9638184	7.713794048e-10
3681	178.0470872	8.760814296e-10
3682	176.8338386	7.877858366e-10
3683	173.8289199	5.13747267e-10
3684	174.7680658	2.006359523e-10
3685	176.3160095	-1.3375967e-11
3686	171.454631	-3.280646865e-10
3687	168.2607969	-4.764011408e-10
3688	168.5025017	-6.77943035e-10
3689	167.455274	-6.976677014e-10
3690	169.0651921	-5.058318209e-10
3691	170.423436	-2.395061927e-10
3692	169.5296946	-2.410693867e-10
3693	169.798162	-4.190034986e-10
3694	168.4834608	-4.848068613e-10
3695	170.5033515	-4.455280589e-10
3696	175.690064	-4.021920574e-10
3697	172.9593369	-5.974811756e-10
3698	169.3288923	-5.214211285e-10
3699	170.8298326	-3.917044467e-10
3700	170.0505746	-2.36411779e-10
3701	169.1015309	-2.210995831e-10
3702	168.5133479	-2.078515138e-10
3703	165.7588693	-2.020570378e-10
3704	164.7498547	-9.282885571e-11
3705	163.9431398	8.397194051e-11
3706	161.8461501	1.642774805e-10
3707	160.4057477	1.134168315e-10
3708	159.8527239	5.723421737e-12
3709	162.9565194	1.706261799e-10
3710	168.2457011	4.716014246e-10
3711	169.0600674	6.330296287e-10
3712	161.9762114	6.358398252e-10
3713	155.4289464	6.366533967e-10
3714	164.2242836	5.544364967e-10
3715	174.3920736	3.897326906e-10
3716	164.1604483	2.145910116e-10
3717	155.766107	4.755307259e-11
3718	168.0365512	4.746780746e-11
3719	177.3194286	7.492673149e-12
3720	170.5384192	-2.278710554e-11
3721	163.6568033	-3.208810995e-10
3722	165.5401067	-5.784315249e-10
3723	164.3957744	-7.453024864e-10
3724	157.1745126	-9.178187099e-10
3725	161.0487231	-1.187665077e-09
3726	171.2501092	-1.439481423e-09
3727	169.2892435	-1.477744149e-09
3728	165.5044058	-1.238380065e-09
3729	166.9879553	-8.761524839e-10
3730	164.5438656	-6.459259794e-10
3731	165.0272939	-4.584421731e-10
3732	171.9726315	-3.118927339e-10
3733	173.1369686	-1.649702597e-10
3734	167.7003949	3.925038072e-11
3735	164.9109279	2.275619693e-10
3736	165.8597003	3.276419136e-10
3737	167.4674533	6.880327419e-10
3738	170.536137	8.750369318e-10
3739	170.2050757	8.553939779e-10
3740	163.2856563	7.08368475e-10
3741	161.7432389	5.741647158e-10
3742	166.2267103	6.27739638e-10
3743	167.8226376	9.247393962e-10
3744	172.1917389	9.998615269e-10
3745	175.8353895	8.085443426e-10
3746	174.8147353	5.923581625e-10
3747	180.4948558	4.427462841e-10
3748	182.4475527	3.221138911e-10
3749	170.6592772	9.672618262e-11
3750	164.0603538	-1.409041772e-10
3751	168.6541271	-3.365876466e-10
3752	173.9317742	-4.594546965e-10
3753	172.0880798	-5.906670708e-10
3754	164.0929925	-6.830944699e-10
3755	167.3856116	-6.581934997e-10
3756	179.9780888	-5.347970955e-10
3757	179.2534321	-5.124114466e-10
3758	172.0334963	-6.76578793e-10
3759	174.2887196	-8.266560769e-10
3760	179.1455056	-9.088765296e-10
3761	176.1927475	-7.151470527e-10
3762	166.103341	-4.837268364e-10
3763	162.3820868	-6.21561469e-10
3764	169.5274895	-6.692424392e-10
3765	173.148235	-6.176819056e-10
3766	173.7695105	-3.418847427e-10
3767	178.6756769	4.137845622e-11
3768	174.7448635	3.560742812e-10
3769	164.3031024	5.187992258e-10
3770	172.1238901	6.880753745e-10
3771	187.7285564	8.126121998e-10
3772	181.3435061	7.996909801e-10
3773	170.0071572	6.791260887e-10
3774	175.1277033	6.101394945e-10
3775	175.2973335	6.730651592e-10
3776	167.9621527	7.031140115e-10
3777	168.9962421	5.67101921e-10
3778	167.2731586	1.308251285e-10
3779	165.9768249	-1.052598009e-10
3780	176.5298787	-2.751150419e-10
3781	180.7961397	-2.403872656e-10
3782	174.5369222	-3.925890724e-10
3783	172.5472386	-6.360281191e-10
3784	177.2113743	-8.85680862e-10
3785	182.5186569	-9.33898292e-10
3786	176.8636933	-9.082548047e-10
3787	167.8382179	-9.511893495e-10
3788	174.6708359	-1.094999647e-09
3789	182.5529217	-1.08844489e-09
3790	179.0268239	-1.027125052e-09
3791	177.6419757	-1.169851771e-09
3792	177.9453049	-1.097106406e-09
3793	177.3618807	-9.98507943e-10
3794	178.9084451	-7.552145576e-10
3795	175.3804044	-4.814317833e-10
3796	169.4500762	-3.851532426e-10
3797	168.0968756	-3.036007001e-10
3798	168.5328344	-2.136353316e-10
3799	172.8787924	7.67492736e-11
3800	177.7411143	3.968132489e-10
3801	171.9878078	5.288711691e-10
3802	164.3086487	3.886242439e-10
3803	170.1666604	2.196998139e-10
3804	179.4304996	2.407638533e-10
3805	178.9825656	3.990976438e-10
3806	178.2491415	3.981206476e-10
3807	180.431349	5.109619394e-10
3808	178.6208716	7.477574115e-10
3809	177.5843853	9.49892609e-10
3810	175.8913331	9.049152538e-10
3811	171.5546737	5.798774794e-10
3812	174.0476068	2.359428208e-10
3813	175.6224414	-3.825562089e-11
3814	169.3964375	-1.400124461e-10
3815	166.4239879	-2.896349827e-10
3816	164.9647607	-3.46037865e-10
3817	163.5539722	-3.515552294e-10
3818	166.793866	-3.686899674e-10
3819	168.4230671	-2.417621658e-10
3820	170.1024487	-2.925730769e-10
3821	171.1894122	-4.69363215e-10
3822	165.9099638	-5.515410351e-10
3823	167.8026237	-7.359979293e-10
3824	176.5393647	-8.362022186e-10
3825	175.5678263	-9.365841436e-10
3826	172.5180534	-8.858087597e-10
3827	175.1863137	-6.125766561e-10
3828	176.4499174	-4.31306546e-10
3829	175.3887775	-5.481304299e-10
3830	173.3322251	-6.214548876e-10
3831	171.5468642	-5.280931248e-10
3832	171.0453947	-3.142268667e-10
3833	168.8916088	-9.633893683e-11
3834	165.0698475	1.716493614e-10
3835	162.1475372	1.408615447e-10
3836	162.0467513	1.48673962e-10
3837	164.6959323	3.10798498e-10
3838	168.7788996	4.261231368e-10
3839	170.9761125	5.911395817e-10
3840	163.8777392	5.41032108e-10
3841	157.0909685	4.713420765e-10
3842	167.3640214	4.79364104e-10
3843	176.0317982	2.955822254e-10
3844	165.2789926	4.814282306e-11
3845	158.1399342	-2.93738367e-11
3846	168.2163813	4.397904263e-11
3847	175.8920379	1.763744706e-10
3848	168.4171581	6.420819432e-11
3849	160.6223758	-2.335269755e-10
3850	164.1421766	-4.714522106e-10
3851	162.9268167	-5.944507109e-10
3852	154.3946193	-7.334399754e-10
3853	157.2973731	-8.819007746e-10
3854	163.4727663	-1.064446309e-09
3855	161.7884402	-1.071811084e-09
3856	163.5808371	-8.741309898e-10
3857	166.6255844	-6.833147381e-10
3858	164.3781404	-4.69015049e-10
3859	164.2753728	-3.458495712e-10
3860	166.4464023	-2.06583195e-10
3861	164.9780093	-6.693312571e-11
3862	161.0775152	3.046096708e-11
3863	159.2489649	-4.354916427e-11
3864	159.2906046	1.971223185e-10
3865	160.768311	4.827782618e-10
3866	166.3524725	6.824016907e-10
3867	168.4363558	6.206626324e-10
3868	164.5052735	3.313793684e-10
3869	166.5306899	3.306581675e-10
3870	168.7731443	4.615472449e-10
3871	165.9622039	8.615543834e-10
3872	170.0154546	1.031342123e-09
3873	173.5241773	1.007407491e-09
3874	171.5985801	7.852776207e-10
3875	176.5177117	6.890417126e-10
3876	177.7290083	5.577049933e-10
3877	166.625298	3.04147818e-10
3878	160.9900325	2.912159403e-11
3879	167.8336692	-1.477253875e-10
3880	174.7337829	-2.645492714e-10
3881	170.9923551	-4.086793126e-10
3882	163.8727494	-6.700169308e-10
3883	167.7532903	-7.659934909e-10
3884	176.0822339	-6.730083157e-10
3885	176.8497757	-7.538965008e-10
3886	174.0228825	-8.31978042e-10
3887	173.7323967	-1.025469487e-09
3888	175.4947891	-1.059284216e-09
3889	173.3260717	-8.780958183e-10
3890	167.50632	-6.553335652e-10
3891	168.5990938	-4.622826566e-10
3892	174.9512588	-4.21380264e-10
3893	176.3181845	-2.994227088e-10
3894	175.453658	-1.648459147e-12
3895	176.7595293	3.641282831e-10
3896	173.3421834	6.317648626e-10
3897	166.9960204	8.696652287e-10
3898	175.1372547	1.058428012e-09
3899	188.9802614	1.170725739e-09
3900	181.5049703	1.161918561e-09
3901	169.2689649	8.419647202e-10
3902	172.5741398	7.378808675e-10
3903	172.0880453	7.554596948e-10
3904	168.1821144	7.462404028e-10
3905	170.8666611	5.786802149e-10
3906	167.5190323	2.86132007e-10
3907	166.388028	-2.91926483e-11
3908	174.9799061	-1.316564635e-10
3909	175.2507799	-1.599609334e-10
3910	168.8539245	-2.048494707e-10
3911	167.9474281	-3.955271666e-10
3912	171.8574594	-5.526530344e-10
3913	176.283286	-6.254765594e-10
3914	173.3605894	-5.52496715e-10
3915	168.9034149	-7.4935258e-10
3916	174.4553424	-8.425082854e-10
3917	179.364515	-7.670699631e-10
3918	175.976599	-7.943761204e-10
3919	173.2529683	-9.02506514e-10
3920	175.1116143	-9.97726346e-10
3921	178.1402195	-9.25734156e-10
3922	176.9647103	-6.779536932e-10
3923	171.3333571	-5.482938548e-10
3924	167.3765614	-4.023448241e-10
3925	165.9951124	-3.786411185e-10
3926	166.2272776	-2.210818195e-10
3927	171.5316321	-4.025935141e-11
3928	177.1673633	1.433626551e-10
3929	170.2870336	2.267626087e-10
3930	159.50342	2.413642619e-10
3931	166.6268657	2.494573437e-10
3932	178.5035043	3.419167172e-10
3933	174.6515002	5.079954235e-10
3934	169.8618118	5.345022203e-10
3935	170.4005732	7.690665882e-10
3936	167.7600799	1.152482554e-09
3937	166.7679781	1.426435858e-09
3938	164.1232622	1.361630808e-09
3939	160.3191324	9.381757593e-10
3940	165.3083303	4.330047432e-10
3941	168.5088258	1.645119596e-10
3942	166.1061891	8.751399605e-11
3943	167.2779382	-8.713385569e-11
3944	167.0360794	-1.706688124e-10
3945	166.107876	-2.394706655e-10
3946	167.632559	-2.302371627e-10
3947	168.1283045	-2.404156874e-10
3948	172.1282809	-4.111910812e-10
3949	173.2516504	-6.252420803e-10
3950	165.8633563	-7.676135283e-10
3951	166.1753835	-8.12956813e-10
3952	173.3100226	-9.239435883e-10
3953	171.6401295	-9.628742248e-10
3954	167.1304014	-9.486846864e-10
3955	169.5165679	-5.609237519e-10
3956	173.1272966	-3.296776185e-10
3957	171.4700873	-3.549018857e-10
3958	168.737436	-4.452935798e-10
3959	169.6761458	-5.240607948e-10
3960	170.5381789	-3.140314675e-10
3961	168.9419018	-2.468425464e-11
3962	165.8073074	1.557083351e-10
3963	162.4869539	3.618971789e-10
3964	161.2961734	4.220943595e-10
3965	160.7545992	4.82739182e-10
3966	162.2849798	6.1272587e-10
3967	164.2463437	5.108518053e-10
3968	157.2659838	5.41206191e-10
3969	151.8267119	5.787121893e-10
3970	160.3526374	5.183480312e-10
3971	165.8347509	4.469633552e-10
3972	159.0250577	2.30766517e-10
3973	154.6585036	4.274625098e-11
3974	161.260018	2.567901447e-10
3975	168.6143449	4.150386701e-10
3976	163.9781973	3.677733673e-10
3977	159.6772968	7.45679074e-11
3978	167.1230665	-2.705178304e-10
3979	167.8280585	-4.468319048e-10
3980	160.1177034	-5.528981717e-10
3981	159.5379981	-6.864233626e-10
3982	159.4220851	-7.918075084e-10
3983	157.8648529	-7.987210893e-10
3984	162.2865187	-7.47515827e-10
3985	166.6611193	-6.653380069e-10
3986	167.7599178	-6.074785119e-10
3987	167.1284801	-5.806199965e-10
3988	164.2169402	-5.682672111e-10
3989	161.5300456	-5.291553862e-10
3990	160.5773121	-4.476170545e-10
3991	161.3149426	-4.329869796e-10
3992	162.4244461	-2.74344103e-10
3993	165.5915208	1.448121623e-10
3994	172.6730307	4.412328281e-10
3995	174.8168093	4.148184019e-10
3996	173.1938509	3.76537912e-10
3997	176.4414308	4.145839227e-10
3998	174.1309793	6.812364006e-10
3999	166.3382749	1.020875828e-09
4000	167.1657322	1.305163977e-09
4001	169.1212176	1.431313734e-09
4002	166.9204867	1.345703993e-09
4003	169.534921	1.190120003e-09
4004	171.4232269	9.60216795e-10
4005	165.1647724	6.46551257e-10
4006	162.4731072	1.729887344e-10
4007	172.4622362	4.28812541e-11
4008	180.2758245	5.826450433e-12
4009	174.5740385	-1.894058244e-10
4010	170.0802339	-4.581508506e-10
4011	174.1034797	-5.93580296e-10
4012	178.3120736	-5.35386846e-10
4013	181.3613171	-5.333689046e-10
4014	180.6498405	-6.996643265e-10
4015	176.6054452	-8.038973931e-10
4016	175.8434368	-8.41954062e-10
4017	174.6248399	-6.374136774e-10
4018	173.0210814	-5.003109038e-10
4019	176.0065118	-2.120792431e-10
4020	177.8527014	8.029132914e-13
4021	175.8309846	6.884803838e-11
4022	173.1147057	3.064357657e-10
4023	171.9304322	4.550493315e-10
4024	171.6804152	6.34688746e-10
4025	170.5746126	7.907487998e-10
4026	176.6476676	9.93395588e-10
4027	185.5591691	1.077765432e-09
4028	179.6196799	9.151648328e-10
4029	171.3886082	7.208029729e-10
4030	173.9967313	5.151505889e-10
4031	173.4280931	6.311289269e-10
4032	170.7545614	6.477129944e-10
4033	171.0472184	3.36793704e-10
4034	167.8230865	1.642206371e-10
4035	168.1061547	1.061692956e-10
4036	172.6373872	4.931166586e-12
4037	170.4539547	-2.579980674e-11
4038	165.82004	3.95559141e-11
4039	166.3905229	-6.025402399e-11
4040	170.753698	-5.762501587e-11
4041	174.9451897	-2.263078613e-12
4042	175.6258374	-1.217337342e-10
4043	173.8973235	-3.235243184e-10
4044	173.1156596	-5.38637579e-10
4045	173.0087005	-5.455511598e-10
4046	169.1102209	-4.980513779e-10
4047	164.7421032	-6.217000248e-10
4048	170.311058	-8.928040529e-10
4049	177.9472184	-8.207372559e-10
4050	175.4701433	-6.597140612e-10
4051	171.8735444	-5.402469583e-10
4052	172.3753091	-4.436557788e-10
4053	171.4888791	-3.072067045e-10
4054	171.2977104	-1.430322527e-10
4055	175.6234154	-3.716138508e-11
4056	179.584009	1.601314636e-10
4057	171.8381695	3.300471008e-10
4058	160.6418967	4.710827284e-10
4059	167.4330095	5.931326541e-10
4060	177.5981269	7.019238524e-10
4061	171.4135161	7.461729012e-10
4062	165.4011563	8.611635849e-10
4063	166.9236975	9.653859934e-10
4064	168.1405063	1.292249863e-09
4065	168.3886094	1.612740164e-09
4066	163.8583234	1.425632945e-09
4067	160.8897726	9.726903727e-10
4068	166.7784711	4.870024384e-10
4069	171.2631056	2.300915014e-10
4070	173.1391984	4.174793844e-11
4071	176.1909477	-8.2774676e-11
4072	175.7073991	-1.771773839e-10
4073	172.9598651	-9.173817261e-11
4074	169.3303975	-5.96322991e-11
4075	167.0798219	-1.634674618e-10
4076	170.0723708	-3.307398799e-10
4077	169.8097234	-5.458886676e-10
4078	163.7021641	-7.421050441e-10
4079	162.8764304	-7.094769217e-10
4080	166.6368415	-7.1655748e-10
4081	164.3753361	-8.005542895e-10
4082	158.7308114	-6.598881441e-10
4083	161.5226337	-3.869899956e-10
4084	167.7145323	-1.178470654e-10
4085	165.4473748	-1.673541306e-10
4086	162.999492	-3.132178961e-10
4087	166.830311	-3.349462929e-10
4088	169.2225028	-2.954188005e-10
4089	169.2716886	-1.240110237e-10
4090	168.3434857	1.382751691e-10
4091	166.1235217	3.300399953e-10
4092	163.595374	5.178080187e-10
4093	159.9806426	4.611742099e-10
4094	159.3222612	4.535714027e-10
4095	159.9062525	4.514859597e-10
4096	155.8449627	4.000888509e-10
4097	155.4892578	4.644320484e-10
4098	160.8706356	4.765077222e-10
4099	163.420413	3.47874618e-10
4100	162.6260057	1.229061297e-10
4101	160.1813982	1.293578578e-10
4102	162.5703115	3.280646865e-10
4103	168.8050345	5.400231373e-10
4104	165.6161134	4.937525944e-10
4105	162.8684164	1.138644734e-10
4106	171.0224229	-2.1572788e-10
4107	173.6080599	-4.03140632e-10
4108	167.4438296	-7.12624626e-10
4109	161.2897462	-9.499068199e-10
4110	155.1850392	-1.049901499e-09
4111	153.5017542	-1.047006037e-09
4112	157.6865799	-9.544187662e-10
4113	164.5090643	-9.482725716e-10
4114	171.5176025	-9.52585566e-10
4115	171.1385261	-9.74473835e-10
4116	164.5664156	-9.116796207e-10
4117	161.1863659	-7.688676362e-10
4118	161.5403777	-6.591847068e-10
4119	162.0147611	-5.52670798e-10
4120	162.2941958	-2.867537319e-10
4121	165.9914632	1.229665259e-10
4122	171.0144963	5.258797842e-10
4123	170.2480764	6.055564938e-10
4124	170.11424	6.851834655e-10
4125	174.3243114	7.776321809e-10
4126	171.5327314	9.847127558e-10
4127	163.7433547	1.274798933e-09
4128	162.6165241	1.519541826e-09
4129	165.6552832	1.723588383e-09
4130	165.8890862	1.721481624e-09
4131	166.4773518	1.605165778e-09
4132	169.7749955	1.228134039e-09
4133	167.7246353	7.822755776e-10
4134	165.8852503	3.071605192e-10
4135	176.7682531	1.259401472e-10
4136	183.1504604	1.051603249e-10
4137	175.257965	-1.047091303e-10
4138	172.2722411	-4.671392162e-10
4139	174.52995	-5.15409937e-10
4140	176.2573125	-4.637783491e-10
4141	181.7523256	-5.054943131e-10
4142	181.0957818	-6.872689085e-10
4143	173.9172974	-8.862954815e-10
4144	171.588132	-8.64066152e-10
4145	171.8468569	-7.255387402e-10
4146	174.2729454	-5.828439953e-10
4147	177.3027206	-4.790869923e-10
4148	174.8697438	-2.962359247e-10
4149	171.4032055	-1.68999037e-10
4150	168.8002251	-1.68043357e-12
4151	167.2020007	1.041406961e-10
4152	169.9208233	9.805134482e-11
4153	172.4422858	2.083808681e-10
4154	173.8933209	2.039470814e-10
4155	175.0742225	3.499387446e-10
4156	171.5018592	4.173621448e-10
4157	168.7011173	2.378115482e-10
4158	171.5177528	2.375948327e-10
4159	173.556307	3.618758626e-10
4160	171.8858697	4.3764814e-10
4161	169.3264001	3.794262682e-10
4162	169.6630557	3.598294995e-10
4163	172.9928835	3.432809592e-10
4164	174.9304069	3.921627467e-10
4165	173.2398805	2.720668135e-10
4166	169.3335343	2.475992744e-10
4167	167.8741276	3.576055008e-10
4168	169.6004106	5.504823264e-10
4169	171.8629118	4.552305199e-10
4170	176.09437	3.675033611e-10
4171	175.7960859	-5.702460726e-11
4172	168.2555288	-4.280984456e-10
4173	165.0392874	-5.119957791e-10
4174	162.4741393	-4.668301301e-10
4175	159.4812028	-6.374705208e-10
4176	169.9814541	-8.343796765e-10
4177	180.4026797	-7.236522492e-10
4178	177.481323	-5.597122765e-10
4179	177.0928966	-4.456275349e-10
4180	179.7662107	-3.00214964e-10
4181	176.5181881	-1.27158728e-10
4182	174.0314972	-8.110845329e-12
4183	176.4503584	1.434301566e-10
4184	178.3765525	1.251621029e-10
4185	172.3967747	2.974189783e-10
4186	165.7317596	4.662972231e-10
4187	172.0449624	5.318909757e-10
4188	179.0140737	7.693721216e-10
4189	173.5869293	8.230678361e-10
4190	168.3759347	7.647180666e-10
4191	172.4201735	7.972680294e-10
4192	179.4078301	1.09421805e-09
4193	178.5828751	1.222858259e-09
4194	169.0104388	1.153726004e-09
4195	163.7973662	7.413909486e-10
4196	166.6261227	4.210427562e-10
4197	171.1664316	1.964544083e-10
4198	175.9440083	-5.029932026e-11
4199	178.6302099	-1.720863452e-10
4200	177.9289429	-7.1917583e-11
4201	174.3920091	1.026734253e-10
4202	169.2481787	1.412487904e-10
4203	167.6336417	4.088818173e-11
4204	168.1107642	-2.529851884e-10
4205	166.4677903	-4.028812839e-10
4206	164.8279238	-4.504343565e-10
4207	164.7836981	-3.887770106e-10
4208	166.7407042	-4.474678406e-10
4209	165.3519096	-6.635083594e-10
4210	159.5733665	-6.435492139e-10
4211	162.4648371	-4.486970795e-10
4212	169.2150214	-2.320490466e-10
4213	165.6520829	-3.089439815e-10
4214	162.4462442	-5.420517368e-10
4215	166.3560527	-6.010481002e-10
4216	169.1845561	-5.099174416e-10
4217	171.1363683	-3.794617953e-10
4218	173.6228031	-2.118873965e-10
4219	174.3233189	1.062119281e-10
4220	172.2010976	2.457625214e-10
4221	169.2628413	3.536015925e-10
4222	168.2306726	3.23417737e-10
4223	166.1100639	2.868532079e-10
4224	165.6459552	2.287059431e-10
4225	169.279473	3.28753913e-10
4226	168.0585029	4.083453575e-10
4227	165.8954088	4.435278811e-10
4228	166.9711178	2.061604221e-10
4229	161.9081163	9.195488815e-11
4230	158.9723468	2.881641592e-10
4231	162.772604	3.808118265e-10
4232	159.4070567	2.597708715e-10
4233	155.7000299	-1.884359335e-11
4234	162.5761997	-2.590283543e-10
4235	170.2363992	-5.269420456e-10
4236	170.0549128	-8.122214012e-10
4237	162.6012868	-1.153143359e-09
4238	155.4322517	-1.194692345e-09
4239	153.5535443	-1.07502629e-09
4240	155.1853214	-1.004568873e-09
4241	164.1553186	-9.407514767e-10
4242	175.5282612	-1.027252949e-09
4243	174.3228967	-9.702034731e-10
4244	165.0290225	-8.854925682e-10
4245	161.5114572	-6.998135405e-10
4246	162.6386163	-5.274038983e-10
4247	161.4392977	-3.969518048e-10
4248	160.7540448	-2.046789405e-10
4249	165.4282143	2.658531173e-10
4250	167.9690224	6.233022987e-10
4251	164.9408472	7.970477611e-10
4252	165.8032746	8.292744269e-10
4253	170.9533038	9.515268573e-10
4254	172.5578519	1.107789416e-09
4255	168.6894814	1.269444994e-09
4256	166.2122708	1.396546878e-09
4257	170.8097062	1.571148545e-09
4258	172.807424	1.65104197e-09
4259	170.9791404	1.306133868e-09
4260	174.846384	9.775931176e-10
4261	173.5948649	5.502442946e-10
4262	168.9622177	5.273648185e-11
4263	176.921977	-9.448442029e-11
4264	180.6719703	-2.004298949e-10
4265	172.1711356	-3.213393995e-10
4266	168.3595071	-5.001794534e-10
4267	166.9399215	-6.055103086e-10
4268	168.1720669	-5.742499809e-10
4269	175.8076974	-7.139213665e-10
4270	175.2261041	-9.975202886e-10
4271	167.1876109	-1.137699712e-09
4272	164.1083302	-1.076291056e-09
4273	166.2227632	-9.682956659e-10
4274	172.3618175	-1.132043792e-09
4275	175.8936097	-1.124362825e-09
4276	172.3151313	-1.014825557e-09
4277	169.7366212	-7.907239308e-10
4278	169.3339451	-6.084270865e-10
4279	168.7861693	-4.971454359e-10
4280	172.6098825	-4.857021452e-10
4281	177.3179195	-4.765254857e-10
4282	174.6430483	-2.942996957e-10
4283	168.9805124	-1.650590775e-11
4284	167.8995805	6.252776075e-11
4285	168.3789658	1.383355652e-10
4286	170.6239992	1.989448606e-10
4287	176.0922988	3.979252483e-10
4288	174.6675432	5.875904208e-10
4289	169.493946	5.50151924e-10
4290	172.6776008	5.813625137e-10
4291	176.7217926	6.887255211e-10
4292	178.0199815	6.149072362e-10
4293	179.9286506	4.852793722e-10
4294	176.3292468	3.89690058e-10
4295	170.3128559	4.19916546e-10
4296	166.5756273	5.08585174e-10
4297	167.399816	4.874465276e-10
4298	178.2662284	3.272049298e-10
4299	183.0778444	-7.461053997e-11
4300	173.5888112	-4.940723386e-10
4301	168.660992	-6.008917808e-10
4302	166.8150953	-6.345359793e-10
4303	165.9051035	-7.694183068e-10
4304	177.0186268	-8.215828018e-10
4305	183.9906198	-6.787566065e-10
4306	179.1620028	-4.844338264e-10
4307	180.0895004	-3.138254101e-10
4308	181.5161922	-3.793942938e-10
4309	174.3113967	-2.087219286e-10
4310	169.8600039	-1.305977548e-11
4311	171.956268	8.035527799e-11
4312	173.1874709	3.075584232e-11
4313	171.6584182	6.457767654e-11
4314	171.676362	7.043254868e-11
4315	175.0073891	2.574864766e-10
4316	177.4591613	4.428954981e-10
4317	174.1996206	5.732943009e-10
4318	169.1654749	5.388365309e-10
4319	174.9256976	3.595665987e-10
4320	186.5225674	5.68366687e-10
4321	183.457144	7.414477921e-10
4322	170.1278669	6.974651967e-10
4323	162.7516517	5.159996874e-10
4324	161.6333607	3.373408219e-10
4325	166.1030782	1.777173964e-10
4326	172.5521876	4.975220236e-11
4327	174.7940227	-2.73487899e-11
4328	174.7132805	1.13459464e-10
4329	172.2842583	3.602558252e-10
4330	171.1401838	3.716991159e-10
4331	173.3454209	1.19428023e-10
4332	170.1047844	-2.039328706e-10
4333	166.0826786	-5.099956013e-10
4334	167.5650017	-6.030766997e-10
4335	167.7052707	-5.280789139e-10
4336	168.6599422	-6.08768147e-10
4337	168.6026455	-8.052651879e-10
4338	163.3069166	-9.44730516e-10
4339	164.5665201	-8.400995455e-10
4340	169.5241214	-7.312088712e-10
4341	165.7216732	-8.800711271e-10
4342	161.354532	-9.986891314e-10
4343	162.58883	-8.960441278e-10
4344	164.4187129	-7.359446386e-10
4345	167.2438182	-5.892282218e-10
4346	171.9855022	-3.948912308e-10
4347	173.4952806	-8.443024058e-11
4348	170.5029617	2.197388937e-10
4349	169.535189	3.470113086e-10
4350	167.6164448	3.179323471e-10
4351	161.2503252	2.741806782e-10
4352	162.8462094	2.484590311e-10
4353	167.060467	2.944986477e-10
4354	160.0248282	5.112426038e-10
4355	156.8882794	5.538325354e-10
4356	160.3042245	3.794333736e-10
4357	155.2059407	3.115729896e-10
4358	152.2103698	3.449045494e-10
4359	157.1425625	3.760014522e-10
4360	155.8907353	2.777085228e-10
4361	150.5928703	5.882228038e-11
4362	154.5406648	-8.190426115e-11
4363	167.146054	-2.702797985e-10
4364	173.5603208	-7.118394763e-10
4365	168.702432	-9.403464674e-10
4366	163.5981035	-9.774154819e-10
4367	159.4790614	-8.490133041e-10
4368	156.8326187	-6.967688648e-10
4369	166.3251912	-7.46958051e-10
4370	178.9190483	-8.207372559e-10
4371	176.3910015	-7.755929232e-10
4372	165.7332525	-7.037819216e-10
4373	163.3398249	-5.336922015e-10
4374	166.3693063	-4.172662216e-10
4375	164.1380937	-3.539248894e-10
4376	162.5798824	-2.168150104e-10
4377	166.7820504	1.296882601e-10
4378	166.2864835	3.494768919e-10
4379	160.9601591	3.667857129e-10
4380	158.7368242	3.7230663e-10
4381	161.2295968	6.055316248e-10
4382	166.9711451	8.171809895e-10
4383	166.3727966	8.892655501e-10
4384	162.394751	9.869545181e-10
4385	167.5052199	1.106993608e-09
4386	169.6326533	1.137639316e-09
4387	167.1242645	1.065696864e-09
4388	173.2934966	8.018972153e-10
4389	173.7811759	4.022062683e-10
4390	167.0345377	1.309530262e-11
4391	170.6451876	-2.144560085e-10
4392	174.1632005	-1.502584723e-10
4393	169.8301054	-2.569677804e-10
4394	165.960828	-4.485443128e-10
4395	163.1641429	-5.708251649e-10
4396	167.179656	-6.155289611e-10
4397	177.2427266	-9.595524375e-10
4398	178.8995857	-1.304069741e-09
4399	172.8038722	-1.378964498e-09
4400	169.1859305	-1.314464981e-09
4401	171.895979	-1.20961019e-09
4402	179.7136836	-1.304861996e-09
4403	184.3615764	-1.353566148e-09
4404	181.4691499	-1.250704429e-09
4405	178.6880261	-1.12677867e-09
4406	179.007168	-8.657963235e-10
4407	177.4981022	-7.480061015e-10
4408	178.7534976	-6.920082285e-10
4409	184.0188956	-5.454303675e-10
4410	179.3471087	-3.448406005e-10
4411	169.765715	-7.047873396e-11
4412	169.7172065	2.235651664e-10
4413	169.3457881	2.731290749e-10
4414	168.942198	4.214193439e-10
4415	175.2348408	6.282263598e-10
4416	172.4509381	6.969500532e-10
4417	164.8992696	6.492228977e-10
4418	166.5240662	6.656115659e-10
4419	166.9119853	7.36633865e-10
4420	168.6534321	7.190088525e-10
4421	175.5400644	4.696829592e-10
4422	172.9187203	2.865867543e-10
4423	161.5096466	2.543245614e-10
4424	149.9392815	2.429132451e-10
4425	149.7011842	2.978914893e-10
4426	170.0373517	1.879492117e-10
4427	186.446923	-1.322604248e-10
4428	182.0000091	-4.235864992e-10
4429	174.5435372	-5.572466932e-10
4430	170.9386729	-7.076721431e-10
4431	171.7121985	-7.237126454e-10
4432	178.9370633	-6.954685716e-10
4433	179.2436903	-4.565485767e-10
4434	173.5725986	-1.982236597e-10
4435	175.5420505	-2.720597081e-10
4436	176.0630837	-3.359446055e-10
4437	168.0883561	-1.788222903e-10
4438	165.2727762	-4.748557103e-11
4439	168.9268154	-4.624212124e-11
4440	169.7985805	-2.428066637e-10
4441	173.0540701	-4.14505763e-10
4442	177.745155	-3.979501173e-10
4443	174.8166775	-2.367137597e-10
4444	172.5887718	3.780442626e-11
4445	171.7622247	1.551363482e-10
4446	166.3396535	1.169411235e-10
4447	172.6650168	1.61218594e-10
4448	186.378683	3.766515988e-10
4449	182.7838682	5.865707919e-10
4450	171.1413831	5.419167337e-10
4451	164.7532257	5.219504828e-10
4452	160.7441418	4.383764463e-10
4453	163.0287953	4.594404857e-10
4454	167.9971887	3.091749079e-10
4455	169.4981858	1.899849167e-10
4456	169.115806	3.064464238e-10
4457	167.7471509	4.226663464e-10
4458	172.7575973	3.897220324e-10
4459	179.0835567	8.24620372e-11
4460	173.3674974	-3.453699549e-10
4461	168.4153008	-6.962430632e-10
4462	171.3428397	-7.737384067e-10
4463	171.0581769	-8.566374277e-10
4464	171.451498	-8.565379517e-10
4465	173.3128933	-9.178471316e-10
4466	169.6315751	-9.729888006e-10
4467	167.2024645	-9.211795771e-10
4468	168.383874	-8.831335663e-10
4469	165.6407583	-1.122380411e-09
4470	159.9747537	-1.058829469e-09
4471	156.7172487	-8.424301257e-10
4472	156.058373	-5.466489483e-10
4473	158.5755103	-3.239222224e-10
4474	163.9932635	-1.823963203e-10
4475	163.855476	2.050306591e-10
4476	159.9907737	5.688534088e-10
4477	162.9866792	7.117648693e-10
4478	162.4289555	6.351221771e-10
4479	156.0038729	4.646487639e-10
4480	160.4606699	3.619220479e-10
4481	163.6203027	4.438582835e-10
4482	155.1218708	6.636717842e-10
4483	155.3168614	7.685905246e-10
4484	161.6531569	6.484555115e-10
4485	159.1333835	5.996660946e-10
4486	157.8977599	6.417550935e-10
4487	163.143037	5.96472205e-10
4488	162.5557152	4.044196089e-10
4489	153.0521825	2.244959774e-10
4490	150.4037692	1.417603812e-10
4491	161.6946879	9.083223063e-11
4492	169.9127745	-1.914735037e-10
4493	169.1220138	-4.842668488e-10
4494	167.1899507	-6.507754335e-10
4495	160.395118	-6.197282687e-10
4496	154.6876956	-5.312479345e-10
4497	163.1646267	-5.454587892e-10
4498	174.3461649	-7.072564756e-10
4499	170.9273472	-8.047003064e-10
4500	159.5899725	-8.277609709e-10
4501	157.9906253	-7.569767035e-10
4502	163.2650251	-7.109015598e-10
4503	161.9614513	-6.079474701e-10
4504	160.2466307	-4.81659157e-10
4505	162.9885036	-2.376268071e-10
4506	161.8526939	-9.088907404e-11
4507	156.599846	-1.042934628e-10
4508	149.7643927	5.297096095e-12
4509	148.6222346	2.891233919e-10
4510	157.0955316	6.11585449e-10
4511	158.8782252	8.081784131e-10
4512	155.7115651	8.833289655e-10
4513	161.5296994	1.047414599e-09
4514	163.6996182	1.151239104e-09
4515	163.4316836	1.111470027e-09
4516	174.5283675	9.37347977e-10
4517	180.6784739	6.387139706e-10
4518	173.9546193	2.429665358e-10
4519	170.6252406	6.87236934e-11
4520	173.2660641	8.53717097e-11
4521	173.3555493	3.444355912e-11
4522	168.9693149	-6.219025295e-11
4523	166.6392159	-1.694040463e-10
4524	172.1185978	-3.853664055e-10
4525	179.3208291	-7.56202212e-10
4526	179.2323807	-1.178978692e-09
4527	171.3505338	-1.302840502e-09
4528	162.4997586	-1.17282184e-09
4529	159.6399002	-1.16638077e-09
4530	163.1786617	-1.197378197e-09
4531	166.7978813	-1.190976207e-09
4532	163.33913	-1.213781076e-09
4533	157.6253313	-1.085062706e-09
4534	156.081253	-9.079705876e-10
4535	151.1410232	-7.763247822e-10
4536	147.7246792	-5.899067901e-10
4537	153.0996233	-3.462830023e-10
4538	149.7983602	-1.163904528e-10
4539	139.968896	1.09725562e-10
4540	139.0667176	2.849880332e-10
4541	135.9798179	4.490985361e-10
4542	132.8443886	6.332925295e-10
4543	137.1661221	7.092637588e-10
4544	133.5168914	5.41032108e-10
4545	126.0232593	3.736424503e-10
4546	124.3436351	3.998295028e-10
4547	121.8573408	5.62163649e-10
4548	127.0300624	5.830997907e-10
4549	139.8695481	4.133724474e-10
4550	140.8484233	1.997193522e-10
4551	126.2381218	2.057198856e-10
4552	106.9118919	3.07522896e-10
4553	105.208371	3.790958658e-10
4554	135.5026468	2.836451074e-10
4555	170.2357354	1.133635408e-10
4556	178.481941	-1.788684756e-10
4557	168.964545	-3.297131457e-10
4558	163.5778895	-3.045315111e-10
4559	167.4146373	-4.594156167e-10
4560	171.0160682	-3.950795247e-10
4561	168.0996685	-1.399627081e-10
4562	165.6772314	-2.461675308e-11
4563	169.3996184	-1.907949354e-10
4564	170.4124359	-3.825881834e-10
4565	165.6043941	-3.723279463e-10
4566	166.7538472	-2.756515016e-10
4567	170.0408115	-3.453841657e-10
4568	167.810162	-5.067839481e-10
4569	173.0714237	-6.814211417e-10
4570	178.3531691	-6.530598284e-10
4571	168.7990862	-4.897700023e-10
4572	163.9279583	-2.346602912e-10
4573	165.392524	-2.000888344e-11
4574	160.3274284	2.549782607e-11
4575	166.1847349	2.517559494e-10
4576	178.97759	4.444586921e-10
4577	177.2985867	6.152305332e-10
4578	172.2818784	5.775149248e-10
4579	170.6043011	5.715072859e-10
4580	165.9709961	6.372111727e-10
4581	163.7422518	6.583498191e-10
4582	165.3089331	5.367972733e-10
4583	167.0368827	3.885745059e-10
4584	165.9117066	3.035047769e-10
4585	165.246552	4.666915743e-10
4586	174.3720086	4.361950801e-10
4587	181.9294562	1.024567098e-10
4588	176.4999565	-2.831228585e-10
4589	173.7037002	-7.306333316e-10
4590	177.1712424	-7.968239402e-10
4591	175.3542728	-8.935003848e-10
4592	173.6143155	-8.162359677e-10
4593	176.9048222	-7.495053467e-10
4594	175.9545905	-6.535501029e-10
4595	169.6062711	-6.639062633e-10
4596	167.4501479	-6.480078696e-10
4597	167.9615129	-7.516121059e-10
4598	163.6752748	-7.268177171e-10
4599	158.7064198	-4.731575132e-10
4600	157.79015	-1.778417413e-10
4601	161.9573416	4.886402394e-11
4602	168.0445594	2.046434133e-10
4603	165.1865126	4.926548058e-10
4604	160.7325282	7.210836372e-10
4605	166.1063868	7.937828173e-10
4606	166.2695143	5.869189579e-10
4607	161.6070786	4.222044936e-10
4608	165.2789515	3.297522255e-10
4609	162.9781248	3.928448677e-10
4610	153.2936978	6.019327259e-10
4611	154.3181019	6.913474238e-10
4612	160.3463175	7.721432382e-10
4613	160.5672034	8.734133417e-10
4614	160.3383159	9.722356253e-10
4615	164.3235247	8.467040402e-10
4616	164.3082288	6.223892512e-10
4617	153.3327167	3.867768328e-10
4618	146.1761034	3.606963617e-10
4619	152.2546222	3.097788692e-10
4620	158.8329514	1.266258209e-10
4621	162.7439916	-2.066400384e-10
4622	164.2922052	-4.770441819e-10
4623	157.7186529	-4.760813965e-10
4624	152.8809153	-5.457252428e-10
4625	159.772451	-6.025970833e-10
4626	169.1031036	-7.773977018e-10
4627	167.4475543	-8.411689123e-10
4628	157.4382911	-9.380194399e-10
4629	155.9042973	-9.483969166e-10
4630	162.8833719	-9.04901043e-10
4631	164.5727507	-7.30132399e-10
4632	163.0660109	-4.214975036e-10
4633	164.1819567	-2.775273344e-10
4634	166.0176961	-2.276863142e-10
4635	163.2213609	-1.866276023e-10
4636	152.9492334	-4.754951988e-11
4637	149.8843221	3.58173935e-10
4638	159.1243878	7.90187471e-10
4639	162.4086228	1.009446748e-09
4640	161.912017	1.161939878e-09
4641	167.1083759	1.353082979e-09
4642	167.2503463	1.481875955e-09
4643	166.3960166	1.409699024e-09
4644	177.5765	1.158745988e-09
4645	185.8593107	8.288125741e-10
4646	172.6460129	5.28562083e-10
4647	151.1001507	4.405045217e-10
4648	141.1454768	2.713100855e-10
4649	135.1281319	2.113687003e-10
4650	125.5863619	1.496971436e-10
4651	124.1486944	1.153743767e-10
4652	129.3142746	-9.386624811e-11
4653	130.458973	-5.547029502e-10
4654	126.9227368	-1.115967763e-09
4655	118.2393941	-1.274543138e-09
4656	107.8474129	-1.114177195e-09
4657	102.577717	-9.044995863e-10
4658	104.8609838	-8.856382294e-10
4659	111.2136936	-9.10944209e-10
4660	110.4580539	-9.229701448e-10
4661	105.1296388	-8.597638157e-10
4662	103.8185107	-7.98575428e-10
4663	96.6377097	-7.043468031e-10
4664	89.5613244	-5.1936766e-10
4665	95.51578164	-3.617266486e-10
4666	97.41440507	-8.139622309e-11
4667	91.58264406	8.905587379e-11
4668	91.15251574	2.110773778e-10
4669	90.86931954	4.019824473e-10
4670	91.6711188	5.53477264e-10
4671	97.38491861	6.016485088e-10
4672	99.15422617	5.011671078e-10
4673	97.72517107	2.554827461e-10
4674	96.93961506	2.740421223e-10
4675	98.42613791	3.67268882e-10
4676	109.5998712	5.939249093e-10
4677	125.3967249	6.042846223e-10
4678	128.3963511	4.52462956e-10
4679	109.9810632	3.845599394e-10
4680	80.97254929	4.888605076e-10
4681	71.9585662	4.733244907e-10
4682	105.2470061	4.672564557e-10
4683	157.7667529	2.332640747e-10
4684	181.2287119	4.081712746e-11
4685	170.6736872	-7.196021556e-11
4686	164.2847894	-2.155005063e-10
4687	170.8024382	-2.901998641e-10
4688	171.7676743	-3.359943435e-10
4689	169.2520926	-1.251301285e-10
4690	170.86496	-6.356160043e-11
4691	172.8877448	-3.0102143e-10
4692	171.0834218	-5.867626385e-10
4693	168.7633468	-6.614442327e-10
4694	171.9838661	-6.996110358e-10
4695	170.7787013	-7.178151407e-10
4696	163.8887037	-7.819842551e-10
4697	169.7996231	-7.479705744e-10
4698	175.2799575	-6.539622177e-10
4699	165.386777	-5.110365464e-10
4700	163.1121597	-2.841531455e-10
4701	167.7725653	-7.25925986e-11
4702	165.0927774	1.727720189e-10
4703	169.256938	4.033786638e-10
4704	177.9128696	6.619522708e-10
4705	178.0209846	7.015543702e-10
4706	179.0514507	7.31844807e-10
4707	182.3643852	7.526921308e-10
4708	178.0240111	8.520650852e-10
4709	169.741048	8.198348667e-10
4710	167.7800485	6.029310384e-10
4711	170.0859134	4.055067393e-10
4712	167.2031111	2.96864755e-10
4713	165.4939665	4.520757102e-10
4714	172.4997137	4.4168047e-10
4715	175.722486	1.790887438e-10
4716	171.8973517	-2.529034759e-10
4717	173.4912119	-4.371685236e-10
4718	178.3304194	-5.576801243e-10
4719	175.8456696	-6.030269617e-10
4720	172.0904949	-6.103881844e-10
4721	177.8533062	-4.996891789e-10
4722	182.3183649	-4.197779901e-10
4723	175.6709578	-2.947011524e-10
4724	172.5941457	-4.35761649e-10
4725	176.403613	-6.86828372e-10
4726	174.2594213	-7.265192892e-10
4727	168.5917406	-6.601261759e-10
4728	167.3644615	-3.379909685e-10
4729	172.4498451	-2.216822281e-10
4730	176.1752557	-7.437961358e-11
4731	168.5939546	1.166711172e-10
4732	162.5119539	2.953122191e-10
4733	166.10559	3.13491455e-10
4734	165.6566107	2.350759587e-10
4735	163.7029808	1.636770719e-10
4736	164.3998177	1.987707776e-10
4737	157.7477145	3.124149828e-10
4738	149.495451	4.638387452e-10
4739	149.1135217	5.98792127e-10
4740	153.3995209	8.214513514e-10
4741	157.3515531	1.087453683e-09
4742	158.7612981	1.209770062e-09
4743	161.9682807	1.090345592e-09
4744	164.3472922	8.155041087e-10
4745	158.1383961	6.392752994e-10
4746	152.1034651	6.721556645e-10
4747	153.0205926	6.346745351e-10
4748	157.1568487	4.052651548e-10
4749	163.6747006	1.359268254e-11
4750	166.0209509	-2.679527711e-10
4751	161.6148216	-4.098374973e-10
4752	159.0947295	-4.749196592e-10
4753	161.7292278	-5.91409588e-10
4754	167.3422648	-7.431317783e-10
4755	168.1345494	-7.13331616e-10
4756	159.8194316	-7.453095918e-10
4757	155.3590805	-8.40291392e-10
4758	160.7166135	-8.242864169e-10
4759	164.10515	-6.104237116e-10
4760	160.5657745	-3.006412896e-10
4761	159.8983043	-5.81259485e-11
4762	167.0165962	3.532463211e-11
4763	167.4371998	-1.767830327e-11
4764	156.7063784	4.242650675e-11
4765	154.6924437	3.21779936e-10
4766	163.2597699	7.533209612e-10
4767	167.5651954	9.887735075e-10
4768	169.25501	1.163353858e-09
4769	170.753148	1.282877804e-09
4770	165.5258988	1.325016541e-09
4771	158.0468658	1.218893431e-09
4772	161.9425153	9.434089066e-10
4773	166.9651812	7.319016504e-10
4774	142.3439253	5.390567992e-10
4775	98.28398083	3.409112992e-10
4776	71.11082747	2.742837069e-10
4777	57.24424125	2.446718383e-10
4778	49.80155748	2.141611333e-10
4779	60.77368706	2.043236691e-10
4780	76.60792467	1.091393642e-11
4781	82.12626861	-4.578417645e-10
4782	83.56657484	-7.783427236e-10
4783	83.14344937	-1.079147438e-09
4784	81.47126049	-1.050121767e-09
4785	81.99429479	-8.025544673e-10
4786	88.00864479	-7.974705341e-10
4787	97.24001696	-7.180673833e-10
4788	97.9969639	-7.174740801e-10
4789	94.06210576	-8.294556153e-10
4790	93.39389745	-8.59735394e-10
4791	84.91440708	-8.754881264e-10
4792	75.26268612	-6.832969746e-10
4793	81.7603568	-3.358380241e-10
4794	91.79368459	-1.327471466e-10
4795	93.30651987	3.126388037e-12
4796	96.31011735	1.220357149e-10
4797	105.1388249	3.457110154e-10
4798	113.5800186	5.622595722e-10
4799	120.1575502	5.581206608e-10
4800	125.5631589	4.735909442e-10
4801	125.0822745	2.105693397e-10
4802	121.754591	1.515481074e-10
4803	126.4008092	3.813944716e-10
4804	137.1784074	5.590088392e-10
4805	146.1024867	5.637623701e-10
4806	144.5407988	5.753548749e-10
4807	120.6170217	6.669651498e-10
4808	81.74110692	6.869811386e-10
4809	60.29606974	7.133422741e-10
4810	88.08201832	4.504308038e-10
4811	151.9154552	2.609539251e-10
4812	188.289603	4.861533398e-11
4813	178.7373201	-7.351985687e-11
4814	171.4385709	-3.164508655e-10
4815	177.220568	-5.823252991e-10
4816	175.2414899	-4.919264995e-10
4817	174.466381	-2.778328678e-10
4818	179.0497102	-1.861693022e-10
4819	176.7956102	-4.305320545e-10
4820	170.2314683	-7.678870872e-10
4821	170.51131	-8.990532763e-10
4822	175.4209263	-8.165876864e-10
4823	170.7112495	-7.73461295e-10
4824	163.7470239	-8.045972777e-10
4825	172.0144263	-6.896243576e-10
4826	179.5524276	-4.903988327e-10
4827	175.4766476	-3.066205068e-10
4828	177.2317754	-1.257767224e-10
4829	182.6524685	-1.113704684e-10
4830	180.84773	1.270628047e-10
4831	179.292526	3.88808985e-10
4832	179.7064444	5.976126261e-10
4833	177.7092189	6.739888647e-10
4834	178.9288175	6.563638522e-10
4835	183.9683114	6.64940103e-10
4836	179.611808	6.931379914e-10
4837	166.9418758	6.851514911e-10
4838	164.7423713	5.512852397e-10
4839	169.1932716	3.228315393e-10
4840	166.2588952	2.355271533e-10
4841	164.6707503	2.998099546e-10
4842	167.1646745	2.356443929e-10
4843	165.328453	1.21090693e-10
4844	164.9352842	-2.299920254e-10
4845	171.6681912	-2.501643337e-10
4846	178.6872159	-3.265192561e-10
4847	176.4820014	-5.211120424e-10
4848	170.6445573	-7.142233471e-10
4849	176.8968915	-6.735056957e-10
4850	184.9587603	-6.070166592e-10
4851	179.3223852	-5.725446783e-10
4852	174.6538932	-8.081393332e-10
4853	177.694623	-1.173813047e-09
4854	175.5923997	-1.336871946e-09
4855	168.497434	-1.169777164e-09
4856	167.1100742	-9.222453912e-10
4857	173.7468652	-7.085851905e-10
4858	175.3956703	-5.498783651e-10
4859	166.4562867	-3.847837604e-10
4860	161.4306954	-1.910827052e-10
4861	162.7307163	-1.122302251e-10
4862	163.1912417	-1.019806461e-10
4863	164.4451136	-1.700328767e-11
4864	162.4505805	1.560991336e-10
4865	156.9624408	3.850608721e-10
4866	153.6932581	5.793303615e-10
4867	150.7358196	7.373266442e-10
4868	152.1251548	1.082799628e-09
4869	158.3374095	1.346229794e-09
4870	160.3039457	1.500009006e-09
4871	161.3916268	1.435690677e-09
4872	164.6840667	1.106883474e-09
4873	164.4529213	8.988543243e-10
4874	160.5530132	8.092904125e-10
4875	156.8908452	7.912284161e-10
4876	158.9489288	4.280735766e-10
4877	163.8799529	1.412985284e-10
4878	163.1021447	-1.925890558e-10
4879	161.3053469	-3.87345267e-10
4880	161.004054	-4.444764556e-10
4881	158.5100771	-6.011156017e-10
4882	160.7931883	-6.192522051e-10
4883	166.0020788	-4.685922761e-10
4884	161.9131184	-4.832827472e-10
4885	155.1700615	-6.972662447e-10
4886	159.0668641	-7.819025427e-10
4887	163.8648038	-6.220304272e-10
4888	157.6177026	-3.925713088e-10
4889	157.0710042	-2.81701773e-10
4890	170.2047944	-2.18197016e-10
4891	173.2870696	-3.268993964e-10
4892	164.785896	-3.094910994e-10
4893	164.9229805	-1.752944456e-10
4894	171.5876598	1.560387375e-10
4895	176.9171502	4.626912187e-10
4896	179.8321191	5.880878007e-10
4897	177.8430477	6.944063102e-10
4898	169.6012825	7.448370809e-10
4899	157.3566084	6.624532034e-10
4900	157.0564944	5.224549682e-10
4901	163.650851	4.604885362e-10
4902	136.3351296	4.172555634e-10
4903	81.98842056	3.466453791e-10
4904	46.56633323	2.977564861e-10
4905	32.78568681	2.489635165e-10
4906	35.96500502	2.875495397e-10
4907	62.98092303	3.24597238e-10
4908	90.98776731	2.028066604e-10
4909	101.343028	-1.162412389e-10
4910	104.0272021	-6.113154427e-10
4911	106.9441336	-8.462635037e-10
4912	109.8336084	-7.816893799e-10
4913	113.3846375	-6.598916968e-10
4914	120.0358278	-5.753584276e-10
4915	125.7117962	-6.43982645e-10
4916	123.5181028	-7.00563163e-10
4917	120.6154674	-7.607781072e-10
4918	120.9158722	-9.069651696e-10
4919	113.0057463	-9.3918473e-10
4920	101.6203127	-7.082334719e-10
4921	106.2724847	-3.107736291e-10
4922	120.7686098	-6.720313195e-11
4923	124.6304888	4.767741757e-11
4924	126.983885	1.62298619e-10
4925	140.7896942	3.137756721e-10
4926	149.6338086	4.600089198e-10
4927	149.6727956	5.008935489e-10
4928	149.867823	4.237037388e-10
4929	141.0664311	2.972164737e-10
4930	132.5743442	2.760671691e-10
4931	140.7142617	3.983302577e-10
4932	149.6704453	5.395719427e-10
4933	151.5223192	5.710028006e-10
4934	148.6065384	6.041140921e-10
4935	127.1519346	6.61515287e-10
4936	86.77038761	7.748965913e-10
4937	55.34718382	5.912745848e-10
4938	73.50860565	2.572733138e-10
4939	139.7239377	1.084075052e-10
4940	184.4986393	-2.588151915e-11
4941	179.4439006	-1.976445674e-10
4942	171.7666795	-4.41506387e-10
4943	174.8116255	-5.077573917e-10
4944	172.145063	-3.976765584e-10
4945	175.4133388	-2.100257745e-10
4946	184.165735	-1.335749289e-10
4947	179.8598363	-3.008651106e-10
4948	170.5521933	-5.498854705e-10
4949	173.4287765	-6.698215316e-10
4950	177.8863342	-6.902709515e-10
4951	170.6541029	-7.772023025e-10
4952	166.2088298	-7.836220561e-10
4953	174.089417	-7.312870309e-10
4954	180.3412937	-3.937046245e-10
4955	179.8659195	-1.914131076e-10
4956	180.5383055	-9.791989442e-11
4957	183.1217378	-1.563726926e-10
4958	181.2293047	-1.227427049e-10
4959	174.2013996	1.890967383e-10
4960	168.9366417	3.232969448e-10
4961	165.795622	3.940279214e-10
4962	166.2712402	4.005187293e-10
4963	173.387902	3.85284693e-10
4964	171.4888867	3.917968172e-10
4965	160.2773828	3.488089817e-10
4966	162.6215941	3.527702575e-10
4967	170.5505364	2.03232986e-10
4968	169.4285413	2.08171258e-10
4969	168.7616119	1.751487844e-10
4970	167.1293484	1.008437778e-10
4971	162.2344072	-7.507949817e-11
4972	163.7950139	-1.953068818e-10
4973	170.9121776	-1.770317226e-10
4974	176.3864618	-1.753370782e-10
4975	173.111566	-5.511147094e-10
4976	165.1846197	-8.713172406e-10
4977	168.9086193	-9.131539969e-10
4978	177.5387276	-8.621405811e-10
4979	174.5003023	-9.063718664e-10
4980	168.880055	-1.288810836e-09
4981	170.0605352	-1.551068607e-09
4982	168.4924993	-1.637324942e-09
4983	160.6918449	-1.533848604e-09
4984	160.0036677	-1.186617027e-09
4985	168.5026767	-8.664713391e-10
4986	169.7041284	-6.838298816e-10
4987	163.7226198	-3.693969575e-10
4988	161.2799894	-1.806341743e-10
4989	160.3340469	-5.958611382e-11
4990	161.9702803	-7.104716815e-11
4991	163.3626609	8.116529671e-11
4992	158.4380647	5.25918864e-10
4993	158.1047524	8.055671685e-10
4994	160.9119498	9.386766919e-10
4995	155.2435043	1.058275245e-09
4996	152.5079156	1.225213708e-09
4997	157.1972659	1.41174894e-09
4998	157.0686774	1.502595381e-09
4999	153.8361918	1.390368709e-09
5000	155.3226479	1.108130476e-09
5001	158.1947538	8.338467694e-10
5002	154.7776523	7.195630758e-10
5003	150.687525	6.114504458e-10
5004	156.0676816	4.271072385e-10
5005	160.8112249	7.647571465e-11
5006	159.1056952	-1.585149789e-10
5007	162.5533967	-3.632045775e-10
5008	165.8215915	-6.028315624e-10
5009	160.9233479	-7.008722491e-10
5010	162.1755957	-6.776517125e-10
5011	172.4856081	-4.800249087e-10
5012	173.0096292	-5.197478004e-10
5013	164.7326344	-8.108180793e-10
5014	167.5086915	-1.045666664e-09
5015	171.652923	-1.010977968e-09
5016	161.5488897	-8.388987283e-10
5017	160.8552877	-7.688605308e-10
5018	175.7285306	-7.821405745e-10
5019	178.2945278	-8.443308275e-10
5020	171.5310385	-8.336584756e-10
5021	170.8703915	-6.57284005e-10
5022	173.576438	-3.148699079e-10
5023	179.1216145	-2.188826898e-11
5024	182.5115797	6.142641951e-11
5025	180.4487171	2.641655783e-10
5026	174.7398978	4.192379777e-10
5027	163.8775614	4.160725098e-10
5028	165.8180377	3.883968702e-10
5029	178.7167788	4.745892568e-10
5030	156.9462959	6.033396005e-10
5031	102.3127458	6.8899908e-10
5032	62.94378479	6.490132876e-10
5033	49.75000764	5.754756671e-10
5034	56.98704733	5.718305829e-10
5035	84.44227457	6.14079454e-10
5036	110.6605006	4.147082677e-10
5037	117.1484936	6.468425795e-11
5038	114.201839	-2.671605159e-10
5039	114.6406989	-6.140830067e-10
5040	118.1801067	-5.060947217e-10
5041	125.3682356	-4.644036267e-10
5042	135.1286392	-5.313403051e-10
5043	138.3569845	-5.357598809e-10
5044	134.9582468	-5.278444348e-10
5045	133.5519613	-6.554294885e-10
5046	133.0017296	-8.682690122e-10
5047	124.1613975	-9.108909182e-10
5048	109.167244	-6.780780382e-10
5049	107.9382228	-2.129354471e-10
5050	119.7608121	1.116333692e-10
5051	120.3550877	2.591349357e-10
5052	121.6655224	4.168896339e-10
5053	139.7477592	4.803695219e-10
5054	149.3768818	5.573639328e-10
5055	147.2503587	4.525446684e-10
5056	144.4188246	3.789466518e-10
5057	130.1004547	3.615738819e-10
5058	122.1749416	4.182147961e-10
5059	135.6967004	4.993694347e-10
5060	143.3343784	6.137454989e-10
5061	140.8329245	6.237250716e-10
5062	140.6326846	6.024762911e-10
5063	128.0910723	7.337455088e-10
5064	92.25983154	8.636646953e-10
5065	54.61480874	6.161435806e-10
5066	61.58845117	2.832933887e-10
5067	121.8824614	1.824354001e-10
5068	172.3265352	1.295461516e-10
5069	176.7960128	7.282352499e-11
5070	169.8861402	-1.799094207e-10
5071	170.2282139	-2.059721282e-10
5072	169.511769	-1.495479296e-10
5073	176.2960438	-6.581757361e-11
5074	187.0314125	-8.304112953e-11
5075	181.2004617	-1.859810084e-10
5076	170.1343283	-3.131397364e-10
5077	172.5623331	-4.637676909e-10
5078	172.5020356	-5.506635148e-10
5079	163.7663581	-7.770530885e-10
5080	163.4593067	-9.096083886e-10
5081	169.9464973	-7.855476269e-10
5082	174.3919464	-4.890310379e-10
5083	175.4430841	-2.382023467e-10
5084	173.5299191	-3.253255443e-10
5085	176.0844257	-5.071498776e-10
5086	178.4247991	-3.669136106e-10
5087	172.4482835	-1.2353496e-10
5088	168.4084119	8.667555562e-11
5089	167.2365396	2.237072749e-10
5090	168.2426552	1.816893302e-10
5091	176.5609551	2.596323156e-10
5092	175.8982337	3.506457347e-10
5093	166.8083157	4.164277811e-10
5094	171.1342081	4.315232616e-10
5095	178.4669959	4.178311031e-10
5096	176.8110783	3.920277436e-10
5097	174.7902925	5.054516805e-10
5098	171.2774691	3.563194184e-10
5099	168.0441635	8.640199667e-11
5100	170.9609043	8.157030607e-12
5101	175.0056237	7.460698725e-12
5102	176.7433881	8.100187188e-12
5103	173.6513292	-2.739994898e-10
5104	166.8876521	-5.786588986e-10
5105	167.5210801	-7.144649317e-10
5106	174.7975169	-6.92498503e-10
5107	174.4467285	-8.738716417e-10
5108	167.4873215	-1.086640111e-09
5109	166.7313409	-1.315381581e-09
5110	166.342697	-1.417646445e-09
5111	158.1444609	-1.302122854e-09
5112	157.0761365	-1.032766761e-09
5113	165.169606	-6.627267624e-10
5114	167.4216485	-4.06640055e-10
5115	167.4858734	-7.065992236e-11
5116	167.6827771	1.396500693e-10
5117	165.1545908	1.170370467e-10
5118	166.2645688	-1.648459147e-11
5119	162.5475057	1.757776147e-10
5120	153.0093561	5.123972358e-10
5121	156.2318918	8.334346546e-10
5122	162.183126	9.191012396e-10
5123	155.0385671	9.56010382e-10
5124	149.4986873	1.08549969e-09
5125	152.2537819	1.230578306e-09
5126	151.7333768	1.238081637e-09
5127	147.7054266	1.089048851e-09
5128	150.0908678	9.193712458e-10
5129	154.6153836	6.410445508e-10
5130	150.3052187	5.617799559e-10
5131	149.297557	4.781774976e-10
5132	160.0017807	3.000621973e-10
5133	164.01297	1.519566695e-10
5134	161.0748138	-1.07739595e-10
5135	165.8924415	-3.029398954e-10
5136	168.0764216	-5.485922827e-10
5137	159.8292829	-6.769873551e-10
5138	159.1728321	-6.560476606e-10
5139	171.1684098	-4.395062092e-10
5140	173.1786865	-5.013021109e-10
5141	163.8383491	-7.885887499e-10
5142	165.9738027	-1.084185186e-09
5143	168.2127398	-1.027952834e-09
5144	156.0041595	-1.11351639e-09
5145	154.8686655	-1.145789241e-09
5146	166.6978664	-1.161129859e-09
5147	168.0933285	-1.085968648e-09
5148	163.8333501	-9.644267607e-10
5149	161.1300774	-7.310774208e-10
5150	160.5213972	-3.983373631e-10
5151	165.9668332	-1.334043986e-10
5152	169.8955307	1.279261141e-10
5153	170.8794055	4.409663745e-10
5154	169.6816337	6.469669245e-10
5155	161.4359546	6.914717687e-10
5156	164.4112117	5.655778068e-10
5157	179.4937398	6.855671586e-10
5158	163.4672401	9.238689813e-10
5159	111.0448395	1.0572343e-09
5160	69.24940244	1.040444175e-09
5161	58.71755727	8.450911082e-10
5162	66.32841726	9.377636445e-10
5163	84.94237479	7.547917846e-10
5164	104.8266656	4.530669173e-10
5165	110.6412271	1.375575209e-10
5166	108.243711	-1.467377331e-10
5167	109.342739	-2.889848361e-10
5168	113.0211065	-2.620907935e-10
5169	122.5082162	-2.237712238e-10
5170	133.260283	-3.488587197e-10
5171	132.7160666	-4.058300362e-10
5172	126.6958427	-3.60977026e-10
5173	122.0912811	-4.780495999e-10
5174	115.6582042	-6.799503183e-10
5175	104.7528225	-7.372413791e-10
5176	91.18379043	-5.352767118e-10
5177	91.00298125	-6.077982562e-11
5178	102.5706225	4.020286326e-10
5179	103.9195775	5.450075946e-10
5180	110.8555006	5.888871613e-10
5181	135.1706289	6.209468495e-10
5182	148.2154325	4.491695904e-10
5183	147.5829516	2.944027244e-10
5184	140.7531953	2.458406811e-10
5185	120.8152157	2.86814128e-10
5186	111.2345195	4.496811812e-10
5187	120.9114448	6.449099033e-10
5188	120.089727	6.856524237e-10
5189	111.4354094	7.806661984e-10
5190	115.0143694	8.132694518e-10
5191	114.7787207	9.906919729e-10
5192	88.28526124	1.010960204e-09
5193	51.23739622	7.802043456e-10
5194	49.7201479	3.915872071e-10
5195	100.1180723	3.547349081e-10
5196	156.0147216	3.270201887e-10
5197	172.7982505	2.972448954e-10
5198	165.2993139	1.642774805e-10
5199	162.0184182	1.257127735e-10
5200	164.1754871	9.3681507e-11
5201	172.3906573	-1.417532758e-12
5202	182.0773869	-3.905142876e-11
5203	176.7175799	-2.290150292e-10
5204	168.5421123	-2.653877118e-10
5205	171.7594282	-3.66014774e-10
5206	169.09849	-5.569873451e-10
5207	163.1848703	-7.252616285e-10
5208	168.3771396	-9.859988381e-10
5209	174.9395607	-8.609966073e-10
5210	178.8578567	-5.400693226e-10
5211	178.3795186	-4.001456944e-10
5212	172.3745734	-4.338218673e-10
5213	175.2339821	-5.041265183e-10
5214	181.4021168	-3.476046118e-10
5215	178.5296048	-5.255174074e-11
5216	176.4391118	1.375966008e-10
5217	175.7379819	4.481677252e-10
5218	176.613223	4.580655855e-10
5219	183.4360643	7.289813198e-10
5220	181.684156	6.331219993e-10
5221	173.2846327	5.822826665e-10
5222	175.5479707	6.632667748e-10
5223	180.0393424	7.491109955e-10
5224	177.0125905	9.416361024e-10
5225	172.7265176	9.564580239e-10
5226	171.335117	7.926956869e-10
5227	174.2563181	6.035953959e-10
5228	178.3378464	4.316440538e-10
5229	177.8430588	5.420659477e-10
5230	175.1607245	5.458105079e-10
5231	173.669829	9.773160059e-11
5232	170.3703951	-1.673150507e-10
5233	168.4484881	-3.5613823e-10
5234	174.1353664	-3.133955317e-10
5235	175.8849673	-5.85391291e-10
5236	167.9505032	-8.62005578e-10
5237	167.2458474	-1.030276309e-09
5238	170.307898	-1.084490719e-09
5239	164.0638836	-9.744773877e-10
5240	161.2338496	-8.494538406e-10
5241	164.9469834	-4.786215868e-10
5242	167.7260078	-2.409308308e-10
5243	172.7514651	-9.70601377e-12
5244	173.5706029	2.115072562e-10
5245	169.9133545	4.80753215e-11
5246	168.2266583	-9.613287943e-11
5247	157.526515	-8.06963385e-11
5248	144.9820477	2.587583481e-10
5249	149.7022512	5.00730124e-10
5250	157.4143254	5.553815186e-10
5251	153.4421579	7.341114383e-10
5252	149.6927391	8.650715699e-10
5253	153.1667638	9.697629366e-10
5254	154.9702943	1.08284226e-09
5255	153.657902	9.248672939e-10
5256	158.1296445	8.429523746e-10
5257	159.8971771	6.967475485e-10
5258	150.5068477	6.698996913e-10
5259	149.7121071	6.362803617e-10
5260	160.186601	4.964846312e-10
5261	160.4807478	3.6898129e-10
5262	156.0773044	1.860804844e-10
5263	159.6125051	1.998117227e-10
5264	159.4209555	-8.109779515e-11
5265	150.7753003	-4.913189855e-10
5266	151.3145467	-3.97147204e-10
5267	164.6574464	-4.067111092e-10
5268	167.9488117	-3.18529203e-10
5269	160.8060756	-6.329941016e-10
5270	163.5700038	-9.709566484e-10
5271	165.1519634	-1.009315298e-09
5272	156.4905448	-1.121328808e-09
5273	156.4825823	-1.122291593e-09
5274	164.1387314	-1.116607251e-09
5275	168.0612566	-1.015056483e-09
5276	169.670296	-7.716778327e-10
5277	167.3394291	-5.348752552e-10
5278	165.4665709	-1.142481665e-10
5279	168.4663393	2.518518727e-11
5280	170.3632053	2.792930331e-10
5281	172.4569829	5.746763065e-10
5282	171.7302303	8.051443956e-10
5283	161.9120718	8.941825058e-10
5284	159.7091916	6.54516441e-10
5285	170.9517205	7.841833849e-10
5286	159.9816259	9.738414519e-10
5287	111.8450411	1.059476062e-09
5288	72.20471077	9.724985262e-10
5289	70.64799385	1.048892528e-09
5290	81.11524227	8.728413547e-10
5291	89.77838088	7.464358021e-10
5292	102.7610966	5.190905483e-10
5293	110.1357239	6.002665032e-11
5294	110.2209649	1.493916102e-11
5295	108.7238842	-1.107203218e-10
5296	105.490556	-1.872280109e-11
5297	108.3436931	-2.234301633e-11
5298	113.1115867	-1.377031822e-10
5299	109.3153251	-1.307718378e-10
5300	104.4506033	-1.786695236e-10
5301	99.81585297	-1.73180581e-10
5302	91.89082715	-3.611795307e-10
5303	85.98817869	-5.997300434e-10
5304	86.32398192	-3.152074157e-10
5305	97.77362851	-2.478373062e-11
5306	109.8413458	2.830233825e-10
5307	109.7911203	5.225615496e-10
5308	116.8557191	5.69222891e-10
5309	136.311042	5.235811784e-10
5310	144.8914381	2.857518666e-10
5311	140.0162753	1.014299755e-11
5312	124.9466525	-8.720846267e-11
5313	101.6648449	9.642420196e-11
5314	91.15264166	5.024212157e-10
5315	93.52305869	7.043077233e-10
5316	84.86119117	9.495018105e-10
5317	74.20461548	8.171987531e-10
5318	85.23055277	9.757670227e-10
5319	99.58808044	1.146609918e-09
5320	85.8363975	1.122149484e-09
5321	54.95479929	9.698268855e-10
5322	46.21315828	5.478604237e-10
5323	83.6783126	4.651425911e-10
5324	143.9797774	4.396767395e-10
5325	172.8573952	3.815827654e-10
5326	163.9754412	1.721787157e-10
5327	157.746401	2.730757842e-10
5328	164.5397068	2.15528928e-10
5329	173.9553807	1.540172434e-10
5330	180.4454254	-9.135092682e-11
5331	176.6144904	-3.633644496e-10
5332	173.2153244	-3.434621476e-10
5333	175.9519786	-3.791740255e-10
5334	170.7594283	-3.452669262e-10
5335	165.4572154	-5.451106233e-10
5336	169.4464314	-8.57092175e-10
5337	173.6935644	-6.286029475e-10
5338	176.3984771	-4.370619422e-10
5339	172.3592739	-1.400053407e-10
5340	163.36118	-2.03158379e-10
5341	166.274695	-4.081712746e-10
5342	174.905262	-1.831388374e-10
5343	176.4055587	1.483613232e-11
5344	175.7266431	3.512710123e-10
5345	174.845968	4.664144626e-10
5346	176.2741866	6.195222113e-10
5347	180.763888	9.39234468e-10
5348	178.1255108	8.375700133e-10
5349	170.106822	9.528662304e-10
5350	168.699614	7.388685219e-10
5351	171.1246307	8.669651663e-10
5352	166.8634541	1.096932323e-09
5353	159.8112807	1.144723427e-09
5354	161.9799075	1.178879216e-09
5355	170.8092089	8.37772518e-10
5356	174.5854766	7.673257585e-10
5357	170.3780321	6.975326983e-10
5358	166.1317822	6.433182875e-10
5359	168.8847749	3.176943153e-10
5360	170.3724312	-1.132889338e-10
5361	168.0750382	-3.645439506e-11
5362	173.7849517	-2.669686694e-10
5363	176.8631414	-5.449543039e-10
5364	168.0655377	-6.351577042e-10
5365	167.0578666	-9.085034947e-10
5366	172.7752235	-8.882850011e-10
5367	169.4178949	-9.209983887e-10
5368	162.6783447	-9.471925466e-10
5369	158.5411919	-6.822808984e-10
5370	160.6076797	-4.664251207e-10
5371	168.4847012	-1.463966726e-10
5372	171.0083257	-9.70601377e-12
5373	170.2584447	-3.95559141e-11
5374	167.8887479	-2.997531112e-10
5375	155.528512	-2.039968194e-10
5376	145.0283257	2.496136631e-11
5377	149.0252645	2.660769383e-10
5378	155.9584836	4.425757538e-10
5379	154.928406	6.596110325e-10
5380	151.3302019	8.555147701e-10
5381	152.6709103	9.989875593e-10
5382	154.4037014	1.093088287e-09
5383	155.6680812	1.022819163e-09
5384	161.7329677	9.820695368e-10
5385	160.0131475	9.612755036e-10
5386	148.5043779	9.620784169e-10
5387	149.0912435	8.484768443e-10
5388	157.3969322	6.99781566e-10
5389	155.9486015	5.139000336e-10
5390	153.6630865	4.610534177e-10
5391	157.4588941	3.790106007e-10
5392	156.4311848	1.245936687e-11
5393	149.4187522	-1.460094268e-10
5394	151.409409	-2.773141716e-10
5395	163.0359092	-2.362199325e-10
5396	166.3064843	-3.81177756e-10
5397	162.563908	-6.949782971e-10
5398	163.8400536	-8.931841933e-10
5399	164.6636408	-8.971099419e-10
5400	163.1557955	-9.951435231e-10
5401	163.6217847	-1.169325969e-09
5402	165.5803546	-1.191160948e-09
5403	171.9313238	-9.691412117e-10
5404	177.6987645	-6.905089833e-10
5405	175.6087746	-2.691464829e-10
5406	171.3990957	-1.851461207e-10
5407	167.693123	-2.028954782e-10
5408	164.7385803	2.079332262e-10
5409	166.03325	4.165592316e-10
5410	165.0011095	6.880220838e-10
5411	154.667041	7.27439442e-10
5412	147.4314031	6.746141423e-10
5413	155.4597574	6.37307096e-10
5414	150.5872827	6.944667064e-10
5415	106.8109394	7.126388368e-10
5416	69.31718582	8.253486783e-10
5417	75.1033991	7.995204498e-10
5418	86.48379867	9.753016172e-10
5419	84.14772402	8.287912578e-10
5420	88.40334109	4.818225818e-10
5421	96.78526992	2.79555934e-10
5422	99.55689852	1.44517287e-10
5423	95.7912333	2.063487159e-10
5424	87.76197653	3.707505414e-10
5425	85.03347109	1.572999508e-10
5426	86.61636874	2.138733635e-11
5427	87.52302174	-1.600497512e-10
5428	91.10270459	-1.458886345e-10
5429	91.67193687	-1.73812964e-10
5430	85.58206758	-5.726192853e-10
5431	85.85559875	-6.186837709e-10
5432	102.4905529	-7.117506584e-10
5433	124.2613653	-2.850129022e-10
5434	129.8655595	-1.306972308e-10
5435	121.7145786	7.115730227e-11
5436	120.1966909	3.384208469e-10
5437	125.9126276	2.856488379e-10
5438	126.2573663	5.41788836e-12
5439	115.8762139	-3.328821663e-10
5440	96.93475654	-3.119922098e-10
5441	80.20765469	4.580869017e-11
5442	74.76401305	4.210498616e-10
5443	72.7612761	7.962199788e-10
5444	60.73627396	8.115925709e-10
5445	51.1731692	9.561738068e-10
5446	67.96480743	1.116180925e-09
5447	92.86998079	1.058761967e-09
5448	92.01559641	1.147117956e-09
5449	70.5293191	7.628315757e-10
5450	55.57108012	7.036149441e-10
5451	79.63287898	6.510596506e-10
5452	142.3545213	5.56294566e-10
5453	181.3233022	2.670930144e-10
5454	171.2928526	2.222684259e-10
5455	160.8392321	3.3119818e-10
5456	169.1909416	2.765290219e-10
5457	176.1299015	2.543991684e-10
5458	175.0991245	-1.428723806e-10
5459	170.8664325	-1.770033009e-10
5460	170.6951423	-3.214424282e-10
5461	172.3133259	-1.12752474e-10
5462	167.9010019	-3.358238132e-10
5463	163.0361779	-4.125233488e-10
5464	163.1372299	-6.374101247e-10
5465	167.509476	-6.18594953e-10
5466	172.6009607	-3.161915174e-10
5467	169.6026489	-2.833466795e-10
5468	162.9643509	-3.270272941e-10
5469	165.5200831	-4.55464999e-10
5470	174.1133333	-3.594600173e-10
5471	178.4760647	-8.085976333e-11
5472	176.6044105	-7.839062732e-11
5473	174.3478393	1.274074179e-10
5474	175.534362	3.940847648e-10
5475	176.7111325	5.771383371e-10
5476	174.1907645	7.063079011e-10
5477	168.0928532	4.920224228e-10
5478	166.1459935	3.781046587e-10
5479	170.702211	5.46318546e-10
5480	167.6150441	7.964509052e-10
5481	159.8800536	9.541274437e-10
5482	165.7836351	9.779803634e-10
5483	177.3107231	9.50041823e-10
5484	178.1620769	8.02000244e-10
5485	170.9092555	7.904930044e-10
5486	167.7777733	6.838192235e-10
5487	174.0383399	4.123990038e-10
5488	176.3781301	2.06682671e-10
5489	172.274457	-7.021938586e-11
5490	176.3545741	-2.407070099e-10
5491	178.4368062	-4.482743066e-10
5492	168.9558692	-7.487130915e-10
5493	166.1965484	-6.95500546e-10
5494	173.2981787	-7.799734192e-10
5495	175.1940877	-8.362981418e-10
5496	167.1381817	-8.753175962e-10
5497	158.0402044	-6.554614629e-10
5498	159.9579804	-4.90977925e-10
5499	168.2329318	-1.887485723e-10
5500	172.9274268	-2.024371781e-10
5501	175.2248225	-1.164792707e-10
5502	171.406938	-2.968434387e-10
5503	160.4772411	-2.329976212e-10
5504	152.4470151	-3.894129463e-11
5505	151.877936	1.870503752e-10
5506	155.8280812	3.1835512e-10
5507	155.912631	5.847624607e-10
5508	150.1303521	9.853593497e-10
5509	147.6397733	1.077051337e-09
5510	149.1945286	1.028293894e-09
5511	154.2273227	9.728644557e-10
5512	161.7913014	9.226965858e-10
5513	159.1210179	1.023426677e-09
5514	151.0174263	9.666543122e-10
5515	153.4758606	8.306315635e-10
5516	157.3480354	5.809290826e-10
5517	153.8961891	3.639897272e-10
5518	153.2926995	2.609255034e-10
5519	157.3293627	1.116511328e-10
5520	156.1171867	-1.48041579e-11
5521	150.5111365	-1.466844424e-10
5522	151.5260216	-2.692885914e-10
5523	157.8114024	-3.828972694e-10
5524	161.134125	-6.0038019e-10
5525	161.3544591	-7.092317844e-10
5526	158.069293	-1.008462647e-09
5527	156.5784657	-9.461160744e-10
5528	160.9054208	-1.102058889e-09
5529	158.9896205	-1.228983137e-09
5530	154.1579803	-1.215191503e-09
5531	160.1607258	-8.930953754e-10
5532	167.3585046	-5.482263532e-10
5533	167.6667123	-3.533457971e-10
5534	164.1898248	-3.453948239e-10
5535	157.3047509	-1.761470969e-10
5536	153.8672139	-5.221423294e-11
5537	157.5365746	8.300560239e-11
5538	160.6911961	2.320561521e-10
5539	155.227336	3.937898896e-10
5540	147.5645369	4.745146498e-10
5541	155.01231	4.371827345e-10
5542	154.2250585	5.089617616e-10
5543	111.3174572	5.669242853e-10
5544	71.30264564	7.245262168e-10
5545	77.36484208	6.366285277e-10
5546	87.88642211	1.060683985e-09
5547	78.12481406	7.446843142e-10
5548	75.9832654	5.389857449e-10
5549	86.56151769	2.051727677e-10
5550	92.78066463	2.159552537e-10
5551	89.86755822	3.780940006e-10
5552	82.89092116	2.662616794e-10
5553	78.0651526	3.501909873e-11
5554	78.54283455	-2.698961055e-10
5555	84.58599578	-3.407016891e-10
5556	93.15868206	-5.288889326e-10
5557	95.43705726	-7.712550598e-10
5558	87.8714545	-8.183356215e-10
5559	90.09165287	-1.035928676e-09
5560	118.3679987	-8.835847609e-10
5561	144.5141505	-7.354437059e-10
5562	141.0495215	-4.79314366e-10
5563	126.1520559	-3.311306784e-10
5564	116.64183	-1.362998603e-10
5565	109.7677036	-3.340616672e-11
5566	101.8230122	-1.00580877e-10
5567	84.90758933	-4.719780122e-10
5568	66.42875553	-3.711342345e-10
5569	61.57981452	-1.309601316e-10
5570	62.66890534	5.297984274e-10
5571	58.46861664	6.837375111e-10
5572	47.08303915	1.033061636e-09
5573	40.21712588	1.217149048e-09
5574	58.2019263	9.570690906e-10
5575	87.74436583	9.903580178e-10
5576	99.54880316	8.666773965e-10
5577	89.20791519	7.890044174e-10
5578	69.58143055	7.738556462e-10
5579	80.35337418	5.098215183e-10
5580	139.6509552	4.205205073e-10
5581	184.6722623	3.732480991e-10
5582	175.942755	1.402007399e-10
5583	161.3637413	2.363123031e-10
5584	168.8615996	3.507700796e-10
5585	173.4080671	2.093720752e-10
5586	167.6786023	-2.198774496e-11
5587	166.7141261	-3.20873994e-10
5588	171.6867339	-3.859916831e-10
5589	175.6077429	-3.282458749e-10
5590	176.5318888	-4.16417123e-10
5591	171.79966	-5.486739951e-10
5592	166.3280157	-8.717329081e-10
5593	169.5041942	-8.237428517e-10
5594	174.1603688	-7.452349848e-10
5595	171.9835797	-8.370264482e-10
5596	167.2724818	-8.440181887e-10
5597	165.4696661	-8.944347485e-10
5598	170.925806	-8.869847079e-10
5599	176.5333096	-8.358895798e-10
5600	173.9751035	-6.907043826e-10
5601	173.3398097	-4.984528346e-10
5602	176.4501135	-9.596590189e-11
5603	175.9723523	2.755449202e-10
5604	174.8020099	3.303242124e-10
5605	172.3410563	2.087858775e-10
5606	173.429154	3.423252792e-10
5607	181.1868152	4.043911872e-10
5608	178.567169	7.632046106e-10
5609	170.122166	9.562448611e-10
5610	176.4830942	9.110721066e-10
5611	185.4801517	9.940599455e-10
5612	180.0741021	9.472707063e-10
5613	169.5364983	8.932801165e-10
5614	169.2627239	7.764455745e-10
5615	177.3998108	6.412435027e-10
5616	177.70609	3.177014207e-10
5617	171.8954138	1.872741962e-10
5618	173.8107881	2.090985163e-10
5619	175.9413954	-2.41474396e-10
5620	169.5423203	-3.994600206e-10
5621	165.705637	-4.071836202e-10
5622	173.0580355	-5.178257823e-10
5623	180.3028788	-4.257003638e-10
5624	173.5780814	-5.584759322e-10
5625	163.31727	-5.551292759e-10
5626	163.4001628	-4.689297839e-10
5627	167.6973849	-3.523403791e-10
5628	171.9791359	-2.509281671e-10
5629	173.5676376	-3.362679024e-10
5630	167.7260276	-2.555751166e-10
5631	161.3775733	-3.308642249e-10
5632	156.4916088	-1.861799603e-10
5633	153.1708741	3.706546181e-11
5634	158.312272	1.823963203e-10
5635	161.6618588	5.044213935e-10
5636	154.2104252	6.506155614e-10
5637	147.8633974	9.130118883e-10
5638	149.420722	7.765095233e-10
5639	156.2635956	5.865956609e-10
5640	160.9615605	6.385754148e-10
5641	157.052505	6.679456988e-10
5642	153.823683	7.13505699e-10
5643	157.0814388	6.351505988e-10
5644	157.4506629	3.611972943e-10
5645	153.9752231	1.68341785e-10
5646	155.8816225	-5.144329407e-12
5647	162.6894121	2.578559588e-11
5648	164.748973	-5.876543696e-11
5649	162.224991	-2.16410001e-10
5650	160.6429347	-1.676347949e-10
5651	159.7082664	-3.769429213e-10
5652	163.9514037	-4.30922853e-10
5653	167.9942719	-8.365894644e-10
5654	159.8614182	-7.863647511e-10
5655	156.587738	-9.364704567e-10
5656	164.6768877	-1.060040944e-09
5657	161.2627379	-1.053667376e-09
5658	153.5693925	-1.074681677e-09
5659	158.7044668	-8.769021065e-10
5660	166.7022984	-5.774225542e-10
5661	171.236075	-3.46361162e-10
5662	170.3909293	-3.425739692e-10
5663	163.8651781	-2.482138939e-10
5664	161.2952207	-1.353761547e-10
5665	164.8183165	-1.227427049e-10
5666	169.6639904	-6.520650686e-11
5667	167.9784864	3.002433857e-10
5668	161.559736	3.446061214e-10
5669	168.4597546	5.966853678e-10
5670	167.7334227	6.038654021e-10
5671	123.9173262	5.561737737e-10
5672	78.89748263	5.070290854e-10
5673	80.47188837	7.606288932e-10
5674	92.09378499	7.842473337e-10
5675	81.40177104	8.953016106e-10
5676	75.77419421	4.757119143e-10
5677	87.33666431	3.245403946e-10
5678	94.91795282	4.204032678e-10
5679	93.97774201	4.129994124e-10
5680	91.3701411	3.860094466e-10
5681	87.4585285	5.381650681e-11
5682	88.60758941	-1.543192241e-10
5683	96.43350655	-4.618669891e-10
5684	102.9793691	-7.326370621e-10
5685	101.4829769	-7.945750724e-10
5686	89.16849514	-1.109022207e-09
5687	90.39674569	-1.05381659e-09
5688	123.5706046	-8.299778642e-10
5689	147.7076685	-6.870415348e-10
5690	137.8656229	-5.763816091e-10
5691	123.8931339	-3.930686887e-10
5692	115.4546752	-2.650359932e-10
5693	104.9031249	-4.348521543e-12
5694	90.3893448	-1.446025522e-10
5695	66.61574852	-3.149445149e-10
5696	51.83358465	-3.831672757e-10
5697	58.59533356	5.63851188e-11
5698	63.18298075	3.062936571e-10
5699	56.12788609	8.500542492e-10
5700	46.06045409	1.080554313e-09
5701	40.12788044	8.547331731e-10
5702	51.65790222	9.782610277e-10
5703	77.84545749	5.909051026e-10
5704	98.71097148	5.749178911e-10
5705	98.27233034	4.917382057e-10
5706	77.82837099	4.066222914e-10
5707	78.89102738	4.593410097e-10
5708	130.6367836	4.944737952e-10
5709	181.1545033	3.493241252e-10
5710	181.1453793	1.760369628e-11
5711	166.1928162	1.871214295e-11
5712	171.0020206	2.14846807e-10
5713	172.5622585	1.156834628e-10
5714	163.6729043	-1.691660145e-10
5715	164.2655567	-4.962679157e-10
5716	169.6842369	-4.992024571e-10
5717	173.1713981	-4.81659157e-10
5718	176.2701954	-5.627818211e-10
5719	169.0668665	-8.262475149e-10
5720	159.706857	-1.059802912e-09
5721	161.932798	-1.113978243e-09
5722	165.3011956	-1.255294535e-09
5723	165.9621004	-1.136555738e-09
5724	164.2943891	-1.230926472e-09
5725	159.397518	-1.167308028e-09
5726	163.834829	-1.062332444e-09
5727	171.1316355	-9.503935416e-10
5728	169.2881376	-7.792273493e-10
5729	171.6454186	-6.94718949e-10
5730	176.3894029	-2.392823717e-10
5731	172.8914521	1.760191992e-10
5732	168.9844391	3.67393227e-10
5733	167.5088181	5.193960817e-10
5734	171.1078963	4.035136669e-10
5735	178.9049221	6.291607235e-10
5736	175.4310917	9.568132953e-10
5737	167.7401431	9.845955162e-10
5738	174.3515025	1.237022929e-09
5739	181.5996819	1.217539847e-09
5740	172.6437272	1.31498723e-09
5741	161.8934827	1.2291963e-09
5742	166.4054026	1.076720935e-09
5743	175.7357773	8.090275117e-10
5744	174.4981357	5.179110474e-10
5745	168.0637764	6.615046289e-10
5746	166.4765274	4.366143003e-10
5747	169.0393675	1.410889183e-10
5748	167.9335742	-3.135482984e-10
5749	163.5480006	-4.999876069e-10
5750	168.8865422	-4.278319921e-10
5751	177.9255267	-3.587423691e-10
5752	173.7884038	-4.20897095e-10
5753	166.0248533	-5.346656451e-10
5754	164.1360195	-3.830216144e-10
5755	164.3903875	-3.520952419e-10
5756	167.3670815	-4.170104262e-10
5757	165.7414623	-4.30549818e-10
5758	159.5723789	-5.921698687e-10
5759	158.9129693	-6.431157829e-10
5760	155.2538332	-4.148681398e-10
5761	150.512822	-4.436664369e-10
5762	159.0514317	-2.001101507e-10
5763	165.8218388	9.402256751e-11
5764	156.6514169	4.950386767e-10
5765	147.1786905	5.2576965e-10
5766	149.9242233	5.33749045e-10
5767	156.7758677	3.343849642e-10
5768	156.2064486	4.05758982e-10
5769	151.9561152	7.677130043e-10
5770	152.9395362	7.100631194e-10
5771	156.1137682	7.396749879e-10
5772	155.9228268	6.15742124e-10
5773	153.9281216	3.872635546e-10
5774	156.7162236	2.540510025e-10
5775	164.8693407	5.118749868e-11
5776	169.9701581	-4.530420483e-11
5777	170.0145637	4.366995654e-11
5778	164.1924021	4.155964461e-11
5779	156.2649398	-1.636735192e-11
5780	161.7173308	-2.605347049e-10
5781	168.768998	-5.639968492e-10
5782	159.5916693	-6.538769526e-10
5783	157.2502266	-6.841922584e-10
5784	166.6292497	-5.220393007e-10
5785	163.4972631	-8.183818068e-10
5786	155.7729745	-1.018648277e-09
5787	157.7836145	-7.176836903e-10
5788	163.7454102	-4.493294625e-10
5789	168.3943657	-2.976605629e-10
5790	166.4384011	-2.675903943e-10
5791	160.1162463	-2.135998045e-10
5792	156.8202308	-1.904183478e-10
5793	155.8617053	-1.604902877e-10
5794	157.1451695	-9.910294807e-11
5795	156.2977619	1.763886814e-10
5796	153.4417926	4.45886883e-10
5797	161.0255232	6.301554833e-10
5798	160.4554052	5.753619803e-10
5799	120.7061363	6.680060949e-10
5800	74.99336516	6.472689051e-10
5801	74.53100779	6.471871927e-10
5802	94.72033761	9.882228369e-10
5803	92.70867697	1.068812594e-09
5804	87.94016621	8.069065416e-10
5805	99.30997157	7.018883252e-10
5806	107.2365512	5.735891762e-10
5807	108.6634552	7.11793291e-10
5808	109.7667639	5.660005797e-10
5809	107.3101126	3.534026405e-10
5810	108.8586425	1.078959144e-11
5811	113.4576075	-2.70038214e-10
5812	111.9611366	-4.851123947e-10
5813	102.1625467	-9.043858995e-10
5814	83.96603617	-8.93869867e-10
5815	84.42184165	-7.182840989e-10
5816	117.3784654	-6.035918432e-10
5817	136.6950941	-3.787938851e-10
5818	126.4775538	-2.994049453e-10
5819	121.3279615	-2.9200109e-10
5820	123.7858364	-1.537507899e-10
5821	117.3942002	-1.840732011e-10
5822	95.15116527	-2.239239905e-10
5823	62.54401743	-5.80477888e-10
5824	50.10650923	-5.797069491e-10
5825	62.12306142	-3.765165957e-11
5826	64.48530149	2.75807821e-10
5827	52.89777334	5.240679002e-10
5828	44.60121498	5.941522829e-10
5829	39.81360118	8.345608649e-10
5830	42.53223354	5.206608478e-10
5831	62.49054041	4.51482407e-10
5832	88.52073766	2.705640156e-10
5833	95.2429283	1.23907995e-10
5834	78.61856838	3.339195587e-10
5835	73.52495059	4.433111656e-10
5836	112.6148103	5.755502741e-10
5837	165.3281274	3.531752668e-10
5838	177.4897899	1.59531055e-10
5839	163.9025594	6.800604524e-11
5840	163.312204	1.51924695e-10
5841	162.1266368	6.856382129e-11
5842	153.5175008	-3.131610526e-10
5843	155.3889932	-2.699458435e-10
5844	161.2373886	-2.910560681e-10
5845	166.8474395	-3.214886135e-10
5846	172.5731113	-5.19875698e-10
5847	167.5730088	-8.499689841e-10
5848	163.2950419	-9.414087287e-10
5849	168.2566856	-1.012448791e-09
5850	171.1306893	-1.034525354e-09
5851	173.5185394	-1.222055346e-09
5852	170.8402288	-1.10686571e-09
5853	161.5218771	-1.094960567e-09
5854	163.6193797	-8.249472216e-10
5855	168.7253468	-5.101554734e-10
5856	164.7082401	-5.070504017e-10
5857	167.6199641	-3.605151733e-10
5858	173.9752356	-1.051034815e-10
5859	169.0832983	3.111395586e-10
5860	162.0165643	5.573213002e-10
5861	162.4652035	4.838476286e-10
5862	169.1902337	6.01993122e-10
5863	175.1319604	7.603659924e-10
5864	171.7817959	8.474039248e-10
5865	166.7229126	1.038827691e-09
5866	173.385613	1.099426328e-09
5867	180.2822367	1.308368525e-09
5868	170.8491648	1.329834021e-09
5869	161.0856185	1.135244787e-09
5870	167.67157	8.777654159e-10
5871	175.8896042	6.225384652e-10
5872	175.034819	5.445777163e-10
5873	169.2512801	5.192539732e-10
5874	163.4943128	4.754134864e-10
5875	166.2942007	1.870112953e-10
5876	170.6821082	-2.857980519e-10
5877	167.2191459	-4.626059535e-10
5878	169.1958714	-5.253255608e-10
5879	175.551396	-4.26243929e-10
5880	173.2834362	-6.288765064e-10
5881	168.3112311	-7.018385872e-10
5882	164.5474558	-5.017142257e-10
5883	163.3889736	-5.940954395e-10
5884	164.8066678	-6.817799658e-10
5885	159.2360026	-8.793250572e-10
5886	154.8279841	-8.14768697e-10
5887	157.7872912	-8.595755219e-10
5888	151.8589886	-7.643770061e-10
5889	145.2559901	-6.442775202e-10
5890	155.5017047	-3.950937355e-10
5891	163.4154185	-2.983924219e-11
5892	152.6703585	4.840394752e-10
5893	142.6949227	7.718554684e-10
5894	148.6989276	6.549569775e-10
5895	154.7748797	5.137970049e-10
5896	149.8463108	4.403801768e-10
5897	146.6603566	5.903437739e-10
5898	148.9937941	7.394120871e-10
5899	150.2986485	6.582716594e-10
5900	150.7208012	7.188667439e-10
5901	149.5509715	6.592415502e-10
5902	149.976582	3.729461184e-10
5903	155.5670289	2.27167618e-10
5904	161.7095021	1.910009928e-10
5905	163.960874	2.553086631e-10
5906	155.8685202	3.917293157e-10
5907	145.5552523	1.959925555e-10
5908	151.9409329	-6.709655054e-11
5909	159.9670889	-3.844888852e-10
5910	154.1804586	-4.127613806e-10
5911	154.4882657	-4.907931839e-10
5912	162.4267654	-5.030642569e-10
5913	160.7277761	-6.905231942e-10
5914	153.8681353	-7.488374365e-10
5915	152.2462198	-7.780336375e-10
5916	156.1419795	-4.693774258e-10
5917	158.0645428	-3.986038166e-10
5918	153.2220658	-2.358504503e-10
5919	148.9975247	-2.158131451e-10
5920	147.5464301	-1.009006212e-10
5921	144.0015934	-9.47224521e-11
5922	141.12745	-3.692690598e-11
5923	141.3689999	1.493170032e-10
5924	145.1508884	4.916529406e-10
5925	154.4717257	6.584812695e-10
5926	155.7101458	6.805294106e-10
5927	124.7993555	7.070646291e-10
5928	80.59909807	6.176037459e-10
5929	77.22575921	9.172751447e-10
5930	106.5440819	1.110990411e-09
5931	114.8998606	1.109370373e-09
5932	108.0739575	1.043609643e-09
5933	112.4713101	8.9832497e-10
5934	117.4151512	9.176837068e-10
5935	118.8178002	8.792788719e-10
5936	120.0180765	6.520899376e-10
5937	119.2167441	4.813465182e-10
5938	122.096639	1.210942457e-10
5939	123.8592361	-2.353672812e-11
5940	116.8006178	-4.054498959e-10
5941	100.3947802	-7.817035907e-10
5942	78.7747114	-7.657128265e-10
5943	78.93145691	-8.101004312e-10
5944	105.4024876	-5.249951585e-10
5945	115.9356172	-4.49794868e-10
5946	104.7670562	-4.018865241e-10
5947	105.800385	-4.383231555e-10
5948	119.2987153	-5.023146343e-10
5949	118.0929615	-4.430411593e-10
5950	88.57215777	-6.209184278e-10
5951	52.43301599	-7.306582006e-10
5952	46.762799	-5.785985024e-10
5953	64.67822952	-4.668301301e-10
5954	68.283826	-2.245315045e-12
5955	57.87067545	2.211351102e-10
5956	55.49921315	3.872600018e-10
5957	53.73597727	6.776375017e-10
5958	47.89031313	4.552589417e-10
5959	58.03692285	4.046434299e-10
5960	78.79571696	-1.198685595e-11
5961	83.54718484	9.993073036e-11
5962	70.54980768	3.04979153e-10
5963	61.34158354	5.578542073e-10
5964	86.71977681	8.501039872e-10
5965	141.8737407	7.243734501e-10
5966	172.2144297	5.026237204e-10
5967	167.5645934	4.771933959e-10
5968	166.2692922	3.42279094e-10
5969	168.9128124	1.83739246e-10
5970	166.0987024	5.957545568e-11
5971	167.5550948	-1.621920376e-10
5972	171.7556897	6.93205493e-11
5973	176.2025406	-1.441193831e-10
5974	177.0482684	-4.666418363e-10
5975	171.5153218	-5.932783154e-10
5976	171.7477203	-7.229949972e-10
5977	175.785422	-6.789413476e-10
5978	175.9735594	-9.086278396e-10
5979	177.0138879	-1.077879119e-09
5980	171.0423028	-1.066538857e-09
5981	160.7398949	-8.900009618e-10
5982	163.8032358	-6.644604866e-10
5983	168.0758907	-5.24988053e-10
5984	162.5803103	-3.977831398e-10
5985	165.4199574	-3.56994434e-10
5986	175.2389367	-2.965734325e-10
5987	172.1919831	2.532729582e-11
5988	163.5848343	2.837907687e-11
5989	166.4666699	1.904858493e-10
5990	173.6873435	2.181650416e-10
5991	174.7177343	3.734221821e-10
5992	171.752141	5.100311284e-10
5993	169.2331491	6.704077293e-10
5994	174.235507	8.925375994e-10
5995	180.9384759	9.160991965e-10
5996	174.3300469	1.071480682e-09
5997	166.7923638	9.388507749e-10
5998	171.6840321	6.172733436e-10
5999	177.3951499	4.614051363e-10
6000	178.983749	3.477076405e-10
6001	174.1955065	2.54019028e-10
6002	164.3700264	3.06666692e-10
6003	165.7563459	3.839417673e-11
6004	172.9378884	-1.457145515e-10
6005	171.4279385	-5.36825695e-10
6006	170.3044145	-5.222666744e-10
6007	172.8598797	-7.428155868e-10
6008	172.9316484	-9.079599295e-10
6009	170.1358829	-6.996359048e-10
6010	166.7019444	-7.457678919e-10
6011	168.947683	-6.885905179e-10
6012	170.4803133	-9.950618107e-10
6013	163.5843862	-1.096687186e-09
6014	162.5513093	-1.004330841e-09
6015	165.1625849	-9.968097459e-10
6016	154.2497697	-7.877005714e-10
6017	144.5649157	-6.857696633e-10
6018	152.2940237	-5.530722547e-10
6019	157.6611095	-8.239098293e-11
6020	146.2286963	3.980140661e-10
6021	139.9465251	6.614264692e-10
6022	151.4107229	6.417693044e-10
6023	157.934263	4.617994875e-10
6024	153.3128617	4.613944782e-10
6025	153.9998677	4.51358062e-10
6026	156.7947287	5.577156514e-10
6027	156.3846899	4.574900458e-10
6028	157.367842	5.956728444e-10
6029	155.7398937	5.770601774e-10
6030	151.5150817	4.418083677e-10
6031	151.500778	1.514948167e-10
6032	157.1077026	3.335287602e-11
6033	161.7660613	1.160351815e-10
6034	156.4235925	2.133013766e-10
6035	150.7031172	1.308464448e-10
6036	157.0973944	-1.139710548e-10
6037	163.2956378	-2.444551228e-10
6038	162.3460275	-4.266951237e-10
6039	163.5996184	-5.145892601e-10
6040	167.0458749	-5.32867972e-10
6041	165.5994764	-6.174083467e-10
6042	157.9308972	-7.644835875e-10
6043	153.6022847	-6.603961822e-10
6044	157.3482183	-5.900169242e-10
6045	156.5264569	-6.882210357e-10
6046	149.8864544	-7.041975891e-10
6047	150.0943111	-5.670131031e-10
6048	154.4393961	-3.500026935e-10
6049	152.7349146	-2.59962718e-10
6050	146.993396	-2.196394178e-10
6051	147.6431537	-8.144240837e-11
6052	154.7967085	1.9552715e-10
6053	159.8427448	4.566516054e-10
6054	158.1920993	5.216200805e-10
6055	132.0638198	5.543796533e-10
6056	83.5011299	6.710578759e-10
6057	69.43203458	7.647429356e-10
6058	101.9490951	8.650289374e-10
6059	120.539848	9.493277275e-10
6060	112.2723523	1.031946084e-09
6061	110.4431216	9.128982015e-10
6062	117.8702568	8.809166729e-10
6063	123.9046757	7.658123025e-10
6064	127.9329325	5.439027007e-10
6065	132.4843543	1.830464669e-10
6066	137.4302486	-3.166888973e-11
6067	136.8026609	-1.560103158e-10
6068	126.0878688	-3.750741939e-10
6069	102.6891877	-7.111466971e-10
6070	76.53663792	-9.375327181e-10
6071	72.29668416	-7.028511106e-10
6072	86.30629463	-7.723066631e-10
6073	87.68221648	-5.305196282e-10
6074	76.23996415	-4.191420544e-10
6075	81.52000491	-6.598597224e-10
6076	105.6881159	-7.090577014e-10
6077	111.9060478	-7.675531322e-10
6078	83.64701115	-9.351524e-10
6079	55.97104591	-8.115144112e-10
6080	61.39612687	-9.426983638e-10
6081	83.44386777	-5.176872264e-10
6082	87.98480839	-2.334736848e-10
6083	78.8125434	-1.904965075e-11
6084	79.2665128	2.155999823e-10
6085	77.17790189	1.692335161e-10
6086	63.49262088	4.675158038e-10
6087	62.78778633	2.569997548e-10
6088	72.31043394	1.722355591e-10
6089	72.5870133	2.738040905e-10
6090	66.52478364	3.66338071e-10
6091	58.79213503	7.009681724e-10
6092	74.5892278	7.706368876e-10
6093	131.3276957	8.258673745e-10
6094	178.1591064	6.582503431e-10
6095	180.8131677	4.227409534e-10
6096	174.2685139	2.878302041e-10
6097	177.0068965	2.162465762e-10
6098	174.6756773	-6.085798532e-12
6099	167.7378049	-2.120970066e-12
6100	166.2497836	5.601208386e-11
6101	166.4013881	-1.173710018e-10
6102	160.1003211	-4.50043558e-10
6103	157.100911	-6.266880348e-10
6104	164.4062323	-7.181384376e-10
6105	169.9338295	-7.329994389e-10
6106	172.6026957	-9.928839972e-10
6107	175.7869631	-1.073960476e-09
6108	170.8448821	-1.206558409e-09
6109	165.1446189	-1.069011546e-09
6110	171.0506119	-1.008896078e-09
6111	174.3193646	-8.38777936e-10
6112	165.5715568	-7.130225299e-10
6113	164.6334961	-6.913083439e-10
6114	175.3850857	-5.609521736e-10
6115	174.0659835	-4.296012435e-10
6116	165.9994848	-3.264304382e-10
6117	172.2309341	-3.044426933e-10
6118	178.7530672	-2.53610466e-10
6119	176.0619013	5.23598942e-11
6120	176.1012502	2.287272594e-10
6121	176.5877282	3.322995212e-10
6122	177.6658292	4.32137881e-10
6123	181.6208779	6.266347441e-10
6124	178.3322351	1.017035345e-09
6125	171.7720161	8.894751602e-10
6126	170.4557733	7.184368656e-10
6127	172.6886398	3.682991689e-10
6128	176.8340621	2.561577617e-10
6129	172.9834948	4.19642987e-10
6130	162.3268558	2.242259711e-10
6131	163.4988362	2.46028975e-10
6132	172.9310904	-2.563531609e-10
6133	175.4348853	-5.88542548e-10
6134	173.3992918	-6.220304272e-10
6135	174.5971343	-8.91475338e-10
6136	177.2041377	-1.016278617e-09
6137	173.296944	-9.382219446e-10
6138	169.091467	-6.944951281e-10
6139	173.419403	-7.931788559e-10
6140	173.0462627	-1.22486199e-09
6141	166.195793	-1.228613655e-09
6142	167.261516	-1.26996369e-09
6143	166.1470307	-9.268354972e-10
6144	152.2443615	-9.023217729e-10
6145	142.9973236	-8.672067509e-10
6146	148.7552107	-5.834586148e-10
6147	152.0027148	-3.174633889e-10
6148	143.3069676	1.453841492e-10
6149	143.7965776	3.806341908e-10
6150	158.7149086	3.809397242e-10
6151	163.7665374	2.468532045e-10
6152	159.6407706	1.524362858e-10
6153	161.5288709	2.994759996e-10
6154	162.7272694	1.694147045e-10
6155	160.7412476	1.714077769e-10
6156	161.3406091	2.648050668e-10
6157	159.4660665	3.788365177e-10
6158	152.2229785	3.436539942e-10
6159	148.3330748	2.452864578e-10
6160	154.5298215	-5.22035748e-11
6161	162.1229165	7.070966035e-11
6162	163.4461671	1.864037813e-10
6163	165.2175341	1.662101567e-10
6164	167.6428354	-3.213784794e-11
6165	167.2901167	-1.844959741e-10
6166	166.8038439	-5.222631216e-10
6167	163.7094348	-6.181011258e-10
6168	160.3592444	-6.785647599e-10
6169	157.6851605	-8.530882667e-10
6170	149.3293125	-9.655991562e-10
6171	146.6471004	-9.13065179e-10
6172	154.1183571	-9.834053571e-10
6173	153.5727055	-9.503686726e-10
6174	147.4006883	-1.04884279e-09
6175	151.1199849	-9.356533326e-10
6176	160.013597	-7.305729355e-10
6177	159.5012497	-5.802824887e-10
6178	150.1008012	-4.259206321e-10
6179	149.3465579	-3.928839476e-10
6180	155.2994342	-8.042988497e-11
6181	153.3721783	-1.082867129e-11
6182	149.9851197	2.313029768e-10
6183	130.8161397	1.411457617e-10
6184	81.23412338	3.814371041e-10
6185	57.6768933	2.150670753e-10
6186	93.71642094	6.084448501e-10
6187	127.6846754	6.52121912e-10
6188	123.2947511	8.158593801e-10
6189	117.5825361	8.7812424e-10
6190	127.6462989	8.933298545e-10
6191	134.3040608	8.000249352e-10
6192	136.3325292	3.970122009e-10
6193	141.2548122	7.627676268e-12
6194	141.5099067	-4.203215553e-11
6195	135.1472756	-9.641354382e-11
6196	122.0724162	-3.553140004e-10
6197	96.20868702	-5.681144444e-10
6198	71.60420512	-5.33351141e-10
6199	66.42413478	-6.822133969e-10
6200	72.27374988	-5.628031374e-10
6201	71.10266083	-3.286899641e-10
6202	61.75736513	-6.587193013e-10
6203	67.81345504	-5.351772359e-10
6204	94.1715535	-6.150422394e-10
6205	100.7245551	-8.319460676e-10
6206	76.2142771	-8.366285442e-10
6207	60.69143243	-1.235736846e-09
6208	72.91662695	-8.976748234e-10
6209	92.81106088	-5.998792574e-10
6210	96.93203431	-2.137063859e-10
6211	90.93077062	-2.090132512e-10
6212	94.53903145	-2.035243085e-10
6213	94.49214074	4.216360594e-11
6214	80.49209838	1.853628362e-10
6215	72.94392114	5.502798217e-11
6216	70.74915115	1.628919222e-10
6217	65.86314739	-5.717382123e-11
6218	62.94078423	3.930082926e-10
6219	53.19451461	4.328484238e-10
6220	56.82808956	6.649258921e-10
6221	107.5569144	6.700169308e-10
6222	163.5400959	5.612292853e-10
6223	170.913958	2.637214891e-10
6224	159.0093439	2.22652119e-10
6225	164.032733	5.444178441e-11
6226	165.7445563	-1.25297106e-10
6227	157.1246226	-8.493117321e-11
6228	158.9802268	2.826539003e-11
6229	161.4653186	2.583533387e-11
6230	154.5346339	-5.578151274e-10
6231	158.1502291	-7.659863854e-10
6232	169.7794385	-8.877663049e-10
6233	173.0856719	-9.589484762e-10
6234	174.7464662	-7.887877018e-10
6235	176.034884	-1.102382186e-09
6236	171.1649198	-9.790284139e-10
6237	168.9042638	-1.007126826e-09
6238	174.8048876	-8.790870254e-10
6239	176.6052975	-7.471854246e-10
6240	166.3157412	-7.560849724e-10
6241	162.6799801	-6.668550157e-10
6242	173.0174556	-5.623164157e-10
6243	172.9866705	-4.407212373e-10
6244	167.2901845	-4.192735048e-10
6245	175.5886406	-5.275424542e-10
6246	179.4184954	-2.106439467e-10
6247	173.7638121	5.107381185e-11
6248	176.0908631	2.062314763e-10
6249	177.336986	3.240181456e-10
6250	171.5223656	3.436468887e-10
6251	170.3636633	6.596572177e-10
6252	171.7080398	1.055560972e-09
6253	167.7442239	1.148940498e-09
6254	162.671524	8.456346734e-10
6255	166.3448743	6.057341295e-10
6256	174.8081209	3.655635794e-10
6257	173.1320153	2.348414796e-10
6258	165.2945084	2.364792806e-10
6259	166.6513675	1.043787279e-11
6260	175.273608	-3.989804043e-10
6261	177.1107674	-4.647020546e-10
6262	170.1234806	-6.932907581e-10
6263	168.4229031	-8.665779205e-10
6264	170.3640742	-9.663772005e-10
6265	162.6423618	-9.255316513e-10
6266	157.8443325	-7.889404685e-10
6267	163.0975903	-8.551666042e-10
6268	162.8618902	-1.176694298e-09
6269	161.8592638	-1.347746803e-09
6270	166.7536918	-1.212388412e-09
6271	163.2000656	-1.210121781e-09
6272	151.2138488	-1.038472419e-09
6273	146.2007512	-9.08709552e-10
6274	150.1686358	-6.474216718e-10
6275	149.8923624	-3.341860122e-10
6276	143.0174932	-3.326050546e-11
6277	146.1063383	1.673683414e-11
6278	157.1793095	8.728306966e-11
6279	157.8741867	2.344187067e-10
6280	153.213364	2.212630079e-10
6281	154.4355291	1.635775959e-10
6282	157.1944863	1.081481571e-10
6283	159.051589	1.861621968e-10
6284	162.662682	3.201350296e-10
6285	163.9029468	5.33674438e-10
6286	156.7025247	3.937081772e-10
6287	150.1812851	2.358433449e-10
6288	154.2879901	8.273914887e-11
6289	160.1500449	1.326085908e-10
6290	165.0286419	2.564455315e-10
6291	170.0373625	1.122302251e-10
6292	165.6164487	-5.25162136e-11
6293	159.6492614	-2.472226868e-10
6294	159.4833787	-5.543014936e-10
6295	154.0979922	-6.521077012e-10
6296	149.056438	-8.661515949e-10
6297	147.7297384	-9.966640846e-10
6298	142.2648455	-1.052292475e-09
6299	144.8675255	-1.019522244e-09
6300	155.3323443	-1.003481742e-09
6301	154.0863722	-1.127418159e-09
6302	146.5034494	-1.328981369e-09
6303	148.6465689	-1.189391696e-09
6304	156.999958	-9.910792187e-10
6305	155.6612269	-7.945359926e-10
6306	145.8644557	-6.228724203e-10
6307	148.1192061	-4.520508412e-10
6308	156.0900396	-2.303721658e-10
6309	153.7468461	1.194564447e-10
6310	154.7941351	-5.268674386e-12
6311	145.7377925	9.556089253e-11
6312	98.24980443	1.165822994e-10
6313	63.21092585	4.486864214e-10
6314	95.57325544	5.363105515e-10
6315	140.1011619	6.516245321e-10
6316	137.2988966	8.303260302e-10
6317	123.8049788	9.704166359e-10
6318	129.1100281	1.094605295e-09
6319	129.9455539	9.678657875e-10
6320	128.8264894	6.22726759e-10
6321	134.7497596	3.148059591e-10
6322	132.089478	2.264286536e-10
6323	124.1054393	1.650910519e-10
6324	114.3234098	1.295958896e-10
6325	94.65508711	3.409539318e-11
6326	78.48823628	6.021849686e-12
6327	74.35022611	-1.318660736e-10
6328	73.77076562	1.024780261e-10
6329	69.49220181	-3.460058906e-10
6330	58.52034421	-3.343849642e-10
6331	59.93255068	-7.255458456e-10
6332	79.00686315	-7.756959519e-10
6333	81.2635223	-8.949179175e-10
6334	66.22041281	-1.281623696e-09
6335	67.07774347	-1.320362486e-09
6336	84.29999116	-1.181124532e-09
6337	100.0291669	-6.476454928e-10
6338	104.4967754	-4.422915367e-10
6339	102.3073138	-5.641815903e-10
6340	105.6213355	-4.583249336e-10
6341	105.4872473	-3.084821287e-10
6342	92.39657019	-1.491748947e-10
6343	77.2298751	-5.999467589e-11
6344	64.32258782	-1.572573183e-10
6345	56.32022328	1.42978962e-10
6346	54.2234991	1.406377237e-10
6347	43.25884471	4.433822198e-10
6348	40.11887329	7.170015692e-10
6349	87.34674015	5.96855898e-10
6350	154.7759334	4.651745655e-10
6351	173.2153852	4.549285393e-10
6352	161.8494974	7.930012202e-11
6353	168.9522172	6.890132909e-11
6354	172.6820891	5.432099215e-12
6355	163.9485807	1.199289557e-10
6356	167.8729455	4.22012647e-10
6357	168.0855191	3.510187696e-10
6358	157.9872484	-3.674571758e-11
6359	162.5960781	-4.51024107e-10
6360	171.0292925	-5.864286834e-10
6361	168.4551387	-5.448548279e-10
6362	166.0225133	-5.891180876e-10
6363	164.7801285	-5.144578097e-10
6364	163.1001452	-4.575682055e-10
6365	165.2279542	-4.393179154e-10
6366	170.5745575	-4.164277811e-10
6367	172.5396478	-5.904219336e-10
6368	164.9819599	-3.986961872e-10
6369	161.167521	-4.611671045e-10
6370	167.7144597	-3.880735733e-10
6371	165.788662	-2.584030767e-10
6372	160.9715151	-3.769535795e-10
6373	167.7013742	-2.574793712e-10
6374	169.0167399	-7.927880574e-11
6375	164.4481216	3.455937758e-10
6376	170.9552208	3.699689444e-10
6377	175.1158192	2.944808841e-10
6378	165.9177435	3.738591658e-10
6379	163.2014963	6.208438208e-10
6380	172.0519023	9.254321753e-10
6381	172.1983372	9.799023815e-10
6382	166.242918	8.253628891e-10
6383	172.4448869	7.927454249e-10
6384	180.8902387	6.168789923e-10
6385	177.2309789	4.786393504e-10
6386	169.9749752	1.967990215e-10
6387	169.7664179	-2.057376491e-11
6388	175.8110549	-1.782218817e-10
6389	174.1449104	-3.377174096e-10
6390	162.7350926	-5.223768085e-10
6391	161.5519327	-7.626326237e-10
6392	165.5712046	-9.424994118e-10
6393	160.2480552	-8.692104814e-10
6394	160.4933736	-6.804192765e-10
6395	167.0314145	-7.374723054e-10
6396	168.1431598	-1.048906739e-09
6397	172.6876415	-1.21846e-09
6398	176.217866	-1.249063075e-09
6399	165.8017519	-1.210363365e-09
6400	152.7376517	-9.710134918e-10
6401	148.8231033	-8.112159833e-10
6402	148.9500278	-4.357829653e-10
6403	145.858076	-9.067235851e-11
6404	143.2916264	-8.209610769e-11
6405	148.5820049	1.378310799e-10
6406	156.2096706	9.920952948e-11
6407	157.8156005	1.087592238e-10
6408	155.2610401	2.031370627e-10
6409	155.3053509	2.696829426e-10
6410	160.7470738	2.307807279e-10
6411	166.2818467	2.576250324e-10
6412	170.380004	5.004032744e-10
6413	171.7038083	6.648726014e-10
6414	162.1389331	5.36317657e-10
6415	150.4897069	4.779465712e-10
6416	148.5612532	4.249152141e-10
6417	150.9019194	3.106030988e-10
6418	158.5033544	1.389999227e-10
6419	165.2627239	1.319193643e-10
6420	159.3740592	1.060946886e-10
6421	155.9140199	-6.413003462e-11
6422	159.6100266	-2.642082109e-10
6423	156.3014127	-6.017337739e-10
6424	151.6274018	-7.987779327e-10
6425	148.3455866	-1.049095033e-09
6426	143.9064931	-9.96944749e-10
6427	148.7833833	-9.465459527e-10
6428	156.9955182	-8.65430394e-10
6429	153.4921743	-8.533938001e-10
6430	145.2993623	-1.066347011e-09
6431	146.1849056	-1.005059147e-09
6432	153.3472547	-7.609131103e-10
6433	151.8877619	-6.046008139e-10
6434	145.1049917	-5.339728659e-10
6435	150.6120605	-3.601563492e-10
6436	158.6318418	-1.841939934e-10
6437	155.6075148	-4.970956979e-11
6438	156.9204095	-1.062474553e-10
6439	151.7517811	1.150617379e-10
6440	105.0174483	2.525837317e-10
6441	58.3548096	3.646363211e-10
6442	85.01563372	5.362146283e-10
6443	141.743117	7.575629013e-10
6444	149.0982014	8.968967791e-10
6445	135.0981139	1.085904699e-09
6446	136.219032	1.336573519e-09
6447	132.7418108	1.291180496e-09
6448	131.3126469	8.947367292e-10
6449	137.7391338	5.318554486e-10
6450	131.5136188	4.599769454e-10
6451	119.7022818	3.774935919e-10
6452	110.3077701	3.294822193e-10
6453	98.07906222	1.911253378e-10
6454	91.33040193	1.350528578e-10
6455	89.69500432	4.873612625e-11
6456	86.85858246	-1.604583133e-10
6457	80.97564222	-3.351097178e-10
6458	70.24315363	-4.132871823e-10
6459	69.22977308	-6.057767621e-10
6460	78.77341321	-8.421814357e-10
6461	76.82113025	-1.187991927e-09
6462	72.65053676	-1.473832612e-09
6463	83.98654745	-1.659170579e-09
6464	97.20222453	-1.407773453e-09
6465	102.8651034	-8.952092401e-10
6466	105.091784	-6.576676981e-10
6467	104.3932141	-4.596998338e-10
6468	104.5587888	-5.493063782e-10
6469	105.9004806	-3.423963335e-10
6470	98.67287781	-1.521414106e-10
6471	82.35455977	-1.503757119e-10
6472	69.49655753	-4.977351864e-12
6473	66.45202911	1.958682105e-10
6474	65.44542179	5.571330064e-10
6475	52.99754672	7.640998945e-10
6476	43.62974739	7.776144173e-10
6477	82.97503138	7.745200037e-10
6478	154.732714	8.439009491e-10
6479	182.2912836	6.836060606e-10
6480	170.3902936	4.262545872e-10
6481	170.5589828	3.372022661e-10
6482	169.1847069	3.619433642e-10
6483	160.9790933	4.876881121e-10
6484	165.6923796	8.463310053e-10
6485	163.3770827	8.862031109e-10
6486	153.5034933	5.739799747e-10
6487	159.7238363	1.092566038e-10
6488	168.0173975	-2.679456657e-11
6489	165.6868302	-7.456080198e-11
6490	161.7198091	-9.535483514e-11
6491	160.0636385	-2.785327524e-11
6492	162.8743663	-1.291979856e-10
6493	166.8728119	-2.31921149e-11
6494	168.4568473	-1.153352969e-10
6495	169.4700178	-1.47409196e-10
6496	167.3397177	-3.901803325e-10
6497	165.7456226	-4.553513122e-10
6498	167.8647961	-4.404903109e-10
6499	165.940184	-3.629665457e-10
6500	164.1113538	-4.012505883e-10
6501	169.0252742	-4.204920856e-10
6502	171.019921	-1.653113202e-10
6503	171.2076753	1.213322776e-10
6504	181.0269738	2.330935445e-10
6505	186.2570918	4.260733988e-10
6506	173.3915514	4.400071418e-10
6507	167.7368756	7.503722088e-10
6508	178.6031706	8.508784788e-10
6509	177.9673558	9.132214984e-10
6510	170.3620503	9.876970353e-10
6511	176.786878	9.128484635e-10
6512	182.3323377	9.15708398e-10
6513	176.971453	4.975966306e-10
6514	172.0242541	2.53113086e-10
6515	175.0308608	9.538325685e-11
6516	184.0380431	-9.790923627e-11
6517	182.6678645	-9.215739283e-11
6518	171.6791226	-2.314664016e-10
6519	171.9704006	-6.237712569e-10
6520	175.2287934	-6.071267933e-10
6521	171.8688112	-5.089333399e-10
6522	173.8771746	-3.375646429e-10
6523	175.1022086	-5.05309572e-10
6524	172.2852312	-8.645955063e-10
6525	175.5753911	-9.34345934e-10
6526	172.6791369	-1.062847588e-09
6527	155.7922465	-9.873666329e-10
6528	143.1492555	-1.143252604e-09
6529	142.040558	-7.755218689e-10
6530	142.257397	-4.4380144e-10
6531	142.6358186	-7.234390864e-11
6532	148.5500969	1.446238684e-10
6533	155.103604	1.560493956e-10
6534	159.3260792	1.276134753e-10
6535	162.8789845	4.908429219e-11
6536	158.8863096	2.505018415e-10
6537	152.521143	2.093827334e-10
6538	156.0029404	2.67394995e-10
6539	161.3402342	4.684430621e-10
6540	164.6423287	6.202860448e-10
6541	167.4617624	7.19200699e-10
6542	160.1664863	8.574616572e-10
6543	148.0100842	5.99499117e-10
6544	143.2942154	5.636415779e-10
6545	146.7211398	4.304929746e-10
6546	156.9072535	3.483329181e-10
6547	161.6517386	2.568967261e-10
6548	155.8263189	1.331876831e-10
6549	155.1820804	2.374882513e-10
6550	159.7194667	1.684838935e-10
6551	158.401352	-1.759659085e-11
6552	151.9346393	-5.074269893e-10
6553	143.050117	-6.828067001e-10
6554	139.6464551	-7.267715318e-10
6555	146.7474967	-6.24464036e-10
6556	153.076482	-5.740474762e-10
6557	150.4289464	-6.29650998e-10
6558	145.1783832	-8.091944892e-10
6559	146.3621226	-7.415508207e-10
6560	150.5564937	-6.685212384e-10
6561	147.0728495	-4.882920734e-10
6562	141.1010046	-5.222524635e-10
6563	143.9196778	-4.098055228e-10
6564	148.0876066	-2.366391527e-10
6565	144.8262971	-2.644995334e-10
6566	145.4290461	-3.308713303e-10
6567	143.7937009	-2.587725589e-10
6568	103.7467193	1.588880139e-10
6569	54.61670863	4.677325194e-10
6570	79.91295646	5.89771787e-10
6571	151.0536546	6.116422924e-10
6572	175.0817475	6.607763225e-10
6573	162.1936208	9.366125653e-10
6574	152.8711206	1.132928418e-09
6575	141.1686147	9.764420383e-10
6576	134.9768526	7.426379511e-10
6577	135.5385566	4.275761967e-10
6578	124.03556	3.169873253e-10
6579	108.1674348	2.989999359e-10
6580	100.7308524	2.445474934e-10
6581	100.6182342	8.292744269e-11
6582	106.3690488	1.376250225e-10
6583	111.7598649	-3.733546805e-11
6584	111.1639041	-2.65831801e-10
6585	103.0042511	-5.599041231e-10
6586	91.19505565	-8.402629703e-10
6587	85.02391684	-7.715286188e-10
6588	80.26590481	-9.54372581e-10
6589	72.21974774	-1.116791992e-09
6590	74.67835351	-1.455770615e-09
6591	87.94304747	-1.583803311e-09
6592	93.46662412	-1.327187249e-09
6593	93.21310628	-8.640093085e-10
6594	99.98270559	-3.476934296e-10
6595	105.17866	-3.569589069e-10
6596	104.80463	-2.997744275e-10
6597	109.3622826	-6.273737085e-11
6598	107.102512	-4.444800084e-11
6599	89.83687783	4.865796654e-11
6600	78.94548189	1.06400222e-10
6601	78.00098493	3.659827996e-10
6602	71.26479514	7.438671901e-10
6603	52.52311837	7.612470654e-10
6604	35.43969927	8.36259062e-10
6605	63.63459993	6.537455022e-10
6606	135.0218792	8.109140026e-10
6607	176.2389522	7.349036935e-10
6608	172.5634728	7.201634844e-10
6609	166.968744	5.317772889e-10
6610	162.7610953	6.473044323e-10
6611	160.1928374	8.119158679e-10
6612	165.9209367	9.880345431e-10
6613	161.9532931	1.093667379e-09
6614	152.6012061	7.498393018e-10
6615	156.9999793	4.059508285e-10
6616	165.9503934	6.933120744e-11
6617	166.8925124	7.621991926e-11
6618	162.2908678	-2.310684977e-10
6619	161.2526386	-3.335962617e-10
6620	167.539909	-2.893614237e-10
6621	170.9110801	-2.078550665e-10
6622	167.4357488	-3.912496993e-10
6623	167.308332	-5.197975383e-10
6624	171.610265	-7.460627671e-10
6625	171.7739074	-6.685425546e-10
6626	168.9023449	-5.971898531e-10
6627	169.1537727	-5.702460726e-10
6628	170.3139478	-5.953317839e-10
6629	170.5987083	-5.31056088e-10
6630	171.2370495	-2.194511239e-10
6631	173.2119544	-5.809397408e-11
6632	181.2264795	2.052260584e-10
6633	183.3715704	2.535074373e-10
6634	166.8188808	3.004814175e-10
6635	157.5735954	6.185594259e-10
6636	165.642534	8.650076211e-10
6637	163.7544924	8.010339059e-10
6638	158.2947399	8.51954951e-10
6639	166.0840263	9.697807002e-10
6640	171.2525889	9.206182483e-10
6641	167.3364598	6.691038834e-10
6642	165.0764422	3.138609372e-10
6643	172.3008107	1.273967598e-10
6644	184.3349617	2.344862082e-10
6645	183.7308256	2.753353101e-12
6646	175.2038274	-9.275780144e-11
6647	173.799785	-2.712710057e-10
6648	171.2848649	-4.03673539e-10
6649	167.7645909	-1.978577302e-10
6650	169.6137619	-4.567652923e-10
6651	166.9014278	-4.935536424e-10
6652	163.2074768	-7.605081009e-10
6653	166.2550945	-8.813039187e-10
6654	161.8683139	-7.482192643e-10
6655	146.8076638	-9.576197613e-10
6656	139.2882104	-9.472209683e-10
6657	141.635799	-8.664500228e-10
6658	141.6454305	-4.175788604e-10
6659	144.5206082	-9.019274216e-11
6660	153.858411	9.858425187e-11
6661	155.7421429	8.187583944e-11
6662	155.3216726	-7.727862794e-11
6663	160.3624928	-1.434550256e-10
6664	154.7295696	5.82573989e-11
6665	144.425163	2.739852789e-11
6666	147.904731	3.73088227e-10
6667	155.3941642	4.058549052e-10
6668	161.3822227	7.255351875e-10
6669	169.1264459	1.060907806e-09
6670	168.249715	8.877023561e-10
6671	156.8181152	8.856488876e-10
6672	148.6029266	7.41696482e-10
6673	152.4700769	6.998384094e-10
6674	159.3870826	5.838103334e-10
6675	156.2597936	4.435136702e-10
6676	149.6316404	4.114468766e-10
6677	149.5750319	5.032525507e-10
6678	154.2080723	5.511289203e-10
6679	158.3318586	2.14722462e-10
6680	152.6733672	-2.506759245e-10
6681	140.8888033	-4.707736423e-10
6682	140.6938461	-6.049596379e-10
6683	149.8969229	-4.914220142e-10
6684	154.7137653	-4.462918923e-10
6685	153.3642495	-6.336797753e-10
6686	150.5216244	-5.660893976e-10
6687	150.250406	-7.911147293e-10
6688	149.9790333	-6.677822739e-10
6689	146.4903551	-7.582805495e-10
6690	143.0591218	-7.243201594e-10
6691	142.6051982	-6.650324735e-10
6692	144.9176213	-4.802913622e-10
6693	145.2131881	-5.612719178e-10
6694	146.5523664	-7.476188557e-10
6695	146.6757041	-7.494058707e-10
6696	112.0585141	-2.843982827e-10
6697	60.35252238	1.411990525e-10
6698	77.57090254	2.378364172e-10
6699	154.3919887	4.857980684e-10
6700	193.9326617	6.804405928e-10
6701	181.1387275	7.241709454e-10
6702	160.2980549	7.863611984e-10
6703	145.6217081	8.407177177e-10
6704	139.0186547	6.186304802e-10
6705	136.5427449	4.269473663e-10
6706	125.3887851	2.806750388e-10
6707	110.3366666	2.854392278e-10
6708	108.0296973	2.017905842e-10
6709	118.8572997	2.122071407e-10
6710	131.0341527	1.166924335e-10
6711	138.7937298	1.119389026e-10
6712	136.9245467	-2.414317635e-10
6713	123.7915853	-6.217746318e-10
6714	110.6369837	-6.782201467e-10
6715	98.84893255	-6.835314537e-10
6716	81.9023366	-6.681730724e-10
6717	72.03757965	-6.741807113e-10
6718	79.73158067	-1.127389737e-09
6719	90.17516111	-1.140108452e-09
6720	87.79172512	-1.014036854e-09
6721	85.11459698	-6.384368589e-10
6722	96.78949504	-4.834141976e-10
6723	104.0613661	-2.688516076e-10
6724	99.22928268	-9.177725246e-11
6725	100.7789919	-2.098907714e-10
6726	96.77458271	-1.09725562e-10
6727	79.23426513	-1.810391836e-10
6728	74.54923824	-4.02060607e-11
6729	79.11025178	3.377103042e-10
6730	72.02977507	4.331894843e-10
6731	54.39494869	5.761542354e-10
6732	37.6806962	3.767866019e-10
6733	56.14925286	5.121094659e-10
6734	120.299568	6.419149656e-10
6735	173.1282963	6.868781099e-10
6736	179.5144383	5.338947062e-10
6737	165.957373	5.63627367e-10
6738	157.5039018	5.707221362e-10
6739	158.7181696	6.029807764e-10
6740	162.5140975	8.226734849e-10
6741	158.0687853	7.292371151e-10
6742	149.6291355	4.803304421e-10
6743	150.7246567	1.299227392e-10
6744	161.0838768	1.018243267e-10
6745	166.0144779	-3.005702354e-10
6746	162.323573	-5.881162224e-10
6747	163.8461774	-6.489422333e-10
6748	172.4373801	-6.500719962e-10
6749	173.5226833	-3.626112743e-10
6750	164.7392138	-6.095604022e-10
6751	163.1089222	-8.705782761e-10
6752	171.4772997	-9.599006034e-10
6753	169.7863994	-9.458673844e-10
6754	161.7701275	-6.544098596e-10
6755	166.4337873	-7.105711575e-10
6756	171.5110424	-6.621689863e-10
6757	167.1639532	-4.255582553e-10
6758	164.7245135	-2.887787787e-10
6759	166.0169313	-1.518429826e-11
6760	170.4885873	-1.668354344e-11
6761	169.6693225	2.569251478e-10
6762	153.1716667	3.925038072e-10
6763	140.7947761	7.702603e-10
6764	142.2045963	9.613074781e-10
6765	140.8174473	8.237996951e-10
6766	141.0397842	8.073506308e-10
6767	150.6064725	8.160014886e-10
6768	157.4314447	7.137366254e-10
6769	155.4138313	6.789093732e-10
6770	153.1193155	3.356888101e-10
6771	161.3501797	2.490914142e-10
6772	173.0261135	1.071640554e-10
6773	174.9138144	7.595701845e-11
6774	174.4581216	1.583657649e-10
6775	174.9585506	8.196110457e-11
6776	170.1882846	9.787015642e-11
6777	168.4459625	-1.941273808e-10
6778	171.2579512	-2.069384664e-10
6779	169.5601917	-3.650981739e-10
6780	167.9640766	-6.815135123e-10
6781	169.9825269	-7.205578356e-10
6782	165.6553544	-8.032756682e-10
6783	154.5083877	-9.64199387e-10
6784	150.6309121	-1.085687984e-09
6785	152.8887345	-9.947029866e-10
6786	150.4361559	-5.931397595e-10
6787	152.7690351	-1.910009928e-10
6788	159.9020784	-1.206963418e-10
6789	156.1983512	-9.949729929e-11
6790	154.3790922	-3.013980177e-10
6791	161.1276105	-1.298836594e-10
6792	155.1432634	-1.22245325e-10
6793	143.5909219	8.059686252e-11
6794	146.0873832	3.833982021e-10
6795	153.1068771	6.493792171e-10
6796	157.6052141	8.407425867e-10
6797	165.4512187	9.342926433e-10
6798	168.4502339	9.953957658e-10
6799	156.6221562	9.368470444e-10
6800	146.7187429	8.900542525e-10
6801	153.5340486	9.6911279e-10
6802	158.01655	7.615810205e-10
6803	151.3941134	5.612044163e-10
6804	148.7543843	4.276472509e-10
6805	150.0768378	5.439844131e-10
6806	155.6208263	6.555112009e-10
6807	165.4164299	2.652420505e-10
6808	160.8749388	-1.220179513e-10
6809	147.6693108	-4.733351489e-10
6810	148.3571307	-4.075815241e-10
6811	155.8836376	-5.861835461e-10
6812	158.2789276	-6.217035775e-10
6813	158.1490595	-6.054357016e-10
6814	157.1402934	-6.282334652e-10
6815	154.0429554	-6.865015223e-10
6816	150.1098742	-7.477218844e-10
6817	150.3406739	-1.055973087e-09
6818	150.9477046	-8.894964765e-10
6819	146.8415652	-7.471214758e-10
6820	146.6604803	-5.687752491e-10
6821	149.4780812	-7.084395293e-10
6822	151.1063613	-8.56893223e-10
6823	150.0216315	-8.009806152e-10
6824	117.5584213	-4.239346652e-10
6825	62.39608619	2.346922656e-11
6826	66.62032985	3.934701454e-10
6827	144.7446044	4.774562967e-10
6828	203.3315897	6.45496101e-10
6829	196.2868756	6.871339053e-10
6830	170.6418397	8.352323277e-10
6831	160.6275685	7.809290992e-10
6832	156.8797636	6.978169154e-10
6833	151.5596823	4.67277772e-10
6834	139.9386636	3.920241909e-10
6835	124.2867	4.510667395e-10
6836	124.1029575	5.52795143e-10
6837	137.9116135	5.068656606e-10
6838	147.4972215	6.161862132e-10
6839	151.8331874	3.854729869e-10
6840	146.5574876	1.742002098e-10
6841	132.0242573	-6.34514663e-11
6842	121.8397447	-4.46618742e-10
6843	106.0204772	-4.827924727e-10
6844	79.84260516	-3.671836168e-10
6845	68.56208833	-6.391118745e-10
6846	75.90269084	-7.316280914e-10
6847	78.90276188	-1.034855757e-09
6848	69.97908921	-8.39335712e-10
6849	68.58171118	-6.829594668e-10
6850	85.54780461	-4.653593066e-10
6851	96.38715803	-4.560938294e-10
6852	92.83329928	-4.539444376e-10
6853	93.34055273	-2.818687506e-10
6854	88.63214508	-4.944062937e-10
6855	76.75413503	-3.239932767e-10
6856	81.95115951	-1.717062048e-10
6857	93.50739746	-1.264410798e-10
6858	88.97591648	3.073132859e-10
6859	74.52490422	3.04545722e-10
6860	59.39591003	3.473381582e-10
6861	62.73201181	5.087343879e-10
6862	106.349217	4.241442753e-10
6863	161.36885	4.841069767e-10
6864	176.5255435	5.705089734e-10
6865	159.118077	7.018741144e-10
6866	152.0473739	8.240697014e-10
6867	159.9925865	8.063629764e-10
6868	166.1863579	7.1061379e-10
6869	167.6033292	5.976801276e-10
6870	163.2180288	3.531965831e-10
6871	160.9313185	5.819700277e-11
6872	167.6975128	-2.119051601e-10
6873	168.7784215	-4.260840569e-10
6874	162.934449	-4.991349556e-10
6875	167.2196592	-7.119638212e-10
6876	178.2508147	-4.97827557e-10
6877	178.8389841	-5.357101429e-10
6878	168.5408199	-6.349836212e-10
6879	168.167563	-7.643947697e-10
6880	178.5778814	-8.773390903e-10
6881	172.0098853	-6.394138552e-10
6882	158.0208967	-6.670042296e-10
6883	163.8507098	-6.225704396e-10
6884	169.1099992	-4.772395812e-10
6885	157.9116643	-1.048796605e-10
6886	148.1739797	-9.160316949e-11
6887	145.8317673	-9.291056813e-11
6888	147.3053132	-1.948237127e-10
6889	147.2497638	-4.670042131e-11
6890	137.033022	2.00540029e-10
6891	123.084509	5.127809288e-10
6892	116.8322371	6.62222277e-10
6893	119.3984226	7.15875359e-10
6894	128.2559787	6.792397755e-10
6895	140.8986748	7.038991612e-10
6896	151.1411086	7.99257549e-10
6897	150.4160471	6.956391019e-10
6898	145.8013378	5.274891635e-10
6899	150.4132875	4.030269452e-10
6900	156.4210483	4.691820266e-10
6901	160.1965902	5.013305326e-10
6902	169.5525793	4.596003578e-10
6903	175.48703	4.81733764e-10
6904	173.1932878	4.01204403e-10
6905	172.8405569	1.973710084e-10
6906	174.8852865	-2.465583293e-11
6907	175.3539666	-4.38379999e-10
6908	175.2298534	-5.718021612e-10
6909	174.8973951	-7.132285873e-10
6910	170.9810042	-7.920633038e-10
6911	163.2976321	-6.992948443e-10
6912	160.973523	-1.063312993e-09
6913	162.4240174	-9.636629272e-10
6914	159.7796006	-7.636380417e-10
6915	160.5935925	-4.580371638e-10
6916	161.6685898	-3.131077619e-10
6917	154.2008803	-4.029594436e-10
6918	152.8830018	-4.105942253e-10
6919	158.282057	-2.272031452e-10
6920	151.2523302	-1.650768411e-10
6921	139.3895631	9.187672845e-11
6922	140.4817104	3.679296867e-10
6923	146.911895	7.75756348e-10
6924	148.7188374	9.600640283e-10
6925	155.0723907	1.080710632e-09
6926	162.1002442	9.702247894e-10
6927	153.7586274	8.0209972e-10
6928	148.450988	9.374261367e-10
6929	160.2722933	8.675371532e-10
6930	163.1558231	8.931451134e-10
6931	156.3319359	7.05526304e-10
6932	156.8826723	5.38761924e-10
6933	156.0509578	6.439186961e-10
6934	158.2481114	5.968523453e-10
6935	166.8215295	5.037179562e-10
6936	161.2449623	4.274625098e-11
6937	148.7513661	-2.696189938e-10
6938	148.9244659	-2.975326652e-10
6939	153.1613772	-1.936903971e-10
6940	154.0971874	-2.001669941e-10
6941	156.2822519	-1.268674055e-11
6942	156.6696926	-1.700328767e-10
6943	148.9803608	-3.252935699e-10
6944	141.2262034	-4.588756042e-10
6945	144.8204915	-5.072280373e-10
6946	147.8221575	-6.268905395e-10
6947	140.4323843	-4.62687666e-10
6948	137.4167331	-5.046913998e-10
6949	142.6833128	-4.234372852e-10
6950	148.2981578	-6.151879006e-10
6951	148.3415207	-6.408775732e-10
6952	119.0926209	-2.701163737e-10
6953	62.09271286	1.678053252e-10
6954	51.04603958	4.677929155e-10
6955	126.6670698	5.253184554e-10
6956	203.9041595	7.303029292e-10
6957	205.6134618	9.44829992e-10
6958	178.3672226	8.911023031e-10
6959	172.3523811	6.818439147e-10
6960	169.5023393	8.830660647e-10
6961	160.2296619	7.06805281e-10
6962	146.6348613	6.61664501e-10
6963	130.5169234	5.292513094e-10
6964	130.6682686	6.71541045e-10
6965	141.8562606	6.547935527e-10
6966	145.1330787	7.077929354e-10
6967	143.2317171	6.333884528e-10
6968	134.1070674	3.906883705e-10
6969	123.2432681	-7.460698725e-13
6970	120.0094474	-1.543121186e-10
6971	103.7392419	-2.57767141e-10
6972	74.59285317	-3.643627622e-10
6973	64.53048889	-4.413998056e-10
6974	71.93755894	-7.961205029e-10
6975	72.93133017	-7.252722867e-10
6976	67.36531301	-5.397424729e-10
6977	73.65657039	-7.153531101e-10
6978	94.7138918	-7.490008613e-10
6979	108.8052324	-6.272173891e-10
6980	108.2021852	-5.3005067e-10
6981	102.897393	-3.052882391e-10
6982	90.9793082	-2.002060739e-10
6983	79.62211255	-1.538396077e-10
6984	86.81370487	-2.943139066e-10
6985	100.2963914	2.316795644e-10
6986	98.87989407	5.594031904e-10
6987	90.76741587	6.609717218e-10
6988	82.67962007	7.861835627e-10
6989	74.54990936	5.734221986e-10
6990	95.71528578	8.817799824e-10
6991	148.2121718	7.92073962e-10
6992	171.7561073	6.828599908e-10
6993	155.9540761	7.128271307e-10
6994	151.6973242	9.507203913e-10
6995	162.7959724	9.853451388e-10
6996	170.3044117	9.019167635e-10
6997	176.547252	6.230322924e-10
6998	175.1304979	2.92509128e-10
6999	168.599629	2.894040563e-11
7000	164.3645272	-5.496048061e-11
7001	152.5131834	-1.529727456e-10
7002	141.632456	-3.506279711e-10
7003	148.6834883	-3.989484298e-10
7004	162.0854716	-4.163247525e-10
7005	161.9036838	-2.935109933e-10
7006	149.6018349	-3.779199176e-10
7007	146.8403679	-4.625526628e-10
7008	151.3189976	-6.292175669e-10
7009	135.287488	-6.051124046e-10
7010	113.2037772	-5.59371216e-10
7011	114.4878472	-5.431139982e-10
7012	117.9247765	-3.675566518e-10
7013	104.1113821	-1.375539682e-10
7014	92.46491101	2.831868073e-11
7015	94.26456802	-8.310152566e-11
7016	102.6727118	-1.903579516e-10
7017	113.741828	-2.828635104e-10
7018	117.7983232	8.995826306e-11
7019	104.4361068	4.415880994e-10
7020	90.59295708	8.159659615e-10
7021	96.19100612	6.339533343e-10
7022	110.3478099	8.190355061e-10
7023	123.7190844	9.031815296e-10
7024	135.3064336	9.654428368e-10
7025	134.3431676	9.056684291e-10
7026	127.5675874	8.061533663e-10
7027	126.3349	8.072937874e-10
7028	123.9970643	8.754881264e-10
7029	127.7043199	8.625491432e-10
7030	143.8485899	8.154898978e-10
7031	156.9861757	8.092442272e-10
7032	161.9252284	8.007425834e-10
7033	164.0688256	6.854925516e-10
7034	166.1218532	1.056292831e-10
7035	170.0203064	-1.8650681e-10
7036	172.3010924	-6.953086995e-10
7037	172.432087	-8.178737687e-10
7038	171.0441977	-6.971916378e-10
7039	165.5322443	-8.857909961e-10
7040	161.4399012	-9.975664739e-10
7041	161.6187544	-9.663310152e-10
7042	161.8862624	-8.062670531e-10
7043	160.9949639	-4.211493376e-10
7044	155.8171381	-4.641442786e-10
7045	150.069044	-4.435385392e-10
7046	153.1023334	-3.927738135e-10
7047	158.5802721	-2.576570068e-10
7048	154.5923574	3.907985047e-14
7049	146.7240136	8.839862176e-11
7050	149.6421976	4.368807538e-10
7051	157.405038	7.923546264e-10
7052	155.8726608	1.087716583e-09
7053	156.6528999	1.016466911e-09
7054	161.3156067	7.796572277e-10
7055	153.7244404	6.924310014e-10
7056	150.7742579	8.329195111e-10
7057	160.2470863	8.885088221e-10
7058	157.4143644	1.084078605e-09
7059	149.6428335	8.870912893e-10
7060	150.6930453	1.05174891e-09
7061	148.5710769	1.185739507e-09
7062	148.164644	1.16571286e-09
7063	152.7813136	9.288818603e-10
7064	148.8060656	4.722942037e-10
7065	142.5161214	3.797673287e-10
7066	143.8986475	2.660236476e-10
7067	145.5300051	2.350049044e-10
7068	145.9486033	3.593356723e-10
7069	150.7997512	2.551416856e-10
7070	152.3776151	3.167386353e-10
7071	141.6241498	3.142588412e-10
7072	132.9968686	-1.142161921e-10
7073	139.261359	-2.901217044e-10
7074	143.9471743	-4.931628439e-10
7075	136.227049	-4.091731398e-10
7076	131.114451	-3.333333609e-10
7077	138.4545287	-3.667040005e-10
7078	149.6835433	-4.968256917e-10
7079	150.9771766	-4.358078343e-10
7080	123.9576737	-2.309583635e-10
7081	65.24720179	2.039683977e-10
7082	38.81225363	1.605684474e-10
7083	108.9322626	4.135891629e-10
7084	202.541123	6.973053246e-10
7085	217.9851642	6.965272803e-10
7086	193.3000935	7.865850193e-10
7087	187.99383	6.280771458e-10
7088	184.4508303	6.957421306e-10
7089	172.2795141	8.132019502e-10
7090	157.3946695	7.114522305e-10
7091	142.7183509	7.680078795e-10
7092	141.3445391	7.161631288e-10
7093	146.9155264	7.328075924e-10
7094	145.525821	7.08418213e-10
7095	138.7912868	7.953708803e-10
7096	128.0705532	5.307079221e-10
7097	124.5901718	2.096243179e-10
7098	129.3254315	-1.54010138e-11
7099	116.1973249	-1.132711702e-10
7100	89.28061004	-2.609077399e-10
7101	79.24908719	-4.406288667e-10
7102	82.88517151	-6.119478257e-10
7103	81.69864648	-3.948592564e-10
7104	80.75099805	-5.195452957e-10
7105	90.08784501	-5.034408446e-10
7106	105.1873203	-5.211120424e-10
7107	116.6466185	-4.045332958e-10
7108	116.9596644	-8.554934539e-11
7109	103.6462435	-1.015507678e-10
7110	84.71595995	3.296989348e-10
7111	73.374771	1.167883568e-10
7112	79.53379984	2.544737754e-10
7113	94.45216438	4.907576567e-10
7114	98.47285825	7.440057459e-10
7115	99.06940348	7.705054372e-10
7116	100.2414788	8.781348981e-10
7117	84.41458345	8.689582387e-10
7118	84.40277706	8.271214824e-10
7119	128.1213165	8.512444083e-10
7120	156.2377738	6.022560228e-10
7121	144.4122937	8.410800945e-10
7122	140.52807	1.038209518e-09
7123	151.266075	1.288064766e-09
7124	160.3651505	9.010143742e-10
7125	169.6841034	5.60909541e-10
7126	171.1025877	4.11304768e-10
7127	160.6345753	1.609663514e-10
7128	138.7587274	1.993427645e-11
7129	105.9654606	1.794120408e-12
7130	84.5903427	-1.615880763e-10
7131	88.98847464	-2.783728803e-10
7132	100.1728359	-2.786144648e-10
7133	97.31782317	-1.63328906e-10
7134	84.64229043	-8.267520002e-11
7135	81.14298117	-2.222257933e-10
7136	82.97305696	-3.966107442e-10
7137	69.46859082	-4.461675474e-10
7138	52.57919647	-6.089493354e-10
7139	56.32132956	-6.745146663e-10
7140	65.30038567	-6.142713005e-10
7141	58.35582549	-3.013447269e-10
7142	52.59254797	-4.435207757e-11
7143	63.81699001	-3.553637384e-10
7144	82.07361334	-4.868780934e-10
7145	104.4696153	-4.227871386e-10
7146	119.1553094	-1.116973181e-11
7147	103.3049065	3.853273256e-10
7148	81.48163232	6.134257546e-10
7149	85.97365142	8.31395397e-10
7150	100.0906761	9.262173251e-10
7151	112.1792635	1.127862248e-09
7152	123.7404335	1.069597744e-09
7153	124.7967141	1.094523583e-09
7154	120.6488684	1.017951945e-09
7155	115.8085223	9.856009342e-10
7156	106.2784243	1.097816948e-09
7157	106.1017977	1.062197441e-09
7158	120.2981194	8.350724556e-10
7159	135.7580219	8.020606401e-10
7160	146.0840275	8.661835693e-10
7161	149.6741246	5.900275823e-10
7162	151.8941109	7.204192798e-11
7163	157.8600455	-3.96291e-10
7164	162.6340927	-7.506848476e-10
7165	166.5484621	-8.505480764e-10
7166	169.7761876	-8.357936565e-10
7167	165.4826501	-8.540617102e-10
7168	157.1892915	-8.48729087e-10
7169	156.223687	-9.545857438e-10
7170	161.3086412	-5.911999779e-10
7171	159.0013099	-4.416342847e-10
7172	150.415585	-4.410232179e-10
7173	150.743086	-5.046523199e-10
7174	158.7135338	-3.673648052e-10
7175	164.0603249	-2.467572813e-10
7176	163.0216157	-1.724167475e-10
7177	157.7133773	-6.577849376e-11
7178	160.0747576	2.173266012e-10
7179	165.7320828	7.555307491e-10
7180	158.5123088	9.327294492e-10
7181	150.2346487	8.179590338e-10
7182	147.9049039	8.220943926e-10
7183	141.5469722	7.988099071e-10
7184	141.2122329	7.693969906e-10
7185	146.3989484	1.172331565e-09
7186	141.6559296	1.14123111e-09
7187	136.9198416	1.294218066e-09
7188	140.4459565	1.463547505e-09
7189	143.3091946	1.616157874e-09
7190	144.3918358	1.378598569e-09
7191	144.7371203	1.135006755e-09
7192	143.736272	7.583622619e-10
7193	144.6963078	5.271765247e-10
7194	146.5407229	6.766178728e-10
7195	145.0033494	4.349125504e-10
7196	144.4332174	3.36967787e-10
7197	150.8299583	3.484643685e-10
7198	153.5631926	3.897540068e-10
7199	144.7301586	1.440803032e-10
7200	140.2985028	-1.428936969e-10
7201	148.0603404	-4.989146873e-10
7202	153.2574507	-8.141824992e-10
7203	146.548158	-8.456169098e-10
7204	138.6379062	-8.587086597e-10
7205	145.9390236	-8.327170065e-10
7206	160.4384076	-7.094378418e-10
7207	160.156749	-6.607727698e-10
7208	132.4213304	-4.470024351e-10
7209	72.13017915	-1.702460395e-10
7210	33.66635339	5.481837206e-12
7211	95.41645585	1.044355713e-10
7212	200.2802147	3.972182583e-10
7213	233.7147337	5.442188922e-10
7214	213.8687821	6.743157144e-10
7215	203.3150591	4.763407446e-10
7216	196.2295475	5.502478473e-10
7217	181.4477452	6.492690829e-10
7218	166.6697697	6.589822021e-10
7219	155.692096	8.455565137e-10
7220	151.2717404	7.816218783e-10
7221	150.9007635	8.228440151e-10
7222	148.3953159	7.428084814e-10
7223	138.8279924	7.309850503e-10
7224	126.3647349	5.759765997e-10
7225	125.2872669	4.850555513e-10
7226	129.8909303	4.303792878e-10
7227	117.5633947	2.663504972e-10
7228	93.51889144	9.301004411e-11
7229	80.8396565	-7.894840337e-11
7230	77.95537257	-1.189768284e-10
7231	75.72865133	-2.102780172e-10
7232	81.8906012	-1.175948228e-11
7233	93.70406872	-2.614157779e-10
7234	102.023085	-3.069260401e-10
7235	112.5063318	-3.073630239e-10
7236	115.5203374	-5.313083307e-11
7237	98.29156446	9.026024372e-11
7238	77.49605069	9.057998795e-11
7239	66.31162713	2.433253599e-10
7240	67.95509025	3.150475436e-10
7241	80.16012618	2.457696269e-10
7242	86.30927367	3.775042501e-10
7243	93.04893013	5.912497159e-10
7244	102.3856234	6.905942485e-10
7245	86.57768816	7.437428451e-10
7246	76.60157934	7.861764573e-10
7247	115.1309863	6.460325608e-10
7248	152.1329871	4.560583022e-10
7249	150.3619076	5.412879034e-10
7250	145.6363383	8.692637721e-10
7251	153.5441567	1.024787366e-09
7252	161.1773766	8.24719848e-10
7253	165.7120839	5.990798968e-10
7254	163.8923726	2.932551979e-10
7255	145.4311185	2.86615176e-10
7256	102.6724997	1.038209518e-10
7257	50.97234249	2.155182699e-10
7258	23.68283031	2.74269496e-12
7259	29.23021914	-1.125357585e-10
7260	43.34553009	-1.275850536e-10
7261	47.13963006	-5.645262036e-11
7262	46.00270278	-8.490985692e-13
7263	50.28908214	-3.498215051e-10
7264	57.09694831	-3.488622724e-10
7265	56.79775359	-6.107221395e-10
7266	51.4806273	-6.951559328e-10
7267	56.06673544	-1.037804509e-09
7268	65.40145296	-7.908553812e-10
7269	59.74797123	-5.09441378e-10
7270	53.95331813	-5.071143505e-10
7271	67.44169173	-3.768185763e-10
7272	89.72431991	-7.149907333e-10
7273	118.1736508	-4.736016024e-10
7274	138.3816604	-2.879474437e-10
7275	123.9970174	2.855706782e-10
7276	102.9265747	5.640217182e-10
7277	107.2194678	6.130278507e-10
7278	118.3933863	7.755645015e-10
7279	125.2288658	8.399183571e-10
7280	130.6957425	8.446150446e-10
7281	131.0928509	8.137419627e-10
7282	128.4285688	5.525926383e-10
7283	118.7881715	7.94418753e-10
7284	101.9518488	8.551701569e-10
7285	92.87962896	8.117737593e-10
7286	96.53633327	7.809859426e-10
7287	107.4482861	5.36974909e-10
7288	118.3100717	6.630358484e-10
7289	123.0477369	3.574136542e-10
7290	126.8192029	8.0280671e-11
7291	133.9337842	-4.102886919e-10
7292	141.9627946	-5.706191075e-10
7293	152.2796054	-6.580691547e-10
7294	162.012466	-5.712159634e-10
7295	160.5446362	-6.205631564e-10
7296	149.9711668	-6.480540549e-10
7297	149.2789704	-7.04794445e-10
7298	157.3669097	-4.769304951e-10
7299	151.9845552	-5.78417314e-10
7300	141.819694	-4.640554607e-10
7301	147.15435	-5.520064406e-10
7302	156.2150135	-4.201403669e-10
7303	159.2137806	-3.248850078e-10
7304	158.7345706	-3.165077089e-10
7305	154.8063153	-3.040661056e-10
7306	156.6016492	-1.014583972e-10
7307	161.1390789	3.883720012e-10
7308	154.0075787	4.727560565e-10
7309	143.2256205	6.157776511e-10
7310	139.5959485	4.455245062e-10
7311	141.1002786	5.476614717e-10
7312	145.3052741	5.706901618e-10
7313	146.7668146	7.240466005e-10
7314	143.5657756	9.028049419e-10
7315	140.8389156	1.219341073e-09
7316	143.27428	1.490501944e-09
7317	149.9858728	1.439079966e-09
7318	150.7301356	1.318777976e-09
7319	144.7632903	8.661480422e-10
7320	144.6527642	4.524274289e-10
7321	149.7922386	2.773141716e-10
7322	150.5302859	2.230642338e-10
7323	146.2662994	-4.853362157e-11
7324	145.2826969	-1.230695545e-10
7325	151.4262015	-2.814068978e-10
7326	154.0069035	-2.159339374e-10
7327	150.5351671	-4.107505447e-10
7328	152.2365892	-5.811173764e-10
7329	158.9494966	-1.051631671e-09
7330	162.9825906	-1.140552541e-09
7331	156.9126013	-1.185810561e-09
7332	146.3194116	-1.041716047e-09
7333	153.0749702	-9.745377838e-10
7334	169.0104317	-8.752181202e-10
7335	165.5891383	-6.654801155e-10
7336	134.2040599	-3.908411372e-10
7337	72.27693943	-1.466133881e-10
7338	25.22003053	-2.888036477e-10
7339	72.9894685	-9.027445458e-12
7340	180.8099208	1.171400754e-10
7341	234.6154547	6.668194885e-10
7342	222.1896895	4.230109596e-10
7343	204.1874928	5.832383465e-10
7344	193.7376086	4.19692725e-10
7345	178.4050618	4.782414464e-10
7346	166.8689364	7.465033036e-10
7347	161.8439352	8.447820221e-10
7348	154.248355	9.166178927e-10
7349	149.2737451	8.761809056e-10
7350	147.8876952	8.175753408e-10
7351	137.3872869	7.114522305e-10
7352	123.3749712	7.04694969e-10
7353	119.387052	4.343689852e-10
7354	118.6303655	5.293792071e-10
7355	108.5541788	4.411475629e-10
7356	92.02815639	4.137064025e-10
7357	80.7656209	4.089173444e-12
7358	74.87678717	-2.567475121e-10
7359	74.2575082	-2.118945019e-10
7360	86.30992834	-2.804974031e-10
7361	97.08667508	-2.942677213e-10
7362	97.82626087	-5.71333203e-10
7363	104.5928952	-6.144347253e-10
7364	105.2910933	-4.85766094e-10
7365	85.34075575	-3.496651857e-10
7366	66.73122848	-2.622080331e-10
7367	58.53451698	-2.380318165e-11
7368	59.29395484	-3.311910746e-10
7369	71.00060964	-1.609201661e-10
7370	81.30530465	-2.005080546e-10
7371	95.20876312	6.944134157e-11
7372	112.4451619	2.604529925e-10
7373	103.6860378	4.644178375e-10
7374	91.91543817	5.830145255e-10
7375	124.1703685	4.766533834e-10
7376	166.7837094	4.999378689e-10
7377	170.9435719	5.430358385e-10
7378	158.3667088	7.804707991e-10
7379	158.9033157	9.267324685e-10
7380	161.4689795	9.525216171e-10
7381	158.1274022	6.139480035e-10
7382	153.8732109	5.512497125e-10
7383	131.6110576	2.555751166e-10
7384	78.46245953	2.807993837e-10
7385	23.73607457	7.691625115e-12
7386	2.679804454	1.93033145e-10
7387	13.24574562	-2.61749733e-10
7388	29.12151982	-9.91100535e-11
7389	38.44031718	-1.966427021e-11
7390	46.23287631	-3.580318264e-10
7391	51.34096215	-2.453148795e-10
7392	55.88546677	-5.423181904e-10
7393	62.56193022	-4.055671354e-10
7394	62.85134395	-6.855174206e-10
7395	63.77075208	-8.473470814e-10
7396	69.33629519	-8.333103096e-10
7397	62.55165871	-7.631655308e-10
7398	54.83933356	-5.816360726e-10
7399	66.83183066	-7.702958271e-10
7400	91.17178155	-7.499529886e-10
7401	122.5272423	-6.068709979e-10
7402	144.5764978	-3.139817295e-10
7403	137.4236615	2.834354973e-11
7404	124.7995439	2.161897328e-10
7405	128.4007082	4.889031402e-10
7406	132.8037342	6.35445474e-10
7407	128.0575957	5.866809261e-10
7408	120.4137758	5.00779862e-10
7409	116.8880525	3.513100921e-10
7410	114.6701578	4.660591912e-10
7411	103.3355924	7.031175642e-10
7412	85.30846664	8.114469097e-10
7413	71.31364946	7.156906179e-10
7414	66.93099225	6.892584281e-10
7415	72.82830456	7.164970839e-10
7416	81.93003852	7.874021435e-10
7417	88.50215875	5.753086896e-10
7418	94.10700255	3.66920716e-10
7419	100.7077123	-8.711964483e-11
7420	111.032328	-7.234390864e-11
7421	126.3045604	-1.102229419e-10
7422	141.4979093	-2.627693618e-10
7423	145.8390054	-4.287272759e-10
7424	140.239912	-5.560742977e-10
7425	144.0539415	-5.102371858e-10
7426	152.5952798	-5.240963219e-10
7427	144.0219728	-6.172591327e-10
7428	134.8913971	-1.009219375e-09
7429	142.9459414	-1.013230388e-09
7430	150.7565788	-8.631531045e-10
7431	150.7964111	-6.040004052e-10
7432	149.0911901	-6.835243482e-10
7433	146.9167573	-7.611333785e-10
7434	149.1823409	-6.378790829e-10
7435	153.8601642	-2.047784164e-10
7436	151.0858458	8.417799791e-11
7437	142.1148199	6.753708703e-12
7438	140.6231713	1.083506618e-10
7439	150.2037573	1.823643458e-10
7440	154.4513886	3.634283985e-10
7441	150.1661225	5.3574567e-10
7442	148.3459307	7.350244857e-10
7443	144.6825427	8.568221688e-10
7444	143.0068191	1.089986768e-09
7445	150.9188437	1.118841908e-09
7446	151.0579139	8.719283073e-10
7447	142.0989441	3.304272411e-10
7448	144.011132	-4.036948553e-11
7449	152.4260602	-3.554099237e-10
7450	152.9453347	-3.14980042e-10
7451	148.3561978	-9.800515954e-11
7452	148.3598382	-4.364792972e-10
7453	151.7192686	-4.40874004e-10
7454	150.98908	-4.13749035e-10
7455	151.08713	-4.431726097e-10
7456	155.0466399	-6.534150998e-10
7457	157.4784657	-8.685852038e-10
7458	159.1218931	-9.451390781e-10
7459	153.1051536	-9.00769237e-10
7460	141.9733669	-9.323279926e-10
7461	150.2595924	-8.68830341e-10
7462	169.6721306	-7.575522432e-10
7463	167.215668	-4.191740288e-10
7464	134.0963405	-2.405897703e-10
7465	73.72332305	-1.744666633e-10
7466	22.25882839	-1.143263262e-10
7467	51.27282356	-4.74784656e-11
7468	155.6007769	2.613695926e-10
7469	231.9398152	2.580229364e-10
7470	231.791675	7.100844357e-10
7471	209.2868823	1.478248635e-10
7472	196.981946	6.734879321e-11
7473	182.2341451	3.299867046e-10
7474	174.4070101	3.843148022e-10
7475	173.623404	6.40358877e-10
7476	162.3591547	7.443681227e-10
7477	153.3916832	8.674270191e-10
7478	152.0671741	9.345164642e-10
7479	141.1445206	7.157865412e-10
7480	125.6919	6.153371146e-10
7481	115.8593078	5.819806859e-10
7482	108.3242156	5.38761924e-10
7483	100.6052919	4.578240009e-10
7484	91.35525466	2.735767168e-10
7485	82.03173489	-5.636380251e-11
7486	74.33176498	-4.40749659e-10
7487	74.2474461	-6.252811602e-10
7488	85.89932025	-5.799698499e-10
7489	91.81617237	-7.851852502e-10
7490	88.4957416	-1.102364422e-09
7491	92.43002692	-1.002081973e-09
7492	90.48627761	-9.528022815e-10
7493	73.42987015	-6.430340704e-10
7494	62.52737342	-5.627818211e-10
7495	62.2360737	-5.910649747e-10
7496	67.37233796	-3.685158845e-10
7497	79.15952098	-4.179199209e-10
7498	90.85322906	-2.56985544e-10
7499	105.0332904	-1.380691117e-10
7500	120.70601	8.972023124e-11
7501	115.1515149	4.484199678e-10
7502	99.70294888	5.922018431e-10
7503	120.3132844	7.365521526e-10
7504	163.292745	4.244888885e-10
7505	171.1503243	5.235349931e-10
7506	153.643446	8.53059845e-10
7507	152.5826895	9.630873876e-10
7508	155.4108253	9.016964952e-10
7509	150.5733933	6.650466844e-10
7510	148.2812929	5.08485698e-10
7511	124.5129385	3.984581554e-10
7512	67.07355996	7.548450753e-11
7513	16.09357524	3.07746717e-10
7514	1.323451208	1.065458832e-11
7515	9.133013305	2.044515668e-10
7516	16.74756624	2.810089939e-10
7517	24.29768131	6.632916438e-12
7518	34.80868182	-4.806111065e-11
7519	36.95668505	-3.621281053e-10
7520	38.59529871	-3.706155383e-10
7521	50.26478447	-1.849755904e-10
7522	56.868185	-6.082494508e-10
7523	59.71207681	-6.049489798e-10
7524	66.38874027	-8.731220191e-10
7525	62.21848536	-6.001172892e-10
7526	52.14642957	-2.870450544e-10
7527	56.80902542	-7.462936935e-10
7528	77.29231638	-6.881748504e-10
7529	103.6859151	-6.523848128e-10
7530	121.1180081	-2.508286912e-10
7531	123.1192438	-8.317613265e-11
7532	122.7740383	1.317168596e-10
7533	128.3992345	4.106261997e-10
7534	130.0884074	4.851870017e-10
7535	117.214698	3.179430053e-10
7536	99.91420039	2.887148298e-10
7537	94.67760423	7.115730227e-11
7538	93.97483689	4.291393907e-10
7539	85.01094351	5.44133627e-10
7540	70.55274749	1.024709206e-09
7541	56.49411986	1.09352527e-09
7542	49.43152253	1.088775292e-09
7543	51.23571866	1.339962807e-09
7544	57.1767306	9.857110683e-10
7545	65.21615848	1.036681851e-09
7546	71.39128413	4.693276878e-10
7547	76.44833381	2.787814424e-10
7548	87.70059228	2.823803413e-10
7549	103.8648117	4.942179999e-11
7550	119.9986953	-2.837978741e-10
7551	130.8388723	-3.760689538e-10
7552	136.8597076	-5.737739173e-10
7553	147.2475795	-4.980691415e-10
7554	152.2179234	-7.463150098e-10
7555	140.9353894	-1.005837191e-09
7556	134.0406423	-1.221479806e-09
7557	142.3162231	-1.324707455e-09
7558	149.425608	-1.120518789e-09
7559	148.0101074	-9.101555065e-10
7560	144.9237277	-7.03305858e-10
7561	145.6738714	-7.539497915e-10
7562	149.4984548	-6.368701122e-10
7563	154.8578287	-3.607389942e-10
7564	156.3624167	-2.100861707e-10
7565	148.9148802	-2.833928647e-10
7566	149.2769846	6.1035621e-12
7567	162.4620687	1.774225211e-10
7568	162.3465399	5.082476662e-10
7569	153.3154319	5.151790106e-10
7570	153.8820587	6.11237283e-10
7571	150.5151276	8.345075742e-10
7572	146.3645316	1.000916683e-09
7573	153.6109433	1.109111025e-09
7574	153.5242291	6.233804584e-10
7575	144.4101293	1.702105124e-10
7576	146.4249874	-2.373319319e-10
7577	153.8490488	-1.997051413e-10
7578	151.5291284	-8.088818504e-11
7579	145.1816927	-8.290257369e-11
7580	143.7356431	-1.363851254e-10
7581	140.2641041	-3.4258818e-11
7582	132.7844796	-1.034408115e-10
7583	130.9208862	-2.175966074e-10
7584	130.328558	-4.81634288e-10
7585	126.6061976	-5.753371113e-10
7586	125.9348649	-4.831370859e-10
7587	120.5874243	-6.643112727e-10
7588	112.3161923	-6.541043263e-10
7589	124.8167535	-7.79230902e-10
7590	152.3284358	-5.991189767e-10
7591	159.7158131	-5.438849371e-10
7592	132.9623791	-1.883577738e-10
7593	81.11900935	-3.884039756e-10
7594	28.93726614	-3.838565021e-10
7595	36.15193332	-6.28013197e-10
7596	131.7265893	-2.082813921e-10
7597	228.2461053	1.112425707e-10
7598	242.1786366	5.945821613e-11
7599	216.1405653	-1.541877737e-10
7600	198.356334	4.876810067e-11
7601	180.2527031	2.913758124e-10
7602	170.7258129	3.383249236e-10
7603	167.5500269	4.557776379e-10
7604	151.3943316	8.008065322e-10
7605	138.304527	1.026602803e-09
7606	135.1166576	1.048388043e-09
7607	124.9459086	9.279759183e-10
7608	110.480472	6.982077139e-10
7609	98.80018417	6.418545695e-10
7610	90.73867396	4.255795716e-10
7611	87.97752717	4.006928123e-10
7612	85.32099581	-3.734257348e-11
7613	79.12299066	-2.506865826e-10
7614	74.04142314	-4.954614496e-10
7615	77.01621895	-7.187530571e-10
7616	85.18982376	-6.192450996e-10
7617	86.45198988	-9.608029927e-10
7618	83.9829649	-9.564971037e-10
7619	85.34879057	-1.05029585e-09
7620	79.75789271	-8.373781668e-10
7621	65.15622599	-6.069704739e-10
7622	56.76579564	-6.813749565e-10
7623	58.79951234	-4.480362747e-10
7624	64.75712776	-3.676348115e-10
7625	72.90188504	-1.531681448e-10
7626	82.77908399	-1.041655651e-10
7627	93.26969723	-1.706581543e-10
7628	104.5418247	1.351949663e-10
7629	103.8542586	2.967084356e-10
7630	89.42071915	6.194582625e-10
7631	102.3041359	6.552340892e-10
7632	145.3657794	5.915694601e-10
7633	157.9190886	4.62712535e-10
7634	141.6974885	7.15651538e-10
7635	142.1605633	9.023715108e-10
7636	145.5466728	8.137277518e-10
7637	140.7324691	6.496065907e-10
7638	137.862651	5.620321986e-10
7639	109.2492186	5.09242426e-10
7640	49.49493343	3.019842154e-10
7641	5.25857593	9.943690316e-11
7642	-3.045630926	3.142872629e-10
7643	0.8022912768	5.983054052e-10
7644	1.323061348	3.368896273e-10
7645	9.007877795	4.239097962e-10
7646	21.92283469	9.914558063e-11
7647	23.71145827	1.147810735e-10
7648	24.89349133	2.731717075e-10
7649	37.28160581	-1.809219441e-10
7650	46.62888162	-1.460129795e-10
7651	51.42486391	-5.667502023e-10
7652	59.39135504	-4.911981932e-10
7653	59.15220259	-4.012505883e-10
7654	46.30518273	-6.443521272e-10
7655	40.92053746	-7.278266878e-10
7656	54.6992381	-8.107079452e-10
7657	72.38666913	-5.824958293e-10
7658	83.74027293	-3.319478026e-10
7659	95.07634427	-2.734239501e-10
7660	105.8975934	-9.356782016e-11
7661	114.7842765	1.706439434e-10
7662	117.5633645	3.432027995e-10
7663	102.1695722	3.651763336e-10
7664	81.20331734	2.442561708e-10
7665	74.94004919	3.118856284e-10
7666	74.50493651	2.431903567e-10
7667	69.20321947	7.84119436e-10
7668	60.23311129	8.493579173e-10
7669	51.43288073	1.195669341e-09
7670	49.05945713	1.342534972e-09
7671	51.31459676	1.174310427e-09
7672	57.11102608	1.210924694e-09
7673	67.43001593	7.248317502e-10
7674	72.80834369	4.538840415e-10
7675	74.79798131	3.775291191e-10
7676	83.1432293	3.761542189e-10
7677	92.97939406	2.281659306e-10
7678	101.5812959	-1.11970877e-10
7679	114.8327406	-2.897344586e-10
7680	133.6039759	-4.177458379e-10
7681	149.0719917	-5.680291792e-10
7682	149.6912106	-6.992593171e-10
7683	141.4042725	-9.331522222e-10
7684	140.9421032	-1.123595439e-09
7685	151.456958	-1.268567473e-09
7686	162.5739648	-1.003630956e-09
7687	163.5085766	-7.994387374e-10
7688	160.073351	-5.697877725e-10
7689	162.5147057	-5.174385365e-10
7690	165.4604862	-2.586908465e-10
7691	167.9255541	-1.275992645e-10
7692	166.9845914	-1.889368662e-10
7693	155.1616089	-7.694112014e-11
7694	151.7756935	3.061728648e-11
7695	159.9891632	3.792983705e-10
7696	152.2192057	5.629026134e-10
7697	139.613521	6.206342107e-10
7698	140.757595	6.600231472e-10
7699	137.626546	8.262368567e-10
7700	130.6711411	1.052143261e-09
7701	132.4295014	1.124075055e-09
7702	129.297137	6.429416999e-10
7703	117.7460179	2.731397331e-10
7704	113.5658081	-4.905942319e-11
7705	114.1798773	-4.931877129e-11
7706	107.1670172	1.370068503e-10
7707	99.39481735	2.87446511e-10
7708	96.84024336	3.132143434e-10
7709	89.81099265	3.679296867e-10
7710	81.39408516	3.064464238e-10
7711	79.20262284	-3.026912054e-12
7712	75.15040253	-4.233058348e-10
7713	70.45176606	-5.067839481e-10
7714	71.76831941	-4.823519362e-10
7715	70.89513755	-6.957279197e-10
7716	69.06353547	-6.466116531e-10
7717	86.01954275	-1.030812768e-09
7718	122.629374	-9.187886008e-10
7719	145.1325587	-8.249827488e-10
7720	132.4530543	-7.005347413e-10
7721	94.41714624	-5.624158916e-10
7722	41.51273529	-8.896172687e-10
7723	24.5816337	-5.77884407e-10
7724	104.9918084	-5.974456485e-10
7725	213.0960348	-1.175379793e-10
7726	239.2477308	-1.460982446e-10
7727	209.2427755	2.626912021e-10
7728	182.4195659	2.14139817e-10
7729	160.1708736	4.673665899e-10
7730	147.790835	4.255653607e-10
7731	141.8330843	5.298623762e-10
7732	126.6787937	8.534684071e-10
7733	115.1769001	1.068293898e-09
7734	113.9189763	1.043755304e-09
7735	109.2548656	9.508838161e-10
7736	100.1519363	8.669616136e-10
7737	92.99683785	4.358255978e-10
7738	90.08925401	5.150262439e-10
7739	90.39280428	1.226823088e-10
7740	87.05172698	5.755040888e-11
7741	78.00421797	-3.109192903e-10
7742	73.53722861	-5.380513812e-10
7743	76.53829004	-7.037144201e-10
7744	75.52334044	-7.619433973e-10
7745	69.95219072	-8.53059845e-10
7746	67.57531414	-8.941647422e-10
7747	64.45237634	-9.45885148e-10
7748	56.39147091	-5.638618461e-10
7749	44.82156076	-7.558362825e-10
7750	35.56914916	-5.2576965e-10
7751	36.74310161	-5.143157011e-10
7752	43.27012459	-3.251869884e-10
7753	51.53656753	-7.045031225e-11
7754	64.87146561	-3.925464398e-10
7755	76.31615103	-6.356160043e-11
7756	87.53944648	-1.593747356e-10
7757	94.8358944	7.104006272e-11
7758	86.75976569	3.128484138e-10
7759	96.36545582	2.670290655e-10
7760	135.1805219	2.29402275e-10
7761	148.5945378	4.576712342e-10
7762	134.5938166	4.897344752e-10
7763	133.451252	7.446701034e-10
7764	134.814823	7.327969342e-10
7765	130.6564088	8.336868973e-10
7766	125.264139	8.609291058e-10
7767	91.92400972	7.535803093e-10
7768	34.23341504	4.283151611e-10
7769	-0.5754309712	3.567208751e-10
7770	-2.819202348	7.230269716e-10
7771	-2.436766952	5.775007139e-10
7772	-5.987049363	8.229754656e-10
7773	0.5754000524	4.058797742e-10
7774	10.00090789	5.0772897e-10
7775	9.453510191	3.795506132e-10
7776	8.516410991	-5.013944815e-11
7777	15.98009601	-9.836043091e-11
7778	24.18413749	-5.050182494e-10
7779	29.6536958	-6.360458826e-10
7780	39.69656896	-4.811511189e-10
7781	47.44436014	-7.20255855e-10
7782	37.84567071	-7.149765224e-10
7783	28.15249328	-1.050032949e-09
7784	36.59964827	-9.527312272e-10
7785	44.34631428	-4.868425663e-10
7786	48.2983608	-5.066134179e-10
7787	62.27707492	-3.710916019e-10
7788	75.53825845	-4.634159723e-10
7789	83.69826158	-8.466471968e-11
7790	87.84840212	-6.946621056e-11
7791	77.26106218	1.278692707e-10
7792	63.12867197	1.319584442e-10
7793	61.47065734	-3.302957907e-11
7794	65.34511337	1.585362952e-10
7795	67.16307767	3.469402543e-10
7796	65.39865153	8.717435662e-10
7797	64.58942774	1.098758418e-09
7798	68.13254069	1.173475539e-09
7799	69.801587	1.089297541e-09
7800	73.3859089	1.009674122e-09
7801	81.45495352	7.56102736e-10
7802	82.06257242	5.35845146e-10
7803	78.83571299	2.660840437e-10
7804	82.2540666	4.918909724e-10
7805	84.62262759	3.232791812e-10
7806	85.33074218	1.813518224e-10
7807	101.8450236	-1.099955682e-10
7808	132.4065724	-2.270894583e-10
7809	148.4391051	-3.492068856e-10
7810	144.122677	-2.223607964e-10
7811	140.6356686	-5.104574541e-10
7812	142.6757931	-7.487912512e-10
7813	148.1824778	-8.02049982e-10
7814	155.5949374	-7.58298313e-10
7815	151.5124086	-3.078319821e-10
7816	140.7631022	-3.791811309e-10
7817	136.4941471	-2.114575182e-10
7818	132.5124346	-2.551132638e-10
7819	128.2447908	-1.851603315e-10
7820	121.0026414	-3.125002479e-10
7821	105.3071877	-3.123190595e-10
7822	98.79368048	-2.921929365e-10
7823	101.1613914	1.979074682e-10
7824	91.20437606	4.246238916e-10
7825	80.40689205	4.799680653e-10
7826	82.08498064	6.518838802e-10
7827	80.44333324	5.86879878e-10
7828	71.87026212	9.144436319e-10
7829	68.58396312	9.19790466e-10
7830	66.19772994	7.66711139e-10
7831	56.36105398	3.643911839e-10
7832	48.65170697	-4.132516551e-11
7833	47.45383309	6.633982252e-11
7834	44.89768678	-3.290523409e-11
7835	44.58270884	1.778346359e-10
7836	47.38979734	4.847393598e-10
7837	46.21284028	3.219362554e-10
7838	46.56047577	3.866063025e-10
7839	48.35920215	-2.615543337e-10
7840	44.58748733	-4.960831745e-10
7841	42.21514661	-5.689493321e-10
7842	45.28786049	-9.970300141e-10
7843	47.92656481	-7.437748195e-10
7844	49.67310862	-1.183412479e-09
7845	64.34009225	-1.046384313e-09
7846	101.2853837	-1.013592765e-09
7847	133.1806496	-8.752429892e-10
7848	135.5759969	-8.482636815e-10
7849	111.9776693	-7.848335315e-10
7850	57.52150415	-7.712834815e-10
7851	18.8074813	-3.621849487e-10
7852	79.68420815	-3.401332549e-10
7853	189.692666	-8.762768289e-11
7854	227.2864678	1.831459429e-10
7855	196.7428407	3.029185791e-10
7856	163.8498121	5.466063158e-10
7857	142.9812618	6.487681503e-10
7858	131.3317665	6.268763286e-10
7859	125.1376446	3.913243063e-10
7860	114.5150506	7.346869779e-10
7861	104.7915031	9.172538284e-10
7862	102.8750667	1.027007812e-09
7863	99.28083766	8.055422995e-10
7864	90.16208516	6.321556612e-10
7865	84.20413912	4.517524133e-10
7866	82.67141026	1.794013826e-10
7867	79.31286194	1.619682166e-11
7868	68.47285105	5.04130071e-11
7869	54.13459022	-4.319922198e-10
7870	52.33242737	-3.351523503e-10
7871	58.00156128	-4.127400643e-10
7872	52.68950461	-6.547118403e-10
7873	47.16536655	-4.652775942e-10
7874	48.80946816	-7.981846295e-10
7875	46.38221389	-5.04961406e-10
7876	44.23980223	-6.323155333e-10
7877	41.82372226	-4.625100303e-10
7878	35.16846123	-1.09455911e-09
7879	36.15509329	-7.944329639e-10
7880	43.46317416	-6.340847847e-10
7881	54.83474675	-7.290665849e-10
7882	73.48033549	-5.917897283e-10
7883	86.52052365	-7.463683005e-10
7884	96.04484927	-5.47608181e-10
7885	105.5450272	-2.619451323e-10
7886	102.7153889	-1.593498666e-10
7887	109.6094271	-7.080913633e-11
7888	137.7062184	8.888179082e-11
7889	147.3510279	2.895994555e-10
7890	134.0758782	5.891038768e-10
7891	127.2789558	6.678284592e-10
7892	125.5363361	8.780176586e-10
7893	122.5333754	7.63336061e-10
7894	112.6452872	9.877894058e-10
7895	75.0573856	9.755609653e-10
7896	22.03397654	6.724931723e-10
7897	-3.860635494	6.434781596e-10
7898	-2.898828427	3.57950114e-10
7899	-4.994580309	5.070859288e-10
7900	-8.473904258	3.783284797e-10
7901	-3.732406008	5.89622573e-10
7902	-0.5216275657	4.635261064e-10
7903	-1.963389082	-5.040234896e-11
7904	-2.919074351	-1.207745015e-10
7905	0.7382187553	-6.867892921e-10
7906	8.071150682	-7.793445889e-10
7907	12.75875996	-7.595915008e-10
7908	23.17215558	-1.065018296e-09
7909	38.45998373	-8.677787378e-10
7910	36.91752651	-1.165350483e-09
7911	30.49321454	-1.034713648e-09
7912	36.50576384	-8.088782977e-10
7913	37.20933054	-7.125393608e-10
7914	37.02586241	-5.650928614e-10
7915	50.91325122	-6.037197409e-10
7916	64.07809919	-4.133244857e-10
7917	71.62020778	-3.114291047e-10
7918	77.57286774	-1.372661984e-10
7919	76.63008599	-7.56177343e-11
7920	74.299449	-2.086260054e-10
7921	77.3046281	-9.729994588e-11
7922	82.78378877	-2.019184819e-11
7923	85.49498166	1.587068255e-10
7924	83.506568	5.581988205e-10
7925	84.3170706	7.108695854e-10
7926	87.41485404	1.009173189e-09
7927	85.1357632	1.023838792e-09
7928	85.65359171	1.015003193e-09
7929	91.85427166	7.169145277e-10
7930	91.73526045	5.281961535e-10
7931	88.25567941	6.088765048e-10
7932	90.48539073	6.944809172e-10
7933	89.42863258	8.388578721e-10
7934	85.49935329	6.193356938e-10
7935	102.4776662	2.515321285e-10
7936	130.6088663	-1.786659709e-11
7937	129.4955036	-1.011617456e-10
7938	109.3819733	-3.070326215e-10
7939	101.8210139	-3.610090005e-10
7940	96.92694034	-6.99049707e-10
7941	89.82007638	-6.151594789e-10
7942	87.36822477	-7.071676578e-10
7943	78.36105764	-6.511697848e-10
7944	65.7137917	-9.14777587e-10
7945	60.36774167	-6.906830663e-10
7946	57.65172275	-3.888018796e-10
7947	55.29277261	-7.046079276e-10
7948	50.28186878	-5.855298468e-10
7949	41.95571122	-9.406608825e-10
7950	40.46784309	-4.74381423e-10
7951	43.44175072	-1.42730272e-11
7952	40.81220058	1.797850757e-10
7953	37.9397636	3.920206382e-10
7954	42.26595945	2.422844148e-10
7955	44.89432754	4.716422808e-10
7956	38.45875655	9.051603911e-10
7957	36.54756701	6.548361853e-10
7958	43.17807049	6.37864872e-10
7959	41.87192965	1.629736346e-10
7960	35.16810492	2.505462504e-10
7961	35.68311793	4.313331914e-10
7962	40.67402604	1.903384117e-10
7963	46.05275556	3.588223052e-10
7964	48.39711242	2.336904004e-10
7965	49.0804511	5.197193786e-10
7966	53.26740123	1.013304995e-10
7967	53.45213677	-8.086153969e-11
7968	47.57930271	-3.723155118e-10
7969	44.17963372	-9.549090407e-10
7970	44.43994563	-8.135874197e-10
7971	47.33436219	-9.013589874e-10
7972	49.42305047	-9.577210136e-10
7973	57.28644512	-7.849827455e-10
7974	85.20314124	-9.55134638e-10
7975	117.2410928	-6.937774799e-10
7976	132.6415524	-5.763887145e-10
7977	122.9980563	-6.748575032e-10
7978	70.78028613	-4.425455558e-10
7979	19.30128195	-4.067040038e-10
7980	58.30109777	-7.454481477e-11
7981	158.7110063	-2.527755782e-12
7982	203.4501944	8.530065543e-11
7983	174.4166894	6.956391019e-11
7984	138.9236427	3.105213864e-10
7985	122.2592314	2.512177133e-10
7986	111.2464215	3.301359186e-10
7987	103.2299434	1.269668815e-10
7988	94.23020343	2.82756929e-10
7989	82.69892772	5.601652475e-10
7990	77.20759749	7.636060673e-10
7991	72.05544279	5.990106189e-10
7992	62.55161783	4.811600007e-10
7993	59.56012245	3.011813021e-10
7994	61.6293225	2.17490026e-10
7995	58.64287011	2.937969867e-10
7996	47.41998525	-9.038636506e-11
7997	37.63855719	6.588685153e-11
7998	46.18840747	-2.344080485e-10
7999	59.20287729	-1.882227707e-10
8000	56.80727844	-4.009059751e-10
8001	55.6473689	-7.028688742e-10
8002	59.42447211	-7.129088431e-10
8003	57.72527838	-7.237748179e-10
8004	61.84664098	-6.192557578e-10
8005	67.45026042	-5.626574762e-10
8006	64.05760416	-9.040004301e-10
8007	63.09415148	-1.021081886e-09
8008	67.74261023	-9.85709292e-10
8009	78.92703425	-9.734293371e-10
8010	96.81342448	-1.073043876e-09
8011	105.6997109	-9.738840845e-10
8012	105.5910345	-7.302727312e-10
8013	105.9002817	-5.544720239e-10
8014	103.1689461	-3.2573233e-10
8015	106.2701715	-3.45758977e-10
8016	121.4142696	8.191669565e-11
8017	128.1165797	2.36815012e-10
8018	117.2830933	5.298801398e-10
8019	106.6510221	5.953886273e-10
8020	106.9182736	6.243663364e-10
8021	109.5824069	8.253611128e-10
8022	97.97443284	8.59889937e-10
8023	60.51480256	8.027392084e-10
8024	16.76155509	6.409237585e-10
8025	0.7848881783	1.916564685e-10
8026	4.228942864	1.254978343e-10
8027	2.743328062	4.800639886e-10
8028	2.5110266	1.07709397e-10
8029	4.186264359	2.241780095e-10
8030	0.460006926	-6.536815533e-11
8031	-1.472276344	1.480771061e-11
8032	-2.159535758	-5.965858918e-10
8033	-1.054759929	-6.294005317e-10
8034	4.429379271	-6.309637257e-10
8035	6.129075118	-9.156178038e-10
8036	14.58276808	-5.97179195e-10
8037	34.94848315	-8.372627036e-10
8038	46.19626192	-7.902762889e-10
8039	51.980439	-7.929443768e-10
8040	61.27828904	-8.080842662e-10
8041	61.69086947	-5.934328584e-10
8042	61.78294839	-5.057447794e-10
8043	73.7423734	-4.448867941e-10
8044	84.89059547	-4.855067459e-10
8045	87.87709701	-5.44227774e-10
8046	87.98601186	-3.596252185e-10
8047	89.18693665	-5.120384117e-10
8048	90.96997564	-3.671907223e-10
8049	92.65756805	-1.977245034e-10
8050	95.60942144	-3.140421256e-11
8051	95.17341651	3.717683938e-10
8052	91.81865129	3.30794947e-10
8053	94.84941004	7.15118631e-10
8054	99.17929544	8.097273962e-10
8055	97.33326981	1.099778046e-09
8056	98.06108613	1.102748115e-09
8057	104.1290342	8.661782402e-10
8058	104.9752378	6.763105631e-10
8059	99.95266001	7.119016487e-10
8060	96.99786525	8.214477987e-10
8061	90.43452828	9.883756036e-10
8062	83.76652268	6.330989066e-10
8063	99.12067106	3.357243372e-10
8064	114.3677117	-1.568309926e-10
8065	90.59348958	-3.380105085e-10
8066	58.78868448	-3.796980508e-10
8067	53.31436136	-1.036406516e-09
8068	51.59580865	-7.582041661e-10
8069	43.54045284	-1.014218043e-09
8070	39.67401538	-8.095408788e-10
8071	35.99809138	-7.350031694e-10
8072	31.82145259	-1.063906296e-09
8073	32.02598347	-9.788223565e-10
8074	34.7039563	-1.012503859e-09
8075	34.91177741	-8.505995908e-10
8076	32.63239803	-1.123554583e-09
8077	33.48134769	-1.043076736e-09
8078	37.33142152	-4.636717676e-10
8079	42.64684077	-1.447624243e-10
8080	49.46015657	3.733795495e-10
8081	53.70442732	4.087681305e-10
8082	58.68853835	4.432170186e-10
8083	62.02747421	8.624141401e-10
8084	54.35739035	7.439240335e-10
8085	51.98513327	9.236611476e-10
8086	63.71635565	5.901661382e-10
8087	65.58217988	5.868834307e-10
8088	54.44862285	7.233467159e-10
8089	50.80919334	5.561506811e-10
8090	56.75460833	5.269864545e-10
8091	58.95401732	4.332214587e-10
8092	53.60158288	6.668710029e-10
8093	52.05283553	7.732197105e-10
8094	55.70382866	4.511555574e-10
8095	53.89835992	3.052420539e-10
8096	49.3898823	-2.552127398e-10
8097	46.51862091	-5.232667633e-10
8098	45.02151151	-6.54008403e-10
8099	48.76765876	-4.9133142e-10
8100	52.40122871	-3.066489285e-10
8101	55.50742194	-6.119798002e-10
8102	70.36487178	-4.090310313e-10
8103	95.72136441	-5.574243289e-10
8104	120.3545926	-6.207692138e-10
8105	122.9868751	-7.886828968e-10
8106	80.06788031	-5.714948514e-10
8107	27.54032727	-1.579252285e-10
8108	43.29070649	-3.868052545e-10
8109	121.3614532	-1.820534834e-10
8110	164.524753	-2.038547109e-10
8111	138.0569793	-1.140101347e-10
8112	105.1642862	1.296740493e-12
8113	95.52993113	8.582645705e-11
8114	87.03153849	9.494627307e-12
8115	78.97771418	1.643876146e-10
8116	72.72382938	1.623359225e-10
8117	63.03798862	6.87863988e-10
8118	58.60926234	6.179856626e-10
8119	56.03891522	7.505249755e-10
8120	50.93089661	5.074394238e-10
8121	52.87735523	6.958771337e-10
8122	57.94540566	7.037321836e-10
8123	55.87500746	3.178097785e-10
8124	47.0936822	3.059881237e-10
8125	44.50573743	1.990869691e-10
8126	59.55006674	3.699565099e-10
8127	74.08598101	2.472919647e-10
8128	73.67517989	-1.661870641e-10
8129	73.04758527	-4.311484503e-10
8130	72.82673872	-7.671019375e-10
8131	69.37830595	-7.592735329e-10
8132	74.91889108	-5.325624386e-10
8133	83.56936012	-7.099547616e-10
8134	83.36798959	-8.773746174e-10
8135	80.57703507	-1.131667204e-09
8136	81.90047847	-1.051157383e-09
8137	90.01668949	-9.957012992e-10
8138	102.2203995	-1.100927349e-09
8139	105.3305177	-9.416822877e-10
8140	94.60587474	-6.254659013e-10
8141	84.00475883	-3.534577075e-10
8142	83.08139776	-5.145981419e-10
8143	87.13521848	-1.146993611e-10
8144	97.10546491	1.495568114e-10
8145	109.3458488	4.834923573e-10
8146	106.6028913	6.022009558e-10
8147	97.51099172	5.80328674e-10
8148	104.2722591	4.624745031e-10
8149	113.846617	5.349782839e-10
8150	100.6486244	4.142073351e-10
8151	63.26064674	5.819629223e-10
8152	26.91709339	6.63202826e-11
8153	15.41055534	1.93839611e-10
8154	16.22599466	1.597655341e-10
8155	13.99006485	9.823430958e-11
8156	14.11647279	3.195061993e-10
8157	9.878902182	-5.332445596e-11
8158	0.5367110229	4.567883849e-10
8159	-1.222455325	5.650342416e-10
8160	-0.4839681193	8.049383382e-11
8161	0.4933376091	-2.419753287e-11
8162	3.987566169	-4.085531913e-10
8163	3.686284174	-3.194209341e-10
8164	10.40690255	-4.057056913e-10
8165	32.36748793	-2.529763066e-10
8166	55.40661008	-1.884199463e-10
8167	73.12811868	-6.703686495e-10
8168	84.22966624	-6.352447457e-10
8169	84.64158036	-6.327045554e-10
8170	82.88630202	-4.258033925e-10
8171	89.26128374	-3.534168513e-10
8172	97.47572677	-7.389644452e-10
8173	95.39341583	-5.351594723e-10
8174	88.69939329	-6.561755583e-10
8175	89.4590603	-6.148308529e-10
8176	92.7320244	-7.250005041e-10
8177	95.05666939	-3.419913241e-10
8178	98.61328981	-1.004583083e-10
8179	97.13661366	8.62030447e-11
8180	94.33976676	3.627285139e-10
8181	98.81037496	6.525944229e-10
8182	102.9869602	7.098375221e-10
8183	100.8086865	1.082293366e-09
8184	99.05973257	9.425793479e-10
8185	102.1892374	8.467431201e-10
8186	102.5319744	6.685318965e-10
8187	95.46527753	5.339941822e-10
8188	88.65021699	7.637819266e-10
8189	83.69187124	6.818776654e-10
8190	88.27857028	5.139906278e-10
8191	111.8032475	2.167510615e-11
8192	118.0805366	-1.473221545e-10
8193	81.10023292	-4.758682337e-10
8194	47.19170911	-9.086456032e-10
8195	47.26008886	-1.022568696e-09
8196	53.24201379	-1.072862688e-09
8197	47.44944092	-8.541434227e-10
8198	40.5256177	-5.505977896e-10
8199	39.53189492	-9.948966095e-10
8200	40.35937431	-7.929976675e-10
8201	42.19557794	-9.235279208e-10
8202	45.47950314	-8.238103533e-10
8203	42.63236356	-8.539746688e-10
8204	38.74514654	-7.284608472e-10
8205	43.13424754	-5.097877676e-10
8206	46.83564662	-4.192415304e-10
8207	50.98513934	2.531503895e-10
8208	60.55806105	3.567706131e-10
8209	64.31879514	8.027889464e-10
8210	64.05234649	9.243432686e-10
8211	61.46161473	9.41380307e-10
8212	49.08218958	9.137597345e-10
8213	44.97088364	7.288623038e-10
8214	58.36419255	5.753051369e-10
8215	62.26538919	7.846843175e-10
8216	50.25263133	8.421690012e-10
8217	47.31887491	9.397229661e-10
8218	56.71522437	8.078391289e-10
8219	57.09348616	8.06405609e-10
8220	48.62246864	1.049064835e-09
8221	48.24777283	8.261604734e-10
8222	51.46572065	8.042491118e-10
8223	49.88186876	2.133990762e-10
8224	48.2688139	5.739586584e-11
8225	45.19850489	-4.934985753e-10
8226	41.437781	-3.167457407e-10
8227	43.80478311	-3.176268137e-10
8228	48.86417827	-4.475619875e-10
8229	50.76830411	-5.873559417e-10
8230	53.78940647	-5.149249915e-10
8231	70.95317846	-4.610622995e-10
8232	100.9314604	-8.664766682e-10
8233	113.4183652	-8.453593381e-10
8234	86.91505645	-8.423057807e-10
8235	44.34673472	-6.945306552e-10
8236	39.37666095	-2.367688268e-10
8237	87.16063879	-1.454321108e-10
8238	120.8546851	-3.592877107e-10
8239	99.67855559	-2.615827555e-10
8240	75.96376759	-2.65428568e-10
8241	75.86724479	3.560174378e-11
8242	72.1898469	1.067199662e-10
8243	65.28680001	9.965361869e-11
8244	61.75494092	4.418314603e-10
8245	56.09274485	7.35926875e-10
8246	53.69247192	1.142643313e-09
8247	53.32329369	8.832934384e-10
8248	51.75790477	1.155262552e-09
8249	54.29702877	1.169087938e-09
8250	56.90213645	1.002934624e-09
8251	52.402053	7.483933473e-10
8252	45.59694805	4.647162655e-10
8253	49.11584957	4.997424696e-10
8254	64.65530156	6.747455927e-10
8255	77.29281028	3.599360809e-10
8256	80.3809493	2.634479301e-10
8257	79.0739118	-3.120099734e-10
8258	74.86083934	-4.145288557e-10
8259	71.97560835	-5.874998266e-10
8260	76.52335117	-5.514344537e-10
8261	84.91787501	-4.612594751e-10
8262	88.38864215	-7.347367159e-10
8263	87.35126074	-6.975628963e-10
8264	90.27680063	-7.009841596e-10
8265	97.87142361	-8.163940635e-10
8266	106.9917881	-6.768754446e-10
8267	110.8578366	-5.267803971e-10
8268	98.34749023	-4.097682194e-10
8269	84.91200587	-2.725766279e-10
8270	88.81919338	-2.471338689e-10
8271	94.55432336	-3.81152887e-11
8272	102.1845893	9.977796367e-12
8273	119.1009953	4.792841679e-10
8274	119.729444	5.027480654e-10
8275	107.7151936	6.551097442e-10
8276	113.8826143	5.612168508e-10
8277	122.9301883	3.482849564e-10
8278	104.8332457	4.193019265e-10
8279	66.61638585	2.980922176e-10
8280	35.73460088	3.949356397e-10
8281	24.6139735	3.928519732e-10
8282	21.5890102	3.608242594e-10
8283	20.04783068	4.967368739e-10
8284	19.6645587	4.31834124e-10
8285	11.59584319	6.574527589e-10
8286	1.530692815	9.692602276e-10
8287	1.095990849	7.06402048e-10
8288	3.797980558	8.216254344e-10
8289	3.899187389	5.988098906e-12
8290	2.249331403	-1.222133506e-11
8291	0.07929350207	-1.744968614e-10
8292	5.427611679	-1.163371621e-10
8293	25.8943648	1.325730636e-10
8294	56.21207213	-3.451585684e-10
8295	80.81399236	-4.38838299e-10
8296	91.97012968	-8.675726804e-10
8297	93.59614517	-7.801723712e-10
8298	90.64832602	-8.402576412e-10
8299	93.26577767	-8.069189761e-10
8300	100.9965958	-9.414939939e-10
8301	97.49238832	-8.215472747e-10
8302	88.68099146	-7.34742045e-10
8303	88.73884614	-6.825029431e-10
8304	90.93322313	-8.017657649e-10
8305	93.54274351	-4.241247353e-10
8306	96.69401405	-1.908837532e-10
8307	93.24032016	1.395914495e-10
8308	89.91037483	6.070752789e-10
8309	93.34405392	4.458815539e-10
8310	96.84442139	8.899387893e-10
8311	95.94360552	9.740279694e-10
8312	94.52843287	9.796004008e-10
8313	98.24969412	6.515232798e-10
8314	101.0059037	6.448583889e-10
8315	94.9014818	5.482831966e-10
8316	86.86237881	6.700187072e-10
8317	87.72040115	6.310205691e-10
8318	107.8742689	3.845972429e-10
8319	135.6459249	1.692441742e-10
8320	127.7291142	-2.595967885e-11
8321	79.54016164	-4.010889398e-10
8322	42.02003965	-5.0319926e-10
8323	40.49276097	-8.346070501e-10
8324	50.19658055	-7.031619731e-10
8325	46.08524995	-1.437800989e-10
8326	36.84738771	-3.848459329e-10
8327	38.51598191	-2.855937709e-10
8328	43.7082788	-7.328733176e-10
8329	47.58247407	-5.952021098e-10
8330	50.83362438	-5.60580915e-10
8331	45.00487681	-7.788489853e-10
8332	38.77883139	-6.005187458e-10
8333	40.68714303	-5.71134251e-10
8334	39.5125075	-2.246096642e-10
8335	40.10126711	7.85806975e-11
8336	48.05292885	2.604743088e-10
8337	50.87919908	5.894218447e-10
8338	48.97201703	6.287024235e-10
8339	45.06436986	9.220819663e-10
8340	36.54521571	7.51319007e-10
8341	38.07095639	7.512532818e-10
8342	54.36096934	7.484572961e-10
8343	60.8733018	4.638067708e-10
8344	51.56747481	9.694343106e-10
8345	51.68580517	8.592131451e-10
8346	61.42757703	9.487060026e-10
8347	57.13490307	1.074186073e-09
8348	46.50656273	9.924576716e-10
8349	46.05580968	9.645102494e-10
8350	47.19134827	6.965983346e-10
8351	46.48785782	3.416360528e-10
8352	46.64579574	2.309441527e-10
8353	43.0802067	-1.580566789e-10
8354	37.99440398	-2.324700432e-10
8355	37.65485319	-3.585594044e-10
8356	43.8762432	-4.917328766e-10
8357	46.97167396	-6.679812259e-10
8358	41.90196694	-6.045706158e-10
8359	52.08043212	-3.967173257e-10
8360	81.97250707	-9.753069463e-10
8361	99.47850958	-1.218598555e-09
8362	91.2030139	-1.056534416e-09
8363	64.88245462	-6.006199982e-10
8364	46.50253426	-2.815863098e-10
8365	64.43538187	-2.247855235e-10
8366	84.98264932	-2.045705827e-10
8367	71.57438763	-2.875317762e-10
8368	59.5050579	1.539213201e-11
8369	67.24751634	3.21804805e-11
8370	67.83184638	1.951914186e-10
8371	60.75065979	3.678461979e-10
8372	58.29891697	5.338378628e-10
8373	56.80411226	8.787157668e-10
8374	56.07002037	1.366364799e-09
8375	58.23400001	1.085487256e-09
8376	60.87998695	1.2980923e-09
8377	63.5739944	1.205965106e-09
8378	63.83553106	1.221645007e-09
8379	57.82012159	5.30503641e-10
8380	53.68213462	6.058318291e-10
8381	59.90794893	5.651372703e-10
8382	69.57604555	5.678142401e-10
8383	78.47998761	8.192202472e-10
8384	84.56633267	3.272067062e-10
8385	79.99596406	1.658904125e-10
8386	72.49305496	5.297984274e-11
8387	72.30043385	-2.203250915e-10
8388	75.84523299	-2.452686942e-10
8389	82.74277653	-2.739390936e-10
8390	88.61699485	-2.264570753e-10
8391	91.08146565	-1.658495563e-10
8392	97.99396032	-3.173425966e-10
8393	105.0066505	-2.967635027e-10
8394	111.3714452	-6.425668886e-10
8395	117.4628907	-4.278746246e-10
8396	107.6957555	-2.43007392e-10
8397	95.73373978	-1.346993628e-10
8398	100.4065372	-1.348556822e-10
8399	102.2276849	-3.233839863e-10
8400	105.3856439	8.970602039e-11
8401	122.1592051	2.253415232e-10
8402	122.5644487	4.578257773e-10
8403	107.2636497	4.896030248e-10
8404	110.616453	4.232276751e-10
8405	118.995472	2.482032357e-10
8406	101.5742678	2.069437954e-10
8407	69.78229226	3.17593063e-10
8408	47.62929526	4.612772386e-10
8409	35.96445508	3.307096819e-10
8410	29.00113092	7.487539477e-10
8411	26.91945018	5.908749046e-10
8412	23.16404226	8.630163251e-10
8413	12.82014085	1.089603074e-09
8414	4.142293172	8.796412487e-10
8415	4.365169711	1.168674046e-09
8416	9.265733506	4.862883429e-10
8417	7.989510042	3.545022054e-10
8418	0.999753336	1.797761939e-10
8419	-0.09866655206	-2.779003694e-10
8420	7.275586733	-2.163123014e-10
8421	27.27800272	-3.554454509e-10
8422	60.62971027	-4.117346464e-10
8423	86.03401505	-7.011351499e-10
8424	95.00655058	-8.339515745e-10
8425	96.27413987	-8.269136487e-10
8426	91.25410923	-1.110144865e-09
8427	90.24895378	-9.337419726e-10
8428	94.97991086	-7.898304233e-10
8429	90.34645079	-6.838725142e-10
8430	83.59524109	-2.500453178e-10
8431	84.6896257	-6.102638395e-10
8432	87.38267129	-4.176712309e-10
8433	92.64386705	-2.050413173e-10
8434	97.05015772	1.726476739e-10
8435	94.35719411	2.749107608e-10
8436	92.38097571	3.644231583e-10
8437	95.04275193	5.425011551e-10
8438	97.25408669	7.885532227e-10
8439	96.0672291	9.189129457e-10
8440	94.45018089	1.015676432e-09
8441	97.16935836	7.065192875e-10
8442	98.38116836	8.085336844e-10
8443	89.81919166	7.9069018e-10
8444	78.50373151	7.391882662e-10
8445	85.47896599	6.554561338e-10
8446	118.9547448	5.012807947e-10
8447	143.4661159	4.853646374e-10
8448	120.9291112	2.63288058e-10
8449	69.85848645	3.376676716e-10
8450	33.699346	-4.158984268e-10
8451	30.68747845	-3.661426717e-10
8452	43.21271433	-2.0955504e-10
8453	42.18692814	-8.566658494e-11
8454	33.94061266	-3.141842342e-11
8455	37.92283429	-4.073612558e-10
8456	45.60594467	-6.340297176e-10
8457	50.5200608	-6.434390798e-10
8458	53.28844886	-8.986464906e-10
8459	49.09116426	-9.782041843e-10
8460	45.61033824	-1.150358031e-09
8461	45.95158476	-8.866258838e-10
8462	42.73338708	-2.810054411e-10
8463	42.45453512	-2.89587021e-10
8464	49.21903819	1.322817411e-10
8465	53.90391764	-7.942801972e-11
8466	52.60389809	3.746780664e-10
8467	47.87050598	3.62689434e-10
8468	44.29723787	7.470681851e-10
8469	48.94251196	6.922675766e-10
8470	59.94160366	4.583160518e-10
8471	60.86547181	6.531717389e-10
8472	51.13928357	8.535288032e-10
8473	52.43364484	1.150830542e-09
8474	59.27558408	1.170782582e-09
8475	52.13293683	1.111684966e-09
8476	44.17788832	1.149844664e-09
8477	46.00906977	8.331504375e-10
8478	49.00612687	6.263469743e-10
8479	52.53759832	5.481197718e-10
8480	54.27346063	6.671996289e-12
8481	50.90856999	-6.880540582e-11
8482	44.66549391	-5.191882479e-10
8483	39.70914844	-3.827960171e-10
8484	44.4267306	-4.778843987e-10
8485	47.07310172	-6.296776434e-10
8486	37.01848501	-4.68890704e-10
8487	41.67147185	-6.101572581e-10
8488	66.38469793	-7.738432117e-10
8489	84.2778833	-1.106998937e-09
8490	90.87367484	-9.606111462e-10
8491	81.94370387	-5.847962115e-10
8492	60.24995883	-3.899263135e-10
8493	55.957822	-1.289315321e-10
8494	64.47862124	-2.486171269e-10
8495	59.32636917	-1.398632321e-10
8496	56.019068	9.656275779e-11
8497	67.39965307	-3.073026278e-10
8498	71.88605915	1.546318629e-11
8499	65.75671778	-1.29851685e-11
8500	65.13251482	4.764277861e-10
8501	67.35303901	7.653824241e-10
8502	67.04077941	8.058691492e-10
8503	70.73362622	1.044178077e-09
8504	75.64247762	9.588010386e-10
8505	76.22963394	1.216214685e-09
8506	72.16798338	1.188142917e-09
8507	62.79080244	7.823466319e-10
8508	57.85020599	6.348965798e-10
8509	59.27439874	6.585452184e-10
8510	58.02304404	7.410356773e-10
8511	63.70967755	6.88441304e-10
8512	72.20528702	5.353708588e-10
8513	64.20282627	6.563389832e-10
8514	55.5658138	1.788986737e-10
8515	59.81907302	1.850555265e-10
8516	65.29326283	-1.18063781e-10
8517	71.13521703	1.433342334e-11
8518	75.51959289	2.227409368e-10
8519	78.06706675	-4.979483492e-11
8520	84.6184023	-1.087805401e-10
8521	86.96280759	-4.061391223e-10
8522	88.8228316	-5.323741448e-10
8523	96.00742648	-5.958806781e-10
8524	93.14923351	-3.41801254e-10
8525	88.69284205	-3.745750377e-10
8526	95.01979043	-4.562465961e-10
8527	95.99579832	-4.736122605e-10
8528	99.83116252	-2.505160523e-10
8529	117.8514728	-5.380940138e-11
8530	120.8884608	1.614370859e-10
8531	106.1791076	4.397726627e-11
8532	106.8667178	1.982982667e-10
8533	114.4026187	3.119442482e-10
8534	100.2231149	1.886402146e-10
8535	77.45183912	2.753335338e-10
8536	62.9453442	2.683950839e-10
8537	48.58863059	5.601172859e-10
8538	36.91058302	4.983213842e-10
8539	32.07943279	7.904947807e-10
8540	24.99204389	9.273630752e-10
8541	16.61147841	6.794564911e-10
8542	11.7631405	8.643166183e-10
8543	13.60261592	7.157794357e-10
8544	21.48387578	5.603819631e-10
8545	18.82364551	2.991509263e-10
8546	7.276631055	-3.985789476e-10
8547	6.502596939	-2.051159242e-10
8548	14.16849968	-4.200018111e-10
8549	31.4144154	-3.393161307e-10
8550	61.38194614	-1.607300959e-10
8551	83.08244494	-3.451727792e-10
8552	90.32004531	-2.698570256e-10
8553	92.30153595	-5.564153582e-10
8554	90.13675948	-5.688072235e-10
8555	91.37256322	-7.213358799e-10
8556	94.52461731	-5.287450477e-10
8557	91.30722361	-1.899582713e-10
8558	90.1348349	-1.695497076e-10
8559	93.54920014	-1.25018218e-10
8560	97.1314802	-2.633395724e-10
8561	102.791483	-1.728484023e-10
8562	104.5709331	1.744311362e-10
8563	99.33865535	2.799502852e-10
8564	95.72112167	2.995790283e-10
8565	95.86026326	2.782289954e-10
8566	94.41530585	5.547349247e-10
8567	90.90042655	7.861711282e-10
8568	90.72545881	6.341789316e-10
8569	94.84539099	6.772022942e-10
8570	96.45981453	6.12645934e-10
8571	88.72028164	9.17122378e-10
8572	79.72553805	9.506564425e-10
8573	98.41006307	6.381473128e-10
8574	142.6511145	5.273950165e-10
8575	157.0773901	5.072120501e-10
8576	120.4810843	3.501998691e-10
8577	70.55125821	2.54596344e-10
8578	37.41263024	2.525766263e-10
8579	31.56208857	-7.488409892e-11
8580	41.69857078	-2.586872938e-10
8581	40.95379407	-1.347686407e-10
8582	33.79240385	-3.341167343e-10
8583	37.76532663	-6.586216017e-10
8584	46.12354845	-7.521379075e-10
8585	50.71955334	-1.34031275e-09
8586	52.36251468	-1.378328562e-09
8587	53.66223625	-1.778456493e-09
8588	56.36295499	-1.402481686e-09
8589	56.19282362	-1.012125495e-09
8590	51.71528423	-7.084839382e-10
8591	48.01051633	-3.639222257e-10
8592	49.71639733	-2.01570316e-10
8593	53.78531702	8.080824898e-11
8594	50.19435146	3.367581769e-10
8595	42.53769998	5.148965698e-10
8596	43.21411258	9.180070037e-10
8597	50.36645367	7.244089772e-10
8598	55.0381119	8.327081247e-10
8599	50.90112858	8.250289341e-10
8600	44.7071541	1.045846076e-09
8601	49.8635087	1.319753196e-09
8602	55.60515076	9.627676434e-10
8603	50.59515562	1.143115824e-09
8604	46.78396103	8.652421002e-10
8605	48.15120985	8.142446717e-10
8606	51.65414373	5.249454205e-10
8607	56.40718405	1.284412576e-10
8608	56.69335311	1.75370829e-10
8609	53.68661559	-2.116333775e-10
8610	47.37101266	-2.212345862e-10
8611	40.47205172	-3.472955257e-10
8612	45.34182762	-6.42927489e-10
8613	49.03730875	-5.009006543e-10
8614	39.57849603	-5.564828598e-10
8615	40.67337674	-4.605897885e-10
8616	56.68161465	-5.244622514e-10
8617	70.64613794	-1.055333598e-09
8618	83.87599459	-7.53360041e-10
8619	87.68466345	-6.297309341e-10
8620	70.12432523	-3.827302919e-10
8621	53.4852878	-5.742730735e-10
8622	54.44932886	-3.312212726e-10
8623	56.33620367	-1.53358215e-10
8624	55.90865476	-5.146301163e-10
8625	65.37508109	-3.833253714e-10
8626	72.00166832	-5.229505717e-10
8627	67.58344279	-9.428191561e-11
8628	67.42591363	3.293720852e-10
8629	68.00862701	5.403890668e-10
8630	62.5845637	7.224230103e-10
8631	62.8553369	6.571703182e-10
8632	65.82801323	8.240981231e-10
8633	62.59658692	1.222646873e-09
8634	54.48329286	1.02910036e-09
8635	44.85715139	1.012818274e-09
8636	42.08011971	6.567155708e-10
8637	40.41165671	8.509086769e-10
8638	35.10940111	1.208803724e-09
8639	44.70973703	8.536353846e-10
8640	57.65629917	9.429683701e-10
8641	49.06618389	5.314717555e-10
8642	39.96208639	4.562750178e-10
8643	46.4784796	2.657252196e-11
8644	55.22769325	1.975486441e-11
8645	60.13685709	5.75539616e-12
8646	60.35317967	1.32072131e-11
8647	61.01266372	-1.050537435e-10
8648	65.0600827	-3.423767936e-10
8649	63.75130854	-6.495959326e-10
8650	63.93427184	-8.494165371e-10
8651	73.31615964	-1.144623951e-09
8652	80.25257798	-7.90008059e-10
8653	84.51857879	-6.01993122e-10
8654	90.50751039	-7.279759018e-10
8655	91.31525065	-5.55115065e-10
8656	95.49694275	-4.788134333e-10
8657	110.7758909	-8.471445767e-11
8658	114.0954384	-1.060840304e-10
8659	99.7657604	8.33466629e-11
8660	97.65857563	1.950386519e-10
8661	104.9745795	1.816040651e-10
8662	96.52705856	1.901465652e-10
8663	85.08272373	1.596269783e-10
8664	79.91137386	1.211635237e-10
8665	67.74188964	2.344240357e-10
8666	55.58958788	5.307629891e-10
8667	48.04649983	9.117648858e-10
8668	38.36692674	8.340670377e-10
8669	31.04320028	8.047038591e-10
8670	25.29656827	6.595151092e-10
8671	24.25803797	8.5958618e-10
8672	30.40274221	8.499050352e-10
8673	25.01423454	2.45172771e-10
8674	12.03073103	2.005453581e-10
8675	12.54496509	-1.454605325e-10
8676	21.85062235	1.785291914e-10
8677	38.9369911	1.100985969e-11
8678	66.33919196	-8.32933722e-12
8679	88.06410205	-2.088640372e-11
8680	97.49316919	-6.027178756e-12
8681	100.6579906	-2.066116167e-10
8682	102.8637924	-2.677005284e-10
8683	105.9139887	-4.131717191e-10
8684	103.0629163	-4.859561642e-10
8685	96.09801685	-2.816342715e-10
8686	94.08085945	-8.606804158e-11
8687	94.53047258	-3.616911215e-10
8688	96.29578145	-4.757367833e-10
8689	100.6793565	-3.706865925e-10
8690	100.5997841	-3.608704446e-10
8691	95.35862606	-1.382751691e-10
8692	94.64701935	-2.241122843e-10
8693	98.92070092	1.054800691e-11
8694	98.29475414	2.318181203e-10
8695	94.9936897	5.375682122e-10
8696	98.17674261	3.523226155e-10
8697	103.3843482	4.594085112e-10
8698	103.2571627	8.673133323e-10
8699	93.97827253	9.160743275e-10
8700	87.55773982	1.092070434e-09
8701	116.2382885	9.388845257e-10
8702	161.8761113	7.853326878e-10
8703	159.9804391	4.772129358e-10
8704	111.2425486	5.497717837e-10
8705	64.88844078	3.756852607e-10
8706	39.11448229	3.923741332e-10
8707	35.05992741	-1.820996687e-10
8708	43.30603149	-1.342925771e-11
8709	44.08931028	-4.278337684e-10
8710	38.93602947	-2.616697969e-10
8711	40.76880722	-5.645723888e-10
8712	47.27130497	-1.012876893e-09
8713	47.52967912	-9.876579554e-10
8714	43.5723273	-1.616060175e-09
8715	46.90286759	-1.528420057e-09
8716	53.1321285	-1.30164679e-09
8717	53.65470065	-1.014170081e-09
8718	50.63348495	-3.497806489e-10
8719	44.94512633	-1.099387248e-10
8720	44.04936428	5.8113514e-11
8721	49.89706722	3.91203514e-10
8722	46.71685146	2.185309711e-10
8723	39.50334354	7.521041567e-10
8724	45.55679818	5.721254581e-10
8725	55.42230329	8.42984349e-10
8726	54.30049699	5.525322422e-10
8727	45.92273489	8.323333134e-10
8728	43.16874642	1.185744836e-09
8729	48.68659734	8.764846626e-10
8730	51.90075515	9.776073284e-10
8731	50.83075586	7.284004511e-10
8732	49.32936489	9.957830116e-10
8733	48.20110462	7.474820762e-10
8734	52.18422628	3.780868951e-10
8735	57.48926473	1.447144626e-10
8736	58.92460748	1.004369921e-10
8737	60.82391807	8.626699355e-11
8738	58.82440964	1.786393256e-10
8739	55.5906887	-2.787317044e-10
8740	62.9335417	-2.51475285e-10
8741	68.52401345	-5.994209573e-10
8742	61.82931697	-3.003570725e-10
8743	57.56039039	-1.277751238e-10
8744	61.58586879	-5.324842789e-10
8745	68.35944936	-5.938574077e-10
8746	80.77511941	-7.600782226e-10
8747	92.28373782	-4.501217177e-10
8748	82.98955096	-6.48293863e-10
8749	62.58791104	-4.447606727e-10
8750	60.23145097	-4.412950005e-10
8751	65.23497853	-5.04558173e-10
8752	60.13617648	-5.768754363e-10
8753	60.2343256	-8.173852706e-10
8754	63.811429	-6.086580129e-10
8755	60.13540413	-8.524914108e-11
8756	59.17632837	1.253273041e-10
8757	55.8357223	6.476632564e-10
8758	45.59109083	6.40582698e-10
8759	43.90169782	7.600480245e-10
8760	48.44602874	9.935750001e-10
8761	46.86166695	9.854037586e-10
8762	40.13800839	1.141909678e-09
8763	36.58678253	6.740119574e-10
8764	39.90482393	8.850591371e-10
8765	38.79660076	1.011779105e-09
8766	36.10772575	9.251337474e-10
8767	49.86563357	8.44398329e-10
8768	62.90560764	4.567350942e-10
8769	53.45029589	3.814903948e-10
8770	41.5335073	8.762057746e-11
8771	46.37102843	-6.48014975e-11
8772	58.56295939	-1.293258833e-10
8773	63.25183375	-2.296012269e-10
8774	60.11948212	-2.495355034e-10
8775	59.77855632	-2.494680018e-10
8776	61.51805553	-4.06167544e-10
8777	58.13312092	-5.107594347e-10
8778	56.26956185	-1.102442582e-09
8779	64.22544102	-9.040235227e-10
8780	75.87144751	-1.068041655e-09
8781	81.46112524	-6.120863816e-10
8782	81.86670425	-5.458034025e-10
8783	82.0457393	-3.894875533e-10
8784	86.98743033	-8.201261892e-11
8785	100.3343293	7.64242003e-11
8786	106.5615506	1.757527457e-11
8787	97.73217069	1.558042584e-10
8788	98.8973539	2.085602802e-10
8789	109.8663581	2.057163329e-10
8790	107.5139664	3.778826141e-10
8791	102.6500598	3.007034621e-10
8792	101.8769824	2.991740189e-10
8793	92.35544785	4.700897449e-10
8794	79.14128458	9.034586412e-10
8795	66.25632387	8.532037299e-10
8796	52.76410754	1.090809221e-09
8797	42.44878798	8.814797781e-10
8798	32.38479257	1.101319924e-09
8799	28.53496829	1.087167689e-09
8800	32.75563711	7.451390616e-10
8801	28.96774818	5.290718974e-10
8802	21.57119307	3.012914362e-10
8803	25.38050168	5.852101026e-10
8804	35.97648348	4.691091959e-10
8805	50.39600259	2.360227569e-10
8806	70.57689534	1.370565883e-10
8807	88.74340991	1.39902312e-10
8808	94.6729597	-1.069047073e-10
8809	92.18304982	8.836487098e-11
8810	94.57410185	-4.21604085e-10
8811	97.77447149	-6.990514834e-10
8812	91.64689263	-7.420126735e-10
8813	85.49560806	-4.889333383e-10
8814	85.9581673	-7.269669311e-10
8815	88.05448972	-6.059934776e-10
8816	92.80811832	-7.407230385e-10
8817	100.1131382	-7.707985361e-10
8818	101.6763526	-5.746070286e-10
8819	96.41293124	-6.33026076e-10
8820	96.52397539	-3.226006129e-10
8821	102.0633245	3.06332737e-11
8822	98.25739388	4.651656837e-10
8823	91.26177043	6.218527915e-10
8824	93.44599016	7.05774994e-10
8825	96.28852282	7.436700145e-10
8826	92.98499478	1.108841019e-09
8827	83.77627373	1.280678674e-09
8828	86.09147736	1.455131127e-09
8829	126.6994181	1.119495607e-09
8830	170.3140701	1.16033938e-09
8831	155.9860634	8.649898575e-10
8832	101.6524376	8.598917134e-10
8833	59.85146478	9.065495021e-10
8834	43.0832351	4.393001518e-10
8835	42.48993859	4.157030276e-10
8836	48.15003622	1.258264604e-10
8837	50.38884327	1.232383084e-10
8838	46.70186819	-7.630873711e-11
8839	45.82952948	-4.083791083e-10
8840	50.77974457	-5.406022296e-10
8841	47.62702378	-8.107328142e-10
8842	39.09009453	-9.621672348e-10
8843	41.70392695	-1.12055254e-09
8844	48.59901469	-1.245078707e-09
8845	51.89405599	-5.453557606e-10
8846	52.67132284	-3.004547722e-10
8847	46.83797378	1.729922872e-10
8848	44.62714501	5.428208993e-10
8849	50.52042073	1.092708146e-10
8850	47.57045008	3.190390174e-10
8851	42.12173884	1.926210302e-10
8852	52.20570512	4.498570405e-10
8853	63.64743917	4.576232726e-10
8854	58.625675	4.411955246e-10
8855	49.83082525	6.253486617e-10
8856	51.83024294	6.603215752e-10
8857	56.63906942	7.17184534e-10
8858	60.17174191	6.234071037e-10
8859	66.48151974	7.360156928e-10
8860	67.97826198	1.062273824e-09
8861	66.46223328	6.613234405e-10
8862	71.18059306	5.433378192e-10
8863	74.96525907	3.732640863e-10
8864	77.21509799	4.405844578e-10
8865	82.44692818	6.784315332e-10
8866	83.0796309	3.75731446e-10
8867	82.83431879	1.996909305e-10
8868	89.80297935	-7.465317253e-11
8869	95.35672134	-6.287770304e-11
8870	90.79945474	-1.846629516e-10
8871	80.26470857	-2.963851387e-10
8872	73.70745531	-3.622098177e-10
8873	74.27129011	-5.519282809e-10
8874	83.60226858	-5.820268711e-10
8875	99.40493629	-4.922053876e-10
8876	97.46059963	-6.175877587e-10
8877	76.56460315	-5.423927973e-10
8878	71.34875819	-4.919513685e-10
8879	74.81207907	-4.498375006e-10
8880	62.10166408	-6.375753259e-10
8881	50.68066989	-7.603659924e-10
8882	49.37905065	-3.687361527e-10
8883	48.13081848	-2.253397469e-10
8884	49.2962182	4.844640245e-10
8885	46.7552556	3.186126918e-10
8886	37.59513415	7.725518003e-10
8887	37.43322268	8.319318567e-10
8888	46.26175701	7.377476408e-10
8889	47.79487164	8.391367601e-10
8890	42.02188369	6.010161258e-10
8891	42.57416072	5.435438766e-10
8892	47.38301513	7.845883943e-10
8893	45.57368424	7.602185548e-10
8894	46.2760751	7.525873258e-10
8895	58.19018285	4.769553641e-10
8896	66.2984591	2.833679957e-10
8897	58.07958847	3.538467297e-10
8898	45.28907823	2.289333167e-10
8899	48.81062234	2.298925494e-10
8900	64.13224466	-2.88451929e-10
8901	67.52717829	-3.843148022e-11
8902	60.66796564	-1.173035002e-10
8903	58.91118032	1.921538484e-10
8904	59.48546753	1.428190899e-12
8905	56.35475077	-3.15004911e-10
8906	53.3130467	-6.020268728e-10
8907	60.7185467	-7.429576954e-10
8908	76.79152233	-5.519531499e-10
8909	83.22501359	-5.251212798e-10
8910	81.28288289	-3.874127685e-10
8911	84.3448881	-1.424407259e-10
8912	91.94569372	3.854516706e-11
8913	104.3053823	2.473292682e-10
8914	111.9207375	1.8792079e-10
8915	106.7250672	-1.240962888e-10
8916	108.915048	9.800871226e-11
8917	118.930393	1.069917488e-10
8918	115.2049757	2.233733198e-10
8919	106.3969761	2.936211274e-10
8920	104.3259874	4.232489914e-10
8921	100.4254288	5.917346613e-10
8922	91.41505458	8.366463078e-10
8923	81.00361748	1.160776364e-09
8924	71.30038506	9.455405348e-10
8925	60.02130892	1.133077632e-09
8926	47.52738924	1.11500853e-09
8927	41.53681084	8.270291119e-10
8928	39.70078876	6.699494293e-10
8929	33.95819335	3.84801524e-10
8930	28.2627604	3.571916096e-10
8931	29.70412375	7.617302344e-10
8932	37.74362366	2.743760774e-10
8933	47.9346371	2.346816075e-10
8934	62.82157695	-1.434123931e-10
8935	81.33674456	-1.072288924e-10
8936	87.53055368	-1.60003566e-10
8937	84.71258474	-3.900346712e-10
8938	91.51021019	-5.108162782e-10
8939	98.62713334	-9.677254553e-10
8940	95.36989763	-7.244249645e-10
8941	92.81883039	-6.496270188e-10
8942	93.54190628	-7.067502139e-10
8943	92.69477236	-5.431894934e-10
8944	93.42031204	-5.699130057e-10
8945	97.41526879	-6.464278002e-10
8946	96.38494115	-5.776525924e-10
8947	87.60510856	-4.998783609e-10
8948	86.35643206	-1.004671901e-10
8949	92.82677994	2.389217713e-10
8950	89.93766106	8.802709672e-10
8951	85.9362868	9.807843426e-10
8952	91.86532189	1.029791363e-09
8953	96.1514084	1.180041842e-09
8954	91.88556142	1.23503785e-09
8955	84.61943864	1.608627009e-09
8956	96.81086112	1.570342967e-09
8957	141.4829151	1.486358592e-09
8958	173.6533866	1.268723793e-09
8959	147.6875769	1.261729388e-09
8960	89.23468149	1.15873533e-09
8961	49.02334173	9.24818444e-10
8962	39.81586248	8.50456594e-10
8963	43.00552252	8.713199051e-10
8964	47.86017155	4.626947714e-10
8965	53.8031633	5.252651647e-10
8966	53.60410457	-5.032063655e-11
8967	52.33458454	-1.095292745e-10
8968	56.49694875	-4.147473476e-10
8969	52.06577244	-4.839968426e-10
8970	41.2165306	-5.832925254e-10
8971	39.26319057	-9.929879141e-10
8972	42.65167399	-9.815686042e-10
8973	48.45037385	-8.263700835e-10
8974	54.01635022	-1.416893269e-10
8975	52.32205912	3.330580256e-11
8976	52.9522428	-6.853806411e-11
8977	59.91752588	-4.156053279e-11
8978	60.36402182	-2.532241083e-10
8979	60.80331311	-2.015152489e-10
8980	75.77483738	1.509103953e-11
8981	88.35770911	-1.273905426e-10
8982	81.01488903	2.212496852e-10
8983	73.27968873	4.239826268e-10
8984	76.39468821	6.043130441e-10
8985	76.08218732	7.750085018e-10
8986	78.39856822	7.668283786e-10
8987	88.07507675	9.898855069e-10
8988	89.23735823	1.032597119e-09
8989	87.43661524	1.173813935e-09
8990	90.54794595	7.657581236e-10
8991	89.55635308	8.08765499e-10
8992	89.31334953	8.43148662e-10
8993	92.70759482	7.411751213e-10
8994	92.75012601	5.779545731e-10
8995	93.16453055	3.279980731e-10
8996	97.08456905	9.824230318e-11
8997	101.6969701	-2.466027382e-11
8998	99.31471478	-1.503730473e-10
8999	85.95042508	-3.86668475e-10
9000	74.69271118	-5.148921289e-10
9001	72.29823651	-5.514371182e-10
9002	79.33651571	-3.552056427e-10
9003	96.18409552	-5.338627318e-10
9004	97.26066336	-3.882822952e-10
9005	76.20323617	-6.254872176e-10
9006	67.55271792	-3.665787673e-10
9007	68.50654259	-2.618039119e-10
9008	53.24062027	-3.617444122e-10
9009	36.00172131	-4.282076915e-10
9010	32.0511569	-4.692628508e-10
9011	33.71252794	-1.095088464e-10
9012	37.63410419	2.170885693e-11
9013	38.99787846	5.217071219e-10
9014	33.0292968	5.85779425e-10
9015	32.66453532	6.749738546e-10
9016	42.58159651	6.995994895e-10
9017	44.2222772	4.252100894e-10
9018	37.88344732	4.430207312e-10
9019	40.01613214	4.661222519e-10
9020	43.41740224	3.475300048e-10
9021	43.00566683	7.813953928e-10
9022	48.04230719	6.332196989e-10
9023	54.15342594	6.61480648e-10
9024	56.9798276	5.000213577e-10
9025	54.18172561	4.286304645e-10
9026	45.13252105	4.611653281e-10
9027	49.58679493	2.951114908e-10
9028	65.93272805	3.669757831e-10
9029	65.6820755	4.772049422e-10
9030	53.84822874	4.339755222e-10
9031	50.4610533	4.287521449e-10
9032	53.68740843	1.976214747e-10
9033	55.10499762	-1.789892679e-10
9034	53.92199007	-5.192575259e-10
9035	63.49221313	-6.983942313e-10
9036	83.31209232	-6.551239551e-10
9037	90.13404921	-8.493303838e-10
9038	86.49178215	-8.033724797e-10
9039	88.30463891	-4.733520242e-10
9040	92.70025753	-1.293614105e-10
9041	99.31689709	1.777955561e-11
9042	103.8648242	-1.997326748e-10
9043	100.7351463	-2.756825879e-10
9044	104.893238	-4.205533699e-10
9045	116.5162294	-1.761639723e-10
9046	114.1977752	-8.181011424e-12
9047	102.9706073	2.448352632e-11
9048	103.3794329	2.012274791e-10
9049	109.5287445	5.190985419e-10
9050	107.7657515	6.216254178e-10
9051	104.3257397	8.540341767e-10
9052	99.85372946	8.134879437e-10
9053	85.21734003	9.516334387e-10
9054	69.35296304	7.523599521e-10
9055	59.32981814	7.454215023e-10
9056	48.75521935	2.149231904e-10
9057	40.1837647	2.393649723e-10
9058	36.19199813	5.111973067e-10
9059	38.17538247	3.86464194e-10
9060	49.3218975	4.849045609e-10
9061	62.64061387	-6.788969387e-11
9062	79.5540146	-2.03068673e-10
9063	99.57185582	-2.846931579e-10
9064	103.3579156	-3.298685769e-10
9065	96.78592837	-4.301572432e-10
9066	99.3247585	-6.442100187e-10
9067	100.632444	-7.895675225e-10
9068	93.70940042	-7.383453848e-10
9069	88.77774281	-6.631237781e-10
9070	86.59153292	-4.32082814e-10
9071	83.21820295	-5.77441206e-10
9072	82.35926776	-4.610765103e-10
9073	88.22650606	-2.868132398e-10
9074	91.64936902	-4.460716241e-10
9075	87.08177164	-3.689395456e-10
9076	89.08316969	-3.474829313e-10
9077	96.95807581	2.196047788e-10
9078	95.92450962	6.5098682e-10
9079	93.91957584	1.185566312e-09
9080	98.61312161	1.008620742e-09
9081	98.71916108	1.027824048e-09
9082	87.98812598	9.776064402e-10
9083	80.1768825	1.119064841e-09
9084	99.68880918	1.231026836e-09
9085	141.179007	1.133588334e-09
9086	161.215592	1.014150541e-09
9087	132.882368	1.12400933e-09
9088	77.81178771	1.048860554e-09
9089	41.78995239	1.005961536e-09
9090	39.61142409	1.21786492e-09
9091	44.85574463	7.707834371e-10
9092	47.17317583	7.671667746e-10
9093	53.09060207	3.436495533e-10
9094	54.28412648	2.310969194e-10
9095	52.99523703	-1.439115493e-11
9096	56.72533322	-3.347748745e-10
9097	56.67529541	-4.555120725e-10
9098	52.55193786	-7.985425654e-10
9099	52.09637568	-1.068270805e-09
9100	57.13085846	-1.345272338e-09
9101	68.42141221	-1.036695174e-09
9102	79.36414571	-6.299565314e-10
9103	83.1825378	-5.005462711e-10
9104	84.83246302	-5.357660982e-10
9105	86.58718935	-5.82922155e-10
9106	83.70237794	-6.215659099e-10
9107	83.24888443	-4.061755376e-10
9108	95.4170461	-5.068683251e-10
9109	102.944363	-2.424247469e-10
9110	92.23704024	-4.694733491e-11
9111	85.3502837	4.172431289e-10
9112	86.45032753	6.353140236e-10
9113	81.46146252	6.318403578e-10
9114	84.06542074	7.569713745e-10
9115	94.21629996	8.983773725e-10
9116	94.49229398	1.101819969e-09
9117	93.92435305	1.296089458e-09
9118	95.53200494	1.046437603e-09
9119	90.82474811	8.680256514e-10
9120	86.83582827	7.233582622e-10
9121	85.90359085	6.836087252e-10
9122	85.8677995	3.28285843e-10
9123	87.79848166	8.696243725e-11
9124	90.1436729	1.505959801e-10
9125	95.02612166	-2.898126183e-12
9126	95.69168489	-1.424718121e-10
9127	85.03595132	-4.63598937e-10
9128	74.56636242	-4.446265578e-10
9129	70.23207823	-4.309068657e-10
9130	73.6903608	-4.654587826e-10
9131	85.60099642	-3.513953573e-10
9132	83.81626638	-3.79992926e-10
9133	62.52307883	-3.201288123e-10
9134	50.78608641	-1.074482725e-10
9135	51.29341828	-1.852260567e-10
9136	41.73094456	-9.688783109e-11
9137	27.9312312	-2.855236048e-10
9138	25.35052579	-2.699493962e-10
9139	28.05049614	1.272466577e-10
9140	32.09709176	2.055333681e-11
9141	36.74944049	3.885221034e-10
9142	32.65450325	1.058859667e-10
9143	29.47312148	4.453202251e-10
9144	37.58340655	2.668292254e-10
9145	39.69186902	4.658184949e-10
9146	37.34127553	2.772981844e-10
9147	44.33134302	-1.816058415e-11
9148	50.46383903	4.34741132e-10
9149	57.11117836	5.107247958e-10
9150	66.17445373	7.890106346e-10
9151	64.20626981	7.80679521e-10
9152	62.16658322	4.922897645e-10
9153	64.73386264	4.979163748e-10
9154	60.18000329	5.688658433e-10
9155	64.34888546	4.823483835e-10
9156	77.20260281	7.237748179e-10
9157	71.21117212	3.390878689e-10
9158	52.87671405	4.423252875e-10
9159	46.46450057	1.928235349e-12
9160	53.58485467	-2.16559215e-10
9161	60.11060271	-4.956808297e-10
9162	61.10130246	-7.837739346e-10
9163	71.63592065	-7.841611804e-10
9164	90.80093837	-1.164759844e-09
9165	96.98591418	-1.040333153e-09
9166	92.45470451	-1.101849278e-09
9167	90.53871222	-8.509140059e-10
9168	90.04287794	-4.895586159e-10
9169	91.55657324	-2.859472659e-10
9170	95.19135099	-5.55657742e-10
9171	97.81142321	-7.341043329e-10
9172	107.4090448	-6.937694863e-10
9173	123.6245003	-4.487468175e-10
9174	124.4857178	-2.947908584e-10
9175	111.545834	2.708056002e-11
9176	112.7371361	9.893064146e-11
9177	121.4404729	4.427604949e-10
9178	119.2323801	6.619460535e-10
9179	119.4241231	5.426503691e-10
9180	119.0460062	7.089040466e-10
9181	104.8573814	7.171507832e-10
9182	92.59083682	8.089235948e-10
9183	84.22371043	7.099201227e-10
9184	70.78653612	3.52748053e-10
9185	62.116844	2.056896875e-10
9186	58.33995961	2.213464967e-10
9187	58.22719482	4.40690151e-10
9188	67.28848912	3.329549969e-10
9189	78.83036247	1.802815675e-10
9190	92.65584563	8.416289887e-11
9191	104.9991748	-2.409139555e-10
9192	100.6304521	-1.020206142e-10
9193	90.39863699	-2.955991008e-10
9194	89.95786172	-4.685238864e-10
9195	90.15388839	-5.058353736e-10
9196	86.52379661	-6.75797196e-10
9197	85.86132463	-6.024842847e-10
9198	88.39611921	-8.388409967e-10
9199	89.16576164	-6.14702067e-10
9200	90.06771321	-6.70635103e-10
9201	96.00161317	-7.649170186e-10
9202	98.48932219	-8.072316149e-10
9203	92.94566072	-8.58326743e-10
9204	90.90719238	-7.413856196e-10
9205	92.47797394	-2.801847643e-10
9206	89.88393724	1.256177384e-10
9207	88.27454257	6.219522675e-10
9208	92.16848425	5.930118618e-10
9209	92.1846088	5.383373747e-10
9210	82.18292	6.754845572e-10
9211	82.66278215	8.116796124e-10
9212	111.7703938	8.819593944e-10
9213	147.0345588	6.331033475e-10
9214	157.3836869	8.391110029e-10
9215	130.9813196	8.865743695e-10
9216	79.47045069	1.022740115e-09
9217	45.02407685	9.949046031e-10
9218	45.65008332	7.731371099e-10
9219	52.1224966	7.943414815e-10
9220	53.77178281	6.93698432e-10
9221	60.30175067	4.338094328e-10
9222	66.48572143	2.187281467e-10
9223	69.80830326	-2.125011278e-10
9224	74.79692999	-5.465929931e-10
9225	80.76517529	-6.843121625e-10
9226	83.38126852	-9.149303537e-10
9227	81.24719075	-1.287140172e-09
9228	81.2305031	-1.358854362e-09
9229	85.62931823	-9.986118599e-10
9230	88.43162759	-1.088663382e-09
9231	87.73062645	-6.854632417e-10
9232	83.70573908	-9.249205846e-10
9233	77.16257819	-7.780247557e-10
9234	70.51244154	-6.795026763e-10
9235	70.59448958	-7.308589289e-10
9236	82.38110741	-7.173861505e-10
9237	89.61052547	-5.043236939e-10
9238	84.18005652	5.378009149e-11
9239	83.32777731	3.365530077e-10
9240	83.47155885	6.557634435e-10
9241	77.49201498	6.377174344e-10
9242	81.07559964	6.040759004e-10
9243	88.3972087	6.39308162e-10
9244	87.11658983	1.000972638e-09
9245	87.56398614	8.313394417e-10
9246	89.89884412	8.978755517e-10
9247	87.27528884	7.170530836e-10
9248	82.55461322	7.17249371e-10
9249	79.48521452	4.283426946e-10
9250	81.96233704	2.762972073e-10
9251	86.20575189	7.318590178e-13
9252	87.48414554	-3.838973583e-11
9253	90.12834491	1.689226536e-10
9254	90.6742452	-8.438760801e-11
9255	84.19106387	-1.472182376e-10
9256	75.65050124	-1.35357503e-10
9257	68.72030404	-1.025215468e-10
9258	67.40764295	-1.194768728e-10
9259	70.92010457	-3.146549687e-11
9260	65.65540348	-9.58833013e-11
9261	48.37580775	-2.398969912e-11
9262	37.21195668	-2.362785523e-10
9263	39.48184907	1.443911657e-11
9264	39.17891772	-2.888507211e-10
9265	33.75432167	-1.306750264e-10
9266	34.0888584	-1.473638989e-10
9267	34.78133781	-1.951692141e-10
9268	36.21156766	3.089439815e-11
9269	42.37639868	-3.080442568e-10
9270	39.71697985	-6.100009387e-12
9271	35.09896678	-3.550670868e-11
9272	42.39408338	2.68310707e-10
9273	48.64186959	1.885798184e-10
9274	54.81708769	3.439204477e-11
9275	67.6588603	5.627232014e-11
9276	78.80030709	1.129683014e-10
9277	92.05913018	5.241078682e-10
9278	98.23230129	8.165823573e-10
9279	84.71971639	5.012292803e-10
9280	76.33296615	5.837161865e-10
9281	80.25252803	2.178168756e-10
9282	78.36601543	4.102851392e-10
9283	80.41178501	5.229026101e-10
9284	88.89945124	2.832889479e-10
9285	81.5976296	4.267866061e-10
9286	61.60377625	1.981295128e-10
9287	55.05638043	4.829914246e-11
9288	67.36761267	-5.559526173e-10
9289	79.27643742	-8.376943583e-10
9290	83.86893409	-9.066578599e-10
9291	93.7895434	-9.934906231e-10
9292	107.7983923	-1.025836305e-09
9293	112.0043603	-1.233517288e-09
9294	106.2876508	-1.097475e-09
9295	99.17607337	-5.581579643e-10
9296	92.60954006	-4.707878531e-10
9297	87.5129857	-2.255209353e-10
9298	88.1857085	-3.824327521e-10
9299	93.54645713	-5.46960699e-10
9300	105.1625404	-4.312852298e-10
9301	123.0436701	-3.030367068e-10
9302	126.2298388	-5.987299545e-11
9303	115.0049375	6.672085107e-11
9304	118.1994728	4.673958998e-10
9305	124.9561413	6.445048939e-10
9306	119.1954306	6.026299459e-10
9307	121.2194768	5.493294708e-10
9308	125.1996332	5.289066962e-10
9309	117.3467613	6.202895975e-10
9310	112.4077974	7.868106167e-10
9311	106.1310678	5.517737378e-10
9312	91.35978109	5.34555511e-10
9313	81.14331268	3.770068702e-10
9314	75.15033376	5.024825001e-10
9315	71.83685756	5.687708082e-10
9316	77.14586157	5.149640714e-10
9317	88.92452884	4.124256492e-10
9318	103.9424848	-7.511324895e-12
9319	112.4606132	-2.593747439e-11
9320	107.2547782	-2.84305024e-10
9321	101.3568523	-4.335429793e-10
9322	103.3738132	-5.280762494e-10
9323	105.4721373	-7.294609361e-10
9324	102.9772685	-8.393499229e-10
9325	100.2772762	-8.766676274e-10
9326	99.75996651	-1.079734524e-09
9327	97.39855126	-9.913385668e-10
9328	94.5706351	-9.994209904e-10
9329	94.64193606	-1.068173106e-09
9330	92.64127207	-1.144822903e-09
9331	88.1749298	-1.171999386e-09
9332	86.64176684	-8.46060999e-10
9333	88.84019765	-6.713314349e-10
9334	92.20755477	-1.727507026e-11
9335	94.98422012	3.160938178e-11
9336	99.28080649	3.460005615e-10
9337	99.14170842	3.372031543e-10
9338	91.52368081	6.123377361e-10
9339	100.3122293	5.894946753e-10
9340	130.7852354	6.926104135e-10
9341	153.3496801	5.402460701e-10
9342	156.245781	9.178915406e-10
9343	134.780647	1.087015811e-09
9344	89.51617391	1.101755132e-09
9345	59.06586391	8.715419497e-10
9346	63.92642555	8.571960919e-10
9347	76.14762486	7.157563431e-10
9348	79.62777271	6.657137064e-10
9349	82.32690641	6.468185987e-10
9350	85.99536116	6.654854445e-11
9351	84.03276001	-1.257065563e-10
9352	78.66475517	-5.974323258e-10
9353	79.0173932	-6.258060736e-10
9354	78.91775124	-9.219416341e-10
9355	71.9688266	-1.173286357e-09
9356	67.44685756	-1.199040867e-09
9357	66.61040411	-1.099709657e-09
9358	66.34321826	-7.970974991e-10
9359	68.83519316	-1.028531038e-09
9360	69.87281659	-8.426201958e-10
9361	67.31505588	-7.368390342e-10
9362	65.4166175	-7.351461662e-10
9363	69.29968632	-7.220126719e-10
9364	78.86432503	-6.61664501e-10
9365	83.17767871	-5.235571976e-10
9366	82.22707345	8.995293399e-11
9367	83.59432303	1.153344087e-10
9368	79.95243457	6.161018362e-10
9369	74.71699795	4.578222246e-10
9370	79.66739866	5.554241511e-10
9371	85.49989859	5.797371472e-10
9372	85.34308482	6.910738648e-10
9373	86.62712245	8.809895036e-10
9374	91.53911038	7.56227081e-10
9375	93.99771102	9.918403876e-10
9376	88.24185221	1.022245399e-09
9377	81.74490119	7.598170981e-10
9378	83.48161427	4.2123105e-10
9379	86.19535146	2.706315172e-10
9380	84.72894145	3.114495328e-10
9381	83.35323858	3.794387027e-10
9382	84.27812331	2.027418233e-10
9383	85.56949588	1.748601264e-10
9384	82.19576011	1.896971469e-11
9385	75.75691869	1.492210799e-10
9386	70.99481079	1.147952844e-10
9387	65.30976286	1.495825686e-10
9388	56.80919069	2.580238245e-10
9389	44.58858506	-1.810391836e-10
9390	33.80218568	-1.778919234e-10
9391	33.86779073	-4.128937192e-10
9392	37.37055332	-3.554943007e-10
9393	38.52426928	-2.550408773e-10
9394	41.64656037	-3.524052161e-10
9395	41.18359513	-2.965547807e-10
9396	41.94352718	-4.110036755e-10
9397	49.25631046	-4.824385336e-10
9398	48.30289919	-1.193591892e-10
9399	43.29513925	-4.037392642e-11
9400	48.20683987	3.415241423e-10
9401	56.31273046	7.384048928e-11
9402	64.67053473	1.378839265e-10
9403	74.70004438	7.210188002e-11
9404	87.16415547	3.928675163e-10
9405	102.4041731	7.231117927e-10
9406	101.7320423	7.417093606e-10
9407	82.02111198	8.502882842e-10
9408	73.76613229	4.349938187e-10
9409	82.08733984	5.79512438e-10
9410	86.42800283	5.4621907e-10
9411	88.70599557	4.723443858e-10
9412	95.97381965	4.654285846e-10
9413	93.59791	6.48771703e-10
9414	77.82184527	5.526836766e-10
9415	72.84043364	3.020361738e-10
9416	86.42525587	-3.527644843e-10
9417	99.66678196	-5.655298452e-10
9418	106.342764	-6.096820826e-10
9419	112.046817	-5.769456024e-10
9420	116.3691482	-5.277858151e-10
9421	115.5108467	-5.473848042e-10
9422	106.6896332	-2.914068986e-10
9423	95.07132696	-2.216640205e-10
9424	84.35628232	6.189626589e-11
9425	73.91981178	-4.657163544e-11
9426	71.12857154	-1.729110188e-10
9427	76.88054039	-4.322568969e-10
9428	89.12379473	-4.864135761e-10
9429	107.9599429	-4.383755581e-10
9430	115.7786782	-1.690367846e-10
9431	113.132436	-8.75077788e-11
9432	121.1150476	3.039426488e-10
9433	124.9633269	6.292046884e-10
9434	115.5406114	4.80762985e-10
9435	115.283779	4.022489009e-10
9436	120.4241418	4.213371874e-10
9437	120.2458989	5.886806598e-10
9438	121.0505867	6.716622813e-10
9439	116.3628233	8.270930607e-10
9440	104.391881	5.999067909e-10
9441	96.91857935	8.359748449e-10
9442	94.64015129	7.953286918e-10
9443	93.62448998	7.810196934e-10
9444	96.79474449	6.648441797e-10
9445	108.2655115	4.260973796e-10
9446	121.2742195	7.517986234e-11
9447	121.8774167	-7.018563508e-11
9448	111.4697969	-9.323875005e-11
9449	102.8330284	-3.169517981e-10
9450	100.5502178	-5.197540176e-10
9451	99.6727241	-5.170668338e-10
9452	95.226886	-6.403304553e-10
9453	90.72715885	-7.975899941e-10
9454	89.41806082	-8.825074005e-10
9455	89.32547946	-1.217739687e-09
9456	91.03150914	-1.013214401e-09
9457	92.17582315	-1.158712237e-09
9458	91.36308853	-1.041310149e-09
9459	91.58548813	-9.379439447e-10
9460	91.32498499	-6.977112221e-10
9461	93.59054329	-3.935625159e-10
9462	99.06216508	-6.038014533e-11
9463	99.73821988	3.504827539e-10
9464	97.42950074	5.047229301e-10
9465	92.8135304	5.525135904e-10
9466	91.40548279	5.344817922e-10
9467	112.9675996	5.669589243e-10
9468	144.6718612	5.831566341e-10
9469	159.7634073	6.256675178e-10
9470	162.6765052	7.911822308e-10
9471	146.8500766	1.155961549e-09
9472	104.1396759	1.041552622e-09
9473	69.09635518	1.033705566e-09
9474	67.38550262	7.378408995e-10
9475	78.91293896	8.346403568e-10
9476	79.95072674	6.654850004e-10
9477	74.82398468	5.367137845e-10
9478	73.92803273	5.322982055e-10
9479	69.51677091	-1.195887833e-11
9480	62.87674334	-1.390323412e-10
9481	67.8666561	-4.784195262e-10
9482	76.40828462	-7.757021692e-10
9483	78.76506889	-9.578817739e-10
9484	80.86137933	-9.838450055e-10
9485	81.93665682	-8.110974115e-10
9486	81.8308993	-5.349214405e-10
9487	84.73405954	-8.212075464e-10
9488	86.4309973	-7.549258996e-10
9489	83.72668283	-6.913811745e-10
9490	81.30582252	-5.164784156e-10
9491	82.98547307	-7.997322804e-10
9492	84.10655134	-6.417217868e-10
9493	82.88531106	-3.742961496e-10
9494	86.80777325	-2.074367345e-10
9495	90.97900047	3.465907561e-10
9496	87.53830148	4.172679979e-10
9497	86.57923054	7.027107785e-10
9498	92.45628006	7.055067641e-10
9499	96.8875569	6.327214308e-10
9500	95.17765807	6.975771072e-10
9501	90.99371533	7.140270597e-10
9502	94.37428741	8.626330761e-10
9503	99.31517974	1.050266984e-09
9504	92.359587	1.095517455e-09
9505	84.99891942	1.026373653e-09
9506	87.43834481	4.659361785e-10
9507	90.52982417	3.511728686e-10
9508	89.13454548	5.901865663e-10
9509	86.27308801	5.138733883e-10
9510	89.68750627	6.064055924e-10
9511	97.13091945	1.879389977e-10
9512	95.06627031	1.887534573e-10
9513	85.83371583	3.541034133e-11
9514	74.19792591	1.596145438e-10
9515	58.21585838	2.020739132e-11
9516	47.15093257	7.608402797e-11
9517	41.36749564	-1.342348455e-10
9518	34.27078616	-5.522298174e-10
9519	32.65831482	-5.276916681e-10
9520	37.21460271	-5.352451815e-10
9521	42.97310901	-7.439719951e-10
9522	47.66372907	-3.943187998e-10
9523	46.94348605	-2.994489101e-10
9524	46.9780463	-1.698201579e-10
9525	51.32348688	-8.853895395e-11
9526	49.30138422	-2.731308513e-10
9527	42.91901354	3.443711982e-10
9528	44.91989275	3.831059914e-10
9529	54.41040328	4.741331772e-10
9530	60.41262354	4.166955669e-10
9531	64.40743762	4.358406969e-10
9532	79.77686928	5.948015414e-10
9533	97.29859208	7.166027771e-10
9534	93.61490386	9.282512536e-10
9535	77.16991522	9.618981167e-10
9536	74.13416081	8.314233746e-10
9537	86.04652979	9.448553051e-10
9538	93.52425766	8.190235157e-10
9539	91.7981562	7.465907892e-10
9540	93.80562605	8.406484397e-10
9541	93.98074821	9.011555946e-10
9542	83.34576061	1.05982334e-09
9543	79.66761157	7.076867981e-10
9544	90.17125237	2.224442852e-10
9545	102.4801503	-2.438222957e-10
9546	111.6763421	-1.342899125e-10
9547	114.0637848	-3.211244604e-10
9548	110.9643913	-2.132192201e-10
9549	106.2606502	-3.462985454e-10
9550	95.9920112	-1.806008676e-10
9551	84.85035003	-9.638156939e-11
9552	76.29669867	8.488010295e-11
9553	66.55739301	-1.74908088e-10
9554	62.79601048	-4.13808543e-10
9555	68.09533221	-7.159028925e-10
9556	79.99352195	-8.836011922e-10
9557	97.38851097	-7.578941918e-10
9558	109.1340089	-6.310152401e-10
9559	115.9586581	-3.583044972e-10
9560	126.0609062	-3.904876422e-11
9561	126.8785295	4.410853904e-10
9562	116.2920035	3.060280918e-10
9563	111.4909188	3.480131738e-10
9564	115.6333454	2.439639601e-10
9565	121.272874	5.464122488e-10
9566	122.6501814	7.160116944e-10
9567	116.8846445	8.395901752e-10
9568	107.3206689	1.010282968e-09
9569	101.2632636	1.103408032e-09
9570	101.6300088	1.146002404e-09
9571	100.8171884	9.179865756e-10
9572	98.26579011	9.070602047e-10
9573	104.2537188	5.334870323e-10
9574	111.1767812	3.910107793e-10
9575	105.6223983	2.518416586e-10
9576	93.63673791	1.68745018e-10
9577	85.08861316	-2.684585887e-10
9578	83.27005474	-2.459978887e-10
9579	85.12514656	-4.020535016e-10
9580	86.04398862	-1.198743327e-10
9581	87.48553416	-3.368318957e-10
9582	88.98979862	-6.119180718e-10
9583	91.27568009	-6.466343017e-10
9584	95.1786821	-9.71706271e-10
9585	93.92084034	-7.971312499e-10
9586	90.9297115	-8.100391469e-10
9587	91.07658792	-7.169616012e-10
9588	88.73442313	-5.08186826e-10
9589	90.19062731	-1.948539108e-10
9590	97.90534749	4.762323869e-11
9591	99.53363425	3.447131469e-10
9592	93.43358255	1.218407597e-10
9593	87.08095468	2.945861333e-10
9594	96.81625187	1.732622934e-10
9595	129.5674647	2.625206719e-10
9596	156.3091435	1.248245951e-10
9597	161.8832028	2.932694088e-10
9598	160.2899059	6.13069151e-10
9599	141.6870115	9.865988027e-10
9600	95.39676344	1.091213342e-09
9601	51.48431945	7.570757354e-10
9602	43.26927925	8.176259669e-10
9603	61.34812115	7.571592242e-10
9604	72.8881888	5.819140725e-10
9605	74.42437196	5.858220575e-10
9606	79.230889	5.443911988e-10
9607	80.45638985	3.011630945e-10
9608	78.94507678	1.474025346e-10
9609	87.29449224	-3.955920036e-10
9610	98.23250568	-4.546287791e-10
9611	101.552616	-8.832063969e-10
9612	99.2299404	-8.184461997e-10
9613	93.3353167	-5.188462993e-10
9614	87.03974896	-6.410889597e-10
9615	84.79691583	-6.922808993e-10
9616	84.9962768	-8.272071916e-10
9617	83.77133419	-6.89447166e-10
9618	85.62294755	-5.891478416e-10
9619	90.98129618	-5.733089559e-10
9620	88.73283598	-6.452087753e-10
9621	85.41828189	-5.172893225e-10
9622	92.53953133	-2.122453324e-10
9623	96.27448087	8.151834763e-11
9624	91.96721828	2.770303986e-10
9625	90.92841567	6.929021801e-10
9626	92.8791112	5.081646215e-10
9627	94.88034865	6.810330078e-10
9628	90.76123933	6.318323642e-10
9629	82.28876208	5.858633578e-10
9630	87.03307099	8.078440139e-10
9631	96.52827027	8.244924743e-10
9632	93.01699351	1.013551465e-09
9633	89.1849976	6.77325307e-10
9634	92.90000041	5.533600245e-10
9635	94.71981301	2.086024686e-10
9636	89.76913757	3.690496797e-10
9637	82.90597198	4.215161553e-10
9638	86.49602873	2.727107429e-10
9639	94.81585636	-5.240963219e-11
9640	90.93338487	1.046869258e-10
9641	79.41580318	-1.026032592e-10
9642	64.5878392	2.508659946e-11
9643	46.52522325	-1.807429761e-10
9644	39.49471862	-1.506323954e-10
9645	43.59323091	-2.266977717e-10
9646	44.02363326	-3.951727834e-10
9647	41.91295444	-1.857660692e-10
9648	44.7758014	-6.895310989e-10
9649	49.9147389	-5.173101947e-10
9650	51.44735966	-5.40474332e-10
9651	49.85235775	-4.95448127e-11
9652	49.48953304	6.629274907e-11
9653	51.51793188	-1.133066974e-10
9654	52.17022382	2.183897507e-11
9655	49.50056095	3.72854192e-10
9656	54.24093753	5.546003656e-10
9657	67.60490977	7.373275324e-10
9658	68.65814318	5.09332132e-10
9659	64.35651282	5.211076015e-10
9660	78.22686843	6.043552325e-10
9661	90.6757765	7.681659753e-10
9662	81.60432823	9.503389187e-10
9663	68.69059941	7.853118156e-10
9664	68.24334535	1.151586382e-09
9665	79.54667438	8.340457214e-10
9666	87.07612743	9.926415245e-10
9667	81.4741925	5.939866377e-10
9668	77.81034176	8.236051841e-10
9669	78.78441277	9.38194411e-10
9670	75.06016789	9.088050312e-10
9671	74.0362423	7.633791377e-10
9672	80.07135595	2.170890134e-10
9673	90.73705929	-3.128608483e-12
9674	101.5990148	-2.206581584e-10
9675	102.4714055	-2.910458541e-10
9676	97.31676651	-4.852420687e-10
9677	93.06287036	-5.217115628e-10
9678	85.75807965	-4.989004765e-10
9679	80.51349878	-2.797664322e-10
9680	80.03064272	-7.237423993e-10
9681	77.27402516	-6.241247519e-10
9682	75.12624218	-1.130366467e-09
9683	79.115402	-1.086374768e-09
9684	87.70668222	-1.045639575e-09
9685	97.96624195	-9.740390716e-10
9686	108.5586531	-9.140079804e-10
9687	118.5377721	-6.109610595e-10
9688	123.8672768	-1.382023385e-10
9689	122.0116216	2.270668098e-10
9690	113.867901	4.730038583e-10
9691	105.9966795	4.345355187e-10
9692	109.9440101	5.07206277e-10
9693	118.7869688	6.370275418e-10
9694	117.2383695	9.831069292e-10
9695	110.5972272	9.171725601e-10
9696	104.6289788	1.346157186e-09
9697	101.0896652	1.334730104e-09
9698	105.0345978	1.48743684e-09
9699	106.6516806	1.168034558e-09
9700	103.1138793	9.53247703e-10
9701	107.0319066	6.847091782e-10
9702	112.5439648	5.526978875e-10
9703	109.0540804	6.046159129e-10
9704	100.7190155	3.520401748e-10
9705	93.53180998	1.692255225e-10
9706	90.49336147	6.28754826e-11
9707	89.78953766	8.491740644e-11
9708	91.05773764	-3.319655661e-11
9709	94.27955214	-2.425171175e-11
9710	93.86340205	-4.081093241e-10
9711	93.4172921	-5.058642394e-10
9712	94.92341713	-6.90367763e-10
9713	91.33863212	-7.199467689e-10
9714	89.51464489	-9.645018118e-10
9715	92.44421107	-8.612501823e-10
9716	91.31479601	-7.358114118e-10
9717	92.4642273	-3.514704083e-10
9718	100.7091782	-1.813953432e-10
9719	103.2381104	-3.270206328e-10
9720	91.46642697	-1.93949079e-10
9721	80.47691054	-2.542015487e-10
9722	96.96292359	4.276579091e-11
9723	132.0537703	-2.246989261e-10
9724	150.945737	-1.220770152e-10
9725	153.0688009	-1.38548506e-10
9726	152.5991268	3.366951162e-10
9727	137.6366062	7.028517768e-10
9728	97.02006528	1.051037923e-09
9729	52.51354869	8.63429328e-10
9730	42.18641861	1.044087483e-09
9731	65.81477604	7.386773415e-10
9732	85.17359666	6.956262233e-10
9733	88.31701647	5.550866433e-10
9734	87.27103315	5.701952244e-10
9735	81.60154734	6.064846403e-10
9736	74.28373431	1.864854937e-10
9737	75.35260532	-7.504552535e-11
9738	82.50223691	-6.676177389e-10
9739	85.59978203	-6.479077275e-10
9740	82.3513825	-7.562956927e-10
9741	78.59352957	-7.569718186e-10
9742	76.99315333	-6.079410309e-10
9743	78.79661131	-8.549587704e-10
9744	82.66337216	-9.211207352e-10
9745	83.90221273	-7.282943137e-10
9746	89.07610197	-8.112164274e-10
9747	95.99842751	-6.889782078e-10
9748	89.5120375	-6.892155735e-10
9749	82.05628837	-5.504428024e-10
9750	86.19181666	-3.397500059e-10
9751	87.3390169	-1.766071733e-10
9752	84.64626663	9.637401988e-11
9753	85.01163655	2.070632554e-10
9754	87.03004812	4.072298054e-10
9755	90.96756241	3.933047221e-10
9756	86.77183415	4.534990161e-10
9757	77.50486803	4.938720544e-10
9758	82.97433925	4.614437721e-10
9759	92.21982988	5.527307501e-10
9760	89.37191013	7.104929978e-10
9761	86.67402756	5.224505273e-10
9762	90.29644671	4.587088487e-10
9763	91.31850752	2.307345426e-10
9764	84.1603356	1.942221939e-10
9765	77.83071233	3.244253755e-10
9766	85.30271107	2.943623123e-10
9767	95.14815205	1.694988594e-10
9768	90.75658737	3.403943794e-11
9769	77.05800553	1.874287392e-10
9770	58.92809717	-1.989983733e-10
9771	39.87259018	-1.152469231e-10
9772	34.06586185	-3.34110295e-10
9773	42.86799989	-8.66395844e-11
9774	48.87285883	-1.584847809e-10
9775	48.36940059	-4.536302445e-10
9776	52.99899581	-4.475051441e-10
9777	59.32454533	-6.368248151e-10
9778	59.90726432	-3.663307435e-10
9779	60.2037008	-2.635336394e-10
9780	59.9103579	-1.51118007e-10
9781	59.49929948	-1.540636507e-10
9782	61.37869969	-1.473214883e-10
9783	59.10912027	1.211626355e-10
9784	62.72175625	4.559752576e-10
9785	73.44869701	6.765277227e-11
9786	65.89977543	2.598512516e-10
9787	55.01230557	2.436939539e-11
9788	66.08172289	3.839124574e-10
9789	72.78592425	2.62949662e-10
9790	63.42768804	1.881126366e-10
9791	58.69605809	3.943934068e-10
9792	63.593235	5.641889178e-10
9793	75.43784894	8.858707101e-10
9794	83.95972734	6.976126343e-10
9795	77.70892011	6.888183357e-10
9796	67.59046036	5.86008575e-10
9797	64.05746385	7.956459935e-10
9798	63.87572662	7.379818978e-10
9799	63.81780564	3.857232311e-10
9800	65.70146962	3.139732918e-11
9801	75.77400839	4.079270255e-11
9802	88.05943288	-4.036420087e-10
9803	90.48329409	-3.909403912e-10
9804	89.0147649	-7.25851157e-10
9805	89.4156764	-6.151674725e-10
9806	86.84861491	-5.444011908e-10
9807	85.13966806	-5.417910565e-10
9808	88.56424593	-7.440574823e-10
9809	89.42810995	-1.067383737e-09
9810	85.60449844	-1.124758953e-09
9811	85.85559331	-1.176602815e-09
9812	88.28121326	-1.110869174e-09
9813	88.79311249	-9.107679055e-10
9814	96.89335167	-6.890212845e-10
9815	106.9637822	-5.592692975e-10
9816	107.2289717	-1.160400664e-10
9817	107.9992121	2.669795496e-10
9818	107.8624195	4.986264734e-10
9819	102.9286223	3.824036643e-10
9820	110.7849767	5.558222771e-10
9821	122.4817991	7.881342245e-10
9822	119.5884269	1.040170616e-09
9823	115.5222939	1.059968335e-09
9824	115.2783643	1.265037852e-09
9825	115.1828427	1.52859414e-09
9826	120.4302089	1.442649555e-09
9827	122.558069	1.177396403e-09
9828	118.0414032	8.851366307e-10
9829	117.765766	6.275704401e-10
9830	120.4824011	5.386049384e-10
9831	118.6689139	6.636453609e-10
9832	111.6645278	5.207350107e-10
9833	103.9200559	4.726121716e-10
9834	97.24091965	6.209988079e-11
9835	90.27624541	1.681088602e-10
9836	89.10456576	-6.375144856e-11
9837	93.0648462	-1.147795192e-10
9838	92.63297407	-4.629285844e-10
9839	91.25343765	-5.780151913e-10
9840	90.53548072	-6.535869623e-10
9841	86.30919326	-9.586365035e-10
9842	86.40766096	-1.050770582e-09
9843	91.72370829	-1.144243811e-09
9844	91.44751005	-7.318989859e-10
9845	88.34748879	-6.320761692e-10
9846	93.46549229	-5.099973777e-10
9847	98.1241526	-5.924778446e-10
9848	85.95290093	-5.553326687e-10
9849	78.20193084	-4.784037611e-10
9850	103.7439082	-2.617965844e-10
9851	138.5599247	-2.615119232e-10
9852	153.2999388	-1.020024065e-10
9853	157.5448482	-9.530598533e-11
9854	158.4398822	2.31627606e-10
9855	145.6176505	7.19653892e-10
9856	109.0097349	9.777081367e-10
9857	61.60630643	1.131393201e-09
9858	42.61763682	9.951917068e-10
9859	60.58544434	9.999023831e-10
9860	80.79851298	5.018412352e-10
9861	84.44315125	5.713189921e-10
9862	79.12604936	4.754869831e-10
9863	71.84717269	5.840343764e-10
9864	65.32798293	3.14964943e-10
9865	65.40913869	-2.066553595e-10
9866	74.7334637	-6.01768857e-10
9867	82.10069559	-6.248181972e-10
9868	81.91183686	-7.755951437e-10
9869	82.16271761	-5.118085955e-10
9870	84.02875821	-6.186291479e-10
9871	86.73833596	-7.051541573e-10
9872	88.06873362	-6.44918341e-10
9873	84.88901356	-8.428928666e-10
9874	87.99483816	-7.087832543e-10
9875	94.25047206	-8.526641615e-10
9876	88.03314789	-5.994218455e-10
9877	81.1535804	-5.354165999e-10
9878	83.37869422	-2.493567575e-10
9879	84.9621109	-1.551960782e-10
9880	85.31518343	-5.434896977e-11
9881	86.27325611	7.199241203e-11
9882	89.32666501	3.069418053e-10
9883	93.27571497	3.558737749e-10
9884	87.09956039	4.769120654e-10
9885	78.65477891	3.423883399e-10
9886	83.58317409	4.884854743e-10
9887	90.75946249	6.494418336e-10
9888	89.56062161	6.852362011e-10
9889	89.25182728	8.312194266e-10
9890	95.57328103	4.561412359e-10
9891	98.85006082	4.463325265e-10
9892	91.27030426	2.877956762e-10
9893	85.69393963	4.86661822e-10
9894	92.8454258	3.108434621e-10
9895	98.97675214	3.113885816e-10
9896	90.88506456	2.931027643e-10
9897	71.75974191	2.168837332e-10
9898	48.72033766	-2.19491092e-12
9899	28.69504929	3.464661891e-11
9900	23.23502841	-2.742320815e-10
9901	35.73240224	-1.335253019e-10
9902	48.66407413	-4.011452281e-10
9903	54.88662255	-5.118526714e-10
9904	65.46216418	-7.647152911e-10
9905	73.32634709	-7.726336237e-10
9906	72.40810073	-5.684289706e-10
9907	71.25380037	-6.904108396e-10
9908	65.95049645	-5.42017653e-10
9909	60.14200785	-7.341609543e-10
9910	60.51208587	-3.873307231e-10
9911	58.21195525	-2.08166373e-10
9912	61.83357489	-1.982938258e-10
9913	70.75762938	-2.693556489e-10
9914	63.51354742	-4.651948826e-10
9915	58.25191346	-1.49251056e-10
9916	70.912027	2.22701857e-11
9917	74.47228737	-2.045582592e-10
9918	66.60925395	-1.208846356e-10
9919	66.84066071	2.132383159e-11
9920	73.22698057	2.671080024e-10
9921	81.92649364	8.538020291e-10
9922	89.88309415	6.553009246e-10
9923	86.03539034	8.469102086e-10
9924	71.72971262	6.46526388e-10
9925	63.56558375	7.252176637e-10
9926	66.38340376	6.38014197e-10
9927	67.75315166	5.885244514e-10
9928	67.65146025	2.94828495e-10
9929	75.97255445	-4.988121027e-12
9930	84.3003966	3.00642844e-11
9931	82.90655409	-3.108667768e-10
9932	79.8273926	-3.307881746e-10
9933	80.30294937	-4.001878828e-10
9934	78.10091302	-3.290692163e-10
9935	74.31435374	-2.147213518e-10
9936	77.44363907	-5.171463258e-10
9937	81.09401868	-9.744183238e-10
9938	79.9076904	-1.021126739e-09
9939	84.5400156	-1.158722673e-09
9940	88.56934917	-9.277860702e-10
9941	87.04660201	-8.286671349e-10
9942	96.8687078	-5.511586743e-10
9943	106.685745	-3.848168451e-10
9944	103.4539476	-1.316777798e-10
9945	106.6157643	1.643061243e-10
9946	110.5254197	9.538703161e-11
9947	106.7574973	2.64303468e-10
9948	115.033094	2.417321898e-10
9949	125.3731404	6.430598276e-10
9950	122.0718437	8.244436245e-10
9951	121.4171042	9.788163613e-10
9952	126.2515002	1.118217074e-09
9953	128.8487365	1.336763145e-09
9954	132.4031832	1.375694447e-09
9955	133.0605133	1.016000173e-09
9956	126.9952557	5.967784045e-10
9957	121.66828	5.036846495e-10
9958	121.9985873	4.414184573e-10
9959	121.910969	6.386640106e-10
9960	117.0655029	7.922316136e-10
9961	112.3655393	5.717259999e-10
9962	105.6699054	4.538904808e-10
9963	94.53237153	1.3347079e-10
9964	89.65926859	1.929003624e-10
9965	91.7678814	-1.366213809e-10
9966	91.93894246	-3.14088533e-10
9967	90.74844191	-4.510716245e-10
9968	88.38777667	-7.207994202e-10
9969	84.13872646	-8.4735996e-10
9970	85.10857931	-1.145162631e-09
9971	93.69731214	-1.163788399e-09
9972	97.15359291	-7.607736663e-10
9973	90.97546566	-6.879758985e-10
9974	93.47600785	-5.461671115e-10
9975	100.957212	-6.55636434e-10
9976	92.4322785	-5.834657202e-10
9977	92.03072533	-3.471698484e-10
9978	120.1851752	-2.928117748e-10
9979	144.4407424	-9.023004566e-11
9980	150.3002264	-8.769873716e-12
9981	152.0864203	2.368900631e-10
9982	149.8392994	4.73236117e-10
9983	138.4527304	7.232690002e-10
9984	109.5698467	8.6303098e-10
9985	67.28907419	9.645033661e-10
9986	45.16732764	9.739942186e-10
9987	58.68297902	1.127173022e-09
9988	82.92977744	7.198956986e-10
9989	92.94097064	5.876996667e-10
9990	89.99032807	4.981766111e-10
9991	85.56075461	5.808615811e-10
9992	79.83587289	3.770810331e-10
9993	75.72886804	1.114519588e-10
9994	80.15251628	-9.428391401e-11
9995	83.91080313	-4.6079629e-10
9996	81.97415413	-2.521334252e-10
9997	81.75010062	-4.070854764e-10
9998	83.89962203	-5.169553674e-11
9999	86.9477292	-1.832696217e-10
10000	86.21541453	-4.263933651e-10
10001	80.96699839	-4.2135051e-10
10002	83.23039158	-5.756217725e-10
10003	89.45607349	-6.755196402e-10
10004	86.88494634	-4.886251403e-10
10005	81.63711208	-3.433102691e-10
10006	81.15335658	-1.057340882e-10
10007	82.73452978	8.983480626e-12
10008	82.45815314	1.263140703e-10
10009	82.5045539	2.656004305e-10
10010	89.10687672	3.444442509e-10
10011	94.46177661	5.940106185e-10
10012	90.14982059	3.15607096e-10
10013	87.04118019	5.552505122e-10
10014	91.11787595	5.686886517e-10
10015	94.45485602	7.504694644e-10
10016	92.02755512	8.388614248e-10
10017	89.10935493	7.780369682e-10
10018	93.29980096	6.283693565e-10
10019	95.46752885	5.214193521e-10
10020	86.85108163	5.517311052e-10
10021	81.46837555	4.161306855e-10
10022	87.07998237	2.71914713e-10
10023	92.47174069	2.518503184e-10
10024	86.92997167	2.313400582e-10
10025	68.8232675	4.036708745e-10
10026	45.71704379	3.212627941e-10
10027	25.51824688	-3.808944271e-10
10028	18.22303756	-1.803983629e-10
10029	29.7603103	-5.37895728e-10
10030	44.57521091	-4.179048219e-10
10031	55.0301388	-5.221478805e-10
10032	68.43330218	-7.666691726e-10
10033	76.29828092	-7.757277043e-10
10034	77.33415888	-9.101439602e-10
10035	78.99384155	-6.647216111e-10
10036	74.54142118	-8.666405371e-10
10037	69.61507163	-5.693752136e-10
10038	71.54779054	-4.013724908e-10
10039	72.15584934	-2.334763494e-10
10040	74.68211732	-1.958975204e-10
10041	76.80579612	-3.134861259e-10
10042	69.89049748	-4.113303032e-10
10043	68.98924451	-1.093303226e-11
10044	77.02622721	-9.067502305e-11
10045	74.68444728	-1.975886121e-11
10046	66.6586261	-3.026112694e-10
10047	69.4312419	1.115472159e-10
10048	78.66171431	5.113109935e-10
10049	88.03680036	7.433671456e-10
10050	100.2533462	1.125586735e-09
10051	103.8544087	9.492611142e-10
10052	88.39845484	1.099350833e-09
10053	74.05369642	1.157999918e-09
10054	72.37132318	1.000953098e-09
10055	67.16064621	8.019767073e-10
10056	59.3226322	6.06926065e-10
10057	59.76110975	5.561870964e-10
10058	60.30169003	1.335660471e-10
10059	54.89730296	-1.599431698e-11
10060	52.76050393	-4.415667831e-11
10061	59.87513961	-3.541651417e-10
10062	66.70318342	-2.109423747e-13
10063	69.88683009	-2.476694405e-10
10064	79.93516905	-3.983990915e-10
10065	90.07614578	-7.259215451e-10
10066	94.8376438	-1.199428556e-09
10067	105.4034406	-1.110436187e-09
10068	110.5366389	-1.143896533e-09
10069	106.6259256	-8.854725841e-10
10070	113.0935019	-7.164668858e-10
10071	117.1144081	-3.150226746e-10
10072	110.3123559	-3.141256144e-10
10073	113.0799934	-1.788031945e-10
10074	116.9863061	-2.37108555e-10
10075	113.8090386	-1.078959144e-10
10076	119.9160175	7.504308286e-11
10077	127.9979796	3.911244661e-10
10078	126.8990208	6.334732738e-10
10079	128.2955363	7.5244877e-10
10080	134.2694246	9.680762858e-10
10081	136.3436813	1.314095055e-09
10082	135.8117792	1.426610829e-09
10083	134.2444459	1.038622077e-09
10084	126.5480623	6.860960688e-10
10085	117.4256671	4.476374826e-10
10086	116.647226	7.129106194e-10
10087	118.0171321	7.851368444e-10
10088	117.1566171	8.742979674e-10
10089	119.2339688	7.864113805e-10
10090	116.5844761	6.913856154e-10
10091	104.7728963	4.352864735e-10
10092	95.25253728	2.545319511e-10
10093	92.90760404	-2.034656887e-10
10094	93.7804125	-3.636939638e-10
10095	94.42779374	-4.439337786e-10
10096	93.07634736	-5.110338819e-10
10097	89.16947306	-6.549605303e-10
10098	88.13050428	-1.095122659e-09
10099	97.80908791	-9.495204623e-10
10100	103.5823664	-8.642029314e-10
10101	93.77802653	-3.35155903e-10
10102	91.46999687	-5.222435817e-10
10103	96.82176941	-5.706906059e-10
10104	92.00473695	-5.64846836e-10
10105	100.343219	-4.133289266e-10
10106	126.9986468	-3.508686675e-10
10107	140.0476043	-9.832001879e-11
10108	140.7332743	2.41220377e-11
10109	141.9463729	2.010449585e-10
10110	139.281288	5.598712605e-10
10111	132.8430349	6.64531985e-10
10112	115.4161463	7.717577688e-10
10113	81.63713343	7.761009613e-10
10114	53.97315235	1.16986909e-09
10115	55.51727282	9.375109578e-10
10116	75.97342817	1.114428994e-09
10117	87.90556602	7.186269357e-10
10118	87.49972651	7.719935802e-10
10119	86.6504939	8.350973246e-10
10120	83.29814461	6.992775248e-10
10121	78.08385454	3.993680942e-10
10122	77.89154211	1.031739139e-10
10123	78.27229869	3.443867413e-11
10124	76.66216733	-5.058309327e-11
10125	76.69570392	1.249675918e-10
10126	79.63695812	1.980677844e-10
10127	83.30943644	1.323234855e-10
10128	81.5751558	4.743849757e-11
10129	77.26823649	-1.789377535e-10
10130	79.6336648	-4.698534894e-10
10131	85.829859	-4.989244573e-10
10132	87.45888549	-6.988325474e-10
10133	83.85166029	-4.559632671e-10
10134	83.24356898	-4.107412188e-10
10135	86.23370059	-1.705213748e-11
10136	82.54069448	3.580868935e-11
10137	80.31568132	3.288125328e-11
10138	88.96541296	2.351399075e-10
10139	93.42137294	2.79282375e-10
10140	91.10328477	4.566538259e-10
10141	91.50888922	5.499396494e-10
10142	90.94595805	7.410756453e-10
10143	88.76557801	7.822817949e-10
10144	84.84489776	8.361307202e-10
10145	80.05951447	6.882632242e-10
10146	83.08809393	8.178790978e-10
10147	87.07451758	6.470504132e-10
10148	83.11816633	7.913101285e-10
10149	80.96104837	2.550066824e-10
10150	86.10898932	2.036570912e-10
10151	92.87139437	1.554223417e-11
10152	91.34366616	2.550075706e-10
10153	75.68794301	4.756532945e-10
10154	51.87959307	1.89404048e-10
10155	27.88703433	1.724265175e-10
10156	15.86794394	-2.306088653e-10
10157	23.85924669	-9.75459713e-11
10158	39.66541958	-2.37048603e-10
10159	55.38711011	-3.85443677e-10
10160	70.83819605	-5.157931859e-10
10161	79.71000882	-5.093760969e-10
10162	86.29076493	-4.768780926e-10
10163	93.60550044	-5.184741525e-10
10164	92.91490982	-5.592277752e-10
10165	87.62981983	-3.627675937e-10
10166	85.94865036	-3.296936057e-10
10167	85.97102479	4.298161826e-11
10168	82.89136825	-2.533671051e-10
10169	75.17323428	-3.110107727e-10
10170	69.74981809	-2.661910692e-10
10171	71.88773403	-3.525997272e-10
10172	74.66621212	1.806021999e-11
10173	70.97264567	-3.161977347e-10
10174	66.04908291	-2.27640129e-12
10175	71.01758999	2.670201837e-10
10176	81.47224819	5.306590722e-10
10177	89.11716911	8.434697385e-10
10178	100.9366554	8.804978968e-10
10179	105.7803093	1.019000884e-09
10180	86.19095113	1.211215128e-09
10181	63.68939203	9.603695617e-10
10182	54.03447716	1.086364332e-09
10183	43.38996781	5.752029963e-10
10184	33.63720042	6.877622916e-10
10185	34.1931729	8.788147987e-10
10186	38.07922964	5.213824927e-10
10187	38.98750218	3.493463296e-10
10188	44.55405455	-3.00174996e-10
10189	61.17231053	-8.628919801e-11
10190	76.76563745	-3.113900249e-10
10191	86.70017811	-1.578714937e-10
10192	100.6484413	-3.52011309e-10
10193	110.5507886	-7.905791577e-10
10194	114.6342318	-1.211629019e-09
10195	124.3036792	-1.186415854e-09
10196	128.0775175	-1.221845736e-09
10197	124.1568051	-1.002071315e-09
10198	127.2548406	-7.423071047e-10
10199	127.7456378	-4.667066733e-10
10200	122.4225715	-3.065485643e-10
10201	124.616435	-3.274038818e-10
10202	127.0292603	-2.795990106e-10
10203	121.9813064	-3.73755249e-10
10204	118.8159596	8.80389095e-11
10205	119.0309005	2.833049351e-10
10206	116.1243796	5.570752748e-10
10207	113.0134778	8.146989749e-10
10208	113.9154242	9.023115588e-10
10209	113.3565639	1.151321261e-09
10210	111.9478397	1.392626459e-09
10211	113.7200136	9.83882309e-10
10212	110.9184716	7.039244743e-10
10213	106.1223573	5.724190011e-10
10214	109.218263	7.036438099e-10
10215	113.8980998	8.209428692e-10
10216	119.2927245	8.37055314e-10
10217	129.0769933	9.412279844e-10
10218	131.3717987	6.767217897e-10
10219	119.9936876	5.61207969e-10
10220	104.3182931	4.042366442e-11
10221	95.19860331	-2.277737998e-10
10222	94.52523831	-5.876654718e-10
10223	95.88930561	-5.212585918e-10
10224	96.00053505	-7.347376041e-10
10225	91.03379796	-8.383942429e-10
10226	85.75989664	-9.770317888e-10
10227	94.28843549	-1.01168407e-09
10228	101.274309	-8.019482856e-10
10229	91.94734754	-4.619868932e-10
10230	87.991975	-4.37245351e-10
10231	91.1327712	-4.486162553e-10
10232	92.93983407	-5.406315395e-10
10233	110.5813506	-5.133511394e-10
10234	134.0462567	-3.745839194e-10
10235	139.4959291	-3.460765008e-10
10236	137.6482175	-4.452438418e-11
10237	136.7239593	3.197628828e-10
10238	131.9838643	5.415059512e-10
10239	128.026238	5.982982998e-10
10240	120.0990334	7.167462179e-10
10241	93.54960046	8.232126092e-10
10242	57.69844205	9.369838239e-10
10243	43.66089413	1.139407679e-09
10244	56.47554799	9.374803156e-10
10245	70.44290351	9.632747933e-10
10246	76.56732946	1.088780621e-09
10247	82.18147273	9.807692436e-10
10248	85.56224429	8.545169017e-10
10249	84.7828645	5.216480581e-10
10250	82.0509103	2.233528917e-10
10251	79.19766202	1.616276002e-10
10252	76.98208196	8.622746961e-11
10253	76.05917409	1.20025323e-10
10254	79.4660736	-1.150408657e-10
10255	83.09717599	-2.410782685e-11
10256	81.52231573	-2.110298603e-10
10257	80.58849328	-2.798872245e-10
10258	83.97282487	-6.195195468e-10
10259	89.95645094	-9.225504805e-10
10260	92.53710488	-1.009933914e-09
10261	87.22045765	-9.539879997e-10
10262	86.39255761	-5.083675703e-10
10263	88.67006856	-4.290323652e-10
10264	78.84333978	-2.526512333e-10
10265	73.20559086	-1.468229982e-10
10266	81.13766498	-1.924860271e-11
10267	85.06973916	1.37761802e-10
10268	88.51887031	3.132694104e-10
10269	94.37515944	2.097584328e-10
10270	91.95031999	5.40474332e-10
10271	88.11079047	5.157119176e-10
10272	86.05323918	8.183222988e-10
10273	81.90023434	5.512585943e-10
10274	82.72609593	7.808242941e-10
10275	86.81590972	8.255884865e-10
10276	86.28004181	6.877929337e-10
10277	83.8745923	6.395799446e-10
10278	86.00954631	2.183124792e-10
10279	92.7461108	3.738840348e-10
10280	94.29808457	4.786899765e-10
10281	82.96331774	5.493676625e-10
10282	60.24670341	6.740217273e-10
10283	33.48206096	2.772004848e-10
10284	17.86158189	2.863504989e-10
10285	21.48348358	3.455733477e-10
10286	37.14090072	-8.951417385e-11
10287	55.8880109	-7.110401157e-11
10288	69.26778401	-4.33471925e-10
10289	76.55859158	-2.36719977e-10
10290	86.71692806	-2.212043881e-10
10291	99.72832581	-5.336469044e-10
10292	105.9165212	-5.024407557e-10
10293	101.4591285	-5.22872412e-10
10294	97.04946732	-2.349933581e-10
10295	99.02537193	-2.836699764e-10
10296	93.23969503	-3.081286337e-10
10297	80.53975817	-5.618581156e-10
10298	77.28123064	-8.441567445e-10
10299	75.78797011	-8.075184965e-10
10300	68.2314559	-6.793321461e-10
10301	61.60213949	-5.063762742e-10
10302	57.83104074	-2.527658083e-10
10303	61.77524041	-1.795550375e-10
10304	70.45279746	3.295861362e-10
10305	76.60448475	5.328146813e-10
10306	88.97416338	6.680842546e-10
10307	97.36346651	8.134426466e-10
10308	82.46757678	7.659828327e-10
10309	61.22743422	9.31956734e-10
10310	49.55158167	5.322782215e-10
10311	39.60237142	5.822853311e-10
10312	32.53486399	6.624336635e-10
10313	36.0007131	6.676774689e-10
10314	45.11676559	6.626885707e-10
10315	51.47826648	2.408562239e-10
10316	60.9976316	-5.201084008e-11
10317	79.4298937	-2.623457007e-10
10318	96.14818205	-1.997495502e-10
10319	110.2859758	-1.092637092e-10
10320	127.0748896	-2.337063876e-10
10321	135.9818293	-6.597309365e-10
10322	137.7292778	-7.940537117e-10
10323	141.9488445	-8.850165045e-10
10324	142.5584348	-9.858336369e-10
10325	137.819931	-1.013676254e-09
10326	133.3272356	-7.02295111e-10
10327	127.0313657	-5.388134383e-10
10328	118.9986363	-3.302886853e-10
10329	115.408473	-4.943156995e-10
10330	116.1437755	-5.337943421e-10
10331	110.9791077	-5.419611426e-10
10332	100.7189843	-2.799573906e-10
10333	98.44557713	1.580735542e-10
10334	100.1215726	5.424913851e-10
10335	98.70957097	6.105018713e-10
10336	100.462842	6.559979226e-10
10337	103.9006831	9.298490866e-10
10338	108.8117715	9.301261983e-10
10339	117.8533104	7.676312919e-10
10340	122.8553259	4.302016521e-10
10341	125.1608512	4.446887303e-10
10342	129.7800865	4.866205217e-10
10343	132.5023381	6.826486043e-10
10344	138.0890122	5.482361232e-10
10345	148.0853072	6.704841127e-10
10346	149.8539773	4.766889106e-10
10347	136.145176	2.894848805e-10
10348	114.0190805	-1.444657727e-10
10349	99.17843609	-5.559588345e-10
10350	96.21890696	-6.456897239e-10
10351	97.79422194	-7.193179385e-10
10352	99.30733286	-7.687335213e-10
10353	93.15096982	-9.40409528e-10
10354	85.30663266	-1.042446129e-09
10355	91.7910362	-1.097219204e-09
10356	98.49881856	-8.215268466e-10
10357	92.77324272	-6.858815738e-10
10358	88.78219782	-5.029505701e-10
10359	89.75344038	-6.4932415e-10
10360	98.24046322	-4.929638919e-10
10361	120.4778862	-5.553868476e-10
10362	138.5646114	-4.972990908e-10
10363	140.8616058	-5.334079844e-10
10364	139.5359353	-2.202158456e-10
10365	138.2662768	2.001581123e-10
10366	133.5985592	3.328715081e-10
10367	132.8042983	5.10666176e-10
10368	135.0547068	4.144737886e-10
10369	117.2618973	5.425535576e-10
10370	75.84455759	6.407008257e-10
10371	46.73032693	8.405436347e-10
10372	48.28256695	9.257128397e-10
10373	61.67513518	9.613030372e-10
10374	72.11484888	6.593330326e-10
10375	79.95824065	8.129541484e-10
10376	87.98006964	4.82112128e-10
10377	92.30361769	2.672440047e-10
10378	88.62634277	1.93008276e-10
10379	83.10129868	6.79953871e-11
10380	78.64363813	1.153548368e-10
10381	75.9802482	-2.499742635e-10
10382	79.20801304	-2.443556468e-10
10383	81.05634913	-4.77601958e-10
10384	78.34859004	-3.609210708e-10
10385	78.17878667	-5.364508837e-10
10386	80.55625232	-7.998837148e-10
10387	85.54504317	-1.064659472e-09
10388	86.87325059	-1.251397208e-09
10389	81.20330573	-1.087339108e-09
10390	84.3903788	-7.192380025e-10
10391	89.18221554	-7.109637323e-10
10392	79.65819215	-3.25353966e-10
10393	75.35885584	-3.861426734e-10
10394	81.58410225	-4.852473978e-11
10395	84.66368297	1.590150234e-10
10396	91.85371401	3.058708842e-11
10397	98.69364253	3.650253433e-10
10398	92.73254067	5.428173466e-10
10399	86.00814229	8.292104781e-10
10400	84.73102998	8.165628174e-10
10401	81.3280045	7.527560797e-10
10402	79.55768448	7.833831361e-10
10403	84.28954295	8.114717787e-10
10404	87.41086539	8.4914209e-10
10405	84.15382558	6.517453244e-10
10406	83.49013135	3.987512542e-10
10407	88.62562193	5.32972777e-10
10408	90.68257255	4.91152008e-10
10409	82.06810502	7.444214134e-10
10410	58.94547281	6.229532445e-10
10411	29.32578653	5.352793764e-10
10412	10.1823674	7.219131959e-10
10413	9.035669626	1.212940859e-10
10414	25.65286847	1.318118947e-10
10415	49.56312932	-4.818518917e-10
10416	65.55723204	-4.126823328e-10
10417	76.14188466	-3.249382985e-10
10418	90.06802656	-5.053122365e-10
10419	107.448719	-8.842402366e-10
10420	118.3331025	-9.122720357e-10
10421	110.8345898	-1.054117682e-09
10422	100.3909866	-7.345537512e-10
10423	100.0762921	-7.433555993e-10
10424	90.96332225	-7.266436342e-10
10425	78.39157446	-1.051501997e-09
10426	78.77233641	-1.215260781e-09
10427	73.99861889	-1.10443743e-09
10428	62.48015615	-9.779670407e-10
10429	61.61684351	-5.418350213e-10
10430	67.84487333	-6.804636854e-10
10431	77.76349687	-3.455591369e-10
10432	89.19376349	4.068709814e-10
10433	98.17094505	2.972999624e-10
10434	112.1636731	2.370219576e-10
10435	124.5961296	4.209557147e-10
10436	119.216779	7.465690288e-10
10437	103.4678308	7.661453694e-10
10438	91.92461637	4.159028677e-10
10439	84.9101385	7.187992423e-10
10440	82.26566699	6.653788631e-10
10441	89.86227995	5.068052644e-10
10442	103.2272778	7.5575457e-10
10443	112.2191663	7.583933481e-10
10444	120.6370755	3.813749316e-10
10445	130.1495046	1.559259388e-10
10446	135.0782517	1.434354857e-10
10447	141.1211289	1.52247992e-10
10448	148.6252349	-7.21644966e-11
10449	147.3477069	-5.553060234e-10
10450	138.2663731	-7.170992689e-10
10451	129.1664697	-6.653850804e-10
10452	123.8389959	-7.894502829e-10
10453	118.6886898	-9.804903556e-10
10454	110.9370512	-7.507408029e-10
10455	105.7818186	-3.993960718e-10
10456	101.3468021	-6.032587763e-10
10457	100.5962961	-9.123919398e-10
10458	112.328458	-7.768150567e-10
10459	118.9962164	-7.219300713e-10
10460	112.8497107	-4.329230308e-10
10461	115.8011365	-2.333830906e-10
10462	124.834326	1.096553959e-10
10463	126.2638292	2.403428567e-10
10464	127.6962162	2.149427303e-10
10465	131.827548	3.870654908e-10
10466	136.4975168	5.716849216e-10
10467	142.1131409	4.572786594e-10
10468	146.4959383	1.559641305e-10
10469	150.2645031	4.670850373e-10
10470	149.7856912	5.634444022e-10
10471	143.7620089	4.688711641e-10
10472	141.6508989	3.490336908e-10
10473	144.4110313	6.404103914e-10
10474	141.6757948	5.790132818e-10
10475	125.6268645	1.425179974e-10
10476	102.5316951	-1.653299719e-10
10477	88.71803955	-6.858549284e-10
10478	87.31688622	-1.036616126e-09
10479	91.77590416	-8.863754175e-10
10480	95.52162266	-9.328022799e-10
10481	90.38617697	-8.821494646e-10
10482	84.62076558	-1.137630434e-09
10483	89.44455827	-9.250280542e-10
10484	94.63827313	-6.993756685e-10
10485	92.69521556	-7.499973975e-10
10486	87.9367087	-7.004814506e-10
10487	88.08422896	-7.662839252e-10
10488	102.9337713	-5.062936737e-10
10489	125.3379595	-3.92766708e-10
10490	138.0328031	-5.478311138e-10
10491	139.9691539	-7.236984345e-10
10492	139.7016092	-5.223022015e-10
10493	139.2532245	-2.62710742e-10
10494	135.4593712	-1.795967819e-10
10495	136.0363285	6.352429693e-11
10496	145.5097963	1.588782439e-10
10497	136.9069952	3.091713552e-10
10498	96.16553749	1.850057885e-10
10499	56.8932642	1.004949013e-09
10500	47.54236093	9.391261102e-10
10501	60.08443369	5.726041863e-10
10502	73.0212282	3.91715993e-10
10503	79.22345822	8.510250282e-10
10504	87.32326298	6.604334857e-10
10505	93.42218094	1.37433176e-10
10506	89.02725383	1.926139248e-10
10507	80.7086895	3.15054649e-10
10508	72.62116485	7.326583784e-11
10509	68.8767213	-4.795772668e-10
10510	73.00597508	-3.149782657e-10
10511	75.590006	-2.762448048e-10
10512	75.07731049	-4.665121622e-10
10513	76.88141985	-4.121769592e-10
10514	81.01851736	-6.318963131e-10
10515	87.70480399	-8.694840403e-10
10516	88.6743225	-8.086917802e-10
10517	85.22871387	-8.995559853e-10
10518	91.4688623	-5.651621393e-10
10519	95.50928496	-4.703011314e-10
10520	87.22609451	-1.058424459e-10
10521	82.6268037	-1.822710871e-10
10522	82.44031197	-1.306244002e-10
10523	81.62436032	3.60493857e-11
10524	87.64580997	-2.707514213e-10
10525	92.67614031	-7.398526236e-13
10526	86.58311585	4.292175504e-10
10527	80.88732705	8.76172912e-10
10528	82.54498085	5.827009986e-10
10529	81.12032888	5.886153787e-10
10530	77.62102998	7.943032898e-10
10531	82.77290248	7.501714805e-10
10532	86.84329112	5.557527771e-10
10533	80.31356998	8.756870784e-10
10534	75.18303039	6.580762602e-10
10535	77.10033472	5.74887693e-10
10536	80.69167096	2.425384338e-10
10537	77.76928352	8.339799962e-10
10538	59.11520757	5.050475593e-10
10539	33.01592818	-1.384670156e-12
10540	14.07652753	5.709539508e-10
10541	9.227721209	2.180211567e-10
10542	25.01995045	-3.837827833e-10
10543	50.85252805	-4.603109005e-10
10544	69.5165126	-4.282636468e-10
10545	82.09555746	-4.948006449e-10
10546	93.83469893	-6.737952418e-10
10547	109.0861715	-8.022462694e-10
10548	119.5219822	-8.840697063e-10
10549	110.5684271	-9.153806602e-10
10550	101.3466513	-6.666187602e-10
10551	105.002997	-8.664216011e-10
10552	103.2555065	-8.070140112e-10
10553	103.6415102	-1.159168761e-09
10554	113.7225816	-1.224524482e-09
10555	111.2288515	-1.224340629e-09
10556	101.7837358	-9.239498056e-10
10557	106.6885115	-7.168150518e-10
10558	119.3161805	-4.959588296e-10
10559	130.4560575	-2.009956646e-10
10560	140.7936383	3.507052426e-10
10561	150.8933138	4.922533492e-10
10562	164.7079568	4.510614104e-10
10563	181.9092763	9.137153256e-10
10564	190.376894	7.772307242e-10
10565	184.1744724	9.185132654e-10
10566	173.9842109	8.274092522e-10
10567	166.258114	5.937250691e-10
10568	160.2261438	7.863407703e-10
10569	159.5124462	8.948539687e-10
10570	159.1948255	1.072169908e-09
10571	153.0736091	1.051711607e-09
10572	145.0708653	8.262901474e-10
10573	132.526236	5.697344818e-10
10574	117.3952382	4.850040369e-10
10575	110.7148702	4.471241155e-10
10576	110.1087667	9.25659549e-11
10577	108.4767947	-5.210587517e-11
10578	102.7851616	-1.193090071e-10
10579	97.23910891	-2.656168618e-10
10580	101.8878733	-7.763860665e-10
10581	108.4346785	-8.984351041e-10
10582	109.9626221	-8.756000369e-10
10583	114.4310854	-8.003269159e-10
10584	114.5964982	-7.960920811e-10
10585	116.1700469	-1.107403946e-09
10586	135.5168416	-8.962111053e-10
10587	148.9241531	-9.475087381e-10
10588	144.1609695	-7.800400326e-10
10589	146.6240898	-3.427569339e-10
10590	154.5034031	1.782272108e-10
10591	152.0229857	2.46103582e-10
10592	147.2920485	3.924505165e-10
10593	146.0763493	7.110303457e-10
10594	141.3060081	6.333475966e-10
10595	132.4332776	3.918767533e-10
10596	129.2347012	1.626627721e-10
10597	131.8507791	4.137650222e-10
10598	127.3264712	7.784617395e-10
10599	115.2126518	6.014202469e-10
10600	106.9873446	4.475628756e-10
10601	106.0567904	8.684111208e-10
10602	105.015106	4.805613685e-10
10603	95.78725803	-2.438582669e-11
10604	84.46734812	-1.238902314e-10
10605	82.01159915	-4.282432187e-10
10606	88.16559295	-8.400231621e-10
10607	98.00964633	-9.405045631e-10
10608	102.4678155	-4.266205167e-10
10609	97.84117621	-4.752820359e-10
10610	93.91341077	-6.658646967e-10
10611	93.22835188	-6.919531614e-10
10612	92.25100429	-6.340883374e-10
10613	88.1006998	-7.1989259e-10
10614	77.79632057	-1.212683287e-09
10615	76.94938657	-7.82904408e-10
10616	96.68198024	-5.431530781e-10
10617	118.6611361	-6.689173659e-10
10618	130.567682	-8.10328693e-10
10619	135.1301094	-8.358149728e-10
10620	136.7567744	-4.703357703e-10
10621	139.973871	-4.850821966e-10
10622	140.0466553	-3.233502355e-10
10623	141.4208177	9.263079193e-11
10624	153.5266117	2.868763005e-10
10625	153.2452125	2.429665358e-10
10626	119.1018845	3.426769979e-10
10627	74.16558775	5.516245238e-10
10628	54.13096625	1.012150364e-09
10629	63.6382304	9.317746574e-10
10630	76.10864642	7.33029637e-10
10631	78.43442198	1.281192041e-09
10632	82.65181066	8.032525756e-10
10633	87.94619369	3.403446414e-10
10634	85.95135903	1.352136181e-10
10635	79.51313936	8.592184741e-10
10636	73.15273854	5.610818476e-10
10637	73.49468828	1.780176007e-10
10638	80.78731349	4.235785056e-10
10639	85.96287412	1.290132445e-10
10640	86.95966537	-2.669242605e-10
10641	86.6249988	-5.479252607e-10
10642	88.67947167	-4.701679046e-10
10643	91.36056828	-8.243192795e-10
10644	87.24675216	-1.066778665e-09
10645	84.18594057	-9.057714578e-10
10646	88.74886226	-6.982467937e-10
10647	89.56246633	-6.925899854e-10
10648	85.87575232	-2.933235876e-10
10649	84.17461827	-3.450733033e-10
10650	81.96840629	-2.1263169e-10
10651	81.1663684	-5.591642704e-10
10652	84.79483543	-3.293774142e-10
10653	87.01786557	-7.746869812e-11
10654	82.79506523	2.16972218e-10
10655	79.05594553	6.690523691e-10
10656	81.30506258	5.902123235e-10
10657	79.08886965	2.616031836e-10
10658	74.33018566	1.120490367e-10
10659	81.27097769	2.824140921e-10
10660	88.3360819	1.740261268e-10
10661	83.17368094	5.117506419e-11
10662	76.99595617	4.388818198e-10
10663	78.06695881	5.181846063e-10
10664	85.56415105	3.138529436e-10
10665	87.78452765	9.949872037e-10
10666	71.61403153	6.316653867e-10
10667	44.78205629	3.028901574e-10
10668	18.73236355	3.025766304e-10
10669	3.45070561	5.890914423e-10
10670	11.426465	-1.673958749e-10
10671	35.61209684	-6.849489864e-10
10672	61.55822021	-2.876214822e-10
10673	83.72882726	-3.534603721e-10
10674	101.336259	-4.557261235e-10
10675	120.5612214	-5.382165824e-10
10676	133.5455349	-5.603109088e-10
10677	129.2645998	-8.01243516e-10
10678	125.218443	-6.893170479e-10
10679	128.9101612	-7.297948912e-10
10680	129.336477	-4.073896775e-10
10681	133.606546	-7.533635937e-10
10682	140.7498537	-9.54726076e-10
10683	135.3016509	-5.640625744e-10
10684	127.167108	-3.774722757e-10
10685	134.1756728	-4.559321809e-10
10686	149.0825845	-4.056701641e-10
10687	160.2538946	1.477493683e-10
10688	171.0690736	6.479625725e-10
10689	182.0949756	1.291891039e-10
10690	190.7034622	2.988826964e-10
10691	202.9700378	6.409921482e-10
10692	211.3834974	3.466711362e-10
10693	200.4360382	6.615081816e-10
10694	177.7872355	7.008384983e-10
10695	155.7890204	1.062945287e-09
10696	137.80891	9.23847665e-10
10697	125.4153169	1.135889605e-09
10698	113.913499	1.254527149e-09
10699	105.2918553	1.177377307e-09
10700	101.8978102	1.092998581e-09
10701	94.79801723	7.536264945e-10
10702	88.46175454	6.651363904e-10
10703	91.36944542	6.356897231e-10
10704	99.81212496	-2.590105908e-11
10705	110.4804708	-3.394262649e-10
10706	115.5972104	-2.154809664e-11
10707	117.3656697	-2.737987614e-10
10708	127.2494239	-9.087912645e-10
10709	135.4893257	-1.137708594e-09
10710	139.0725787	-8.922294015e-10
10711	144.8740127	-9.026832615e-10
10712	141.4744499	-7.250076095e-10
10713	138.9690658	-7.677272151e-10
10714	154.889569	-8.033103072e-10
10715	164.1838426	-6.457341328e-10
10716	154.2996872	-6.133973329e-10
10717	147.9288317	-2.136797406e-10
10718	144.7595028	-1.46229695e-11
10719	130.2127699	3.712798957e-10
10720	114.0159643	5.167528627e-10
10721	105.2327704	6.715321632e-10
10722	90.86768256	3.716209562e-10
10723	71.51063875	2.632098983e-10
10724	69.08370974	1.316795561e-10
10725	82.55721846	5.485212284e-10
10726	90.7971116	9.06364761e-10
10727	88.98386973	7.717648742e-10
10728	87.04469662	7.297114024e-10
10729	91.80140447	6.813412057e-10
10730	97.12240642	7.865530449e-10
10731	96.4841724	4.147810984e-10
10732	95.87630206	-3.999467424e-11
10733	98.09760412	-1.54164681e-10
10734	102.7538277	-5.090576849e-10
10735	108.1104793	-6.116476214e-10
10736	104.6107054	-3.246860558e-10
10737	96.56380384	-4.954419097e-10
10738	92.50452485	-4.775593254e-10
10739	87.10515704	-6.406022379e-10
10740	83.75541335	-3.01325187e-10
10741	80.29579636	-5.797318181e-10
10742	70.44516775	-8.812932606e-10
10743	76.1785291	-4.98559416e-10
10744	105.06634	-3.892299816e-10
10745	134.2998704	-3.476809951e-10
10746	154.8184779	-5.087983368e-10
10747	164.2806947	-6.877876046e-10
10748	165.0407337	-6.933937868e-10
10749	168.3406412	-3.993108066e-10
10750	168.425712	-4.307096901e-10
10751	162.6948691	-4.44657644e-11
10752	164.1936682	3.612115052e-10
10753	162.7102836	3.609876842e-10
10754	132.8922279	6.076668058e-10
10755	82.77463043	9.676863755e-10
10756	53.04624104	7.639542332e-10
10757	59.66092085	1.383373416e-09
10758	74.31342757	1.340218603e-09
10759	78.35331645	1.129006222e-09
10760	80.93414819	1.276198702e-09
10761	85.95629485	6.171401168e-10
10762	87.7598284	3.602291798e-10
10763	83.82486494	3.673044091e-10
10764	79.52456566	6.524771834e-10
10765	81.07386284	2.964704038e-10
10766	85.65333306	1.748787781e-10
10767	88.39661363	8.398615137e-12
10768	86.10789022	-2.893116857e-10
10769	81.96906484	-7.135376734e-10
10770	83.68118628	-4.653681884e-10
10771	83.96783181	-8.112657213e-10
10772	79.32800391	-9.673630785e-10
10773	81.4584811	-9.823448721e-10
10774	85.45459405	-6.644533812e-10
10775	84.81713798	-7.317613182e-10
10776	86.46835172	-8.274199104e-10
10777	86.6987006	-4.00298461e-10
10778	83.93018275	-4.440838808e-10
10779	83.45825302	-8.100506932e-10
10780	82.42928364	-8.247464933e-10
10781	80.99844353	-4.023270606e-10
10782	80.68001467	-2.809787958e-10
10783	82.47511635	-1.571187624e-10
10784	87.18606176	2.104592056e-10
10785	85.99424027	3.454942998e-10
10786	82.72588873	6.659917062e-11
10787	90.51205034	2.043325509e-10
10788	98.10115815	1.652882275e-10
10789	91.56104308	1.974758135e-10
10790	77.82144559	1.482352019e-10
10791	70.99062102	6.777032269e-10
10792	76.16393314	8.823839437e-10
10793	78.42024459	8.024656495e-10
10794	64.00823819	9.027765202e-10
10795	37.99971954	6.533191765e-10
10796	9.415920579	6.956142329e-10
10797	-8.045836878	9.985559046e-10
10798	-1.778501599	1.889972623e-10
10799	24.64254645	-4.001918796e-10
10800	59.68852164	-4.237925566e-10
10801	90.05270611	5.553957294e-11
10802	111.031204	-1.158664276e-10
10803	126.6541853	-1.998898824e-10
10804	131.1853604	-2.378310882e-10
10805	124.4442531	-2.952376121e-10
10806	118.9389619	-4.765983164e-10
10807	117.6720906	-6.11839468e-10
10808	120.4364585	-7.877503094e-10
10809	127.8126585	-7.454055151e-10
10810	132.7699502	-9.469474094e-10
10811	131.8197883	-6.149480924e-10
10812	131.4138276	-7.159446369e-10
10813	138.0919392	-8.221192616e-10
10814	145.0523678	-5.950013815e-10
10815	144.127185	8.803269225e-11
10816	142.9761675	3.316884545e-10
10817	141.0253251	2.333973015e-10
10818	132.5507085	4.22968327e-10
10819	130.445301	5.205151865e-10
10820	133.9952192	6.952092235e-10
10821	125.9971191	6.863274393e-10
10822	109.4962147	9.456488925e-10
10823	97.99393998	8.481801927e-10
10824	96.86074713	1.0182859e-09
10825	99.82035634	1.0482335e-09
10826	100.6894026	1.159410346e-09
10827	108.4803694	8.677716323e-10
10828	121.8485175	6.725162649e-10
10829	127.9338393	6.870735092e-10
10830	130.3245695	8.080576208e-10
10831	133.480526	5.290612393e-10
10832	138.1741922	1.856470533e-10
10833	145.9817015	6.491163163e-11
10834	148.594265	-6.502531846e-11
10835	148.2635168	-3.951932115e-10
10836	152.0219774	-6.918075002e-10
10837	152.2385163	-8.03886735e-10
10838	151.5186072	-1.013871653e-09
10839	151.1335793	-1.205213707e-09
10840	139.065097	-9.572662663e-10
10841	126.1659644	-8.517133665e-10
10842	125.1456845	-8.514078331e-10
10843	117.9502627	-6.390283858e-10
10844	96.80751331	-6.671569963e-10
10845	79.90033781	6.694200749e-11
10846	68.91022595	4.54782878e-11
10847	50.65590686	4.411049304e-11
10848	36.20955803	9.720686478e-10
10849	36.35702405	7.635989618e-10
10850	32.13172074	1.450324305e-10
10851	23.42127199	-1.522657556e-10
10852	36.06536007	3.254658765e-10
10853	66.9823305	3.159197348e-10
10854	90.80501722	4.392308739e-10
10855	97.26013563	6.845564116e-10
10856	96.12763241	9.895444464e-10
10857	97.92785598	7.669704871e-10
10858	97.78049897	8.681393382e-10
10859	95.01815248	5.203428799e-10
10860	95.27023157	3.308802121e-10
10861	94.1379166	1.175415321e-10
10862	94.37083124	-2.053290871e-11
10863	96.40949413	5.91260374e-11
10864	91.68124885	-1.612576739e-11
10865	89.8317685	-2.529620957e-10
10866	93.83208588	-1.208633194e-10
10867	94.01967009	-1.609805622e-10
10868	97.38935662	-4.596145686e-11
10869	99.58521736	-5.146798543e-10
10870	94.72368448	-9.312977056e-10
10871	104.673333	-7.664748836e-10
10872	133.6607899	-6.224567528e-10
10873	164.8618806	-5.063132136e-10
10874	189.5230486	-4.993587766e-10
10875	195.44667	-7.068443608e-10
10876	185.4967907	-5.61964697e-10
10877	180.489601	-5.077271936e-10
10878	176.6965612	7.869260799e-11
10879	161.5291235	1.655031667e-10
10880	149.1008947	3.69061226e-10
10881	145.9736469	6.309655021e-10
10882	123.8802024	8.957439235e-10
10883	75.10763834	1.032271157e-09
10884	41.73143973	4.12638812e-10
10885	47.29636499	1.271644123e-09
10886	66.08625441	1.233329883e-09
10887	74.07146927	1.027064656e-09
10888	73.4868361	5.475495612e-10
10889	74.47655982	4.46066295e-10
10890	75.68738529	4.098712481e-10
10891	72.04063868	3.586340114e-10
10892	70.51235449	6.559464083e-10
10893	73.77876666	5.403730796e-10
10894	77.68876136	1.442579389e-10
10895	81.06648211	-1.136548633e-10
10896	78.4727217	-1.381277315e-10
10897	76.5033216	-3.280931082e-10
10898	82.92917355	-8.011920016e-10
10899	82.88216314	-7.524523227e-10
10900	78.75540429	-8.029257259e-10
10901	82.9299195	-8.016485253e-10
10902	82.56733349	-6.705942468e-10
10903	78.98735472	-9.198917184e-10
10904	82.52443147	-7.622205089e-10
10905	83.49764662	-5.383515855e-10
10906	83.70874522	-4.150138011e-10
10907	87.67814671	-8.228528969e-10
10908	86.64296665	-9.383107624e-10
10909	84.48716302	-5.650981905e-10
10910	87.74815187	-1.824371765e-10
10911	92.68037237	-1.64767755e-10
10912	94.69085079	3.611155819e-10
10913	89.62582685	2.568327773e-10
10914	83.0107702	-5.562483807e-11
10915	84.89202702	-1.151700957e-10
10916	90.02275648	3.723918951e-10
10917	84.35708682	1.562039387e-10
10918	68.47038623	-4.88533658e-11
10919	61.73682249	8.204850133e-10
10920	71.22569587	1.23082522e-09
10921	79.09201632	1.055621368e-09
10922	71.48025705	5.800533387e-10
10923	47.8274085	9.875105178e-10
10924	16.99274671	6.992504353e-10
10925	-4.248722331	5.771738643e-11
10926	-6.196009715	4.745093207e-10
10927	12.14218715	-8.522960115e-11
10928	43.26167786	-5.384652724e-10
10929	73.47495664	-2.003446298e-10
10930	99.2523201	-3.276401372e-10
10931	117.3063757	-2.905977681e-10
10932	123.3569528	-3.662830039e-10
10933	125.5807583	-4.785096763e-10
10934	126.2954899	-6.032454536e-10
10935	127.2687321	-6.299583077e-10
10936	136.2074321	-7.934968238e-10
10937	141.5815853	-9.679581581e-10
10938	135.1407494	-7.716138839e-10
10939	128.3557902	-6.695159982e-10
10940	123.7977722	-8.08471512e-10
10941	118.0220568	-6.469402791e-10
10942	108.7258145	-2.926672238e-10
10943	96.92896742	-1.194244703e-10
10944	92.78893312	1.45243817e-10
10945	93.03732722	1.099937919e-10
10946	89.9882034	4.176552437e-10
10947	95.32528041	5.381952661e-10
10948	111.4219715	4.131699427e-10
10949	122.6937699	3.878941612e-10
10950	124.4288368	8.022844611e-10
10951	128.3176658	1.004577754e-09
10952	139.9008979	1.069187405e-09
10953	145.1004496	1.152470119e-09
10954	140.9090168	1.063758859e-09
10955	144.1810772	7.499139087e-10
10956	153.7408862	5.687805782e-10
10957	158.1382126	8.272582619e-10
10958	157.2459227	6.423555021e-10
10959	152.7497446	3.987814523e-10
10960	150.3034527	1.584599119e-10
10961	151.0445208	1.152749007e-10
10962	147.3393116	-2.649969133e-10
10963	139.791171	-4.666578235e-10
10964	128.7917012	-7.541895997e-10
10965	113.7487701	-9.199236928e-10
10966	101.3235104	-1.191652999e-09
10967	88.80701667	-9.282761226e-10
10968	70.71513082	-9.741860652e-10
10969	54.48430619	-1.022149476e-09
10970	45.42734282	-5.590568009e-10
10971	36.52978878	-6.176605893e-10
10972	23.916482	-5.119211721e-10
10973	18.73936444	1.684412609e-10
10974	21.28550778	-1.750741774e-10
10975	16.16894792	-2.55273136e-10
10976	12.89074462	-2.207478644e-11
10977	23.14951891	5.320597296e-10
10978	28.1395071	1.565751973e-10
10979	27.04103685	-8.754952319e-11
10980	42.69749825	5.395506264e-10
10981	73.12323447	4.454356883e-10
10982	95.32504495	8.990923561e-10
10983	98.60829187	1.064229593e-09
10984	95.69899244	1.348830381e-09
10985	95.99966167	1.160321617e-09
10986	93.70393546	1.033503949e-09
10987	93.83206836	1.080287859e-09
10988	98.41329077	6.327205426e-10
10989	98.14006566	2.295372781e-10
10990	98.69815355	4.581899304e-10
10991	100.5804922	5.177014373e-10
10992	97.82826604	-1.089173196e-10
10993	100.7725564	-4.555555932e-10
10994	107.4366411	-3.720543873e-10
10995	109.4003365	-1.91469951e-10
10996	113.2067433	-5.337916775e-10
10997	114.4738217	-6.700417998e-10
10998	109.8851133	-5.620517385e-10
10999	112.7185625	-8.248584038e-10
11000	127.8076819	-7.829505932e-10
11001	152.6971141	-7.846097105e-10
11002	177.3750152	-3.886491129e-10
11003	180.4253714	-5.917684121e-10
11004	164.7324054	-7.805773805e-10
11005	158.604683	-7.052083362e-10
11006	161.6694935	-2.395470489e-10
11007	149.9542852	-2.516227227e-10
11008	135.6067587	-1.524256277e-10
11009	138.6622798	4.154578903e-10
11010	128.0489125	6.199361025e-10
11011	83.98865147	5.912124124e-10
11012	47.01154874	3.071747301e-10
11013	46.9694664	4.497060502e-10
11014	65.82013876	1.039781594e-09
11015	75.24233618	8.445955046e-10
11016	70.66600631	5.558771221e-10
11017	67.46672003	8.636522608e-10
11018	67.74605072	6.398597208e-10
11019	66.77725066	3.357421008e-10
11020	70.42966364	2.8248337e-10
11021	76.34884907	7.252509704e-10
11022	81.52287679	6.128697549e-10
11023	84.54054123	2.525233356e-10
11024	78.65113165	3.957403294e-10
11025	76.83647354	2.454374481e-10
11026	84.24883849	-1.694608898e-10
11027	81.60947046	-4.606910409e-10
11028	76.57703425	8.482814451e-11
11029	79.55461835	-3.585984842e-10
11030	76.53943655	-6.413607423e-10
11031	73.88317679	-4.636842021e-10
11032	79.47553355	-4.538627252e-10
11033	81.78836818	-8.5484686e-10
11034	84.05306611	-6.247411477e-10
11035	89.1579876	-8.374261284e-10
11036	86.47478438	-8.978435773e-10
11037	80.25090822	-8.377405436e-10
11038	81.11586386	-5.171703066e-10
11039	84.47238887	-4.146532007e-10
11040	83.2999917	4.843414558e-11
11041	79.89623682	2.238742525e-10
11042	77.46274635	8.230216508e-11
11043	80.16939247	1.783604375e-10
11044	89.94132257	2.017781497e-10
11045	92.10060449	-3.609557098e-11
11046	80.81505418	1.913100789e-10
11047	76.13766189	6.397193886e-10
11048	83.0336164	1.107181902e-09
11049	85.51086258	6.996216939e-10
11050	72.77342583	5.300080375e-10
11051	42.01290116	1.009041739e-09
11052	6.487938618	2.931841436e-10
11053	-15.69063104	-4.396838449e-11
11054	-18.99988829	-6.634408578e-10
11055	-1.309749598	3.586109187e-11
11056	30.87763198	-2.960920398e-10
11057	69.0618465	-4.92814678e-10
11058	109.9096358	-4.884981308e-12
11059	137.8304633	-4.159872447e-11
11060	148.5494392	-3.888747102e-10
11061	152.0192622	-3.733990894e-10
11062	143.0882692	-2.063487159e-10
11063	132.2074694	-2.757989392e-10
11064	134.4778615	-8.097167381e-10
11065	129.2188126	-8.497771375e-10
11066	111.6027084	-6.082547799e-10
11067	104.7370229	-7.133671431e-10
11068	107.65677	-5.151576943e-10
11069	107.9764968	-6.728875235e-10
11070	105.9580704	-3.886029276e-10
11071	107.1960813	-2.310329705e-10
11072	115.6574558	-1.399058647e-11
11073	125.3002011	3.522249159e-10
11074	129.3678901	3.158646678e-10
11075	133.9172235	2.704272362e-10
11076	145.2138248	2.932125653e-10
11077	154.4865944	5.265423653e-10
11078	153.5271539	4.223146277e-10
11079	155.5679629	4.866915759e-10
11080	165.6123922	8.871978707e-10
11081	163.8588364	1.261145854e-09
11082	150.4448134	7.79559528e-10
11083	144.5020397	5.877289766e-10
11084	146.4641597	4.45409043e-10
11085	146.1534813	6.629630178e-10
11086	136.7188294	5.590337082e-10
11087	120.9367797	4.113740459e-10
11088	108.4523858	5.19944976e-10
11089	98.23071382	9.735856565e-11
11090	86.40734212	-1.700470875e-10
11091	71.79741234	-5.780051993e-10
11092	52.71013337	-2.439168867e-10
11093	37.56923615	-7.556835158e-10
11094	30.31732299	-1.344757194e-09
11095	25.44900701	-8.026201925e-10
11096	24.27351823	-9.615135355e-10
11097	24.43568826	-1.20836674e-09
11098	23.20861156	-1.390370485e-09
11099	22.90287422	-4.284856914e-10
11100	20.9602933	-2.151416822e-10
11101	23.32041369	-5.814300152e-10
11102	30.58439034	-1.000319827e-10
11103	27.46814698	3.313438413e-11
11104	21.37541583	1.459152799e-10
11105	26.93532653	8.564118303e-10
11106	33.77536541	5.455831342e-10
11107	39.02998199	5.121201241e-10
11108	56.23151654	1.026556617e-10
11109	83.64375688	5.66847902e-10
11110	101.4138462	7.785594391e-10
11111	103.2643906	1.156273299e-09
11112	104.8210904	1.481675227e-09
11113	108.044308	1.005018291e-09
11114	105.9961104	1.043616749e-09
11115	107.6961961	8.83645157e-10
11116	111.3841667	5.358309352e-10
11117	108.6191215	3.431868123e-10
11118	107.0004536	4.063327452e-10
11119	106.4448574	4.135891629e-10
11120	103.4360409	1.726263577e-11
11121	104.623159	-3.563247475e-10
11122	108.103549	-1.342197464e-10
11123	109.1125435	-3.416698036e-10
11124	109.4683908	-5.422755578e-10
11125	109.8151749	-9.743352791e-10
11126	108.6399164	-7.411351532e-10
11127	104.388828	-6.577103306e-10
11128	106.0755157	-9.553122737e-10
11129	126.561047	-7.947598135e-10
11130	154.7687317	-4.593569969e-10
11131	164.7186308	-6.570690658e-10
11132	156.4572092	-7.811777891e-10
11133	159.3248291	-4.848423885e-10
11134	175.1716427	-5.325802022e-10
11135	172.1177745	-2.734950044e-10
11136	159.9122722	-1.033768626e-10
11137	166.1157989	4.232134643e-10
11138	159.9552515	6.762821414e-10
11139	115.3668777	5.159392913e-10
11140	68.89748075	4.159783629e-10
11141	57.52648119	6.929177232e-10
11142	73.08942006	4.629061578e-10
11143	83.59288454	8.38753067e-10
11144	78.65602903	7.322817908e-10
11145	73.83485425	9.798633016e-10
11146	73.36161442	1.122273829e-09
11147	74.80735063	1.11534959e-09
11148	79.36138071	1.265588523e-09
11149	83.15486954	1.521748061e-09
11150	87.58574115	9.387921551e-10
11151	87.52222901	1.003064298e-09
11152	77.31044285	9.168061865e-10
11153	75.13869441	7.670131197e-10
11154	82.10599259	2.221192119e-10
11155	79.41205594	-2.318394365e-10
11156	75.19938685	3.00897085e-10
11157	76.29514683	-1.008064743e-10
11158	73.10270832	-4.675282383e-10
11159	71.68853103	-9.517453492e-10
11160	76.47165101	-6.409059949e-10
11161	78.32532698	-9.34450739e-10
11162	78.44169702	-1.010132422e-09
11163	80.99315711	-6.250537865e-10
11164	78.97445157	-8.441212174e-10
11165	73.40414175	-8.67844463e-10
11166	75.43051565	-3.193783016e-10
11167	80.26512537	-2.059348247e-10
11168	80.29194773	-3.132996085e-10
11169	82.18650095	-3.238938007e-10
11170	83.46580819	-1.334328203e-10
11171	82.71940601	1.009325956e-10
11172	88.14289653	-1.87890592e-10
11173	88.3481975	-2.050057901e-10
11174	77.40094929	-4.306954793e-11
11175	72.34438029	6.476295056e-10
11176	74.85648332	1.117903992e-09
11177	73.96578646	9.718679195e-10
11178	61.14100488	8.619860381e-10
11179	33.40473721	2.940954147e-10
11180	6.250775504	5.989111429e-10
11181	-6.692104335	2.283364609e-10
11182	-5.304095852	-9.093525932e-11
11183	8.823371872	4.945786003e-10
11184	30.75094891	5.340581311e-10
11185	64.01536807	1.608224665e-10
11186	105.9011411	2.248530251e-10
11187	133.3953485	8.687983666e-11
11188	144.242776	-4.12558876e-11
11189	144.3945718	2.080895456e-10
11190	127.2390206	4.431406353e-10
11191	114.8245909	-2.351185913e-10
11192	123.4467703	-4.684892474e-10
11193	125.8693535	-2.54292587e-10
11194	117.3521568	-8.581757527e-11
11195	122.0533361	-4.405027454e-10
11196	135.6270242	-5.078213405e-10
11197	141.3880142	-4.013553934e-10
11198	143.7605449	-4.09084322e-10
11199	149.6453969	-3.215703259e-10
11200	154.7710412	-4.947224852e-10
11201	157.1845593	8.652101258e-11
11202	156.1000475	2.116529174e-11
11203	151.9819833	7.01891878e-11
11204	153.6752719	1.091091661e-10
11205	156.3628615	3.694857753e-10
11206	149.6685093	4.420677158e-10
11207	147.8654321	3.503810575e-10
11208	153.0288638	1.052290699e-09
11209	142.6524606	1.172177022e-09
11210	117.0626818	8.354295034e-10
11211	94.47977045	6.606235559e-10
11212	82.1708449	6.882245884e-10
11213	72.50984696	6.287628196e-10
11214	54.78187382	7.89455612e-10
11215	36.84389873	4.416875754e-10
11216	28.84830016	3.102673674e-10
11217	26.7694221	7.186606865e-10
11218	27.83070671	-9.855227745e-11
11219	24.96481748	-5.487272858e-10
11220	17.10607033	6.772538086e-11
11221	16.41721023	-4.209148585e-10
11222	18.21911434	-1.032351093e-09
11223	18.44959943	-1.120863402e-09
11224	24.77051616	-8.996110523e-10
11225	27.03288208	-1.165828323e-09
11226	21.3323988	-1.06243192e-09
11227	18.39739177	1.095568081e-10
11228	16.63624448	-1.962003893e-10
11229	19.13180757	-6.677929321e-10
11230	28.47061988	-9.060396877e-10
11231	30.35038532	1.797921811e-10
11232	25.12532472	8.522960115e-12
11233	28.53416021	-1.166000629e-10
11234	40.81590396	4.920401864e-10
11235	54.54031437	3.950830774e-10
11236	72.77578103	2.99582581e-10
11237	92.82298973	6.212452774e-10
11238	98.83396549	9.237073328e-10
11239	95.17163384	1.185924248e-09
11240	99.28219075	1.000291405e-09
11241	104.226283	1.344661271e-09
11242	104.4674075	1.394365512e-09
11243	109.1189842	9.776570664e-10
11244	112.8969365	2.991402681e-10
11245	111.202295	1.735216415e-10
11246	111.0108118	4.08377332e-10
11247	111.540223	1.863931232e-10
11248	108.5055399	2.30915731e-10
11249	103.9228745	-2.791704645e-10
11250	103.4262944	-7.024425486e-11
11251	104.9801558	-6.328804147e-11
11252	104.2425577	-2.297184665e-10
11253	111.0060057	-3.536566595e-10
11254	122.2265442	-3.601137166e-10
11255	120.1345237	-4.449347557e-10
11256	117.280889	-3.98580724e-10
11257	134.6945129	-2.510329722e-10
11258	161.5472662	-5.667324388e-10
11259	174.2915038	-4.78562967e-10
11260	169.6192859	-4.516831353e-10
11261	172.1435319	-5.799343228e-10
11262	185.7083673	-5.601101805e-10
11263	179.7452741	-3.273257221e-10
11264	162.7383248	-1.293276597e-10
11265	164.002506	3.92482491e-10
11266	158.0123172	7.457003903e-10
11267	114.8323446	5.557811988e-10
11268	62.62446497	9.877894058e-10
11269	44.68848029	9.001048795e-10
11270	61.11980904	6.636717842e-10
11271	77.95636631	1.000014294e-09
11272	79.68696244	1.204208289e-09
11273	76.25776012	1.165021857e-09
11274	75.21311804	1.205343381e-09
11275	77.55743307	1.435681796e-09
11276	78.32988518	1.45465151e-09
11277	77.82818379	1.154758067e-09
11278	82.2698451	1.177248521e-09
11279	81.35328535	1.004099914e-09
11280	72.17618311	9.006413393e-10
11281	72.49275981	8.242331262e-10
11282	79.85541278	2.434461521e-10
11283	80.28441528	1.400657368e-10
11284	78.0490553	-2.016218303e-10
11285	78.22039537	-9.938361245e-11
11286	77.6155605	-7.903011578e-10
11287	77.56769149	-6.445546319e-10
11288	82.213587	-7.129870028e-10
11289	86.09007136	-9.915321897e-10
11290	83.77902924	-1.192448806e-09
11291	82.33637358	-1.172896447e-09
11292	81.32353954	-5.835847361e-10
11293	77.05555357	-7.442331196e-10
11294	77.9616393	-5.177724915e-10
11295	80.12647118	1.696083274e-10
11296	77.94214896	-1.812381356e-10
11297	80.12037856	-2.308517821e-10
11298	81.29237531	3.343227917e-10
11299	77.64399883	2.134150634e-10
11300	78.78157026	3.917222102e-11
11301	79.40557346	-2.615898609e-10
11302	76.80847327	6.773124284e-10
11303	79.7854304	7.447535921e-10
11304	86.11331511	9.635741094e-10
11305	87.58783888	1.155424201e-09
11306	74.87390208	1.041991382e-09
11307	47.67328517	9.454197425e-10
11308	21.84656719	5.616307419e-11
11309	7.365438822	5.273506076e-10
11310	3.381530303	5.110134538e-10
11311	4.14003447	4.436611079e-10
11312	10.55100106	1.282513651e-09
11313	39.19326275	1.096310598e-09
11314	85.15508557	8.570992804e-10
11315	123.1696824	8.066365353e-10
11316	149.192391	4.942908305e-10
11317	158.1904893	7.007443514e-10
11318	145.1895159	2.907256658e-10
11319	137.9281757	-9.578293714e-11
11320	149.0914372	-3.874873755e-10
11321	153.2472911	-3.65258046e-10
11322	146.222395	-3.028368667e-10
11323	148.3998679	-5.255440527e-10
11324	155.9897737	-6.68947564e-10
11325	155.5249449	-4.277751486e-10
11326	156.8248585	-4.760263295e-10
11327	162.965073	-6.061142699e-10
11328	161.0413929	-2.379572095e-10
11329	154.4662086	-8.380496297e-11
11330	146.1851754	9.828227121e-11
11331	131.9999698	2.471978178e-10
11332	120.7159565	5.642988299e-10
11333	108.1409236	6.422524734e-10
11334	85.93764886	3.373035184e-10
11335	70.96340534	5.266969083e-10
11336	66.56157132	1.151683193e-09
11337	54.23543544	9.554135261e-10
11338	30.85545729	6.07055739e-10
11339	11.22389728	1.03323039e-09
11340	8.539003462	8.76113404e-10
11341	13.18573874	5.866898078e-10
11342	10.87081808	1.193843246e-09
11343	10.16418772	1.021366103e-09
11344	15.92146888	6.486366999e-10
11345	23.50272155	4.169820045e-11
11346	30.32303159	2.070539296e-10
11347	26.62732223	-1.543920547e-10
11348	18.26540934	-7.089191456e-10
11349	17.75643874	-3.029931861e-10
11350	14.81897843	-6.397158359e-10
11351	12.44971353	-8.771419147e-10
11352	21.33161892	-1.217706824e-09
11353	25.75009039	-9.05403752e-10
11354	21.87445254	-1.128398708e-09
11355	22.45889507	-8.041975974e-10
11356	23.93083749	-1.270219485e-10
11357	25.47987718	-2.532356547e-10
11358	32.67668565	-5.975895334e-10
11359	33.73962059	-9.708855941e-11
11360	21.21735235	-3.66338071e-11
11361	14.27154658	-3.612452559e-10
11362	25.18454389	-2.841247237e-10
11363	43.82166481	3.957811856e-10
11364	65.99496494	1.071711608e-10
11365	84.95082675	2.658300247e-10
11366	88.03087339	8.191101131e-10
11367	89.44093445	8.997353973e-10
11368	101.455237	9.958363023e-10
11369	109.3037536	1.24987487e-09
11370	111.414388	1.372262304e-09
11371	114.3604469	8.925180595e-10
11372	112.0854718	6.650022755e-10
11373	105.8240204	7.824851878e-10
11374	103.7101987	7.274056912e-10
11375	106.8019758	7.375735578e-10
11376	106.5691402	4.367741724e-10
11377	102.3604129	5.72995873e-10
11378	109.4515562	2.961026979e-10
11379	122.4669673	2.966018542e-10
11380	130.4261994	2.578381952e-11
11381	150.4028787	-1.101163605e-10
11382	174.2640197	-1.221742707e-10
11383	173.4659661	-4.642313201e-10
11384	162.2472541	-2.380176056e-10
11385	162.9591022	-1.721929266e-10
11386	169.5176097	-5.670912628e-10
11387	168.960421	-3.626361433e-10
11388	157.7038251	-3.410303151e-10
11389	151.7071438	-2.285123202e-10
11390	156.8978377	-4.769411532e-10
11391	151.5431248	-4.070521697e-10
11392	138.6551759	1.305942021e-10
11393	142.2260573	3.739799581e-10
11394	145.2629586	4.047482349e-10
11395	113.0544101	3.906794888e-10
11396	61.64345484	3.037001761e-10
11397	38.58889241	8.069971358e-10
11398	51.68748239	5.643308043e-10
11399	71.2589669	2.650217823e-10
11400	78.15867442	9.524541156e-10
11401	73.81261561	1.175095576e-09
11402	71.04537892	9.732907813e-10
11403	73.20758058	1.632820101e-09
11404	70.24045935	1.284977458e-09
11405	68.92207213	8.162519549e-10
11406	76.06248393	7.491500753e-10
11407	77.6998826	1.15808696e-09
11408	74.40148169	7.867644314e-10
11409	78.08112799	3.22611271e-10
11410	85.12799213	1.120348259e-10
11411	87.71982567	1.393907212e-11
11412	85.08351769	-2.145963407e-10
11413	83.88190599	-2.096811613e-10
11414	84.89049106	-4.606306447e-10
11415	83.10352231	-3.713367391e-10
11416	86.15048582	-5.385203394e-10
11417	91.37466504	-6.38337383e-10
11418	85.49649777	-6.572733469e-10
11419	78.48711824	-7.727400941e-10
11420	77.31156825	-3.955857864e-10
11421	75.09981351	-1.715587672e-10
11422	75.96848479	1.004796246e-10
11423	78.61718238	1.02293285e-10
11424	79.06701023	-1.976232511e-10
11425	83.07015114	-1.708020392e-10
11426	86.88464383	4.741806947e-11
11427	85.72702084	1.450644049e-10
11428	83.82856387	1.199680355e-10
11429	82.68520962	-1.702460395e-11
11430	83.06342177	5.512035273e-10
11431	85.97945278	1.04937925e-09
11432	90.435877	1.122375082e-09
11433	89.6202439	1.422829854e-09
11434	73.28100496	1.591777377e-09
11435	45.55770647	9.92081084e-10
11436	20.24647099	6.603730895e-10
11437	6.588976321	1.310949571e-09
11438	4.179342222	9.143299451e-10
11439	1.041307206	7.262492829e-10
11440	3.044293088	6.684537368e-10
11441	31.72020646	1.556749396e-09
11442	78.44902016	1.122909765e-09
11443	122.7635386	7.874803032e-10
11444	156.9659317	3.465370213e-10
11445	167.3799097	4.078852811e-10
11446	155.3455268	1.04314779e-10
11447	147.3145508	-2.296545176e-10
11448	151.8049836	-3.797744341e-10
11449	152.5381994	-6.287130816e-10
11450	145.5076123	-5.389999558e-10
11451	142.7836985	-6.64915234e-10
11452	140.6709656	-3.317595088e-10
11453	131.319993	-3.395275172e-10
11454	126.2680883	-4.250004793e-10
11455	122.2367051	-4.640163809e-10
11456	104.7432682	-4.039328871e-10
11457	83.39872225	-1.690203533e-11
11458	63.47182733	4.673452736e-10
11459	41.97903213	3.489688538e-10
11460	27.69731972	3.961275752e-10
11461	16.19665935	9.982112914e-10
11462	1.462351914	6.060076885e-10
11463	-2.622929204	7.072991082e-10
11464	8.316924981	1.618642997e-09
11465	19.39583125	1.013114925e-09
11466	18.39541004	5.862776931e-10
11467	14.85855396	3.714859531e-10
11468	23.65267975	9.160157077e-10
11469	33.36243065	7.006164537e-10
11470	33.10946525	3.921787339e-10
11471	31.31754073	8.54424087e-10
11472	30.05820577	7.337739305e-10
11473	30.7077894	4.954507915e-10
11474	31.86896336	4.646398821e-10
11475	25.75124596	1.439488528e-10
11476	23.15663828	-5.16575227e-10
11477	28.24523627	-8.779306171e-10
11478	26.58381712	-5.712053053e-11
11479	26.43549002	-4.385629637e-10
11480	36.24904013	-8.069598323e-10
11481	37.80259445	-6.001101838e-10
11482	27.51239727	-5.3291771e-10
11483	19.24496288	-5.890186117e-10
11484	11.42991739	-1.011667194e-09
11485	2.893172464	-5.06698683e-10
11486	4.604910172	-7.189662199e-10
11487	7.161894393	-8.437055499e-10
11488	-4.490015876	9.415401792e-11
11489	-8.813828971	-3.157722972e-10
11490	13.20369288	-4.760920547e-10
11491	48.31397769	1.895248403e-10
11492	83.80187664	1.724416165e-10
11493	104.6364836	6.540918918e-10
11494	104.0717625	5.231939326e-10
11495	104.5522119	1.128581673e-09
11496	110.7260153	1.161835073e-09
11497	108.0651812	1.526640148e-09
11498	103.5684179	1.691251583e-09
11499	103.1140072	1.463973831e-09
11500	101.7456533	7.725020623e-10
11501	102.8550726	9.539178336e-10
11502	114.9004146	1.042613107e-09
11503	137.6562825	4.795346342e-10
11504	153.2407555	5.272760006e-10
11505	159.9677978	6.764970806e-10
11506	177.9857073	5.415490278e-10
11507	195.104851	3.95738553e-10
11508	199.4864243	-4.729017178e-11
11509	214.1573474	-4.792628516e-10
11510	230.0152967	-1.243929404e-10
11511	219.6556844	-9.394085509e-11
11512	197.2715005	-3.034195117e-10
11513	181.7218348	-3.525233438e-10
11514	172.5923286	-8.010729857e-10
11515	167.6401932	-1.057545163e-09
11516	161.3377026	-7.121485623e-10
11517	155.6848988	-6.726637025e-10
11518	159.0523459	-8.212488467e-10
11519	162.2263107	-7.264642221e-10
11520	156.7824425	-2.233697671e-10
11521	158.1835089	-1.878568412e-10
11522	162.369362	-9.788259092e-11
11523	133.2457011	1.468887234e-10
11524	76.1593875	1.802185068e-10
11525	39.67871428	5.691553895e-10
11526	39.91512298	4.172910906e-10
11527	57.48678325	4.496065742e-10
11528	69.31539506	1.572040276e-10
11529	67.25071517	7.914273681e-10
11530	67.21652535	8.661729112e-10
11531	71.39167451	9.374012677e-10
11532	68.22395258	1.064567101e-09
11533	68.87157265	6.165610245e-10
11534	75.77198765	3.66034314e-10
11535	75.93530788	9.355289876e-10
11536	74.08192314	7.795168955e-10
11537	75.7739405	5.593498997e-10
11538	78.98666517	3.155875561e-10
11539	79.8470328	3.898676937e-10
11540	74.59257236	1.369873104e-10
11541	73.13368632	-2.730295989e-10
11542	76.06583061	-5.409184212e-11
11543	74.12769868	-1.220072932e-10
11544	78.89294389	-1.779607572e-10
11545	88.43691668	-1.110542769e-10
11546	84.00661769	-3.881179822e-10
11547	76.09278205	-6.001332764e-10
11548	76.91699325	-5.109672685e-10
11549	77.51780485	-1.685069861e-10
11550	77.10689336	-1.038422681e-10
11551	79.5323464	-3.479883048e-10
11552	80.82610269	-1.334328203e-10
11553	80.73358453	-1.623305934e-10
11554	82.52224598	-2.207567462e-10
11555	82.06232997	-3.740776577e-10
11556	76.43956962	-2.123101694e-11
11557	73.28749763	2.587654535e-10
11558	73.91159626	2.367812613e-10
11559	75.02787341	9.365468401e-10
11560	80.32562275	1.021390972e-09
11561	81.73441145	1.206672096e-09
11562	68.02690961	1.556065499e-09
11563	44.43604833	1.507679315e-09
11564	19.86678826	8.710880905e-10
11565	6.387549597	5.105711409e-10
11566	5.315049163	8.174616539e-10
11567	0.8720447543	1.048315212e-09
11568	1.119906621	1.104689673e-09
11569	23.81128549	1.645208414e-09
11570	61.15633129	1.032862684e-09
11571	103.3244032	4.679439058e-10
11572	138.0360001	2.919140485e-10
11573	148.0479215	1.531361704e-10
11574	139.5532434	-9.148415359e-11
11575	129.7201275	-4.82719642e-10
11576	123.231762	-4.431299772e-10
11577	115.0174961	-4.519726815e-10
11578	101.4176536	-6.733245073e-10
11579	86.64351478	-4.476685689e-10
11580	70.14426233	-2.990727666e-10
11581	52.87013466	-5.403464343e-10
11582	43.95980646	-4.29917435e-10
11583	36.1123132	5.363709477e-11
11584	21.60157451	-1.358362312e-10
11585	10.97351544	-2.490452289e-10
11586	5.367957145	4.586553359e-10
11587	2.128483078	5.466045394e-10
11588	6.102137088	5.23270316e-10
11589	11.85926229	8.981899668e-10
11590	12.782621	4.139124599e-10
11591	15.17956664	4.563016631e-10
11592	26.99445562	4.332481041e-10
11593	39.5658826	6.889404602e-10
11594	37.64254138	3.524736059e-10
11595	31.19912832	2.546265421e-10
11596	33.97655521	8.19762036e-10
11597	36.47966375	6.678675391e-10
11598	35.1298855	7.569909144e-10
11599	33.45258951	3.605578058e-10
11600	30.22254994	8.991190015e-10
11601	30.08634503	8.201066493e-10
11602	29.40237033	4.367617379e-10
11603	24.24840867	6.142251152e-10
11604	24.89555045	-1.160671559e-10
11605	25.42365292	-5.71313663e-10
11606	14.31673689	3.633289225e-10
11607	5.504253199	-3.206999111e-10
11608	7.737982981	-5.258353752e-10
11609	6.08182409	-1.166537089e-09
11610	-4.043249897	-3.102584856e-10
11611	-9.26811593	-5.21383825e-10
11612	-9.25764723	-1.156578833e-09
11613	-7.309700433	-3.025579787e-10
11614	7.408406902	-5.285354376e-10
11615	22.04543365	-9.147509417e-10
11616	14.77590294	-9.028067183e-10
11617	8.605166825	-1.037285813e-10
11618	28.98256877	-2.541344912e-10
11619	66.17064171	-2.665441201e-10
11620	100.0378298	2.278568445e-10
11621	110.1695681	5.284519489e-10
11622	103.3102025	6.30333119e-10
11623	107.4570704	9.840324111e-10
11624	118.2551326	1.014281992e-09
11625	122.907459	1.269537364e-09
11626	131.6459845	1.291050822e-09
11627	147.4540531	8.64673666e-10
11628	162.7440982	9.315233029e-10
11629	177.0157386	8.260361284e-10
11630	198.5584388	6.503242389e-12
11631	224.3309136	2.404068056e-10
11632	232.7891561	3.798756865e-10
11633	229.4416833	-6.170175482e-11
11634	235.9445638	4.036415646e-11
11635	237.369985	4.264144593e-11
11636	227.6622578	5.429967587e-11
11637	230.9193046	-8.006111329e-10
11638	240.4843032	-5.598312924e-10
11639	234.818818	-3.711484453e-10
11640	220.6691163	-8.807443663e-10
11641	208.0985868	-5.569393835e-10
11642	199.0598237	-8.937490747e-10
11643	197.4228465	-5.222187127e-10
11644	193.6132127	-1.053878762e-09
11645	177.2453643	-8.659206685e-10
11646	166.425871	-7.070610764e-10
11647	168.9311272	-6.196394509e-10
11648	163.8715769	-4.572413559e-10
11649	157.6804993	-4.452189728e-10
11650	159.2763947	-4.322426861e-10
11651	135.6898462	-2.532036802e-10
11652	82.40540933	-1.854054688e-10
11653	40.93821319	-1.116458037e-10
11654	33.69647299	3.159463802e-10
11655	52.18530372	6.594724766e-11
11656	69.2766185	4.932942943e-12
11657	70.65316514	6.382396833e-10
11658	71.74767077	9.704130832e-10
11659	73.06291258	8.957368181e-10
11660	68.15588753	6.259313068e-10
11661	68.94351687	6.487876902e-10
11662	71.82301428	6.277804943e-10
11663	68.60856764	6.51310117e-10
11664	66.80114191	9.476099905e-10
11665	68.32507964	5.507683198e-10
11666	72.43403482	4.567279888e-10
11667	74.70777567	8.49082582e-10
11668	71.08508941	3.180105068e-10
11669	72.28671613	-2.02581063e-10
11670	76.48969477	-3.63186814e-10
11671	75.19235806	-2.349693773e-10
11672	80.82549085	-3.328306519e-10
11673	90.9905908	-4.09059453e-10
11674	86.75168546	-4.886864247e-10
11675	77.24478423	-8.202274415e-10
11676	77.75375776	-7.496243626e-10
11677	78.07760174	-1.435545016e-10
11678	73.63704599	-2.254214593e-10
11679	75.31498791	-5.582840856e-10
11680	77.94499875	-9.52889323e-10
11681	75.16504926	-4.857927394e-10
11682	77.666149	-3.958682271e-10
11683	81.27640821	-4.639080231e-10
11684	77.91656313	-1.110382897e-10
11685	77.53923156	1.548308148e-10
11686	78.07519281	4.46723547e-10
11687	75.84721172	5.937419445e-10
11688	78.71326333	1.320620058e-09
11689	77.89125924	1.025695084e-09
11690	64.84989101	1.056905674e-09
11691	43.16870315	1.517713955e-09
11692	17.02720073	1.289958362e-09
11693	2.798791243	6.412417264e-10
11694	4.501182567	1.044764275e-09
11695	6.839439322	9.525784606e-10
11696	12.58195734	9.35232336e-10
11697	27.30203128	6.74642564e-10
11698	48.69771475	9.773355458e-10
11699	77.77711235	3.126015002e-10
11700	99.26552	4.509814744e-11
11701	98.89710631	9.976375281e-11
11702	85.23554125	-3.614974986e-10
11703	66.57471805	-3.534559312e-10
11704	48.72700752	-7.538911717e-10
11705	36.89733183	-4.403588605e-11
11706	26.95723115	-3.072919696e-10
11707	15.79350386	-4.725180247e-10
11708	7.313895398	-1.822151319e-10
11709	7.937265778	-5.177778206e-10
11710	15.23640843	-7.695355464e-10
11711	18.4084017	9.481482266e-11
11712	18.81761605	-3.562288242e-10
11713	21.90735069	-4.530882336e-10
11714	23.07941492	-6.410108e-10
11715	21.48453304	3.347651045e-10
11716	21.65625787	3.328004539e-11
11717	23.99456411	-4.01557898e-10
11718	22.82240221	5.056364216e-10
11719	18.58848068	3.163709295e-10
11720	23.30804301	1.019735407e-10
11721	32.43472083	6.791580631e-10
11722	32.58043239	7.890150755e-10
11723	32.61143246	5.994422736e-10
11724	36.97975364	6.761347038e-10
11725	38.06514331	1.216559298e-09
11726	37.23597535	1.194703003e-09
11727	31.59497111	9.914931098e-10
11728	20.55824384	1.466592181e-09
11729	11.139509	1.245997083e-09
11730	0.909949835	1.030569408e-09
11731	-5.995901047	2.11620943e-10
11732	-2.279882669	4.669793441e-10
11733	0.7277154729	2.27695196e-10
11734	-3.444777962	-4.523652564e-10
11735	-2.339072887	-1.116085002e-11
11736	10.8903347	-3.835101126e-10
11737	22.86811314	-5.22643262e-10
11738	23.2185913	-1.757669565e-10
11739	22.05516843	-5.556515248e-10
11740	21.95612179	-1.050324272e-09
11741	20.4256387	-1.161513552e-09
11742	28.19713276	-6.665352714e-10
11743	32.61928604	-7.059703933e-10
11744	13.47156436	-9.710845461e-10
11745	-3.858470257	-1.44467549e-10
11746	15.09678636	-2.922107001e-10
11747	66.85404705	-2.352109618e-10
11748	116.8181006	2.666808996e-10
11749	137.1137112	4.029629963e-10
11750	145.8833912	4.170068735e-10
11751	168.7116087	4.798366149e-10
11752	192.3987779	7.462794827e-10
11753	204.1204131	5.930687053e-10
11754	213.0518867	8.694200915e-10
11755	223.6776773	2.490914142e-10
11756	229.6199875	4.903277784e-10
11757	230.7012918	4.249471885e-10
11758	237.8173313	6.837375111e-10
11759	245.0287242	-3.809468296e-10
11760	236.2624765	1.744027145e-10
11761	226.2834863	1.065281197e-10
11762	229.5030852	1.163300567e-10
11763	229.2613153	3.941877935e-10
11764	222.235044	1.812416883e-10
11765	224.801249	-5.868159292e-10
11766	235.2960124	-5.178684148e-10
11767	239.5853465	-1.134417005e-10
11768	234.6776498	2.66030753e-10
11769	224.4818371	-5.481446408e-10
11770	214.5097654	-6.262865782e-10
11771	212.2171474	-5.858638019e-10
11772	203.1792063	-6.630607174e-10
11773	170.144687	-8.235119253e-10
11774	145.3539831	-8.681269037e-10
11775	151.8540475	-2.602753568e-10
11776	157.2187484	-6.039648781e-10
11777	155.0947386	-3.187636821e-10
11778	160.3573546	-2.14139817e-10
11779	147.9101143	-5.336033837e-10
11780	105.2201017	-2.754809714e-10
11781	62.17417379	-2.611564298e-10
11782	47.63485129	3.338342935e-10
11783	61.92685278	4.109423912e-11
11784	77.22439376	-2.973976621e-11
11785	79.3396072	-3.410960403e-11
11786	79.20417165	9.094058839e-10
11787	77.0256183	7.403109237e-10
11788	74.33795954	4.767386486e-10
11789	78.5687308	6.335376668e-10
11790	81.12728349	6.304290423e-10
11791	78.07462261	4.261906383e-10
11792	76.57195447	3.545785887e-10
11793	78.70243065	7.493490273e-10
11794	83.15548038	4.462492598e-10
11795	83.85552376	1.219611079e-10
11796	79.67514728	3.414939442e-10
11797	78.01503756	-1.282032258e-10
11798	76.6554734	-7.540386093e-10
11799	73.53386623	-4.986020485e-10
11800	77.67440717	-5.943157078e-10
11801	85.95777574	-4.37598402e-10
11802	83.54919443	-8.837020005e-10
11803	76.77791532	-6.386358109e-10
11804	81.14845595	-8.205738311e-10
11805	84.97506715	-7.104326016e-10
11806	80.55593757	-4.284892441e-10
11807	83.28830668	-8.852225619e-10
11808	86.82768141	-6.001137365e-10
11809	81.6874043	-7.938680824e-10
11810	81.82348546	-6.139977415e-10
11811	83.57127343	-4.909992413e-10
11812	79.57791709	-1.851070408e-10
11813	79.01696928	4.929496811e-10
11814	77.58932904	5.636984213e-10
11815	74.25346961	7.156089055e-10
11816	75.69286775	1.325354049e-09
11817	73.80637531	1.14172849e-09
11818	65.18984493	8.911698046e-10
11819	49.10862367	5.306333151e-10
11820	24.64732691	1.134736749e-09
11821	8.044280238	9.060521222e-10
11822	7.013708446	5.682210258e-11
11823	12.83025709	1.22390631e-09
11824	18.43414208	1.083638068e-09
11825	17.56876179	3.789040193e-10
11826	18.13671056	1.068524824e-09
11827	29.59647117	5.950582249e-10
11828	38.44396509	1.570050756e-10
11829	36.37283757	-4.122746589e-10
11830	28.91582418	-8.898481951e-11
11831	17.68942253	-1.557189933e-10
11832	10.07431113	-4.989182401e-10
11833	13.6373651	2.423483636e-10
11834	18.53384572	-2.401883137e-10
11835	14.38877069	-5.25410826e-10
11836	12.01403905	-7.200675611e-10
11837	21.43093041	-6.962785903e-10
11838	28.36086987	-4.825437827e-10
11839	25.21777358	-7.107665567e-10
11840	24.17847799	-4.009450549e-10
11841	26.37369023	-4.825331246e-10
11842	25.37208417	-3.856541753e-10
11843	22.08005303	9.328360306e-11
11844	22.03796779	-1.038138464e-10
11845	30.06559468	-2.054427739e-10
11846	36.93305434	-2.884377182e-10
11847	37.26338354	4.45663062e-10
11848	41.50303954	3.536264614e-10
11849	45.33571255	1.182982601e-10
11850	42.51439094	1.222669965e-09
11851	40.26665983	1.143426687e-09
11852	35.28771553	1.219973456e-09
11853	27.12822038	1.258577242e-09
11854	21.28810853	1.678120753e-09
11855	12.5724225	1.335450861e-09
11856	3.646522063	9.072920193e-10
11857	-0.3678951348	1.814171924e-09
11858	-1.21247715	1.195456178e-09
11859	7.306832354	3.641957846e-10
11860	23.79374534	5.343885334e-10
11861	35.5789785	1.626645485e-10
11862	38.87446632	-4.583000646e-11
11863	39.50168476	-5.956195537e-10
11864	44.25067754	-4.922178221e-10
11865	45.17469325	-3.862830056e-10
11866	31.59708489	-7.972680294e-10
11867	14.1157045	-4.998419456e-10
11868	0.8619964661	-6.888960513e-10
11869	-7.129234008	-1.079321521e-09
11870	-1.395936921	-4.788418551e-10
11871	7.677790043	-4.938129905e-10
11872	1.344635441	-4.052296276e-10
11873	-1.70097607	-8.043414823e-10
11874	37.97632392	-2.287414702e-10
11875	118.6423837	-4.731326442e-10
11876	186.2191571	-6.744116376e-11
11877	208.8450734	-2.186872905e-10
11878	215.1346745	9.624301356e-11
11879	229.6955022	2.742162053e-10
11880	240.9558077	1.046831954e-09
11881	238.5353525	1.532924898e-10
11882	230.5494256	3.697842033e-10
11883	226.1094884	8.035669907e-10
11884	221.7655559	2.245243991e-10
11885	219.5671282	4.432578748e-10
11886	226.7239034	6.197780067e-10
11887	229.063726	2.718572034e-10
11888	219.6887625	5.505924605e-10
11889	217.4834001	6.869775859e-10
11890	225.1107769	1.228677604e-09
11891	228.7868089	8.332214918e-10
11892	225.3164157	5.364526601e-10
11893	221.7394361	5.746159104e-10
11894	226.2607088	-2.632276619e-10
11895	233.821893	2.662581267e-10
11896	234.0969491	3.56237706e-10
11897	228.0953499	1.377209458e-10
11898	223.7563964	-3.964260031e-10
11899	226.1457878	-2.621192152e-10
11900	213.5039685	-5.637197376e-10
11901	166.8532517	-1.013653161e-09
11902	129.3227826	-6.641478478e-10
11903	134.6941302	-6.288054522e-10
11904	147.054301	-5.750244725e-10
11905	146.369153	-6.304041733e-10
11906	147.4620602	-5.22035748e-10
11907	138.6295403	-7.42019779e-10
11908	102.3239393	-5.870717246e-10
11909	58.04441785	-4.285318767e-10
11910	41.04123637	-3.550759686e-10
11911	54.16214442	1.726512266e-10
11912	70.40939171	-2.680167199e-10
11913	77.55431966	1.42829748e-10
11914	78.37063566	6.60609345e-10
11915	74.95267108	5.678799653e-10
11916	75.00523708	2.99309022e-10
11917	79.63470675	3.706510654e-10
11918	80.45768993	5.007123605e-10
11919	75.95103575	3.214992716e-10
11920	71.81452105	1.31091582e-10
11921	73.0944701	5.32892841e-10
11922	76.15028432	6.635190175e-10
11923	75.91223253	2.338182981e-10
11924	74.98601989	-1.175415321e-10
11925	72.71764655	4.621014682e-11
11926	68.88584001	-2.754916295e-10
11927	69.26043708	-8.050804468e-10
11928	75.62416692	-1.089119905e-10
11929	83.82601551	-2.851159309e-10
11930	84.72024346	-4.530988917e-10
11931	81.45040937	-3.680860061e-10
11932	87.58421257	-2.468141247e-10
11933	92.32187869	-4.868603298e-10
11934	87.06340582	-5.690097282e-10
11935	86.97243147	-4.541576004e-10
11936	87.72787601	-4.020819233e-10
11937	81.19671556	-5.900666622e-10
11938	78.44433336	-3.436042562e-10
11939	78.19696155	-4.241016427e-10
11940	76.88685153	-1.450217724e-11
11941	78.65539819	-1.472280076e-10
11942	80.73560119	6.773319683e-10
11943	83.91438787	1.044345055e-09
11944	86.32058423	8.275229391e-10
11945	81.70569172	9.001155377e-10
11946	72.80864715	6.52271126e-10
11947	56.92181391	7.091358611e-10
11948	30.54684097	1.235623159e-09
11949	5.360217267	8.318750133e-10
11950	-4.344730179	5.512603707e-10
11951	4.057042755	5.300364592e-10
11952	13.62916769	1.483311252e-09
11953	10.79905724	1.043897413e-09
11954	9.744875187	3.921556413e-10
11955	19.90880182	1.118518611e-09
11956	30.82554722	1.676099259e-10
11957	36.72506017	6.128431096e-12
11958	35.92839981	4.113580587e-10
11959	28.46355042	-8.223821624e-11
11960	24.61628143	-1.883400103e-10
11961	30.96548184	-3.89814403e-10
11962	32.95028067	2.468532045e-10
11963	19.54765186	-3.213322941e-10
11964	11.96469229	-9.589271599e-10
11965	21.8765103	-7.543370373e-10
11966	27.5231969	-7.305303029e-10
11967	26.08469598	-1.050587173e-09
11968	32.4736206	-1.123705573e-09
11969	41.96106937	-4.94861041e-10
11970	46.22590999	-8.463985068e-11
11971	45.15159242	-5.243734336e-10
11972	45.55825494	1.090683099e-11
11973	52.53976158	8.555645081e-11
11974	54.124161	-1.270166194e-10
11975	46.48215195	6.349196724e-10
11976	38.57556547	6.409166531e-10
11977	29.24314824	4.282725286e-10
11978	22.58209997	2.65806932e-10
11979	21.58187179	1.351601497e-09
11980	18.64647648	1.26319577e-09
11981	18.92192598	1.280668016e-09
11982	24.64397004	1.66617653e-09
11983	27.64854947	9.960423597e-10
11984	29.47201254	7.494698195e-10
11985	30.22195424	6.859828261e-10
11986	30.66646716	7.175557926e-10
11987	35.68202604	3.615987509e-10
11988	39.21824824	1.75425896e-10
11989	37.19440854	2.937348142e-10
11990	31.01961529	-3.331024345e-11
11991	21.61576514	-6.76354972e-10
11992	16.51434807	2.056310677e-11
11993	13.54814425	3.093703071e-11
11994	3.1373961	-2.543139033e-10
11995	-7.692132141	-9.34171851e-10
11996	-10.12295616	-2.073186067e-10
11997	-5.243991454	-7.085318998e-10
11998	8.335909143	-8.861107403e-10
11999	26.04863358	-2.719282577e-10
12000	31.15263227	-2.049844738e-10
12001	32.72503505	-4.97678343e-10
12002	75.86134228	-6.047322643e-10
12003	160.7277155	-4.513509566e-10
12004	222.0650008	-2.707984947e-10
12005	232.6729556	-1.091606805e-10
12006	227.4110976	-3.238689317e-10
12007	230.2862153	2.847819758e-10
12008	235.3143232	7.788116818e-10
12009	231.3409323	2.616680206e-10
12010	222.0764783	3.037712304e-10
12011	216.8662263	8.658780359e-10
12012	214.2579839	1.149210505e-09
12013	219.6072247	6.969429478e-10
12014	231.3497297	7.529337154e-10
12015	229.1471443	1.165968655e-09
12016	218.9859386	9.955947178e-10
12017	219.53486	1.101991387e-09
12018	225.6054046	1.570356289e-09
12019	231.1269561	7.389289181e-10
12020	230.108951	3.710880492e-10
12021	220.1518359	3.795612713e-10
12022	217.3811235	4.433893253e-10
12023	223.7029418	-1.455191523e-10
12024	224.6679372	-2.570033075e-10
12025	220.0487057	-2.471729488e-10
12026	218.4675814	-6.458158452e-10
12027	218.6088431	-8.408989061e-10
12028	195.3672008	-8.885230329e-10
12029	135.9988719	-1.371958547e-09
12030	86.36944899	-1.098545255e-09
12031	86.0288843	-1.057831156e-09
12032	105.5257037	-9.630198861e-10
12033	111.0686144	-5.019771265e-10
12034	111.7953407	-7.119425049e-10
12035	108.5416543	-6.891909266e-10
12036	78.77703686	-3.829185857e-10
12037	36.02877869	-1.378346326e-10
12038	21.61892872	-3.135092186e-10
12039	36.54578291	-6.146265719e-10
12040	55.47921577	-7.834444204e-11
12041	66.83706515	1.529087967e-11
12042	66.76277718	2.847571068e-10
12043	62.184223	5.06748421e-10
12044	62.76175442	6.874500968e-11
12045	65.63748345	3.047304631e-10
12046	67.012486	6.269686992e-10
12047	64.59205778	4.292530775e-10
12048	62.26794284	3.936158066e-10
12049	66.74399252	1.808402317e-10
12050	70.74377044	6.529710106e-10
12051	73.3033978	4.742375381e-10
12052	78.84002475	3.646540847e-10
12053	77.39366637	4.059614866e-10
12054	72.34223104	-1.570228392e-10
12055	75.25860641	-2.873399296e-10
12056	80.66607623	-1.321325271e-10
12057	84.30388293	1.455262577e-10
12058	83.80178247	1.47011292e-11
12059	80.02741443	-4.565521294e-10
12060	82.85577375	8.959588627e-11
12061	86.75302261	-2.681446176e-10
12062	83.96347299	-6.354099469e-10
12063	83.3576435	-4.191917924e-10
12064	85.43184578	-7.209024488e-10
12065	84.06671714	-8.177671873e-10
12066	81.71503576	-7.316316442e-10
12067	81.7969255	-5.069118458e-10
12068	82.93233662	-6.794032004e-10
12069	81.90602429	-7.765521559e-11
12070	83.43037621	3.816857941e-10
12071	89.80454698	5.075335707e-10
12072	89.38681252	5.569980033e-10
12073	79.49031504	4.379145935e-10
12074	67.90620998	5.227818178e-10
12075	53.90893105	7.395648538e-10
12076	32.53349748	3.974314211e-10
12077	6.233048913	8.186802347e-10
12078	-5.711489368	9.760015018e-10
12079	7.665018927	6.169855737e-10
12080	22.62148681	1.305497932e-09
12081	23.90999924	1.123680704e-09
12082	24.7526483	7.088232223e-10
12083	30.46227788	1.830002816e-10
12084	36.8005903	6.88849866e-10
12085	39.56253469	-4.814992849e-11
12086	33.49454597	-4.017230992e-10
12087	23.29789235	-1.131468252e-10
12088	21.79701797	-7.247535905e-11
12089	31.49609662	-5.258229407e-10
12090	33.98532236	1.827196172e-10
12091	21.12432929	-3.273932236e-10
12092	18.24470064	-1.100683988e-09
12093	31.72073233	-1.28934019e-09
12094	37.64230148	-9.50265644e-10
12095	36.39767616	-1.16754606e-09
12096	39.91212502	-1.139191852e-09
12097	42.52552815	-2.843023594e-10
12098	37.6695409	-3.299014395e-10
12099	27.91614272	-2.407070099e-10
12100	24.60012316	-6.993339241e-10
12101	29.44755262	-1.100417535e-10
12102	29.97471587	-6.668443575e-11
12103	26.0672275	-2.949853695e-10
12104	21.70475335	2.079865169e-10
12105	18.03145827	2.743512084e-10
12106	22.32336782	9.401546208e-11
12107	28.21285588	8.239844362e-10
12108	28.27532821	1.139266459e-09
12109	31.29072767	7.721929762e-10
12110	35.93229427	6.947047382e-10
12111	35.59852482	9.359233388e-10
12112	30.77561654	8.064588997e-10
12113	21.82594234	3.356461775e-10
12114	16.12608142	7.76861242e-10
12115	15.45867782	6.210747472e-10
12116	11.99918883	3.056968012e-10
12117	9.7796455	1.394013793e-10
12118	11.88647845	3.871925003e-10
12119	12.99814454	-2.356088658e-10
12120	15.9311547	-1.375610736e-10
12121	21.13087067	5.81309223e-10
12122	20.07533851	6.109601713e-11
12123	14.80755499	-1.148947604e-10
12124	15.44389126	1.705409147e-10
12125	18.75161337	-2.430091683e-10
12126	22.19187326	-5.622666777e-10
12127	33.1462461	-7.277805025e-10
12128	38.74901977	-3.655600267e-10
12129	39.58301149	-5.684732685e-10
12130	81.78198053	-8.237712734e-10
12131	163.6500434	-7.918465883e-10
12132	218.9078244	-5.944968962e-10
12133	227.3974902	-4.853895064e-10
12134	221.3562423	-7.15974835e-10
12135	222.4289259	1.731379484e-10
12136	229.0682926	3.918501079e-10
12137	229.2059777	7.658016443e-10
12138	223.6023677	4.147757693e-10
12139	219.2320011	4.64176253e-10
12140	218.426015	8.188720813e-10
12141	229.8654235	4.511839791e-10
12142	241.853242	7.106564226e-10
12143	234.1750066	8.470095736e-10
12144	223.0243583	9.355680675e-10
12145	221.0568781	6.657501217e-10
12146	220.1650124	1.019433427e-09
12147	222.5662583	1.014530682e-09
12148	219.6249773	4.822098276e-11
12149	202.2447611	-1.493667412e-10
12150	189.3663861	-2.610534011e-11
12151	188.8928071	-8.412897046e-10
12152	187.7468988	-8.537277552e-10
12153	186.0618281	-6.984244294e-10
12154	190.3512619	-7.777458677e-10
12155	190.155939	-1.130924687e-09
12156	164.3174084	-1.016076112e-09
12157	110.8475205	-1.191494903e-09
12158	66.014692	-1.100602276e-09
12159	68.76920412	-7.584191053e-10
12160	101.4348573	-8.362199821e-10
12161	118.650254	-5.631441979e-10
12162	122.4159797	-4.461604419e-10
12163	121.7984536	-6.518945384e-10
12164	90.35646699	-7.425207116e-10
12165	41.94766818	-2.450306624e-11
12166	24.65123848	-6.251958951e-10
12167	38.88740565	-5.881517495e-10
12168	60.09028018	2.293631951e-11
12169	73.55826553	-2.112194863e-10
12170	73.06520199	-5.15818499e-11
12171	69.44212499	-2.316937753e-10
12172	69.23060512	2.112443553e-10
12173	69.86371242	3.093418854e-10
12174	72.52067805	4.348912341e-10
12175	71.8232412	7.783071965e-10
12176	70.65153058	6.983711387e-10
12177	75.0876973	5.679865467e-10
12178	76.21063583	7.903828703e-10
12179	78.42714112	6.956675236e-10
12180	85.42677143	8.580798294e-10
12181	82.04516064	1.555306994e-10
12182	75.32390041	1.201421185e-10
12183	78.76251793	1.672653127e-10
12184	81.72448415	2.609112926e-11
12185	80.08773941	3.332658594e-10
12186	78.55414436	-6.058797908e-11
12187	75.63348679	-2.120259524e-10
12188	74.79683943	-4.582787483e-10
12189	78.56960746	-3.355964395e-10
12190	80.03810408	-1.04213882e-09
12191	78.90200447	-1.161303942e-09
12192	82.65203363	-9.769962617e-10
12193	85.59061947	-9.978826654e-10
12194	81.57394553	-1.19730359e-09
12195	81.56544657	-4.970104328e-10
12196	83.16765178	-4.777298557e-10
12197	76.8785099	-6.049987178e-10
12198	77.2699957	-4.303046808e-11
12199	86.89974387	3.014974936e-10
12200	87.64416127	3.467128806e-10
12201	78.79487096	2.834035229e-10
12202	68.3274691	7.638796262e-10
12203	58.45783886	4.812434895e-10
12204	42.86901728	4.791118613e-10
12205	15.77858993	2.21746177e-10
12206	-1.153929568	1.041051689e-09
12207	6.842050241	9.863398986e-10
12208	17.85119573	6.307416811e-10
12209	20.3748895	7.780087685e-10
12210	21.75199777	5.47757395e-10
12211	24.50899558	5.08993736e-10
12212	30.15992661	4.629008288e-10
12213	32.93764313	2.876987537e-10
12214	26.78982672	-2.876987537e-10
12215	20.59783249	-1.075331824e-09
12216	24.7960143	-2.767244212e-10
12217	34.83417444	-4.272706633e-10
12218	32.68734555	-7.653078171e-10
12219	17.99997716	-4.665352549e-10
12220	13.56179429	-8.630394177e-10
12221	19.34970535	-1.162359098e-09
12222	18.00591895	-7.742748664e-10
12223	12.22774074	-9.575025217e-10
12224	10.7867335	-1.185316734e-09
12225	11.25995725	-1.09110232e-09
12226	7.1918021	-3.679545557e-11
12227	3.177708739	-4.857803049e-10
12228	11.31048969	-7.828191428e-10
12229	25.07745312	-3.531503978e-10
12230	32.71595113	-5.073168552e-10
12231	35.28856122	-5.227285271e-10
12232	31.71056575	-4.834355138e-10
12233	27.93208858	3.157651918e-11
12234	30.43601988	-9.962874969e-11
12235	27.64257458	-7.281997227e-11
12236	19.03508942	8.294271936e-10
12237	15.85345127	7.06730674e-10
12238	16.52102009	5.204405795e-10
12239	16.98236747	9.138894086e-10
12240	13.51828444	8.864162737e-10
12241	7.487464562	5.855227414e-10
12242	9.086353461	2.0766322e-10
12243	14.23952987	1.062655741e-09
12244	13.28620507	6.681872833e-10
12245	12.83705273	3.402824689e-10
12246	17.70674888	8.194298573e-10
12247	20.90963557	4.663007758e-10
12248	21.31130673	-9.269385259e-11
12249	23.79355647	-8.094502846e-11
12250	22.47278959	4.171525347e-10
12251	15.83300691	6.981082379e-11
12252	16.40974405	-5.815579129e-10
12253	18.73608001	-3.490256972e-10
12254	17.50864212	-7.484075581e-10
12255	28.3558563	-9.116121191e-10
12256	40.47544176	-5.145608384e-10
12257	48.27099165	-9.486385011e-10
12258	90.72274295	-8.391936035e-10
12259	163.3150754	-1.02252784e-09
12260	211.1661888	-1.101600589e-09
12261	221.0326495	-9.02865338e-10
12262	218.219681	-3.947882021e-10
12263	221.859569	-3.171258811e-10
12264	231.5899195	9.229950138e-11
12265	236.4134841	2.860751636e-10
12266	235.1924618	-1.987885412e-10
12267	229.9980687	2.029310053e-11
12268	227.3285949	6.059224233e-10
12269	235.7919973	6.503881878e-10
12270	237.0186809	3.21904281e-10
12271	218.7527023	5.058211627e-10
12272	201.9470842	3.94120292e-10
12273	191.8824667	4.824620703e-10
12274	182.1095354	6.233307204e-10
12275	180.8969663	2.356514983e-10
12276	180.9080279	1.048618969e-10
12277	169.0631097	-2.819682265e-10
12278	158.9572304	-3.698659157e-10
12279	161.3811315	-3.487734546e-10
12280	167.1821583	-8.751790403e-10
12281	176.1154082	-7.232152655e-10
12282	188.2873846	-6.327987023e-10
12283	184.6733461	-6.998917002e-10
12284	157.1377001	-8.35960634e-10
12285	116.1023548	-8.884875058e-10
12286	81.29654239	-8.739036161e-10
12287	87.60277941	-6.779110606e-10
12288	129.3630709	-3.946212246e-10
12289	155.3585269	-5.324594099e-10
12290	162.0212329	-8.609042368e-10
12291	160.412354	-7.575522432e-10
12292	121.8796732	-5.98941341e-10
12293	62.5071025	-7.97719224e-10
12294	35.848841	-3.084821287e-10
12295	45.89801125	-5.572218242e-10
12296	66.33679709	-5.026734584e-10
12297	77.90157028	-4.035882739e-11
12298	77.46300028	-4.98161512e-11
12299	75.07475737	-2.301128177e-10
12300	71.94564169	2.733457904e-10
12301	70.4053168	7.566676175e-10
12302	74.13899863	5.235669676e-10
12303	74.38658777	7.654996637e-10
12304	73.14182685	1.095290969e-09
12305	74.78115659	9.351524e-10
12306	73.02636031	8.114398042e-10
12307	74.867156	1.207911993e-09
12308	80.85975568	5.920135493e-10
12309	77.04654303	3.839062401e-10
12310	72.51842056	-2.486899575e-14
12311	79.02263234	2.324078707e-10
12312	82.531517	1.998756716e-11
12313	78.30250697	-3.220179678e-10
12314	78.07641142	-3.286260153e-10
12315	78.00766958	-4.262901143e-11
12316	74.13569807	-4.404085985e-10
12317	76.92241311	-5.152962501e-10
12318	79.83073374	-8.489138281e-10
12319	76.36735641	-1.467814315e-09
12320	81.37690563	-1.531326177e-09
12321	87.51693219	-1.061639665e-09
12322	83.97080426	-7.193143858e-10
12323	87.78851841	-7.390568157e-10
12324	92.34686918	-4.659845843e-10
12325	84.78088762	-3.461835263e-10
12326	85.36271888	-8.01776423e-11
12327	95.57888566	5.036113748e-10
12328	97.25535682	2.546514111e-10
12329	90.12548606	1.24515509e-10
12330	79.53352319	3.018882921e-10
12331	70.08132804	5.738058917e-10
12332	55.95879646	2.580087255e-10
12333	29.40979102	3.199787102e-10
12334	9.867308433	1.05811182e-09
12335	10.96886201	5.781899404e-10
12336	19.07787912	5.232436706e-10
12337	24.62816917	2.681019851e-10
12338	26.10258456	3.918039226e-10
12339	26.91639906	1.46911816e-10
12340	30.77378045	-6.118838769e-11
12341	28.59812938	5.691198623e-10
12342	17.25837938	-8.397549323e-11
12343	9.265826339	-4.291251798e-10
12344	10.96692872	1.57086788e-10
12345	12.61849364	8.861178458e-11
12346	4.053909843	-4.676223853e-10
12347	-5.418638597	-8.776517291e-10
12348	-2.930867804	-2.932765142e-10
12349	5.612736906	-1.065405542e-09
12350	10.39928931	-1.459099508e-09
12351	10.73941244	-8.38070946e-10
12352	12.74303795	-8.140652596e-10
12353	17.24768249	-9.067093742e-10
12354	15.43011468	-7.45703943e-10
12355	13.38404379	-2.849240843e-10
12356	21.51021328	-6.931948349e-10
12357	29.80484993	-1.185288312e-09
12358	33.30093786	-5.338058884e-10
12359	33.11295956	-6.058762381e-10
12360	26.27125131	-6.10679507e-10
12361	22.99889338	-7.343103903e-11
12362	25.26114845	9.629985698e-11
12363	20.90088895	2.401918664e-10
12364	14.02506922	6.718181567e-12
12365	12.25345693	6.177955925e-10
12366	14.85361693	5.50908652e-10
12367	18.91725691	4.490274819e-10
12368	17.0704187	1.214498724e-09
12369	12.77097817	1.049691889e-09
12370	16.21544437	5.61840352e-10
12371	21.4667873	1.232471902e-09
12372	19.16108677	8.393179485e-10
12373	14.41212041	6.623182003e-10
12374	15.40558159	1.447446607e-10
12375	16.64842793	6.305675981e-10
12376	13.93198906	-1.030642238e-11
12377	15.70302835	-3.592006692e-10
12378	16.82233953	5.409610537e-10
12379	12.45102316	5.396572078e-12
12380	16.56907542	-6.458584778e-10
12381	23.85939502	-1.184332632e-09
12382	27.90293165	-6.099227789e-10
12383	44.94118098	-1.132697491e-09
12384	67.51961564	-1.166021946e-09
12385	88.3257414	-1.203581235e-09
12386	131.7269205	-1.05826814e-09
12387	192.9105611	-7.058638118e-10
12388	234.7438781	-1.446469611e-09
12389	245.1005123	-1.322547405e-09
12390	240.8043557	-5.498748124e-10
12391	238.5049787	3.561595463e-11
12392	237.8263712	-2.629576557e-10
12393	233.3840478	2.68574496e-10
12394	223.455379	1.060733723e-10
12395	206.5470938	-3.083364675e-10
12396	194.2236147	1.254321091e-10
12397	192.8979474	3.902158596e-10
12398	184.8391674	3.399200921e-10
12399	168.020706	2.538733668e-10
12400	159.150896	5.149587423e-10
12401	155.8093823	6.032863098e-10
12402	151.7318836	2.632951634e-10
12403	155.3885511	2.110311925e-10
12404	164.72534	1.594457899e-11
12405	164.9605668	-8.855138844e-11
12406	159.546739	1.00282449e-10
12407	161.0773658	-3.458922038e-11
12408	167.4702017	7.420553061e-11
12409	178.6290967	-3.116049641e-10
12410	186.6485045	-3.133351356e-10
12411	169.8376707	-2.444728864e-10
12412	138.133297	-3.3976022e-10
12413	110.2375126	-7.358806897e-10
12414	88.51265228	-1.017781415e-09
12415	100.2289469	-6.423483967e-10
12416	146.3959807	-6.238849437e-10
12417	177.2672816	-7.560849724e-10
12418	185.6805888	-6.812435061e-10
12419	180.5389848	-1.183202869e-09
12420	135.092851	-6.990603652e-10
12421	65.71287032	-9.084999419e-10
12422	28.938396	-4.933546904e-10
12423	35.23033068	-2.475637473e-10
12424	53.69353495	-5.348752552e-10
12425	63.89761518	-3.50269147e-10
12426	69.22929558	9.992362493e-11
12427	71.74745005	2.298818913e-10
12428	67.5640185	2.609610306e-10
12429	66.20282044	7.448868189e-10
12430	71.72514277	1.002593564e-09
12431	73.87352987	1.209631506e-09
12432	72.45197104	1.437005182e-09
12433	71.15950772	1.445322084e-09
12434	70.39304277	1.056918109e-09
12435	74.45655042	9.726051076e-10
12436	79.42576857	9.135447954e-10
12437	77.22426209	3.656950298e-10
12438	77.02276538	2.685780487e-10
12439	87.15210646	1.797246796e-10
12440	91.45526222	1.243023462e-10
12441	84.5191877	-2.035491775e-10
12442	84.63790534	-2.285887035e-10
12443	87.03853438	-4.861533398e-11
12444	82.3142151	-2.381206343e-10
12445	84.73693478	-5.280753612e-10
12446	87.32275797	-5.9942451e-10
12447	82.47997282	-1.048739762e-09
12448	88.5687925	-1.109725645e-09
12449	96.07538237	-7.55804308e-10
12450	93.97419763	-4.158664524e-10
12451	99.40060475	-6.215934434e-10
12452	102.7404935	-5.275353487e-10
12453	93.38770669	-3.934985671e-11
12454	91.08873861	-2.941078492e-10
12455	97.02698189	-1.632614044e-10
12456	98.58115305	5.04130071e-12
12457	94.78254968	1.435900288e-10
12458	87.43749976	1.136406524e-10
12459	79.96267239	3.670272974e-10
12460	68.16449755	9.415401792e-11
12461	46.46718298	3.400550952e-10
12462	25.34399893	2.685389688e-10
12463	16.11033915	1.189754073e-09
12464	17.62942113	7.592362294e-10
12465	18.62955602	6.523528384e-10
12466	12.14756612	9.278551261e-10
12467	8.358792185	6.012008669e-10
12468	10.68458964	6.106262163e-10
12469	7.016998455	3.529905257e-10
12470	-1.796107044	4.508180496e-10
12471	-2.480116399	4.489315586e-10
12472	4.572149015	1.789466353e-10
12473	5.600487242	6.073932468e-10
12474	0.8864081348	1.637587843e-10
12475	3.813255351	-5.158753424e-10
12476	13.74765453	-7.03082037e-12
12477	24.10149002	-4.170779278e-10
12478	31.09241679	-9.834089099e-10
12479	29.24478096	-1.468023925e-09
12480	26.38973388	-5.241140855e-10
12481	27.18636784	-2.869668947e-10
12482	22.4484856	-6.480291859e-10
12483	18.61741727	8.89812668e-11
12484	21.01127344	-5.799662972e-10
12485	21.88880618	-1.038493735e-09
12486	24.20256531	-1.234802482e-09
12487	26.1476643	-3.760227685e-10
12488	23.57676106	-6.361666749e-10
12489	25.22749429	-6.79296619e-10
12490	28.4233519	4.675904108e-10
12491	26.52888927	5.410427661e-10
12492	24.03411601	1.600675148e-10
12493	22.42880561	9.668887913e-10
12494	23.50842293	4.835349898e-10
12495	26.05121333	5.738556297e-10
12496	23.63411995	6.083205051e-10
12497	20.51969329	8.873328738e-10
12498	23.13404357	7.024283377e-10
12499	27.09162059	4.005080712e-10
12500	23.43535279	9.047305127e-10
12501	13.77388052	6.902496352e-10
12502	10.13872988	4.271818455e-10
12503	9.63406539	4.341202953e-10
12504	7.259558047	1.421547324e-10
12505	14.03884269	3.826983175e-11
12506	25.63033617	-3.780087354e-11
12507	34.6559355	9.990230865e-11
12508	53.14968333	-3.57900376e-10
12509	78.03891646	-5.882370147e-10
12510	99.81591881	-4.33875158e-10
12511	125.9060462	-6.941398567e-10
12512	154.9841951	-1.068311661e-09
12513	180.1974359	-9.311769134e-10
12514	208.0264564	-1.1310064e-09
12515	240.3465659	-9.617373564e-10
12516	259.9398337	-4.393392317e-10
12517	252.4077987	-9.032596893e-10
12518	229.7594585	-5.5856475e-10
12519	208.5581823	-3.024638318e-10
12520	191.9577629	-1.288817941e-10
12521	183.1846518	1.122160143e-10
12522	176.7370359	1.244622183e-10
12523	165.2204145	1.052988807e-10
12524	159.6430446	-4.598632586e-11
12525	161.9088538	2.501465701e-10
12526	160.6165916	2.337579019e-10
12527	158.9113556	2.058584414e-10
12528	162.7076714	7.220251064e-10
12529	166.0074872	7.644977984e-10
12530	162.8941754	4.587157321e-10
12531	161.3944387	3.322604414e-10
12532	169.555474	3.512852231e-10
12533	174.1836544	2.61724864e-10
12534	168.7710302	1.178044329e-10
12535	166.666029	4.800426723e-11
12536	172.8730446	1.633999602e-10
12537	184.3834792	-2.624425122e-10
12538	184.2513655	-2.916564767e-10
12539	155.4931098	-3.821263306e-10
12540	122.8758456	-4.971809631e-10
12541	106.1740563	-8.99763819e-10
12542	96.37830486	-1.038230835e-09
12543	110.7649483	-7.988596451e-10
12544	152.5102075	-1.075470379e-09
12545	182.3078124	-1.181547304e-09
12546	190.674054	-1.047201437e-09
12547	182.9912392	-8.97976804e-10
12548	138.0567367	-6.328093605e-10
12549	68.07753639	-7.413234471e-10
12550	28.55481068	-1.041488673e-09
12551	33.86066703	-1.783853065e-10
12552	46.97713231	-1.970832386e-10
12553	53.91008637	-9.127276712e-11
12554	65.96944327	7.245581912e-10
12555	72.94741895	6.186553492e-10
12556	67.71583618	4.673630372e-10
12557	66.09028269	7.771845389e-10
12558	72.8654167	1.426279539e-09
12559	78.62644494	1.341817324e-09
12560	78.15374193	8.195399914e-10
12561	75.29868709	1.387483906e-09
12562	77.59886783	1.232741909e-09
12563	82.77357446	7.967244642e-10
12564	83.44945343	9.150937785e-10
12565	79.43832585	4.814992849e-10
12566	79.91313589	4.837943379e-10
12567	90.26484295	4.123066333e-10
12568	93.70263771	4.035669576e-10
12569	85.16328614	3.944222726e-11
12570	86.29457037	2.050271064e-10
12571	92.6702718	3.268070259e-10
12572	92.0800145	1.031779107e-10
12573	95.80831637	-4.174793844e-11
12574	97.06988924	-5.982236928e-10
12575	91.04062878	-7.26458893e-10
12576	93.91419276	-8.150173869e-10
12577	98.14551683	-8.563176834e-10
12578	96.05077986	-5.696172423e-10
12579	97.98878544	-4.691038669e-10
12580	96.79396009	-4.913296436e-10
12581	88.44615071	-1.467270749e-11
12582	85.94467017	-2.675015764e-10
12583	90.64123537	-5.703952866e-10
12584	95.57668697	-5.608420395e-10
12585	97.62710649	2.010480671e-11
12586	95.65590635	6.563993793e-11
12587	89.7787531	-1.475690681e-10
12588	80.19983204	3.499103229e-10
12589	64.14452085	5.729994257e-10
12590	38.98247947	5.765343758e-10
12591	18.0871487	1.609471667e-09
12592	14.48489939	1.4992807e-09
12593	12.55980267	1.120220361e-09
12594	3.81313612	7.523333068e-10
12595	5.050808255	1.425359386e-09
12596	15.461238	1.314745646e-09
12597	19.03296168	6.644711448e-10
12598	18.58047582	1.231349245e-09
12599	25.51537224	9.404210743e-10
12600	32.58833858	6.666986963e-10
12601	26.83542127	5.347899901e-11
12602	19.59910397	3.059454912e-10
12603	22.23932539	-8.007816632e-12
12604	25.99931712	-6.163283217e-10
12605	31.06521967	-5.916014345e-10
12606	36.45380134	-7.70310038e-10
12607	32.64420374	-1.085759038e-09
12608	28.69501242	-2.654836351e-10
12609	29.56952666	-3.457500952e-10
12610	27.94413213	-4.024727218e-10
12611	27.07196663	-5.238618428e-10
12612	24.56502242	-2.166267166e-10
12613	18.72308311	-7.399236779e-10
12614	18.53977937	-1.105554759e-09
12615	21.05123097	-2.475566419e-10
12616	22.90265898	-4.42945236e-10
12617	26.80181106	-4.72713424e-10
12618	29.53088696	-9.340084262e-11
12619	32.76300126	4.322728842e-10
12620	36.29234062	2.401883137e-10
12621	34.90645353	-1.316280418e-11
12622	31.32394861	6.484377479e-10
12623	26.47430974	6.242473205e-10
12624	19.44992294	3.32128991e-10
12625	13.64527876	1.013070516e-09
12626	11.67230172	1.053017229e-09
12627	14.12206593	9.228742215e-10
12628	14.10425299	4.096456507e-10
12629	11.7821366	1.117946624e-09
12630	21.00595434	7.997122964e-10
12631	39.22570397	3.740119325e-10
12632	59.06552925	6.871516689e-10
12633	88.36308469	7.661959955e-10
12634	122.3649937	3.532854009e-10
12635	149.6948208	5.465778941e-10
12636	176.0017314	-6.912870276e-11
12637	202.4796062	1.969624464e-10
12638	215.9039741	1.624371748e-10
12639	215.8468293	-6.908145167e-10
12640	216.6665463	-8.9807628e-10
12641	215.8338633	-4.964064715e-10
12642	206.616358	-1.060683985e-09
12643	204.1650689	-8.100613513e-10
12644	207.1552291	-6.731681879e-10
12645	195.3789834	-2.044302505e-10
12646	173.9142768	-5.245972545e-10
12647	154.9183317	-3.088658218e-10
12648	145.5694923	-1.35322864e-11
12649	155.1388382	-2.672280175e-10
12650	169.8354276	-2.744862115e-10
12651	173.3094743	-4.697042755e-11
12652	171.3537857	-3.035438567e-11
12653	167.6674131	-3.544897709e-11
12654	165.4047986	1.502407088e-10
12655	169.0790822	3.088196365e-10
12656	174.3944336	6.218492388e-10
12657	176.5193893	9.178471316e-10
12658	170.3528896	9.261746925e-10
12659	163.6133392	2.391153942e-10
12660	171.9052133	1.917399572e-10
12661	182.561859	4.15884216e-10
12662	179.9767163	2.882103445e-10
12663	176.3891063	1.640287906e-11
12664	182.410532	3.246114488e-11
12665	189.3127138	-1.235385128e-10
12666	175.8035111	-4.064730774e-10
12667	138.4026023	-3.087805567e-10
12668	108.4874134	-8.290363951e-10
12669	101.717929	-8.363514326e-10
12670	105.5028836	-1.042813835e-09
12671	123.1216597	-9.469260931e-10
12672	156.5835534	-9.329248485e-10
12673	182.889588	-1.023316543e-09
12674	189.6883912	-9.109974997e-10
12675	178.7851669	-4.431122136e-10
12676	136.2378433	-2.6585667e-10
12677	69.10707382	-2.93340463e-10
12678	30.21210412	-5.133387049e-10
12679	33.01847551	7.350919873e-11
12680	36.43028133	-2.757971629e-11
12681	39.23540827	1.228315227e-10
12682	58.88395839	3.963016582e-10
12683	72.99951298	6.386997597e-10
12684	70.73788611	5.748113097e-10
12685	69.00259494	6.810658704e-10
12686	74.90100644	1.140595174e-09
12687	81.99538899	9.320153538e-10
12688	79.72795295	9.373763987e-10
12689	73.1307632	6.490310511e-10
12690	74.97545815	1.077228973e-09
12691	77.5817563	8.411689123e-10
12692	72.94398587	4.31406022e-10
12693	67.84772908	7.945288871e-10
12694	71.5151487	6.794635965e-10
12695	84.88589291	7.144258518e-10
12696	90.89551488	6.019256205e-10
12697	85.60428046	7.079812292e-10
12698	88.65467719	3.815614491e-10
12699	97.47096296	1.636841773e-10
12700	99.86065743	3.32228467e-10
12701	100.664806	1.901554469e-10
12702	98.30576807	-2.058051507e-10
12703	91.96183979	-4.117985952e-10
12704	90.80953621	-8.124203532e-10
12705	94.8077725	-7.188738493e-10
12706	98.69446223	-9.162590686e-10
12707	100.3926437	-7.836007399e-10
12708	99.54943603	-5.727152086e-10
12709	97.80387621	-6.840998878e-10
12710	97.74477808	-5.249169988e-10
12711	101.7854436	-9.13015441e-10
12712	107.0262883	-4.628226691e-10
12713	109.3499503	-7.204192798e-11
12714	107.3909357	1.466915478e-11
12715	100.7255953	3.867484111e-11
12716	96.91472318	3.247606628e-10
12717	91.05513616	7.718341521e-10
12718	65.09828635	8.154543707e-10
12719	37.18935358	8.535607776e-10
12720	31.10595713	1.757396006e-09
12721	27.15712953	1.36457956e-09
12722	17.39718125	1.000302063e-09
12723	20.95338416	1.619540058e-09
12724	32.15154457	1.079875744e-09
12725	33.56172378	9.243237287e-10
12726	31.19872271	3.301821039e-10
12727	35.7475183	9.989449268e-10
12728	35.99747842	5.043752083e-10
12729	24.4581107	5.028510941e-11
12730	17.85784047	2.083915263e-10
12731	18.79919265	-2.601154847e-10
12732	17.37115772	-5.432809758e-10
12733	21.20123466	-1.040675102e-09
12734	27.72508831	-6.113971551e-10
12735	26.28945006	-7.134239866e-10
12736	23.93801207	-8.98808139e-10
12737	24.25364685	-1.63762337e-10
12738	26.35711128	-1.293578578e-10
12739	29.78923419	-4.687166211e-10
12740	26.45230152	-1.298730012e-10
12741	20.02187514	-4.558096123e-10
12742	20.01812121	-6.784226514e-10
12743	24.46082649	-1.034688779e-09
12744	30.00788851	-3.500879586e-10
12745	31.31849436	-3.455760123e-10
12746	28.91744458	-5.589129159e-11
12747	30.90656071	7.750351472e-10
12748	31.88943254	5.310951678e-10
12749	24.8331136	1.746798262e-10
12750	14.04221253	-1.171684971e-11
12751	5.430942097	9.177298921e-10
12752	5.299012744	7.178684314e-10
12753	13.82935093	8.674483354e-10
12754	29.43579507	1.396319504e-09
12755	54.1440662	8.437055499e-10
12756	80.26427848	1.020985962e-09
12757	104.5272903	1.141046369e-09
12758	135.7709711	8.642189187e-10
12759	169.6062473	9.499139253e-10
12760	196.1108651	9.682601387e-10
12761	218.9753472	7.61573915e-10
12762	239.0455515	7.823821591e-10
12763	246.8261401	7.544933567e-10
12764	245.7516595	-3.137579085e-10
12765	244.5612857	8.817480079e-11
12766	226.8068331	-7.192468843e-11
12767	190.2186481	-6.774314443e-10
12768	166.9944636	-8.592735412e-10
12769	153.9554587	-1.002089078e-09
12770	131.7987945	-1.095756375e-09
12771	123.3922576	-1.037925301e-09
12772	133.8188214	-9.592753258e-10
12773	137.0263143	-9.405702883e-10
12774	128.4624547	-7.258442736e-10
12775	114.053953	-4.817017896e-10
12776	109.1552044	-4.400284581e-10
12777	130.8311419	-4.854925351e-10
12778	160.8411096	-7.798739432e-10
12779	173.724205	-3.720224129e-10
12780	167.5085705	4.882494409e-11
12781	154.5257105	-2.939160026e-11
12782	153.1447575	-1.728004406e-10
12783	163.9153855	1.31066713e-10
12784	173.357334	2.928643994e-10
12785	176.5450036	6.998099877e-10
12786	169.2984417	4.961080435e-10
12787	160.1466692	5.731699559e-10
12788	167.4354809	3.587885544e-11
12789	179.9246009	1.78825843e-10
12790	177.6480517	2.51748844e-10
12791	172.0654863	5.76321213e-11
12792	177.3616149	-5.264766401e-11
12793	177.8262143	-5.448796969e-11
12794	155.0731972	-2.13990603e-10
12795	121.1278787	-2.778222097e-10
12796	101.6285211	-7.471641084e-10
12797	106.1706622	-9.260574529e-10
12798	123.8429031	-7.785629919e-10
12799	141.0695736	-7.438316629e-10
12800	159.3721902	-8.134932727e-10
12801	175.9676085	-1.187856924e-09
12802	177.6996519	-6.077165438e-10
12803	163.3708916	-2.622151385e-10
12804	124.6905126	-2.446185476e-10
12805	65.68786418	-1.100275426e-10
12806	34.53602955	-4.384475005e-10
12807	38.24846336	-5.779732248e-10
12808	34.95289508	6.400568964e-11
12809	34.85475886	4.407141319e-11
12810	57.92723755	1.054374366e-10
12811	76.23147706	1.139177641e-10
12812	75.26065022	5.237801304e-10
12813	68.85544436	5.780051993e-10
12814	68.84654313	3.517754976e-10
12815	73.86270682	8.543636909e-10
12816	71.31568304	5.371312284e-10
12817	66.21225645	8.084910519e-10
12818	71.25028743	9.889191688e-10
12819	75.59406287	6.919194107e-10
12820	70.71390429	5.220570642e-10
12821	67.39761636	5.274642945e-10
12822	75.10848317	1.035136421e-09
12823	88.47793787	1.064947242e-09
12824	92.5240993	1.041296827e-09
12825	87.22204342	1.027355978e-09
12826	87.85849596	5.376961099e-10
12827	95.91672442	4.86895857e-10
12828	99.86942664	4.86597429e-10
12829	98.07607013	-1.048796605e-10
12830	98.14196024	-4.747988669e-10
12831	98.90601697	-1.025828311e-09
12832	98.88961897	-6.486011728e-10
12833	107.3201404	-7.896474585e-10
12834	117.5952762	-1.072418598e-09
12835	116.2499094	-9.289742309e-10
12836	113.0840809	-6.715552558e-10
12837	112.8088517	-8.361666914e-10
12838	109.1249364	-8.426503939e-10
12839	107.0787814	-8.459579703e-10
12840	107.2652826	-6.132729879e-10
12841	105.7996769	-4.277289634e-10
12842	101.3889884	6.161826605e-11
12843	96.60864869	3.79365872e-10
12844	105.0090078	2.380922126e-10
12845	112.4269101	3.761826406e-10
12846	87.48710528	4.936886455e-10
12847	52.4791591	7.70310038e-10
12848	37.67422315	5.485176757e-10
12849	25.82824668	1.057987475e-09
12850	11.88412411	8.14743828e-10
12851	13.16224393	6.314948564e-10
12852	20.65752535	1.170960218e-09
12853	17.49355161	6.926690332e-10
12854	13.27455249	2.256115295e-10
12855	17.89067624	9.883649454e-11
12856	18.17491043	5.920952617e-10
12857	11.86464896	1.22778232e-10
12858	11.46686254	-3.098925561e-10
12859	10.48554066	1.046913667e-10
12860	5.775969671	-2.078550665e-10
12861	8.527138089	-5.798810321e-10
12862	14.44568912	2.103170971e-10
12863	16.97807217	-9.816503166e-11
12864	18.0130734	-2.494715545e-10
12865	19.26347455	-3.242313085e-10
12866	26.59779565	3.619256006e-10
12867	35.2441606	-2.071125493e-10
12868	34.46693379	-3.337206067e-10
12869	28.67593778	-1.093596325e-10
12870	23.65749032	-1.543725148e-10
12871	21.22978627	-5.518003832e-10
12872	19.12721863	-1.330420218e-10
12873	10.6457857	1.203304123e-10
12874	4.831115194	7.07238712e-11
12875	11.86594561	1.500666258e-11
12876	22.86779896	6.784510731e-10
12877	31.17159108	5.057749775e-10
12878	39.59656979	3.466240628e-10
12879	55.51206204	8.953122688e-10
12880	84.44519431	9.609060214e-10
12881	118.6125438	1.002177896e-09
12882	151.3784785	1.210391787e-09
12883	183.1866976	1.270219485e-09
12884	208.1804118	1.06038911e-09
12885	222.8138423	1.084597301e-09
12886	232.3304033	4.406821574e-10
12887	238.1041113	6.69604816e-10
12888	234.3200253	9.446097238e-10
12889	224.3475467	4.315623414e-10
12890	217.9327898	6.719886869e-10
12891	209.281409	1.327080668e-10
12892	199.6645763	1.479598666e-10
12893	196.859614	-2.107434227e-10
12894	175.4535121	-6.335447722e-10
12895	133.3838536	-6.187903523e-10
12896	112.2278014	-8.866436474e-10
12897	103.1420391	-1.255553883e-09
12898	78.97392077	-9.939604695e-10
12899	64.60566575	-1.305632935e-09
12900	71.46852615	-8.175327082e-10
12901	78.21181183	-8.700880016e-10
12902	73.21414275	-9.087415265e-10
12903	57.57952209	-3.950972882e-10
12904	55.06677436	-6.727276514e-10
12905	89.17508381	-6.17131235e-10
12906	140.1572277	-6.78415546e-10
12907	170.1939845	-7.593570217e-11
12908	166.605384	-1.951505624e-11
12909	151.2354931	5.053379937e-11
12910	151.7934889	-2.81268342e-11
12911	165.4879069	1.521414106e-10
12912	175.3843391	5.835971706e-10
12913	175.4974965	5.443716589e-10
12914	165.340401	6.988223333e-10
12915	155.4351515	7.74925013e-10
12916	161.8692826	3.936548865e-10
12917	176.2117805	4.051017299e-10
12918	177.9695672	5.325624386e-10
12919	175.5065186	4.762910066e-10
12920	180.6640815	3.273328275e-10
12921	172.4918716	2.168931701e-11
12922	143.722735	3.462510278e-10
12923	117.2215617	8.839506904e-11
12924	104.8694741	-4.05734113e-10
12925	114.3980804	-5.326157293e-10
12926	139.8407951	-3.568878526e-10
12927	152.2686258	-3.372377932e-10
12928	154.2274085	-5.238121048e-10
12929	161.7738282	-6.409628384e-10
12930	163.2997534	-5.621458854e-10
12931	151.8273168	-3.41955797e-10
12932	119.5427042	-2.924522846e-10
12933	70.38299908	-1.297841834e-10
12934	45.60047601	-4.758504701e-10
12935	46.3296309	-1.037772535e-09
12936	36.63013974	-8.498730608e-10
12937	31.31223688	3.215205879e-11
12938	50.69237949	-1.5371171e-10
12939	71.3605622	-4.279243626e-11
12940	75.52833574	4.939195719e-10
12941	70.33837206	5.790283808e-10
12942	69.7346555	5.255351709e-10
12943	75.83278766	2.365538876e-10
12944	77.63637888	5.914237988e-10
12945	77.47738957	8.516458649e-10
12946	84.39811897	6.691074361e-10
12947	88.19073383	1.067739674e-09
12948	79.77039872	8.654623684e-10
12949	73.68451952	6.461498003e-10
12950	81.6650138	9.94326399e-10
12951	92.01062993	1.107316905e-09
12952	93.69261405	9.800373846e-10
12953	90.77770257	6.559659482e-10
12954	93.02859624	6.986020651e-10
12955	104.6155864	5.148699245e-10
12956	111.4172779	1.737667787e-10
12957	107.5563209	-9.115552757e-11
12958	110.1269273	-5.898961319e-10
12959	113.770755	-8.816130048e-10
12960	109.450589	-7.937543955e-10
12961	114.9512555	-1.171851949e-09
12962	121.2321272	-9.617977526e-10
12963	111.5251503	-8.849312394e-10
12964	105.7701663	-8.420251163e-10
12965	107.9606092	-8.37772518e-10
12966	104.4096706	-1.073058087e-09
12967	100.6950262	-7.532889867e-10
12968	100.2054678	-7.745128983e-10
12969	98.47646258	-2.53610466e-10
12970	93.04128744	-1.63637992e-10
12971	92.98813547	1.62806657e-10
12972	114.1689108	2.960440781e-10
12973	132.2149847	2.617923656e-10
12974	110.9501737	3.165752105e-10
12975	72.5977264	4.477733739e-10
12976	48.60432265	1.86680893e-10
12977	30.42282426	9.587068917e-10
12978	15.89628344	8.741132262e-10
12979	17.28687551	6.297860011e-10
12980	23.00447315	4.146869514e-10
12981	16.32742854	9.604157469e-10
12982	9.167028847	6.010729692e-10
12983	11.67561637	5.255209601e-10
12984	13.680422	1.241556191e-09
12985	15.47109322	8.086082914e-10
12986	18.60802579	3.415863148e-10
12987	15.12724379	3.939604198e-11
12988	12.1482085	4.927969144e-10
12989	15.85106357	1.215632039e-10
12990	20.72069036	-1.085354029e-11
12991	26.05258678	5.304769957e-10
12992	26.80471458	5.559499527e-10
12993	23.54443294	3.440199237e-10
12994	26.38471847	5.033697903e-10
12995	29.4009701	-3.209876809e-11
12996	25.43617311	-4.490594563e-10
12997	18.7361982	-6.811333719e-10
12998	13.02927408	-5.373124168e-11
12999	13.61946263	-4.385363184e-10
13000	17.90754412	-7.552749537e-10
13001	23.01160222	9.617195929e-12
13002	41.83060939	8.471090496e-11
13003	76.7013532	3.669633486e-10
13004	113.4383166	3.535021165e-10
13005	142.9445444	4.183391411e-10
13006	164.8107483	6.532943075e-10
13007	186.9448859	7.93637156e-10
13008	212.00924	6.761595728e-10
13009	230.1108623	7.631903998e-10
13010	236.5958322	1.554735007e-09
13011	235.6084467	6.960299004e-10
13012	230.5474572	9.339871099e-10
13013	219.5432023	8.742802038e-10
13014	203.960192	4.828031308e-10
13015	191.8334084	3.239186697e-10
13016	180.2550611	6.303970679e-10
13017	168.4105896	7.654854528e-10
13018	166.4653689	6.11262152e-10
13019	169.1790068	3.682032457e-10
13020	175.1438632	1.927240589e-10
13021	183.5762512	-2.369233698e-10
13022	164.1069818	-2.579980674e-10
13023	121.6686731	-4.162465927e-10
13024	99.78011869	-9.791278899e-10
13025	87.85100838	-7.943619096e-10
13026	58.68305946	-7.978968597e-10
13027	32.60807881	-8.045724087e-10
13028	28.6269194	-2.327453785e-10
13029	36.4650639	-3.864357723e-10
13030	37.36052457	-4.207549864e-10
13031	26.5021305	-6.151559262e-10
13032	29.86377909	-5.903899591e-11
13033	73.96823363	-5.426912253e-10
13034	140.575162	-3.814051297e-10
13035	181.4110943	-2.27316832e-10
13036	177.8544273	2.375486474e-10
13037	159.5216791	2.823341561e-10
13038	156.4010167	-6.767564287e-11
13039	167.572341	1.848547981e-10
13040	177.9217216	5.61083624e-10
13041	178.2051462	9.305800575e-10
13042	171.1090273	9.047838034e-10
13043	165.4618708	8.484413172e-10
13044	170.3521947	7.989733319e-10
13045	182.4852518	6.507399064e-10
13046	186.0922608	9.338201323e-10
13047	184.4483767	8.67849792e-10
13048	181.8304793	7.547669156e-10
13049	160.1734542	7.628884191e-10
13050	129.5762107	6.77410128e-10
13051	113.4449428	1.741327083e-10
13052	107.0702505	9.273648516e-11
13053	119.3905862	-9.060485695e-11
13054	147.7222329	-2.454605408e-10
13055	152.6057696	-2.564419788e-10
13056	137.2948976	-3.219184919e-10
13057	132.3772009	-2.087148232e-10
13058	132.2713666	-4.250608754e-10
13059	122.8294495	-1.895266166e-10
13060	95.06389759	-2.163211832e-10
13061	55.78156035	-5.541878068e-10
13062	36.14491061	-3.819913275e-10
13063	36.68264422	-4.630145156e-10
13064	31.90575062	-6.771792016e-10
13065	29.25656499	2.972733171e-10
13066	46.04159628	1.058069188e-10
13067	69.99323442	3.024496209e-10
13068	81.2511648	4.427818112e-10
13069	79.51373561	5.256559632e-10
13070	77.04557931	4.126405884e-10
13071	78.92758859	4.15859347e-10
13072	80.35797516	8.213980607e-10
13073	81.13488855	8.75331807e-10
13074	87.94465026	9.968026404e-10
13075	93.46190651	8.239737781e-10
13076	85.74301614	1.01341513e-09
13077	80.9659382	8.610854252e-10
13078	92.26915642	1.048974241e-09
13079	102.3831459	7.769429544e-10
13080	103.1238744	9.159109027e-10
13081	100.4446589	8.428671094e-10
13082	101.0811525	7.842828609e-10
13083	110.8345087	5.18511456e-10
13084	113.308645	1.27915456e-10
13085	104.2066217	-2.746389782e-10
13086	106.3766222	-5.774900558e-10
13087	109.8719022	-5.379696688e-10
13088	104.0656615	-6.067395475e-10
13089	108.8199853	-8.120188966e-10
13090	111.9897738	-7.330847041e-10
13091	100.0644784	-6.997424862e-10
13092	97.89576832	-6.456986057e-10
13093	106.8667139	-3.225686385e-10
13094	107.9818495	-6.12775608e-10
13095	105.3543524	-6.417586462e-10
13096	106.9120065	-4.30091518e-10
13097	107.4623224	-3.895195277e-10
13098	103.909308	-3.441193996e-10
13099	112.7137525	-2.366711271e-10
13100	145.5289618	2.429629831e-10
13101	171.7789848	8.155964792e-11
13102	159.1135372	3.809681459e-10
13103	122.2559203	2.989253289e-11
13104	87.74654186	1.456044174e-10
13105	58.38112088	1.934665761e-10
13106	36.14285319	1.035349584e-09
13107	30.80852137	9.939284951e-10
13108	31.44428981	9.416467606e-10
13109	21.22812881	1.455703114e-09
13110	10.70382815	1.099905944e-09
13111	11.38518044	8.23913382e-10
13112	20.40584384	7.981135752e-10
13113	33.31568844	1.222637991e-09
13114	37.31536527	7.217870746e-10
13115	31.80347398	3.822933081e-10
13116	31.01302701	7.955804904e-10
13117	30.107428	6.883631443e-10
13118	26.03090969	2.367883667e-11
13119	25.57571774	5.089972888e-11
13120	21.27925718	6.073221925e-10
13121	15.3437494	3.645190816e-10
13122	18.78423346	-2.594475745e-10
13123	27.25818271	-1.954703066e-11
13124	37.65239461	-5.27631272e-10
13125	51.55040372	-6.540261666e-10
13126	70.11334469	-3.256381831e-10
13127	93.66524555	-4.121183395e-10
13128	114.7908415	-5.043112594e-10
13129	135.9518988	-4.084164118e-10
13130	167.7517025	-3.598259468e-10
13131	204.0126395	1.450111142e-10
13132	231.5145123	6.609468528e-10
13133	242.6018052	-2.017586098e-11
13134	239.6339454	9.301359682e-11
13135	234.9863215	4.756728345e-10
13136	232.0273812	2.906119789e-10
13137	224.3794541	6.766640581e-10
13138	209.3686444	9.133280798e-10
13139	193.3309665	1.123730442e-09
13140	185.7818379	8.630536286e-10
13141	180.1566684	5.603695286e-10
13142	169.4686177	5.968452399e-10
13143	163.5455202	5.794866809e-10
13144	161.5643468	6.966871524e-10
13145	158.4630039	6.046398937e-10
13146	160.2836206	9.210268104e-10
13147	167.0044483	7.035261262e-10
13148	178.8857891	3.529336823e-10
13149	185.7070703	3.439133422e-10
13150	162.9929076	-7.362288557e-11
13151	124.6209537	-1.336672995e-10
13152	105.3303717	-3.963336326e-10
13153	95.94201354	-2.838191904e-10
13154	70.63266561	-3.998366083e-10
13155	37.49195836	-3.153459716e-10
13156	22.34150409	-8.394636097e-10
13157	27.15919306	-9.038814142e-11
13158	29.184714	-6.328093605e-11
13159	20.74887549	-6.508180661e-10
13160	26.51666871	-3.777458346e-10
13161	74.08248901	-7.382396916e-10
13162	147.2271792	-6.192344415e-10
13163	192.5061939	-2.596642901e-10
13164	192.1882954	-2.723510306e-11
13165	176.6657228	5.903899591e-11
13166	170.2157841	4.226308192e-10
13167	176.892211	3.201243715e-10
13168	185.8471121	8.964242681e-10
13169	185.4790309	9.009895052e-10
13170	181.2809337	9.01724917e-10
13171	177.4851024	9.927809685e-10
13172	175.458247	1.224155e-09
13173	180.1194586	1.382669979e-09
13174	185.6799507	1.014058171e-09
13175	186.7374653	1.168729113e-09
13176	175.1545006	1.01786668e-09
13177	144.4733568	9.916973909e-10
13178	120.4529813	1.138300121e-09
13179	115.750043	4.493330152e-10
13180	112.8760166	2.187157122e-10
13181	122.6403812	3.351274813e-11
13182	144.0326607	-1.523758897e-11
13183	136.6163627	-1.100346481e-10
13184	103.8469645	1.6751045e-11
13185	86.20311846	-6.118483498e-11
13186	86.99897352	-6.753708703e-12
13187	84.02190673	1.107700598e-10
13188	67.6365601	-6.146905207e-11
13189	45.46341405	-6.69270861e-10
13190	33.28544099	-8.321379141e-10
13191	36.69527307	-4.229896433e-10
13192	42.00202306	-3.520348457e-10
13193	41.17829428	-3.106741531e-10
13194	48.21487299	2.256470566e-10
13195	66.4120087	2.351434603e-10
13196	78.50183125	4.730580372e-10
13197	78.89220124	7.010250158e-10
13198	75.21087504	5.694609229e-10
13199	74.35690657	4.271711873e-10
13200	76.77645681	1.360263013e-10
13201	79.07818586	7.563585314e-10
13202	87.5019601	8.309122279e-10
13203	96.98243228	9.736353945e-10
13204	91.34829774	1.048281462e-09
13205	85.88156182	1.006803529e-09
13206	95.03892438	6.703437805e-10
13207	101.815173	7.918963263e-10
13208	99.93102277	9.49260226e-10
13209	95.47814153	5.97029981e-10
13210	95.38133514	5.656346502e-10
13211	104.2056142	1.006327466e-09
13212	105.7314065	4.737152892e-10
13213	99.65918147	1.69073644e-10
13214	105.1650962	-1.419309115e-11
13215	109.9910624	-3.611333455e-11
13216	106.8620298	-1.632685098e-10
13217	110.6762625	-2.863629334e-10
13218	109.623173	-9.658407407e-11
13219	97.37022214	-3.942695059e-10
13220	98.45511265	-7.198792673e-10
13221	114.6295036	-3.908056101e-10
13222	124.5153355	-4.950742039e-10
13223	128.8657983	-5.494307231e-10
13224	139.1755594	-7.426450566e-10
13225	147.1138099	-7.232259236e-10
13226	149.1997828	-2.715481173e-10
13227	165.5337366	-2.57493582e-10
13228	198.1000379	-5.621423327e-10
13229	218.2199117	-2.591953319e-10
13230	205.0044095	1.376534442e-10
13231	163.0865941	4.541078624e-11
13232	111.9921286	1.693578611e-10
13233	65.43113001	3.334577059e-10
13234	31.52289693	3.340581145e-10
13235	20.92311322	1.11130305e-09
13236	24.65698754	8.615685942e-10
13237	22.48664721	8.090417225e-10
13238	15.36973909	1.255973103e-09
13239	15.8600815	1.005407313e-09
13240	30.48306174	6.527898222e-10
13241	44.78058593	1.302197461e-09
13242	37.71010982	5.83579407e-10
13243	24.6495276	5.193889763e-10
13244	22.81757058	4.924061159e-12
13245	18.56864139	5.022116056e-10
13246	14.92703241	4.170885859e-11
13247	23.78346473	-1.724096421e-10
13248	36.92548691	6.816307518e-10
13249	53.67684281	2.344471284e-10
13250	78.81548743	-4.06291889e-10
13251	107.7270957	-6.280274079e-10
13252	136.314723	-5.37855982e-10
13253	163.8017281	-7.157794357e-10
13254	191.465882	-4.573159629e-10
13255	212.4375002	-9.805916079e-10
13256	219.5564095	-4.76013895e-10
13257	224.1776585	-1.980282605e-10
13258	233.5039742	-2.806181953e-10
13259	240.6632013	-6.548006581e-11
13260	240.8313632	3.164153384e-10
13261	229.3977614	6.254339269e-10
13262	210.0668686	2.32628139e-10
13263	195.0585427	3.79863252e-10
13264	187.4272155	4.859508351e-10
13265	181.9986226	3.420659311e-10
13266	172.2882023	5.447411411e-10
13267	163.4505253	1.060538324e-09
13268	166.7470665	8.0708773e-10
13269	171.3661849	5.397886582e-10
13270	165.6183369	3.738840348e-10
13271	160.3195986	6.099689642e-10
13272	160.5920575	5.762927913e-10
13273	159.6284769	1.218968038e-09
13274	157.8801438	8.86288376e-10
13275	164.5943511	8.750760117e-10
13276	179.745786	6.008811226e-10
13277	182.294756	5.522480251e-10
13278	160.6049405	3.445705943e-10
13279	132.4878341	-1.30558675e-10
13280	117.3361794	-2.633022689e-10
13281	111.7843024	-5.188418584e-10
13282	92.04699736	-3.20117266e-10
13283	53.33776811	-5.726690233e-10
13284	27.37524406	-9.717773253e-10
13285	26.13653785	-4.045936919e-10
13286	27.45052803	-2.742801541e-10
13287	23.9875804	-1.095642688e-09
13288	37.02864171	-1.019564877e-09
13289	90.66196241	-9.314469196e-10
13290	165.8790929	-9.919851607e-10
13291	210.2152381	-2.979128055e-10
13292	212.7125805	-4.874323167e-10
13293	199.21219	5.122302582e-11
13294	186.2898785	2.867501792e-10
13295	183.6327659	6.446825296e-10
13296	185.5906361	4.102211904e-10
13297	182.2786066	9.508518417e-10
13298	181.3347956	1.301863506e-09
13299	180.9324798	7.958504966e-10
13300	174.4328508	1.195822108e-09
13301	173.7701453	1.539795846e-09
13302	184.100056	1.0159944e-09
13303	187.5416182	1.188503518e-09
13304	164.4442113	1.124845994e-09
13305	127.7287345	1.097955504e-09
13306	111.816495	1.093308555e-09
13307	114.6810513	4.450910751e-10
13308	115.4330265	2.006359523e-10
13309	124.1293578	-8.268230545e-11
13310	139.5224588	-1.020055151e-10
13311	127.0944508	-1.365698665e-10
13312	87.11789323	-1.190691989e-10
13313	63.69588727	1.470716882e-10
13314	67.17153598	-7.294786997e-11
13315	68.65039403	-2.04163797e-10
13316	61.70127678	-6.561506893e-11
13317	52.36736739	-5.084039856e-10
13318	40.69508987	-1.113264148e-09
13319	42.51066896	-3.287112804e-10
13320	55.38587905	-3.267111026e-10
13321	54.66762286	-4.580371638e-10
13322	50.46663605	-4.109352858e-10
13323	60.6027901	2.822773126e-10
13324	73.20234979	1.920987813e-10
13325	77.32538885	7.939604529e-11
13326	74.69025799	2.265423404e-10
13327	73.16860481	2.613376182e-10
13328	74.6699769	7.016964787e-11
13329	74.19204342	5.010818427e-10
13330	80.46979605	4.707239043e-10
13331	91.53136132	7.941167723e-10
13332	89.88661335	8.219629422e-10
13333	86.50047166	1.187682841e-09
13334	95.73048575	1.024748286e-09
13335	105.4329662	7.867413387e-10
13336	107.423956	7.525429169e-10
13337	105.3492987	8.408740371e-10
13338	106.1605844	9.454232952e-10
13339	110.1598857	1.073786393e-09
13340	107.4112043	7.81341214e-10
13341	102.7085978	3.714859531e-10
13342	106.0873379	1.057145482e-10
13343	110.2795735	1.826023777e-10
13344	113.9211999	1.29702471e-10
13345	122.8799794	-3.264020165e-10
13346	129.187076	-2.786855191e-10
13347	129.5811144	-2.485052164e-10
13348	140.7845613	-5.464144692e-10
13349	166.5586011	-8.316831668e-10
13350	184.8032744	-9.339125029e-10
13351	192.2580032	-1.205478384e-09
13352	202.0926187	-6.476952308e-10
13353	204.0673376	-8.429381637e-10
13354	198.3875354	-8.434568599e-10
13355	206.8569855	-7.584688433e-10
13356	223.7098889	-5.213856014e-10
13357	229.549941	-6.959197663e-10
13358	215.9972953	-1.399413918e-10
13359	177.1561928	-2.7109337e-10
13360	122.2458625	-1.391065041e-10
13361	69.25146296	1.507984848e-10
13362	30.76820553	3.189981612e-10
13363	17.8630971	1.353761547e-09
13364	24.44053512	9.418457125e-10
13365	27.29623229	8.314522404e-10
13366	16.02202139	6.594120805e-10
13367	8.571245246	1.005080463e-09
13368	22.3834822	6.612239645e-10
13369	34.00244697	2.816200606e-10
13370	24.36759209	7.224123522e-10
13371	22.75059398	4.126974318e-10
13372	40.29956384	1.261000193e-10
13373	56.52552587	4.167617362e-10
13374	76.37247384	-9.521983202e-11
13375	109.6893432	-1.137721028e-10
13376	145.6982866	1.538680294e-10
13377	175.9325028	-1.728039933e-11
13378	200.1410276	-2.754987349e-10
13379	218.2375204	-4.166835765e-10
13380	227.5331069	-6.372182781e-10
13381	232.5006212	-5.748042042e-10
13382	239.3549535	-4.032720824e-10
13383	238.1595968	-1.916120596e-10
13384	228.2208404	-6.948397413e-10
13385	224.1845625	-1.427444829e-10
13386	223.0234622	-1.453415166e-10
13387	218.3310896	-3.44599016e-10
13388	213.5146068	5.944400527e-11
13389	205.0507662	1.362607804e-10
13390	191.8768113	-2.045439373e-10
13391	181.1270706	2.971844992e-11
13392	177.6680594	-7.819522807e-12
13393	177.8346997	9.977796367e-11
13394	172.6207959	8.079581448e-11
13395	167.2696351	4.830305045e-10
13396	172.5795932	5.694325012e-10
13397	178.5540388	3.127027526e-10
13398	173.1872704	3.239364332e-10
13399	165.8804591	5.519460444e-10
13400	167.4258165	8.465974588e-10
13401	167.5899629	8.251248573e-10
13402	161.5345002	8.608793678e-10
13403	168.8969862	8.37189873e-10
13404	185.0052137	3.942446369e-10
13405	180.6712281	1.888622592e-11
13406	159.685948	5.66977576e-11
13407	138.8123442	-2.983071568e-10
13408	124.9397264	-5.51182211e-10
13409	123.5538342	-7.752518627e-10
13410	112.1839396	-8.747207403e-10
13411	75.50904392	-5.756817245e-10
13412	45.82249538	-1.024520913e-09
13413	39.6908964	-1.238930736e-09
13414	38.71044691	-8.394422935e-10
13415	38.28713273	-9.274891966e-10
13416	57.80715339	-1.373425818e-09
13417	114.2537072	-1.14203047e-09
13418	182.8016293	-1.063650501e-09
13419	219.3182652	-7.867271279e-10
13420	221.9635487	-1.54518176e-10
13421	210.6266864	-3.530900017e-10
13422	196.0988763	3.174704943e-11
13423	188.6730116	4.441034207e-10
13424	185.157163	2.275051258e-10
13425	179.6479003	6.671463382e-10
13426	180.5846096	8.914327054e-10
13427	182.6118181	1.063405364e-09
13428	173.3632492	1.070826983e-09
13429	168.7355318	1.19926824e-09
13430	181.7866384	1.175290976e-09
13431	182.0850051	7.414264758e-10
13432	146.8540166	7.731024709e-10
13433	109.8291274	8.048957056e-10
13434	102.5682859	8.606804158e-10
13435	110.7498145	3.606395182e-10
13436	117.9440136	3.814832894e-10
13437	128.9157353	2.80238055e-11
13438	141.2586276	7.333156304e-11
13439	129.1653631	-6.65423272e-11
13440	87.95201594	-7.624478826e-11
13441	61.16589127	2.928359777e-10
13442	63.02817734	2.171738345e-10
13443	62.84039791	-1.17914567e-10
13444	60.52934211	-5.61307445e-10
13445	58.35840347	-8.336229484e-10
13446	44.36524034	-1.01712061e-09
13447	44.23248764	-1.056161381e-09
13448	63.61085215	-4.375557694e-10
13449	64.44056898	-4.987334989e-10
13450	50.46973776	-5.38637579e-10
13451	51.20527119	1.900986035e-10
13452	62.85766285	9.207568041e-11
13453	69.52206836	2.278497391e-10
13454	69.95752203	-3.442472973e-10
13455	73.19676366	2.801492371e-10
13456	78.5231432	2.802735821e-10
13457	80.06184859	2.574616076e-10
13458	87.01111653	3.950155758e-10
13459	99.81954634	5.878746379e-10
13460	103.1161364	8.694591713e-10
13461	99.87828215	1.096296387e-09
13462	103.6468149	1.047474996e-09
13463	110.6152537	9.071143836e-10
13464	110.4212649	5.791136459e-10
13465	106.7354836	7.413305525e-10
13466	106.6106807	9.843574844e-10
13467	106.4521853	7.249099099e-10
13468	107.1396824	7.603162544e-10
13469	114.1352874	2.537667854e-10
13470	125.5204842	3.543831895e-11
13471	141.9010949	-6.308198408e-11
13472	162.4485059	-2.916742403e-10
13473	181.9578467	-4.359996808e-10
13474	197.8273926	-5.847873297e-10
13475	204.5661752	-8.790266293e-10
13476	209.6517055	-9.398846146e-10
13477	223.3581692	-8.869669443e-10
13478	229.1624212	-1.571372366e-09
13479	223.9083611	-1.362376878e-09
13480	221.9743397	-9.360832109e-10
13481	214.5631897	-5.648814749e-10
13482	205.2928325	-1.433026142e-09
13483	212.1210697	-9.77301795e-10
13484	223.9427332	-5.816929161e-10
13485	228.569856	-9.222063113e-10
13486	223.1405452	-6.193729973e-10
13487	193.4037888	-3.041265018e-10
13488	138.3053861	-4.075175752e-10
13489	77.84886444	4.394706821e-11
13490	31.12161571	6.978240208e-10
13491	10.29565079	4.323830183e-10
13492	15.10646982	1.231249769e-09
13493	23.78788602	1.111430947e-09
13494	18.35152219	5.015330373e-10
13495	22.12709168	1.144378814e-09
13496	54.82743584	9.348646302e-10
13497	83.97233607	4.55862903e-10
13498	95.47640359	4.081073257e-10
13499	118.9863483	5.463789421e-10
13500	153.7432349	4.931770548e-10
13501	178.7773993	3.030429241e-10
13502	199.8122967	3.612399269e-11
13503	225.8480463	-1.915978487e-10
13504	247.1262948	2.918341124e-10
13505	250.0918861	-2.076205874e-10
13506	238.2301746	-2.977813551e-10
13507	221.7463942	-1.593534193e-10
13508	201.9652467	-1.553033258e-10
13509	188.6719947	-5.728750807e-10
13510	187.5927677	-6.444977885e-10
13511	187.2263125	-5.61108493e-10
13512	192.9016824	-7.83686005e-10
13513	211.0663171	-8.558842524e-10
13514	222.4494814	-5.093276911e-10
13515	220.4813063	-2.540403443e-10
13516	218.1194003	-7.39326822e-10
13517	216.7247065	-4.289049116e-10
13518	209.5008471	-3.097397894e-10
13519	198.9364893	-5.781650714e-10
13520	193.906626	-4.215578997e-10
13521	192.3048266	-3.468336729e-10
13522	186.4888918	-2.796483045e-10
13523	181.5458669	-4.803268894e-11
13524	184.1673451	3.739586418e-10
13525	187.7205515	3.949374161e-10
13526	181.0041588	3.227391687e-10
13527	170.8362716	5.430536021e-10
13528	171.9019878	7.380016598e-10
13529	169.9347007	6.106439798e-10
13530	159.6066978	7.326157458e-10
13531	169.3701246	5.498037581e-10
13532	187.7977521	7.226219623e-10
13533	182.7375493	7.202416441e-11
13534	167.5996582	-1.640998448e-10
13535	153.5151497	-5.621600963e-10
13536	141.8377305	-8.623111114e-10
13537	145.4450627	-7.322462636e-10
13538	142.9146585	-7.335501095e-10
13539	112.4106771	-6.506120087e-10
13540	80.98299718	-9.653504662e-10
13541	67.07128948	-1.124128346e-09
13542	58.87793151	-1.192155707e-09
13543	56.50315307	-8.233698168e-10
13544	79.67658247	-1.247776993e-09
13545	135.2228172	-9.044534011e-10
13546	193.143536	-1.082767653e-09
13547	221.8281694	-5.823963534e-10
13548	224.8794583	-2.872830862e-10
13549	217.587254	-7.142730851e-10
13550	208.1165347	-1.709601349e-10
13551	201.2500778	2.54267718e-11
13552	194.0346305	3.409148519e-10
13553	184.9244071	1.400906058e-10
13554	182.3673057	1.761186752e-10
13555	183.0354278	5.237161815e-10
13556	173.536802	7.178613259e-10
13557	169.2191604	1.061508215e-09
13558	182.5577586	1.112670844e-09
13559	174.2676736	8.689440278e-10
13560	129.7667373	7.395577484e-10
13561	96.53634016	8.387317507e-10
13562	93.36626602	6.431193356e-10
13563	101.0839258	6.817799658e-10
13564	111.6953357	3.997335796e-10
13565	123.368107	3.853131147e-10
13566	133.9541454	3.339764021e-10
13567	125.6239433	3.32228467e-10
13568	89.19079411	1.657198823e-10
13569	63.64716871	9.260503475e-11
13570	63.2138896	4.461568892e-10
13571	60.13596049	6.759037774e-11
13572	58.77816868	-5.771063627e-10
13573	57.06588171	-6.511449158e-10
13574	38.41737991	-9.628351449e-10
13575	35.4077511	-8.682512487e-10
13576	61.03059225	-9.71148495e-10
13577	69.513436	-3.679296867e-10
13578	53.49214124	-5.793552305e-10
13579	50.15959107	-4.505906759e-10
13580	64.35889162	2.655404785e-10
13581	74.78680051	-8.655476336e-11
13582	79.44502734	-2.033715418e-10
13583	87.14731607	1.857074494e-10
13584	93.15030091	3.163620477e-10
13585	92.08787458	1.816573558e-10
13586	91.10192132	3.093418854e-10
13587	94.98837161	5.18461718e-10
13588	95.58421264	5.688818305e-10
13589	89.02459813	6.142499842e-10
13590	89.3236666	1.040802999e-09
13591	100.2153497	5.499032341e-10
13592	109.0440585	3.890434641e-10
13593	119.3635028	3.014122285e-10
13594	133.8314004	4.318891911e-10
13595	144.5876716	5.605436115e-10
13596	159.5072195	4.791971264e-10
13597	176.9372683	-1.554028017e-10
13598	187.0648983	-2.926974219e-10
13599	200.660567	-1.650377612e-10
13600	215.6182526	-8.400355966e-10
13601	222.9967873	-6.397442576e-10
13602	229.231685	-4.137525877e-10
13603	226.9770197	-4.689582056e-10
13604	217.9640324	-8.49784243e-10
13605	219.1046682	-7.889831011e-10
13606	220.3507227	-6.7902306e-10
13607	216.0522761	-1.207176581e-09
13608	216.6833138	-7.419878045e-10
13609	215.0958068	-5.267430936e-10
13610	211.9393534	-8.447891275e-10
13611	217.4254705	-7.914593425e-10
13612	222.5968973	-5.694076322e-10
13613	221.3116046	-2.778968167e-10
13614	214.543401	-3.752873567e-10
13615	188.375031	-3.547278027e-10
13616	136.0027224	-7.335287933e-11
13617	80.10376963	3.997442377e-10
13618	45.05336188	7.810534441e-10
13619	38.36854812	6.727631785e-10
13620	59.96052752	8.266525242e-10
13621	88.66213517	1.278841921e-09
13622	102.9988737	1.147583362e-09
13623	126.0657372	1.244384151e-09
13624	170.4291908	6.679989895e-10
13625	202.4676466	4.634514994e-10
13626	215.6643962	7.133493796e-10
13627	231.2871672	3.175770757e-10
13628	244.5118788	5.066134179e-10
13629	244.8014561	5.846700901e-10
13630	240.1106083	5.166356232e-10
13631	241.0487727	1.037747666e-10
13632	238.3454673	3.920206382e-10
13633	213.5257939	3.23083782e-10
13634	175.083113	-1.615738654e-10
13635	140.8764369	-1.780655623e-10
13636	114.9915567	-4.297042722e-10
13637	105.4154487	-3.244693403e-10
13638	110.8517984	-5.050999619e-10
13639	123.9526747	-1.116916337e-09
13640	156.1594597	-8.626948045e-10
13641	201.372142	-1.170537445e-09
13642	226.6464027	-9.23314758e-10
13643	225.6702276	-6.539728759e-10
13644	221.9835813	-1.418307249e-09
13645	224.8652546	-1.045279419e-09
13646	222.3291417	-4.604494563e-10
13647	212.7543371	-2.297575463e-10
13648	205.5440675	-5.415152771e-10
13649	198.3539724	-3.349391875e-10
13650	188.8097109	2.975397706e-11
13651	182.1413285	8.215650382e-11
13652	180.9171489	9.587353134e-11
13653	182.2433168	3.48880036e-10
13654	175.2783254	1.504503189e-10
13655	165.5656667	5.487237331e-10
13656	168.6020906	9.626042186e-10
13657	167.1808904	9.37372846e-10
13658	159.1852544	7.316032224e-10
13659	174.7597832	6.709299782e-10
13660	197.4274559	7.180673833e-10
13661	198.0273164	2.280096112e-10
13662	189.9174638	-1.392344018e-10
13663	178.3368141	-4.261586639e-10
13664	166.5709019	-4.396270015e-10
13665	171.5614026	-4.7493387e-10
13666	175.6474976	-3.081019884e-10
13667	154.3585625	-3.930047399e-10
13668	124.8741963	-4.551985455e-10
13669	106.205339	-8.247766914e-10
13670	92.80466342	-8.332037282e-10
13671	88.74233318	-8.296403564e-10
13672	113.0480842	-1.161886587e-09
13673	160.954221	-9.751595087e-10
13674	202.9561035	-5.553815186e-10
13675	221.3878658	-9.706297988e-10
13676	220.510666	-6.143956455e-10
13677	214.6006912	-8.881642088e-10
13678	211.757938	-7.803393487e-10
13679	208.4730918	-5.243734336e-10
13680	201.560968	-1.26426869e-10
13681	191.5242138	-1.735074306e-10
13682	184.4707709	-1.441939901e-10
13683	182.223131	2.290256873e-10
13684	175.6949263	8.618137315e-10
13685	175.6427319	9.770815268e-10
13686	184.8489164	1.151754248e-09
13687	164.331261	1.175084918e-09
13688	116.6899728	9.869722817e-10
13689	90.44561463	8.878160429e-10
13690	88.52705264	7.916796108e-10
13691	94.21649939	5.964189143e-10
13692	105.5807493	7.354152842e-10
13693	115.594552	6.670575203e-10
13694	123.6397165	6.286917653e-10
13695	117.8204203	5.36676481e-10
13696	87.48308769	3.327933484e-10
13697	64.18752234	2.729088067e-10
13698	61.34805717	4.153406508e-10
13699	58.03743998	1.191580168e-11
13700	57.47286783	-4.717257696e-10
13701	54.46379172	-1.230354485e-09
13702	33.74212216	-8.241549665e-10
13703	29.84507938	-1.057426147e-09
13704	64.20447826	-7.51995799e-10
13705	87.04286697	-5.433911099e-10
13706	73.22869393	-3.216165112e-10
13707	62.84251051	-2.80262924e-10
13708	70.53987509	-4.009628185e-10
13709	73.6592783	-4.894928907e-11
13710	72.48011828	-1.949302941e-10
13711	76.20387698	-3.498037415e-10
13712	80.00662069	2.940794275e-10
13713	80.9582385	2.139302069e-10
13714	82.17596918	1.395115135e-10
13715	91.47823756	3.453770603e-10
13716	105.3598781	3.755502576e-10
13717	112.7742429	4.602895842e-10
13718	125.3772882	2.086473216e-10
13719	148.1389253	2.185842618e-10
13720	166.6032284	-6.669509389e-11
13721	183.2363136	2.84071433e-10
13722	196.9063852	4.088640537e-10
13723	203.04092	3.752411715e-10
13724	213.4421615	3.590976405e-10
13725	218.7480294	-9.695355629e-12
13726	211.4961063	-3.529514458e-10
13727	211.7193938	-7.079137276e-11
13728	215.7486471	-4.585132274e-11
13729	215.7239566	-6.36674713e-10
13730	222.0160717	-3.402149673e-10
13731	223.5292376	2.658850917e-11
13732	216.4833256	-3.627746992e-10
13733	218.8800008	-5.049933804e-10
13734	224.6184173	-5.167279937e-10
13735	222.5864988	-3.897113743e-10
13736	220.5953096	-6.373142014e-10
13737	218.9587657	-3.257909498e-10
13738	213.4412438	-3.159073003e-10
13739	209.3600306	-6.763727356e-10
13740	207.7016856	-3.967670636e-10
13741	206.3164778	-3.155875561e-11
13742	208.3751298	-4.555502642e-10
13743	202.4887916	-9.369216514e-11
13744	174.3712484	6.597389302e-12
13745	144.4145371	3.574314178e-10
13746	136.1696473	7.507132693e-10
13747	147.3107282	9.317169258e-10
13748	172.933493	9.544116608e-10
13749	196.1475246	8.310081512e-10
13750	202.7831032	1.043925835e-09
13751	213.8110324	1.031398966e-09
13752	236.4623659	1.087073542e-09
13753	250.3416677	2.158060397e-10
13754	253.2603918	5.547633464e-10
13755	250.6511622	8.261942241e-10
13756	241.1789074	3.06108916e-10
13757	226.5384012	4.458406977e-10
13758	212.8663996	5.764775324e-10
13759	208.6001098	5.243094847e-11
13760	200.6238057	1.414939277e-10
13761	166.3491698	2.311502101e-10
13762	117.1978733	-1.561204499e-10
13763	76.57537179	3.275602012e-12
13764	53.04641629	-1.943583072e-10
13765	47.77683587	-7.348646136e-10
13766	53.50784845	-5.581739515e-10
13767	74.66373937	-1.1191581e-09
13768	126.1855956	-1.059081711e-09
13769	189.3802073	-1.036209341e-09
13770	223.326695	-9.610694462e-10
13771	221.5191469	-7.507239275e-10
13772	215.2558377	-6.839790956e-10
13773	220.3017103	-1.051962073e-09
13774	222.1350741	-7.856257866e-10
13775	216.5688877	-3.580531427e-10
13776	209.1764811	-6.045972611e-10
13777	197.0827669	-4.735873915e-10
13778	184.4838637	-1.30384592e-11
13779	177.3638684	3.486917421e-10
13780	176.8900676	1.52855506e-10
13781	180.6566054	4.473861281e-10
13782	176.4594346	5.97786709e-10
13783	169.7301964	7.00513425e-10
13784	173.3435309	9.189271566e-10
13785	171.6876575	1.134203842e-09
13786	167.1066372	4.898410566e-10
13787	183.1811955	9.224621067e-10
13788	205.110281	8.73917827e-10
13789	212.0361981	7.167670901e-10
13790	209.868594	2.530278209e-10
13791	200.8298941	-1.401545546e-10
13792	191.7450478	-2.028706092e-10
13793	198.3498679	-5.437676975e-10
13794	209.6778954	-2.244000541e-10
13795	200.7492643	-2.284821221e-10
13796	177.3146664	-1.007940398e-10
13797	158.3564907	-4.829026068e-10
13798	142.8803695	-7.548379699e-10
13799	137.6008005	-1.109519587e-09
13800	158.2277265	-1.241797776e-09
13801	191.0666873	-1.150969098e-09
13802	214.373332	-6.517915097e-10
13803	222.1020494	-1.135624927e-09
13804	215.6233891	-9.390532796e-10
13805	209.8508332	-8.290683695e-10
13806	212.5516624	-6.602078884e-10
13807	213.316855	-8.978986443e-10
13808	209.7754968	-4.990887703e-10
13809	202.6474108	-6.767919558e-12
13810	193.3665322	-3.388471725e-10
13811	187.9035651	2.988649328e-10
13812	185.6597365	7.245795075e-10
13813	190.0153862	7.65247421e-10
13814	189.6593159	1.050835863e-09
13815	157.9306872	1.13811538e-09
13816	114.8108921	9.259295553e-10
13817	95.84600137	8.383587158e-10
13818	92.8844915	7.618439213e-10
13819	96.05466694	3.907913992e-10
13820	104.4360806	5.018172544e-10
13821	109.3380028	5.805063097e-10
13822	111.93834	5.483045129e-10
13823	105.642488	1.921343085e-10
13824	82.16062095	5.853806329e-11
13825	63.36170724	-2.694378054e-11
13826	62.44006855	-1.410249695e-10
13827	64.86263313	-9.201173157e-11
13828	65.76151153	-6.700595634e-10
13829	58.38981753	-1.206224454e-09
13830	30.88720285	-6.09748696e-10
13831	17.17642049	-8.081038061e-10
13832	52.12493001	-7.285798631e-10
13833	87.4907372	-4.91027663e-10
13834	78.11562816	-2.735554006e-10
13835	62.28908028	3.063860277e-11
13836	65.93738249	-3.139639659e-10
13837	70.2421682	-2.504840779e-10
13838	75.52950419	-4.474216553e-10
13839	88.43655682	-4.326530245e-10
13840	104.4125799	-1.878213141e-10
13841	120.1922739	1.120277204e-10
13842	134.0115666	-5.474376508e-11
13843	153.1169218	-1.241886594e-10
13844	173.946292	-9.443823501e-11
13845	182.9606577	3.263629367e-10
13846	190.5571243	1.656808024e-10
13847	202.9774675	-1.79507964e-10
13848	210.2332374	-2.952305067e-11
13849	213.6324639	1.597619814e-10
13850	212.9343226	6.695834998e-10
13851	213.3867779	4.484235205e-10
13852	223.3338079	5.270450743e-10
13853	225.3872676	7.449116879e-10
13854	216.4859048	1.723385878e-10
13855	216.3523996	7.317524364e-11
13856	219.5459592	2.300737378e-10
13857	220.5439643	-6.471978509e-11
13858	227.3950982	-2.442277491e-10
13859	228.429067	2.052651382e-10
13860	218.8627263	2.994546833e-10
13861	217.4737339	-7.149552061e-10
13862	222.8794668	-6.426787991e-10
13863	218.6216898	-4.268159159e-10
13864	213.5277433	-1.034649699e-09
13865	217.6886472	-8.141221031e-10
13866	219.0884197	-6.562395072e-10
13867	217.558881	-3.865494591e-10
13868	221.4297108	-7.32427452e-10
13869	228.1361903	-4.304645529e-10
13870	241.7122749	-2.589928272e-10
13871	253.033988	-7.389076018e-10
13872	241.2011813	-4.967333211e-10
13873	222.1933801	2.757687412e-10
13874	218.2462984	6.660627605e-11
13875	222.0059449	3.540669979e-10
13876	225.097169	4.354525629e-10
13877	220.6045037	9.437250981e-10
13878	206.7956379	5.434053207e-10
13879	196.7583424	8.14395662e-10
13880	198.270197	7.843219407e-10
13881	211.6315824	3.209343902e-10
13882	226.4659634	4.860325475e-10
13883	225.854306	5.791171986e-10
13884	214.8272618	8.415881325e-10
13885	204.925536	3.172182517e-10
13886	199.2158417	6.225882032e-10
13887	201.3633066	5.104681122e-10
13888	194.7814781	2.303330859e-10
13889	157.3940916	2.489883855e-10
13890	101.2370794	-2.206945737e-11
13891	54.93452445	3.175593122e-10
13892	32.01110006	7.615241771e-11
13893	23.44334059	-4.023696931e-10
13894	21.52916642	-1.075633804e-09
13895	45.29460316	-6.432152588e-10
13896	106.747526	-9.534133483e-10
13897	176.2523765	-7.742073649e-10
13898	211.9335575	-9.328928741e-10
13899	209.2055269	-7.012914693e-10
13900	202.4639401	-6.484803805e-10
13901	209.6822908	-4.712390478e-10
13902	217.5202062	-1.006707606e-09
13903	219.946725	-7.571259175e-10
13904	216.4450138	-3.900879619e-10
13905	204.3409271	-5.35845146e-10
13906	190.4881806	-2.675157873e-10
13907	181.6056982	1.337134847e-10
13908	181.1752011	-2.869171567e-11
13909	184.5786774	1.434301566e-10
13910	179.7561629	5.632969646e-10
13911	173.0232433	9.235741061e-10
13912	173.0517351	7.911999944e-10
13913	171.9190226	7.339764352e-10
13914	173.739568	9.482370444e-10
13915	188.8897966	6.225882032e-10
13916	209.850018	8.53841442e-10
13917	224.1899343	1.022044671e-09
13918	227.8046901	1.828901475e-10
13919	223.3600438	-3.344169386e-11
13920	217.8253817	1.387086002e-10
13921	222.459382	-8.714806654e-11
13922	235.6086821	-3.92482491e-10
13923	234.4574166	-1.591757837e-10
13924	216.4735994	-2.671249888e-10
13925	200.1590958	-9.098961584e-10
13926	186.9819378	-7.409575176e-10
13927	183.6291102	-1.210864298e-09
13928	199.5153693	-1.084803358e-09
13929	217.6199181	-1.391150306e-09
13930	226.9234296	-1.07281295e-09
13931	227.4093294	-7.943867786e-10
13932	216.7994154	-1.147370199e-09
13933	209.6987448	-1.38231826e-09
13934	212.8630525	-9.780869448e-10
13935	213.6477155	-1.210384681e-09
13936	211.6230751	-9.696812242e-10
13937	208.5518833	-4.129709907e-10
13938	200.4429688	6.096456673e-11
13939	193.0510236	-1.44666501e-11
13940	194.1683401	4.448885704e-10
13941	197.4633467	8.536247265e-10
13942	181.3077671	8.028422371e-10
13943	142.3434343	8.936282825e-10
13944	109.36931	7.473452968e-10
13945	95.93609275	3.966320605e-10
13946	92.22071996	4.25078639e-10
13947	95.95266897	1.273718908e-10
13948	103.394659	1.542304062e-10
13949	106.2451381	5.968487926e-10
13950	104.4631279	3.557225625e-10
13951	96.04058991	1.933742055e-11
13952	77.11786604	3.017674999e-10
13953	60.01196762	-2.458122594e-11
13954	59.64395285	-2.844657843e-10
13955	66.04399122	-5.308145035e-10
13956	64.91271022	-5.32892841e-10
13957	50.97661473	-6.990603652e-10
13958	15.55975185	-9.681500046e-10
13959	-8.266514397	-3.14422266e-10
13960	30.48813259	-5.746798593e-10
13961	89.36799698	-4.599876036e-10
13962	102.695775	-2.97546876e-10
13963	97.61729846	-1.632720625e-10
13964	108.7378405	-3.079883015e-10
13965	123.3761071	-4.653344376e-10
13966	137.1364739	-6.195897129e-10
13967	153.3685849	-6.644391704e-10
13968	168.7283371	-3.040128149e-10
13969	180.12294	-4.579696622e-10
13970	187.8992139	-1.831779173e-10
13971	199.0240089	-6.413714004e-11
13972	209.0670383	2.153761613e-10
13973	208.3977343	-1.526707649e-10
13974	205.6949915	7.176481631e-12
13975	208.6567895	2.957989409e-11
13976	212.7237078	-2.962607937e-11
13977	212.0225284	1.43661083e-10
13978	207.9019527	4.185132241e-10
13979	213.8172471	2.491269413e-10
13980	228.4781401	2.996642934e-10
13981	231.7481689	3.140847582e-10
13982	224.4656383	5.73095349e-10
13983	220.3250405	-2.164171065e-10
13984	218.385457	-3.397637727e-10
13985	217.7406897	-1.315569875e-10
13986	221.6252598	-7.28643812e-10
13987	221.5931282	-5.780194101e-10
13988	213.8160697	-2.197815263e-10
13989	216.0923775	-6.530598284e-11
13990	229.1455439	-1.158824148e-09
13991	230.1282805	-6.693987586e-10
13992	228.1710084	-5.688356453e-10
13993	240.0004026	-1.325197729e-09
13994	247.4960892	-1.118269921e-09
13995	245.7647806	-7.245368749e-10
13996	245.965358	-1.271907024e-09
13997	246.6590891	-8.871090529e-10
13998	254.7399061	-5.855689267e-10
13999	264.5630708	-3.808011684e-10
14000	253.1893552	-8.171454624e-10
14001	230.1195772	-9.07469655e-11
14002	215.9502971	3.317595088e-10
14003	204.1492362	8.751399605e-11
14004	184.7077805	4.907860784e-10
14005	161.5118836	4.120792596e-10
14006	138.7664886	7.144684844e-10
14007	115.4795058	1.007478545e-09
14008	109.7017675	6.040181688e-10
14009	143.4341059	5.453344443e-10
14010	188.11768	4.575717583e-10
14011	204.7788799	4.582965119e-10
14012	203.9286743	6.785363382e-10
14013	204.8922663	4.048956725e-10
14014	210.0250707	3.628208844e-10
14015	217.1563461	7.600320373e-10
14016	209.2690624	7.133529323e-10
14017	168.0395015	2.663540499e-10
14018	103.7199553	-2.511058028e-11
14019	50.62532766	-4.21430002e-10
14020	25.44335731	2.052438219e-10
14021	9.493342094	-2.267448451e-10
14022	1.417874162	-9.079812457e-10
14023	31.9930601	-9.142624435e-10
14024	103.3325978	-1.271775574e-09
14025	175.725947	-1.056314147e-09
14026	211.6106317	-6.163958233e-10
14027	211.4979116	-1.11867493e-09
14028	206.9192314	-8.029594767e-10
14029	213.8192248	-8.755698389e-10
14030	223.5274609	-1.34602729e-09
14031	228.54646	-1.023224172e-09
14032	225.4992693	-8.300169441e-10
14033	214.6118681	-3.087130551e-10
14034	199.7626536	-5.28686428e-10
14035	187.8886046	-2.842064362e-10
14036	186.0217348	1.900772872e-10
14037	186.5995025	-2.252704689e-10
14038	180.9900608	3.270521631e-10
14039	174.7109238	6.544063069e-10
14040	171.4971899	7.721752127e-10
14041	173.8533438	8.06689826e-10
14042	183.0144369	6.635154648e-10
14043	195.6769859	1.104961456e-09
14044	213.604657	6.078444414e-10
14045	229.5369255	7.101768063e-10
14046	233.232982	9.081908559e-10
14047	230.7492684	1.349960144e-10
14048	225.8224507	1.723599041e-10
14049	225.277497	1.789288717e-10
14050	235.756382	-4.377298524e-10
14051	237.9374895	-2.147189093e-10
14052	225.0595423	-3.375859592e-10
14053	213.8452632	-1.054267784e-10
14054	206.3963889	-9.519354194e-10
14055	205.8102881	-8.934577522e-10
14056	215.3498425	-9.135447954e-10
14057	222.5503536	-1.51624846e-09
14058	225.1976815	-1.181781784e-09
14059	224.0985681	-9.935519074e-10
14060	214.6838266	-9.514451449e-10
14061	208.2130084	-1.549075535e-09
14062	210.7431904	-1.314482745e-09
14063	211.0423419	-9.840483983e-10
14064	208.8785109	-1.130040062e-09
14065	209.2900398	-7.130367408e-10
14066	205.1593044	-1.305195951e-10
14067	198.6787149	5.196554298e-11
14068	201.6047458	2.436522095e-10
14069	196.9069391	6.425899812e-10
14070	163.4525792	8.201048729e-10
14071	125.4443508	5.803215686e-10
14072	107.2510153	6.840501499e-10
14073	98.80965891	4.615934301e-10
14074	95.44025693	3.057891718e-10
14075	100.123485	3.55964147e-10
14076	106.7891342	3.89007937e-10
14077	108.5268862	3.545466143e-10
14078	101.1431197	7.080807052e-10
14079	86.86424686	5.427160943e-10
14080	67.45162583	6.950529041e-11
14081	49.87340397	5.397602365e-10
14082	51.96030016	-1.477822309e-10
14083	65.41511174	-3.488729305e-10
14084	68.47518389	-2.938307375e-10
14085	56.49732246	-3.514948332e-10
14086	20.66800527	-6.566693855e-10
14087	-8.338001274	-7.913385502e-10
14088	32.55585512	-1.912354719e-10
14089	110.8451242	-6.270433062e-10
14090	145.3859484	-3.309530427e-10
14091	145.8302058	-4.154223632e-10
14092	154.8236169	-4.473470483e-10
14093	168.9528699	-6.501430505e-10
14094	178.7529797	-1.192532295e-09
14095	187.9249906	-1.059124344e-09
14096	194.3033673	-6.239240236e-10
14097	195.0554818	-2.583817604e-10
14098	196.6853597	-7.071321306e-10
14099	202.9766482	-4.697824352e-10
14100	207.4867373	-1.169730979e-10
14101	205.5361432	-5.277414061e-10
14102	200.6574726	-3.714362151e-10
14103	202.3379197	-1.644835379e-10
14104	210.1724958	8.448353128e-11
14105	209.5291002	6.582112633e-11
14106	205.489622	1.60710556e-10
14107	215.1948431	4.177671542e-10
14108	229.3370138	-2.256399512e-10
14109	233.9301241	6.068034963e-12
14110	230.6039381	1.688604812e-10
14111	224.4989586	-4.454712155e-10
14112	222.6075915	-5.158327099e-10
14113	226.3354939	-6.396128072e-10
14114	232.1169154	-3.313260777e-10
14115	234.9764064	-6.908997818e-10
14116	231.5937067	-3.131752635e-10
14117	237.1518144	-3.255600234e-10
14118	253.5875246	-1.042263165e-09
14119	255.5335457	-9.135199264e-10
14120	250.2849912	-5.59296609e-10
14121	257.5150621	-6.038405331e-10
14122	260.5761691	-1.121339466e-09
14123	250.7644299	-7.652296574e-10
14124	237.1847789	-3.447802044e-10
14125	222.3026329	-9.34928579e-10
14126	214.4484817	-7.354650222e-10
14127	211.3140514	-6.279421427e-10
14128	193.5816709	-7.815330605e-10
14129	163.3189254	-1.685691586e-10
14130	139.0736765	2.362696705e-10
14131	119.1750914	1.878284195e-10
14132	95.13129719	4.645386298e-10
14133	78.09168145	3.773976687e-10
14134	65.55986388	5.009113124e-10
14135	41.98952876	7.212541675e-10
14136	43.30497059	5.657767588e-10
14137	105.954084	5.158220517e-10
14138	180.9647821	4.108784424e-10
14139	213.6342313	5.135696313e-10
14140	216.6940044	5.852278662e-10
14141	217.34052	8.057341461e-10
14142	221.8773166	3.274749361e-10
14143	224.4039189	7.434550753e-10
14144	211.6311642	6.61490418e-10
14145	169.0137344	6.432188115e-11
14146	103.1591704	1.974953534e-11
14147	52.17385266	-2.712106095e-10
14148	31.22562684	-5.106670642e-10
14149	14.83617407	-8.677858432e-11
14150	10.15569547	-9.826521818e-10
14151	52.66405636	-1.34487621e-09
14152	131.5110245	-1.380911385e-09
14153	198.8367758	-1.203872557e-09
14154	226.4375207	-9.396181611e-10
14155	223.8365438	-1.419582674e-09
14156	215.8822895	-1.082860024e-09
14157	216.1013535	-9.51096979e-10
14158	222.5629608	-8.481855218e-10
14159	225.8365369	-1.277221884e-09
14160	224.1741086	-1.149405904e-09
14161	221.021841	-6.475033842e-10
14162	212.0627246	-5.581632934e-10
14163	202.0626281	-3.315037134e-10
14164	198.5279739	-9.301004411e-12
14165	192.8438069	2.275228894e-10
14166	183.3400609	6.223643823e-11
14167	173.5476273	5.855440577e-10
14168	164.9565062	9.022258496e-10
14169	169.4790768	9.724097083e-10
14170	183.4830297	7.646292488e-10
14171	195.9707827	9.024887504e-10
14172	214.4428111	6.297042887e-10
14173	231.4936507	5.899813971e-10
14174	235.5895027	6.947153963e-10
14175	235.134224	7.911893363e-10
14176	230.0869688	2.433040436e-10
14177	225.3785302	3.312194963e-10
14178	231.6361932	3.654676561e-10
14179	233.209228	-3.510400859e-10
14180	222.5849885	-1.95726102e-10
14181	215.1268034	-2.045830172e-10
14182	213.6513579	-9.00396202e-10
14183	214.5805215	-1.070510791e-09
14184	218.1134387	-8.757083947e-10
14185	221.7956565	-8.6981089e-10
14186	226.4882977	-1.197701494e-09
14187	230.9311088	-9.122764766e-10
14188	229.1116838	-9.566321069e-10
14189	225.7414761	-1.674173689e-09
14190	228.4393987	-1.333482658e-09
14191	228.7714632	-1.080785239e-09
14192	223.0086583	-7.132641144e-10
14193	221.1367175	-6.134577291e-10
14194	218.310358	-9.957545899e-11
14195	213.4050249	3.008615579e-10
14196	214.6957997	3.425206785e-10
14197	196.0951912	7.230589461e-10
14198	148.7128837	6.362732563e-10
14199	118.095736	8.544418506e-10
14200	113.8372265	7.658123025e-10
14201	108.8214141	5.819345006e-10
14202	104.6993387	5.568345784e-10
14203	106.9435248	6.463061197e-10
14204	111.6116045	6.216573922e-10
14205	114.0141498	8.400782292e-10
14206	104.6493457	9.070184603e-10
14207	87.15752807	8.045724087e-10
14208	67.34502895	5.190585739e-10
14209	51.23362463	2.448174996e-11
14210	57.34863	2.356088658e-10
14211	76.90063837	-2.547153599e-10
14212	84.14594245	-6.413962694e-10
14213	72.21281018	-2.125446485e-10
14214	32.64287065	-1.931752536e-10
14215	-5.619931389	-6.026219523e-10
14216	25.72799169	-1.589803844e-10
14217	109.2861387	-6.10679507e-10
14218	157.634089	-7.04819314e-10
14219	160.6969972	-7.088374332e-10
14220	166.8704778	-8.446328081e-10
14221	181.1314257	-8.761169568e-10
14222	189.2131057	-9.091394304e-10
14223	196.5071781	-1.102328895e-09
14224	199.8195597	-9.290239689e-10
14225	196.2043834	-7.191189866e-10
14226	197.101967	-8.595826273e-10
14227	201.1572202	-5.526388236e-10
14228	202.8688686	-2.009308275e-10
14229	202.5840296	-8.375167226e-11
14230	198.4771017	-5.960636429e-10
14231	202.4183267	-3.089866141e-10
14232	215.6288435	-2.36077824e-11
14233	218.6765569	5.089972888e-11
14234	220.0444433	2.627764673e-10
14235	232.4959534	3.875655352e-10
14236	243.207308	3.391420478e-10
14237	248.6703393	-7.132427982e-11
14238	247.4312597	1.437143737e-10
14239	238.2574508	1.632187718e-10
14240	236.2068123	-4.496776285e-10
14241	242.4851609	-3.127915704e-10
14242	247.994376	1.297593144e-10
14243	251.2181792	-4.604672199e-10
14244	249.7199156	-1.959676865e-10
14245	253.9827071	-5.607958542e-11
14246	266.9676538	4.963496281e-11
14247	265.6104347	-7.625402532e-10
14248	249.9539355	-4.671143472e-10
14249	239.4157666	-4.99465358e-10
14250	227.8668983	-9.657519229e-10
14251	203.530289	-8.237854843e-10
14252	172.0552331	-1.857287657e-10
14253	142.8923281	-5.21762189e-10
14254	122.3209938	-6.587406176e-10
14255	110.622564	-8.082778891e-10
14256	96.68428524	-8.325500289e-10
14257	75.80562225	-1.947917383e-10
14258	61.53869422	-1.886490963e-11
14259	55.23251013	1.015827422e-10
14260	50.87652478	5.519282809e-10
14261	58.02846122	3.91377597e-10
14262	57.92973926	3.178151076e-10
14263	30.90979197	-7.32676142e-11
14264	33.4001251	6.049702961e-10
14265	105.5571525	4.487290539e-10
14266	186.7399492	4.164029122e-10
14267	218.3045519	2.555182732e-10
14268	213.3191157	4.052793656e-10
14269	206.7427624	5.654854363e-10
14270	209.6388042	6.568292577e-10
14271	213.0561216	4.889955108e-10
14272	206.9130652	6.402878228e-10
14273	176.1682947	3.320934638e-10
14274	121.7735377	8.512301974e-12
14275	80.15032374	-1.079563106e-10
14276	61.87166762	-4.05659506e-10
14277	41.79638081	-4.644959972e-10
14278	35.2789957	-5.156053362e-10
14279	78.30813497	-1.00406794e-09
14280	151.5407113	-1.090540991e-09
14281	203.8867367	-1.561204499e-09
14282	219.9881963	-1.064837107e-09
14283	217.6322552	-7.925713419e-10
14284	210.7822829	-1.125535221e-09
14285	209.9715767	-6.535110231e-10
14286	217.5535185	-8.89862406e-10
14287	220.9822986	-1.427739704e-09
14288	222.1250608	-1.16463994e-09
14289	226.3722806	-7.770566413e-10
14290	222.7933402	-1.792379578e-10
14291	214.021639	-4.258495778e-10
14292	205.7225525	-2.926974219e-10
14293	192.5356626	1.771738312e-11
14294	179.8034073	-6.085798532e-12
14295	168.4263068	3.393942904e-10
14296	160.5321643	6.120970397e-10
14297	170.9274729	8.972769194e-10
14298	191.3986998	8.188365541e-10
14299	209.8756932	8.988010336e-10
14300	232.252337	1.207023814e-09
14301	248.5175618	4.221085703e-10
14302	249.9661456	6.202114378e-10
14303	244.9102801	8.444267507e-10
14304	234.2303677	3.090114831e-10
14305	225.4648785	5.821441107e-10
14306	228.74298	3.316458219e-10
14307	230.6879591	3.551861028e-10
14308	223.2837154	-1.007087747e-10
14309	221.1279529	-1.328004373e-10
14310	227.4766994	-5.9372951e-11
14311	229.811083	-9.39134992e-10
14312	228.1409538	-8.535465668e-10
14313	229.7442418	-6.018012755e-10
14314	234.0488667	-1.138637629e-09
14315	239.6036103	-7.210800845e-10
14316	240.0114265	-8.452900602e-10
14317	233.5346924	-6.798437369e-10
14318	232.8698967	-1.230684887e-09
14319	232.2601356	-7.22774729e-10
14320	220.7357217	-5.843929785e-10
14321	211.5099483	-7.211333752e-10
14322	207.3726285	-1.947597639e-11
14323	205.6763905	6.788560825e-10
14324	203.6144846	1.117399506e-09
14325	172.425396	9.457892247e-10
14326	122.3383299	6.686384779e-10
14327	105.298509	7.487308551e-10
14328	114.1243197	7.153388992e-10
14329	115.9302332	5.250520019e-10
14330	114.3551392	4.860218894e-10
14331	114.4693716	7.086917719e-10
14332	117.7343301	9.502585385e-10
14333	121.9477092	8.632312642e-10
14334	113.5666873	8.975611365e-10
14335	93.73328223	9.104184073e-10
14336	70.86403236	5.983871176e-10
14337	53.88609674	1.42396317e-10
14338	59.56266942	3.815792127e-10
14339	80.51263352	-1.641922154e-10
14340	90.10181756	-5.678373327e-10
14341	75.82168455	-5.180247342e-10
14342	33.56522261	-5.762501587e-12
14343	-9.021979488	-3.623519262e-10
14344	12.03940696	-6.845688461e-10
14345	95.24382226	-5.700329098e-10
14346	154.6218536	-8.098695048e-10
14347	161.1947428	-6.780709327e-10
14348	164.7925914	-9.257696831e-10
14349	177.6813358	-8.000604623e-10
14350	183.9226268	-7.560494453e-10
14351	190.1481807	-7.177156647e-10
14352	193.0614622	-6.496385652e-10
14353	191.5342534	-5.547029502e-10
14354	196.8471198	-2.230891027e-10
14355	202.2388611	-3.489937228e-10
14356	205.4882983	-6.438938271e-11
14357	209.2550608	2.40234499e-10
14358	207.9745813	1.684803408e-10
14359	213.1427905	-4.687095156e-11
14360	224.5865726	4.564668643e-10
14361	226.1698309	8.084803937e-10
14362	228.5695523	5.05284703e-10
14363	236.4768904	7.042118e-10
14364	240.387314	1.080458389e-09
14365	245.6963594	3.30267369e-10
14366	246.2039459	3.601563492e-10
14367	238.5883488	3.586890784e-10
14368	241.4705814	6.440146194e-10
14369	252.3400022	9.839951076e-11
14370	256.8578111	4.113651642e-10
14371	256.035821	5.983906703e-10
14372	249.8744053	6.567546507e-11
14373	243.143776	2.835456314e-10
14374	242.2044653	3.383959779e-10
14375	231.5557871	-3.637410373e-10
14376	200.6905193	-5.017462001e-10
14377	169.8805182	-6.776588179e-10
14378	150.0790666	-6.925091611e-10
14379	125.9368732	-2.661693088e-10
14380	98.30948141	-4.522107133e-10
14381	80.8340792	-6.24662988e-10
14382	70.93012316	-6.33807673e-10
14383	66.87196962	-9.712408655e-10
14384	65.8294914	-9.722391781e-10
14385	59.42167801	-8.846221533e-10
14386	54.57752252	-6.009663878e-10
14387	55.52771677	-1.383497761e-10
14388	62.39581016	-1.667999072e-11
14389	76.07388352	3.408402449e-10
14390	65.37390393	4.647162655e-10
14391	25.88411822	5.195133213e-11
14392	28.20138065	5.937010883e-10
14393	101.5139589	2.621476369e-10
14394	182.0929881	6.096172456e-10
14395	214.5967918	9.180425309e-10
14396	209.2799299	3.420943528e-10
14397	204.2286654	6.603251279e-10
14398	211.0816578	9.507772347e-10
14399	218.3640006	6.676295072e-10
14400	218.6887588	7.011813352e-10
14401	197.8642817	5.581810569e-10
14402	154.6076295	2.770264018e-10
14403	118.8987741	1.233111391e-10
14404	97.91268903	-1.19428023e-10
14405	73.89628327	-4.738289761e-10
14406	65.58697531	-2.740385696e-10
14407	105.3715884	-6.785469964e-10
14408	170.0027963	-6.505231909e-10
14409	208.9607793	-8.667520035e-10
14410	218.7692768	-1.043730435e-09
14411	220.3160328	-8.274163577e-10
14412	215.7169271	-5.731344288e-10
14413	213.3090104	-8.309797295e-10
14414	218.1946093	-9.137295365e-10
14415	217.9489075	-9.472032048e-10
14416	217.7443542	-1.430013441e-09
14417	223.4908447	-8.543210583e-10
14418	223.9671263	-3.960245465e-10
14419	219.4874523	-6.007390141e-10
14420	212.0067004	-3.540918669e-10
14421	200.3716974	-2.345537098e-10
14422	190.0816675	1.684945516e-10
14423	178.9769432	4.0959236e-11
14424	171.9646499	3.148770134e-10
14425	181.1712958	7.350529074e-10
14426	199.2671883	4.836131495e-10
14427	218.3492815	6.954330445e-10
14428	237.8383704	1.335699551e-09
14429	248.6123114	1.275608952e-09
14430	246.529273	5.63069591e-10
14431	236.0768008	7.32502059e-10
14432	222.5558381	1.164035979e-09
14433	216.8920612	4.817977128e-10
14434	224.6261941	5.497220457e-10
14435	231.9694842	4.582361157e-10
14436	228.725155	-1.281712514e-10
14437	229.5030636	-1.049897946e-10
14438	238.6911368	1.393196669e-10
14439	237.6112648	5.791278568e-11
14440	228.1902152	-6.006715125e-10
14441	222.7470319	-4.985132307e-10
14442	219.054405	-5.351488142e-10
14443	219.1024022	-9.497327369e-10
14444	216.1955628	-7.434550753e-10
14445	204.2950091	-6.114504458e-10
14446	201.8561886	-5.575024886e-10
14447	204.9188112	-7.108980071e-10
14448	193.5778552	-5.780265155e-10
14449	179.9183294	-3.161808593e-10
14450	177.6355362	-3.798561465e-11
14451	182.9306544	4.049560687e-10
14452	177.7766506	6.587015378e-10
14453	141.3295412	6.222862226e-10
14454	101.4564336	7.055476203e-10
14455	98.79019316	4.404725473e-10
14456	115.4376093	2.690399015e-10
14457	123.6998812	1.766160551e-10
14458	124.212564	3.615063804e-10
14459	120.5505692	7.427161108e-10
14460	119.8953154	8.191278766e-10
14461	123.1068885	6.103455519e-10
14462	115.7575407	8.42302228e-10
14463	94.20144609	9.225971098e-10
14464	69.32170851	5.945146597e-10
14465	53.20440601	6.094076355e-10
14466	58.03489976	-7.351630416e-11
14467	80.45935962	-6.623679383e-11
14468	92.4670531	-3.734434983e-10
14469	73.23703374	-4.656470765e-10
14470	28.10472662	2.129070253e-10
14471	-15.41755104	2.926725529e-11
14472	-4.423475914	-5.644871237e-10
14473	73.37156887	-7.96813282e-10
14474	140.6183792	-5.869402742e-10
14475	153.1896742	-7.234390864e-10
14476	156.4449042	-8.518732386e-10
14477	170.5066629	-5.589768648e-10
14478	180.3723691	-5.39394307e-10
14479	188.3674955	-2.594902071e-10
14480	192.8875185	-4.827995781e-10
14481	195.9963013	-3.14148707e-10
14482	203.1843976	4.907718676e-11
14483	205.4157661	3.496722911e-10
14484	204.8085909	1.306510455e-10
14485	205.1623871	3.967031148e-10
14486	202.6194698	3.138787008e-10
14487	205.2937466	-1.325517474e-10
14488	210.8777629	2.920188535e-10
14489	212.525855	7.605009955e-10
14490	218.8663984	1.209183864e-09
14491	226.9581365	9.28984889e-10
14492	233.170653	9.509655285e-10
14493	242.9760665	9.035119319e-10
14494	244.9837077	1.042117503e-10
14495	237.5164503	6.020499654e-10
14496	239.0786749	4.433040601e-10
14497	244.4729259	5.840661288e-12
14498	237.1386844	3.631654977e-10
14499	222.9278728	6.148539455e-10
14500	208.0729789	7.103047039e-10
14501	192.8658156	4.024158784e-11
14502	188.5324391	1.176445608e-10
14503	185.8777477	1.372875147e-10
14504	159.6707051	-4.541220733e-10
14505	129.5433379	-6.779963257e-10
14506	120.8776565	-1.070539213e-09
14507	112.9561288	-6.448104273e-10
14508	100.1595185	-5.505214062e-10
14509	96.39074833	-7.602061203e-10
14510	90.67531106	-1.082472778e-09
14511	79.43986864	-9.403322565e-10
14512	70.32503945	-1.149402351e-09
14513	59.19861106	-1.155854079e-09
14514	48.37728463	-3.592681708e-10
14515	47.74522488	-3.22053495e-10
14516	63.63164277	-3.1124614e-10
14517	78.5194644	-3.68807207e-11
14518	57.41046593	5.712763596e-10
14519	23.46133392	7.847233974e-11
14520	44.54967525	-8.075318192e-11
14521	124.8899979	2.892655004e-10
14522	203.081265	4.04480005e-10
14523	232.5633239	7.542979574e-10
14524	223.4784284	2.669651167e-10
14525	215.1536001	3.418598737e-10
14526	218.5926317	8.767564452e-10
14527	222.418473	1.125354032e-09
14528	222.4099486	6.264180286e-10
14529	210.7204962	6.617213444e-10
14530	186.3485088	4.74958739e-10
14531	165.4136354	-1.591615728e-11
14532	151.0073937	1.061479793e-10
14533	133.1305089	-2.426645551e-10
14534	126.7350972	-2.475353256e-10
14535	158.2159772	-6.20755003e-10
14536	205.6694371	-5.175841977e-10
14537	225.2724147	-1.877680234e-10
14538	223.9705834	-8.072902347e-10
14539	222.8278019	-8.429026366e-10
14540	216.991095	-7.10056014e-10
14541	212.4109018	-9.522906907e-10
14542	215.083749	-9.062759432e-10
14543	215.6876206	-9.918288413e-10
14544	217.0393755	-8.251497263e-10
14545	222.7976168	-1.245144432e-09
14546	226.5008696	-6.416023268e-10
14547	225.2375052	-2.898801199e-10
14548	219.1995768	-6.637925765e-10
14549	211.538911	-2.75708345e-10
14550	201.6112231	-2.007283229e-11
14551	186.6628499	-7.148415193e-11
14552	175.7456983	1.587103782e-10
14553	177.5010589	4.388276409e-10
14554	191.6286769	8.709228894e-10
14555	212.7634568	6.803482222e-10
14556	230.7766481	1.02401998e-09
14557	241.6081451	1.161339469e-09
14558	243.7222749	2.707594149e-10
14559	234.44381	4.571134582e-10
14560	222.9540372	8.249294581e-10
14561	221.6037913	8.594156498e-10
14562	231.7874809	1.182982601e-10
14563	240.3474047	1.983408993e-10
14564	235.9318418	2.688942402e-10
14565	233.2958543	-3.56063623e-10
14566	238.9605569	-1.904574276e-10
14567	234.5490871	-3.782929525e-11
14568	222.3087143	-5.384030999e-10
14569	212.3272765	-5.759055455e-10
14570	202.7854906	-5.635669709e-10
14571	199.3608624	-6.161720023e-10
14572	194.2420215	-1.067711253e-09
14573	180.1419814	-1.013852113e-09
14574	178.7147635	-6.194582625e-10
14575	188.3774533	-9.36367428e-10
14576	182.2933738	-9.181952976e-10
14577	167.711509	-7.82481635e-10
14578	169.3133155	-3.303384233e-10
14579	179.5525241	-1.982769504e-10
14580	166.6074634	1.47792889e-10
14581	127.9723558	1.452598042e-10
14582	100.7837095	4.014246713e-10
14583	102.7881147	3.356390721e-10
14584	115.7842003	2.043449854e-10
14585	124.1767424	2.168434321e-10
14586	124.2068868	4.08352463e-10
14587	118.5481209	6.112053086e-10
14588	116.8967379	7.836042926e-10
14589	121.7694189	1.180602283e-09
14590	118.4433272	9.466276651e-10
14591	97.86055517	7.258940116e-10
14592	73.90960543	8.341487501e-10
14593	59.54452648	7.134879354e-10
14594	61.88071221	2.117594988e-10
14595	83.73069925	2.275015731e-10
14596	94.80099354	-1.156408302e-11
14597	67.56883185	-2.568967261e-10
14598	20.56324509	-2.240554409e-10
14599	-17.30708463	2.79058554e-10
14600	-8.16779209	-1.909477021e-10
14601	67.80408736	-5.644054113e-10
14602	146.4542954	-6.552554055e-10
14603	170.7806395	-7.535945201e-10
14604	173.8220658	-4.471552018e-10
14605	186.4231923	-3.918394498e-10
14606	197.1104349	-6.285105769e-10
14607	198.7957988	-3.560103323e-10
14608	195.7625242	2.080824402e-11
14609	195.1859339	-4.711004919e-10
14610	196.360786	-3.429043716e-10
14611	193.8489375	-1.961808493e-11
14612	191.9942815	-1.069970779e-10
14613	193.9184959	2.452900105e-10
14614	199.4268018	-3.382893965e-11
14615	208.2353609	2.51674237e-11
14616	215.0428118	-1.112709924e-11
14617	220.2960228	4.19792201e-10
14618	225.4250897	7.094094201e-10
14619	226.4297266	1.710382946e-10
14620	227.6843577	6.101110728e-10
14621	229.8182795	7.069900221e-10
14622	221.3702812	6.078799686e-10
14623	206.5202579	1.065743049e-10
14624	203.5306001	1.64792624e-10
14625	207.3623791	6.104734496e-10
14626	199.9934177	4.415952048e-10
14627	189.5929093	8.084128922e-10
14628	185.1373863	6.591811541e-10
14629	180.7081087	2.035811519e-10
14630	189.1657427	9.517719946e-11
14631	202.147063	1.319584442e-10
14632	181.2367426	-6.554756737e-12
14633	145.7832694	-5.563300931e-10
14634	133.3396569	-6.712994605e-10
14635	124.810681	-8.510419036e-10
14636	111.0294747	-6.069882375e-10
14637	105.5572573	-1.007212092e-09
14638	95.85132701	-1.324021781e-09
14639	76.52551954	-9.298446457e-10
14640	62.36859131	-9.80243442e-10
14641	53.71520766	-1.12884635e-09
14642	45.80917067	-9.740901419e-10
14643	54.12150611	-4.486189198e-10
14644	84.93840503	-2.029807433e-10
14645	96.10772252	2.366817853e-11
14646	61.59605523	3.337099486e-10
14647	36.46677612	1.538928984e-10
14648	73.77762461	-3.768363399e-11
14649	151.9390231	1.206039713e-10
14650	217.2133054	1.645084069e-10
14651	236.3243551	4.750120297e-10
14652	222.9768859	5.622808885e-10
14653	214.3669674	4.25028901e-10
14654	218.6631779	7.501981258e-10
14655	222.6659891	9.843930115e-10
14656	222.5243247	1.796962579e-10
14657	220.7120454	4.797158226e-10
14658	216.9854738	5.653291169e-10
14659	210.6489672	5.158220517e-10
14660	202.3287721	-2.229612051e-10
14661	188.9874357	-2.31697328e-10
14662	179.9785543	-2.68151723e-10
14663	196.6406051	-5.556302085e-10
14664	223.1181941	-3.189128961e-10
14665	226.5662343	-3.518678682e-10
14666	218.0953738	-1.718163389e-10
14667	216.2163492	-1.313591014e-09
14668	214.433757	-9.684981706e-10
14669	212.7771971	-6.918625672e-10
14670	216.1509759	-1.26124533e-09
14671	220.2002607	-1.486064605e-09
14672	221.1439711	-1.009162531e-09
14673	221.8191091	-1.250899828e-09
14674	223.7446725	-9.596874406e-10
14675	221.1039389	-4.756586236e-10
14676	216.701298	-2.85250934e-10
14677	216.7151813	-5.429328098e-10
14678	211.4436903	-1.617337375e-10
14679	198.1759599	9.295675341e-11
14680	186.598158	-1.491784474e-10
14681	183.6703477	3.132072379e-11
14682	198.1300918	2.813713706e-10
14683	221.3948316	3.661817516e-10
14684	235.4452492	5.838600714e-10
14685	245.0300521	6.384759388e-10
14686	250.4442357	7.453877515e-10
14687	243.0222193	-1.032098851e-10
14688	232.8008921	2.353353068e-10
14689	230.5731967	5.581419771e-10
14690	236.2932284	-1.473523525e-10
14691	240.5847585	-7.985434536e-11
14692	232.8362023	1.50510715e-10
14693	224.182919	3.733084952e-10
14694	223.1650014	-3.458247022e-10
14695	218.3745895	-4.08686418e-10
14696	208.4851387	-9.51878576e-11
14697	197.8212102	-7.269775892e-10
14698	188.7333649	-5.21080068e-10
14699	187.0600986	-8.583249667e-10
14700	183.4355758	-1.343451572e-09
14701	171.5796779	-1.292924878e-09
14702	171.7234809	-9.493064113e-10
14703	185.9870086	-7.405454028e-10
14704	184.5747818	-9.703562398e-10
14705	168.8088633	-8.223288717e-10
14706	171.4178385	-3.950475502e-10
14707	178.7290259	-3.349107658e-10
14708	153.0396261	2.625455409e-11
14709	114.5786006	2.265920784e-11
14710	98.64093603	3.556266392e-11
14711	99.09988152	1.208420031e-10
14712	105.0668671	5.993427976e-11
14713	112.628379	1.614779421e-10
14714	114.5828318	4.457412217e-10
14715	112.9342402	8.833964671e-10
14716	116.0363621	1.207169475e-09
14717	125.6965394	1.18080834e-09
14718	125.4514257	7.612008801e-10
14719	103.3093566	7.623199849e-10
14720	77.96221889	4.582680901e-10
14721	62.86866704	5.841158668e-10
14722	62.84954137	3.579643248e-10
14723	85.28226157	4.284572697e-11
14724	96.26439824	2.473470317e-10
14725	64.38895004	-2.29203323e-10
14726	19.45079609	-4.236042628e-10
14727	-8.147343367	3.43444384e-10
14728	2.116963867	-1.130793237e-10
14729	70.88771946	-4.714557633e-10
14730	152.852209	-6.31139585e-10
14731	181.9992689	-1.007467887e-09
14732	174.9845386	-9.004885726e-10
14733	178.6366543	-5.615454768e-10
14734	188.3144939	-6.503988459e-10
14735	185.799639	-4.204885329e-10
14736	181.8601372	-3.938573911e-10
14737	185.1226435	-3.643876312e-10
14738	188.455274	-5.916298562e-10
14739	191.1295905	-3.976055041e-10
14740	194.4394934	-1.945466011e-10
14741	199.3490572	-3.457678588e-10
14742	208.7920741	-2.511271191e-10
14743	215.3184136	-8.873257684e-11
14744	215.8102229	-3.600106879e-10
14745	214.744967	-6.978950751e-11
14746	206.8880882	2.759001916e-10
14747	196.2984333	6.63153088e-10
14748	194.8472888	6.066365188e-10
14749	196.1713164	6.614477854e-10
14750	190.291437	5.225757604e-10
14751	183.7311984	2.856737069e-10
14752	190.8952399	5.104219269e-10
14753	205.9776915	7.348788245e-10
14754	209.0913572	1.269739869e-09
14755	207.1351178	7.872884566e-10
14756	208.3072444	7.971046045e-10
14757	204.4488965	6.551879039e-10
14758	210.6843884	1.937365823e-10
14759	220.7340198	2.26336283e-10
14760	193.3132063	-3.419131644e-11
14761	146.2271781	-4.27274216e-10
14762	124.4211216	-3.859561559e-10
14763	117.0065819	-5.248850243e-10
14764	109.1068259	-6.76305234e-10
14765	109.1560623	-6.523741547e-10
14766	106.4385118	-1.111558845e-09
14767	91.0016735	-1.275342498e-09
14768	78.83504878	-8.447926803e-10
14769	72.12895541	-8.544915886e-10
14770	61.20679973	-9.033698234e-10
14771	70.28046926	-2.487894335e-10
14772	101.9804374	-2.809024124e-10
14773	95.93388553	1.44417811e-11
14774	46.51427724	2.160049917e-11
14775	32.25356	2.170814639e-10
14776	84.93616146	2.928146614e-11
14777	163.2704682	-5.467626352e-12
14778	220.817436	2.154010303e-11
14779	236.2953935	3.046842778e-10
14780	225.701445	8.244285254e-10
14781	220.1049548	1.045378895e-09
14782	225.178449	7.466063323e-10
14783	225.440003	8.051337375e-10
14784	217.4382647	1.119673243e-09
14785	216.1975502	2.965769852e-10
14786	222.9458105	4.216644811e-10
14787	224.572402	6.906013539e-10
14788	221.1803933	1.647002534e-10
14789	213.8866927	-7.205969155e-11
14790	206.2085812	-5.229239264e-11
14791	213.1095092	1.037996356e-10
14792	226.3323537	-3.264304382e-10
14793	224.2705289	-2.781987973e-10
14794	213.6655429	-2.299316293e-10
14795	210.5637353	-9.94102578e-10
14796	212.8573245	-8.853682232e-10
14797	213.4920758	-7.710134753e-10
14798	216.7184887	-8.625029579e-10
14799	223.2573592	-1.145181727e-09
14800	222.7653407	-1.01520925e-09
14801	220.1413885	-8.057661205e-10
14802	222.2862132	-1.057337329e-09
14803	219.6339567	-8.305960364e-10
14804	218.3865456	-6.47133902e-10
14805	225.1744275	-8.993019662e-10
14806	224.7341559	-1.442046482e-10
14807	214.0746131	-1.628137625e-10
14808	199.5283271	2.654587661e-11
14809	190.9741275	-1.440412234e-10
14810	204.4363784	-4.551381494e-11
14811	224.6338254	6.260201246e-10
14812	231.1863263	2.55024446e-10
14813	237.1885323	4.100542128e-10
14814	244.0597118	8.576641619e-10
14815	239.8686184	-6.199840641e-11
14816	231.2741691	5.674749559e-11
14817	225.0745607	3.376570135e-10
14818	222.0833341	5.949516435e-10
14819	220.3638503	2.107825026e-10
14820	211.7749454	3.400479898e-10
14821	198.6906699	4.474820514e-10
14822	192.1219839	-2.33434605e-10
14823	191.0541693	6.089351245e-11
14824	186.3370777	-1.616733414e-10
14825	178.3658331	1.870787969e-10
14826	176.2237629	-4.758682337e-10
14827	180.5098535	-9.535767731e-10
14828	180.421261	-8.47389714e-10
14829	171.5026557	-1.214981893e-09
14830	169.5215815	-8.792291339e-10
14831	182.1165651	-8.578062705e-10
14832	181.4922488	-1.061714272e-09
14833	164.5147049	-6.07006001e-10
14834	166.1213428	-3.825775252e-10
14835	167.7722258	-2.228830454e-10
14836	136.3103174	-1.595950039e-10
14837	107.3559026	-1.850963827e-12
14838	103.8090554	2.182787284e-11
14839	103.4367967	1.110045389e-10
14840	104.1860736	-7.105427358e-15
14841	109.1764171	7.487344078e-11
14842	110.5283991	1.109476955e-10
14843	110.4074006	9.724949734e-10
14844	116.2126037	9.736567108e-10
14845	128.6925662	1.114010217e-09
14846	128.2805324	8.155076614e-10
14847	102.3272944	3.222844214e-10
14848	73.25558589	2.739248828e-10
14849	56.39810174	6.108038519e-10
14850	57.18965102	2.970317325e-10
14851	81.37079781	-3.061622067e-10
14852	91.06550608	-7.099387744e-11
14853	54.32203362	1.797708649e-10
14854	8.4153527	-6.471978509e-11
14855	-12.60087015	-4.940119425e-10
14856	-4.374363645	1.031317254e-10
14857	51.00448378	-5.821725324e-10
14858	132.2119967	-5.578684181e-10
14859	167.9016304	-7.638156774e-10
14860	155.6159678	-6.657394636e-10
14861	156.6540176	-6.364295757e-10
14862	173.0934894	-5.198721453e-10
14863	176.7458347	-3.406839255e-10
14864	180.5036866	-1.827906715e-10
14865	189.3788598	-4.8229154e-10
14866	192.3002496	-8.680416386e-10
14867	193.1429794	-7.138609703e-10
14868	191.1028512	-3.762181677e-10
14869	188.5871672	-5.829292604e-11
14870	191.1791579	-2.977529334e-10
14871	190.8821381	-1.169055963e-10
14872	191.0613592	6.441780442e-11
14873	193.1981393	1.54766866e-10
14874	185.4751683	5.848974638e-10
14875	179.8291795	7.155342985e-10
14876	188.6409368	5.60575586e-10
14877	198.1071245	7.489582288e-10
14878	199.3456205	8.722622624e-10
14879	198.3585995	9.454588223e-10
14880	205.5932625	5.159392913e-10
14881	216.9283078	8.405578455e-10
14882	216.7555819	1.146215567e-09
14883	211.6519869	7.162839211e-10
14884	208.4796169	6.689440113e-10
14885	201.0327844	7.258478263e-10
14886	203.7059931	5.319051866e-10
14887	213.4522037	-9.364242715e-11
14888	192.9392527	-5.561773264e-11
14889	148.99804	-2.278603972e-10
14890	125.3407052	-2.416165046e-10
14891	122.8942948	-2.526405751e-10
14892	119.732291	-6.006963815e-10
14893	118.3954295	-6.560547661e-10
14894	114.9186717	-9.240253007e-10
14895	97.50057997	-1.087840928e-09
14896	81.6296239	-1.02464881e-09
14897	70.5763254	-6.432330224e-10
14898	55.46424607	-7.546425707e-10
14899	67.0139878	-6.412967934e-10
14900	98.77371765	1.168487529e-11
14901	84.06977943	2.313171876e-11
14902	37.38372359	-9.167777648e-11
14903	40.77627609	-4.12558876e-10
14904	105.1601439	-4.81783502e-11
14905	180.5107637	-1.124220717e-10
14906	227.8985538	2.010693834e-10
14907	237.4991351	2.3401725e-11
14908	226.3857171	6.360814098e-10
14909	219.2240782	1.263714466e-09
14910	221.8958464	8.680061114e-10
14911	218.2124988	1.002533168e-09
14912	205.3489597	1.080788792e-09
14913	205.0581355	7.292584314e-10
14914	217.5621663	3.914486513e-10
14915	224.0401001	9.189520256e-10
14916	224.3562304	8.173053345e-10
14917	221.9227894	5.260858416e-11
14918	216.0163576	2.230819973e-10
14919	214.1769291	3.243059155e-10
14920	217.9627741	-2.287876555e-10
14921	216.4923694	-3.458460185e-10
14922	206.5157092	-2.587761117e-10
14923	202.5585172	-5.917719648e-10
14924	209.1871113	-9.484644181e-10
14925	213.1931899	-8.793463735e-10
14926	217.4961272	-7.60916663e-10
14927	224.6356666	-1.260449523e-09
14928	221.7051788	-1.261046378e-09
14929	217.3365395	-8.698002318e-10
14930	219.1935191	-5.446345597e-10
14931	215.6267646	-1.091031265e-09
14932	214.148139	-9.277165702e-10
14933	220.9417916	-2.739390936e-10
14934	223.4638399	-3.350315581e-10
14935	217.0447989	-1.685407369e-11
14936	202.1153798	8.597922374e-11
14937	193.4980788	1.966142804e-10
14938	207.7848311	3.110542934e-10
14939	223.4100245	8.865264078e-10
14940	223.4789613	1.062964827e-09
14941	225.2662131	5.228883992e-10
14942	231.1126906	9.1091934e-10
14943	229.1187136	7.863683038e-10
14944	221.7222065	3.136264581e-10
14945	212.6646047	4.089244499e-10
14946	204.7200406	6.87411017e-10
14947	204.4828565	1.081890133e-09
14948	204.5715759	6.441922551e-10
14949	194.3715568	7.41572137e-10
14950	187.9326902	5.676312753e-10
14951	192.4144427	1.046274178e-11
14952	188.4573468	5.568878692e-11
14953	177.8853601	6.140510322e-11
14954	177.9479669	-4.980016399e-10
14955	182.8332319	-8.090204062e-10
14956	182.3151276	-8.210996327e-10
14957	174.0596312	-7.333689211e-10
14958	169.0752702	-9.773160059e-10
14959	180.0154878	-8.787601757e-10
14960	183.8984369	-7.75198572e-10
14961	172.4919207	-8.084981573e-10
14962	173.4112045	-6.230607141e-10
14963	169.4108684	-4.247233676e-10
14964	140.8942279	-3.246114488e-10
14965	123.6975096	-2.167119817e-10
14966	124.8009787	-2.245386099e-10
14967	119.5863382	-1.591651255e-10
14968	113.280296	-9.679723689e-11
14969	112.5749744	-3.665583392e-10
14970	111.0889935	-9.148237723e-11
14971	110.3751367	6.248086493e-10
14972	118.7087297	8.933191964e-10
14973	135.8869979	1.065153299e-09
14974	138.440068	6.014388987e-10
14975	111.7908201	6.275371334e-10
14976	77.42538141	3.203695087e-10
14977	56.40276615	6.856026857e-11
14978	58.27758093	2.618207873e-10
14979	82.22505662	5.230695876e-10
14980	89.11092114	2.578524061e-10
14981	49.16816247	5.100098122e-10
14982	3.384167595	5.220712751e-10
14983	-8.765564065	1.333013699e-10
14984	2.462468901	-4.511022667e-10
14985	48.85583986	1.108446668e-12
14986	131.7551057	-2.611031391e-10
14987	177.3674418	-2.616786787e-10
14988	163.5363665	-5.242135614e-10
14989	158.2007948	-4.193836389e-10
14990	171.853886	-2.457518633e-10
14991	174.4580179	3.266364956e-11
14992	178.3049054	-1.734470345e-10
14993	185.7339884	-7.690168502e-10
14994	185.67646	-3.668532145e-10
14995	183.0379043	-6.485869619e-10
14996	177.8403637	-6.070877134e-10
14997	174.5750431	-3.312550234e-10
14998	176.3656619	-4.171383239e-10
14999	178.2098279	-1.567102004e-10
15000	187.4615419	3.23566951e-10
15001	197.0300317	6.870877201e-10
15002	192.1192958	3.237126123e-10
15003	189.2712263	5.139639825e-10
15004	198.194782	7.837250848e-10
15005	203.5118459	4.201439197e-10
15006	200.319697	5.30931743e-10
15007	196.1638492	5.137188452e-10
15008	198.1040526	1.730242616e-10
15009	203.1668764	5.210658571e-10
15010	202.894545	8.521396921e-10
15011	201.8073532	8.36841707e-10
15012	203.3930141	4.680984489e-10
15013	201.8108112	4.429878686e-10
15014	204.4217694	4.186979652e-10
15015	214.3709605	-1.312585596e-10
15016	203.9075814	-1.914557402e-11
15017	163.3842464	-9.955058999e-11
15018	132.2905101	-1.383995141e-10
15019	126.8915088	-1.96706651e-10
15020	121.7481321	-8.323297607e-11
15021	115.1867065	-6.200089331e-10
15022	110.7982516	-8.529461581e-10
15023	96.92531677	-7.389893142e-10
15024	84.41873198	-7.719087591e-10
15025	75.35050247	-4.022879807e-10
15026	65.42098992	-6.066400715e-10
15027	82.12664163	-6.079190484e-10
15028	107.9024894	-3.159712492e-10
15029	87.07552328	-6.715694667e-11
15030	48.10741722	-2.727915671e-10
15031	59.9895896	-4.362021855e-10
15032	121.8342264	-2.356479456e-10
15033	186.4455293	-3.013305161e-10
15034	222.4775595	-1.935553939e-10
15035	229.0443288	2.40234499e-10
15036	221.2839158	3.699902607e-10
15037	216.6727016	9.049685445e-10
15038	220.5630105	1.584179898e-09
15039	218.0779058	8.869882606e-10
15040	207.3440139	9.550724656e-10
15041	208.0376018	7.714930916e-10
15042	218.988855	2.262190435e-10
15043	223.6728452	5.432667649e-10
15044	222.5303381	7.529727952e-10
15045	222.2594629	7.360831944e-10
15046	219.2369964	-1.010818096e-10
15047	212.1690627	3.075157906e-10
15048	212.1647943	3.802114179e-10
15049	216.4229272	-4.050555447e-10
15050	210.3404498	-4.463593939e-10
15051	205.986111	-3.826770012e-10
15052	213.2370321	-1.171130748e-09
15053	217.3371064	-1.028684693e-09
15054	219.0396871	-1.091368773e-09
15055	220.7682092	-7.622524834e-10
15056	214.4132061	-1.075395772e-09
15057	210.7785534	-8.318004063e-10
15058	214.4784507	-3.174456253e-10
15059	214.8187887	-8.917950822e-10
15060	215.2703531	-6.769127481e-10
15061	220.5870193	-2.022311207e-10
15062	226.5332922	1.953139872e-10
15063	224.6030956	-8.105516258e-11
15064	210.7744378	2.715871972e-10
15065	204.1534576	5.72264014e-10
15066	215.6836547	5.229061628e-10
15067	223.047296	5.764846378e-10
15068	217.4814293	1.189000898e-09
15069	216.0543351	6.420926013e-10
15070	221.2546452	7.062297414e-10
15071	221.8178559	7.091891518e-10
15072	216.8472716	7.811102876e-10
15073	208.7085573	5.524398716e-10
15074	201.4602642	6.023341825e-10
15075	207.6488631	8.653628925e-10
15076	217.1149784	5.880806953e-10
15077	208.4728442	6.4290262e-10
15078	201.3851232	4.98385333e-10
15079	207.1873903	3.106457314e-10
15080	198.2908907	-2.254729736e-10
15081	181.2556841	-1.767439528e-10
15082	179.6688116	-3.999325315e-10
15083	183.8085231	-8.936105189e-10
15084	184.1916981	-1.000291405e-09
15085	178.7040411	-9.607035167e-10
15086	173.6333203	-1.235157754e-09
15087	183.4413863	-1.207702383e-09
15088	192.3346737	-8.062528423e-10
15089	185.5779959	-8.793072936e-10
15090	176.3956471	-9.70850067e-10
15091	160.6335263	-6.25519192e-10
15092	137.6528326	-6.776446071e-10
15093	128.8136591	-6.636540206e-10
15094	129.0799242	-3.554703198e-10
15095	122.0735882	-2.553370848e-10
15096	115.2185899	-3.362217171e-10
15097	115.8243056	-1.932924931e-10
15098	117.5378809	-9.343636975e-12
15099	118.080868	3.270237414e-10
15100	127.3366068	8.35179037e-10
15101	146.1712538	8.399361207e-10
15102	150.8147459	6.65373534e-10
15103	123.262739	8.143032915e-10
15104	80.22440036	8.83918716e-10
15105	52.97598573	5.931788394e-10
15106	57.02503435	4.784368457e-10
15107	82.55962586	7.552927173e-10
15108	90.76993537	6.567120181e-10
15109	52.94578031	7.837144267e-10
15110	9.426542892	1.166217345e-09
15111	4.499328281	4.858513591e-10
15112	17.3686181	4.96065411e-11
15113	53.06488608	3.217728306e-10
15114	130.5729639	8.015277331e-11
15115	180.832224	-4.073186233e-11
15116	166.0346321	-3.56088492e-10
15117	150.0856888	-3.673505944e-10
15118	154.7389338	-2.437232638e-10
15119	155.5962762	-2.683471223e-10
15120	160.4793756	-6.075673298e-10
15121	172.3256351	-6.866081037e-10
15122	179.7089993	-6.768701155e-10
15123	180.9990257	-5.692584182e-10
15124	178.8710523	-7.737988028e-10
15125	178.3132924	-7.113030165e-10
15126	177.6724811	-4.723474945e-10
15127	178.2494931	-3.000089066e-10
15128	188.1681562	-9.465850326e-11
15129	194.739153	1.307824959e-10
15130	187.561213	-1.303490649e-11
15131	184.1455528	-8.033751442e-11
15132	190.8500898	2.247446673e-10
15133	193.6375771	5.233644629e-10
15134	190.7268402	1.490327861e-10
15135	191.8062274	5.97637495e-11
15136	197.9399934	1.163087404e-10
15137	203.1117662	2.499689344e-10
15138	204.9750433	2.035633884e-10
15139	206.5278345	6.225278071e-10
15140	210.8346083	3.274216454e-10
15141	211.6003699	3.766444934e-10
15142	207.5751862	4.458584613e-10
15143	212.3264249	4.531770514e-10
15144	209.9473924	-3.987921104e-10
15145	174.6932932	-9.278267044e-11
15146	140.0060723	1.373123837e-11
15147	134.3253126	6.777511885e-11
15148	131.4798308	8.12931944e-11
15149	124.161228	-3.271765081e-10
15150	119.999374	-7.865708085e-10
15151	109.9700998	-5.933884495e-10
15152	97.86260517	-8.405720564e-10
15153	86.71156901	-7.162874738e-10
15154	80.42798878	-5.57832891e-10
15155	93.48215908	-7.722036344e-10
15156	102.8542367	-6.16250162e-10
15157	78.78897626	-3.535483017e-10
15158	52.60747576	-4.732001457e-10
15159	70.26766024	-6.19674978e-10
15160	128.0805727	-6.002593977e-10
15161	186.589464	-6.230926886e-10
15162	218.7109924	-5.485496501e-10
15163	227.3954476	2.987547987e-10
15164	225.1342724	3.54276608e-11
15165	223.6908283	7.151896853e-10
15166	226.6433693	1.205858524e-09
15167	224.3844823	1.409578232e-09
15168	217.2834598	7.850147199e-10
15169	217.3832022	6.747775672e-10
15170	224.3782437	8.899156967e-10
15171	227.5412657	4.17422541e-10
15172	226.3511341	6.057589985e-10
15173	230.5175896	5.980211881e-10
15174	233.0887647	2.624709339e-10
15175	224.0351157	1.226112545e-10
15176	221.2518917	4.304112622e-11
15177	228.1495638	-9.77848913e-11
15178	224.0409138	-6.371010386e-10
15179	217.2881421	-4.872511283e-10
15180	221.4419746	-6.173905831e-10
15181	225.7580876	-9.611049734e-10
15182	225.6226632	-1.110880277e-09
15183	222.5426262	-8.006573182e-10
15184	217.8912621	-9.597513895e-10
15185	218.4100343	-6.157065968e-10
15186	223.8657566	-3.58124197e-10
15187	227.9849925	-4.241300644e-10
15188	227.0642882	-1.013095385e-09
15189	225.6033051	-3.631335233e-10
15190	228.8750165	9.76569936e-11
15191	224.9885263	-4.323226221e-10
15192	210.7831355	7.638334409e-12
15193	206.7070773	2.458193649e-10
15194	214.5355858	6.33324504e-10
15195	215.8342914	3.129621007e-10
15196	209.4243082	6.207692138e-10
15197	208.7173488	7.718696793e-10
15198	214.7881617	3.759339506e-10
15199	216.0584785	3.380264957e-10
15200	210.42689	4.363904793e-10
15201	201.181896	-2.555822221e-11
15202	194.3555304	3.370992374e-10
15203	204.7404854	4.48032722e-10
15204	217.7616202	1.130800342e-09
15205	209.2337635	6.081215531e-10
15206	204.5502058	2.264783916e-10
15207	214.1694983	1.837605623e-10
15208	205.9043767	-3.896758471e-10
15209	187.1898335	-3.548663585e-10
15210	182.8790465	-6.092051308e-10
15211	184.2198063	-6.027889299e-10
15212	182.1395768	-9.566960557e-10
15213	174.8046433	-9.066738471e-10
15214	165.8727536	-1.078813483e-09
15215	169.8570746	-1.190191057e-09
15216	181.8238008	-1.203893873e-09
15217	179.3529168	-1.191246213e-09
15218	158.6540869	-9.805170009e-10
15219	136.8517736	-7.512674927e-10
15220	127.8788314	-5.89746918e-10
15221	128.7949392	-7.478533348e-10
15222	129.3813146	-6.294804678e-10
15223	124.4852083	-2.390692089e-10
15224	118.984045	-2.14114948e-10
15225	120.7444981	-1.237623337e-10
15226	123.3008456	1.582627362e-10
15227	120.0091161	7.69627917e-10
15228	122.5204897	9.445884075e-10
15229	136.1156415	7.967315696e-10
15230	141.8254115	9.135732171e-10
15231	116.4205865	8.856595457e-10
15232	69.12139433	1.168398711e-09
15233	40.76677469	1.109334846e-09
15234	50.47398994	5.522196034e-10
15235	79.46800812	1.070489475e-09
15236	89.33852247	9.044605065e-10
15237	52.10183375	7.360547727e-10
15238	6.021053132	4.183817737e-10
15239	-1.004800098	8.716796174e-10
15240	8.287528209	7.431921745e-11
15241	33.90489832	-3.674713867e-10
15242	104.611265	-1.012274709e-10
15243	164.2770725	-1.047197884e-10
15244	162.6426064	-3.112070601e-10
15245	146.64526	-3.058815423e-10
15246	148.8468738	-4.845581714e-10
15247	151.654061	-6.873221992e-10
15248	155.319602	-6.589786494e-10
15249	169.3226923	-9.168239501e-10
15250	182.3185271	-8.118128392e-10
15251	183.5401492	-7.242419997e-10
15252	180.7097568	-1.342268519e-09
15253	178.8084336	-7.11395387e-10
15254	174.0172994	-6.650964224e-10
15255	173.8822305	-5.243876444e-10
15256	182.6087656	-4.964348932e-10
15257	186.6891306	-2.703721691e-10
15258	182.3220447	1.10382814e-11
15259	183.1074156	-4.463345249e-10
15260	192.1225735	-1.919957526e-10
15261	195.7167603	-1.513456027e-11
15262	193.1338482	-4.534399523e-10
15263	197.6278024	-6.834355304e-11
15264	205.379236	1.28796529e-10
15265	206.618902	5.065174946e-10
15266	203.6300817	-1.307007835e-10
15267	201.3614542	2.325180049e-10
15268	206.041845	6.202931502e-10
15269	208.8760373	5.284199744e-10
15270	200.9957076	5.594777974e-10
15271	204.017349	6.351363879e-10
15272	209.5822747	-1.06375353e-10
15273	181.3696533	7.469935781e-11
15274	145.4560251	1.775148917e-10
15275	137.1474682	2.03456807e-10
15276	134.3230626	5.26192423e-11
15277	123.0433079	-3.68608255e-10
15278	112.9945786	-7.444995731e-10
15279	102.1605252	-7.857963169e-10
15280	87.9453718	-7.550511327e-10
15281	77.51230628	-9.585221505e-10
15282	80.20532829	-1.165723518e-09
15283	89.62662831	-7.925535783e-10
15284	86.07702816	-6.45794529e-10
15285	69.25358619	-9.494165454e-10
15286	60.5526638	-7.60159935e-10
15287	81.71869207	-8.923422001e-10
15288	133.9508798	-7.999858553e-10
15289	188.170926	-5.77202286e-10
15290	218.601033	-4.490843253e-10
15291	227.5461638	4.072830961e-11
15292	227.9035363	5.460627506e-10
15293	228.664506	5.996128039e-10
15294	229.9948956	1.086007728e-09
15295	228.53999	1.319232723e-09
15296	225.2028399	4.498872386e-10
15297	223.4433116	2.773745678e-10
15298	226.861008	6.525944229e-10
15299	229.5656372	9.996448114e-10
15300	228.4468867	2.532907217e-10
15301	234.9535542	5.514131374e-10
15302	240.4250944	5.652758261e-10
15303	230.5731145	-1.596554e-10
15304	225.3775394	-2.020215106e-10
15305	232.7671064	-1.192788091e-10
15306	232.3332574	-9.446061711e-10
15307	225.9619102	-6.818510201e-10
15308	229.6156021	-4.942322107e-10
15309	238.6158112	-3.196198861e-10
15310	238.1564701	-9.372058685e-10
15311	230.1078413	-9.354614861e-10
15312	226.724312	-6.210818526e-10
15313	226.1048319	-8.452012423e-10
15314	225.4925965	-5.457359009e-10
15315	226.0704665	-6.955040988e-10
15316	218.9207556	-1.178158016e-09
15317	209.8081207	-6.186731127e-10
15318	209.0027725	-4.731504077e-10
15319	202.9628122	-2.679207967e-10
15320	192.7583222	-4.946052456e-10
15321	195.3023999	-7.993961049e-11
15322	203.4855704	2.01495709e-10
15323	204.0724808	1.065103561e-11
15324	200.1954879	2.009059585e-11
15325	201.8968771	3.78051368e-10
15326	209.3517298	6.058336055e-10
15327	211.4166278	1.100666225e-10
15328	206.0956668	2.313989e-10
15329	197.7134183	6.857661106e-10
15330	193.8815337	1.617372902e-10
15331	206.0400456	4.914042506e-10
15332	216.4978383	1.065561861e-09
15333	206.9454662	5.965326011e-10
15334	203.8421901	4.32585523e-10
15335	214.6809057	2.290256873e-10
15336	209.4187012	3.711484453e-10
15337	190.9755006	-4.020321853e-10
15338	182.4740098	-4.745110971e-10
15339	181.2338532	-5.809752679e-10
15340	177.8047585	-8.217995173e-10
15341	171.2674872	-8.177636346e-10
15342	163.0332658	-7.803535595e-10
15343	165.3611149	-5.653610913e-10
15344	184.181516	-8.761595893e-10
15345	188.3030302	-8.375522498e-10
15346	160.1064012	-6.835811917e-10
15347	137.8316295	-6.449951684e-10
15348	140.0902685	-5.247073886e-10
15349	141.8213114	-4.145270793e-10
15350	136.6803352	-6.516422957e-10
15351	129.7370892	-3.775078028e-10
15352	122.1046282	-2.383835351e-10
15353	122.8751869	-1.815365636e-10
15354	126.2370098	2.737507998e-10
15355	121.6833698	5.466134212e-10
15356	119.5878241	7.087308518e-10
15357	129.6360071	6.366853711e-10
15358	138.5382056	6.93155755e-10
15359	117.2918333	9.399094836e-10
15360	69.01238302	1.097266278e-09
15361	40.68240858	9.858283079e-10
15362	53.33363306	6.704397038e-10
15363	82.47380101	5.229381372e-10
15364	89.96679358	8.697469411e-10
15365	51.79632312	8.456240153e-10
15366	3.657360816	5.421547655e-10
15367	-7.820567794	9.471214923e-10
15368	-0.467597626	2.943991717e-10
15369	20.09881374	-1.212683287e-10
15370	83.63582739	-1.116191584e-10
15371	153.9478809	-1.774331793e-10
15372	171.5661896	-2.957776246e-10
15373	159.0965612	1.735145361e-11
15374	158.5748317	-2.650430986e-10
15375	158.1040919	-5.484714904e-10
15376	151.8718678	-8.385150352e-10
15377	161.0442879	-1.103682479e-09
15378	175.8892896	-8.951808184e-10
15379	178.0881581	-7.574598726e-10
15380	178.1428526	-6.547047349e-10
15381	178.9828949	-8.376304095e-10
15382	176.9501028	-8.737828239e-10
15383	180.7681884	-6.27306207e-10
15384	188.0990052	-6.76728007e-10
15385	189.4561175	-3.530828963e-10
15386	186.0201523	-3.18827631e-10
15387	186.660724	-3.408437976e-10
15388	194.7335034	-4.567333178e-10
15389	196.984158	-1.240820779e-10
15390	192.0777501	-1.627498136e-10
15391	196.3212315	-7.542055869e-11
15392	204.1677795	2.017763734e-10
15393	202.8088979	5.134701553e-10
15394	195.920232	1.385274118e-10
15395	192.273649	4.336762061e-10
15396	199.7139907	6.978808642e-10
15397	205.2603273	1.161360785e-09
15398	197.6185905	6.829914412e-10
15399	200.3054763	7.589591178e-10
15400	208.1569606	5.84559956e-10
15401	184.5374202	6.139089237e-12
15402	147.5936716	3.055191655e-10
15403	135.3784582	3.138076465e-10
15404	134.1728881	-9.680078961e-11
15405	121.4478932	-4.187974412e-10
15406	106.173637	-5.11935383e-10
15407	94.84859201	-8.021814324e-10
15408	81.03988499	-5.446629814e-10
15409	76.58872701	-7.463043517e-10
15410	88.31018529	-1.099135005e-09
15411	90.2483143	-5.071427722e-10
15412	76.74635616	-6.827995946e-10
15413	70.74062862	-8.452332168e-10
15414	75.70279073	-1.261000193e-09
15415	94.4575478	-7.74193154e-10
15416	137.6805265	-6.648299689e-10
15417	188.7207624	-4.104592222e-10
15418	220.3525351	-4.201936576e-10
15419	229.3636488	-4.705213996e-11
15420	231.0131417	3.687965489e-10
15421	233.6833311	5.063220954e-10
15422	234.2061444	7.74367237e-10
15423	233.2891824	9.632401543e-10
15424	229.5394505	8.547296204e-10
15425	222.1417052	1.061124522e-10
15426	220.9708426	3.768612089e-10
15427	223.0067349	4.637108475e-10
15428	222.1452093	1.613642553e-10
15429	228.2343021	9.607958873e-11
15430	234.0759389	5.135696313e-10
15431	226.8995993	6.417586462e-10
15432	222.5118055	-4.256186514e-10
15433	230.877363	-2.052438219e-10
15434	234.895081	-3.845244123e-10
15435	228.4999458	-8.826930298e-10
15436	231.5637817	-5.908731282e-10
15437	244.8435598	-3.464002418e-10
15438	241.6117655	-8.998526368e-10
15439	226.6378115	-9.359659714e-10
15440	221.031993	-7.307114913e-10
15441	214.5882236	-5.522444724e-10
15442	204.882109	-1.237751235e-09
15443	199.633961	-9.024212488e-10
15444	188.9005508	-8.0588336e-10
15445	178.785098	-8.689156061e-10
15446	178.2314921	-7.004814506e-10
15447	175.5601986	-7.959179982e-10
15448	175.7015744	-1.949835848e-10
15449	188.3901875	-2.206839156e-10
15450	201.5857896	1.975024588e-10
15451	205.9269598	4.726032898e-10
15452	205.4661829	-3.488764833e-12
15453	208.4439367	4.443521107e-10
15454	215.4597943	5.77635717e-10
15455	217.9358612	3.212292654e-10
15456	213.5811509	4.665778874e-10
15457	206.555638	7.495408738e-10
15458	204.5035489	1.102318237e-09
15459	211.3908046	6.571028166e-10
15460	212.9206449	9.751666141e-10
15461	202.7060472	1.107721914e-09
15462	200.2701122	5.319975571e-10
15463	210.7287543	6.353317872e-10
15464	212.2261483	4.338041037e-10
15465	199.4223461	-2.653202102e-10
15466	192.2020797	-3.952180805e-10
15467	194.0015914	-6.468496849e-10
15468	192.5558337	-2.754916295e-10
15469	187.5060991	-6.045404177e-10
15470	178.2411712	-6.225775451e-10
15471	174.8900371	-6.119371676e-10
15472	191.7435502	-1.158785068e-09
15473	193.0695687	-8.575788968e-10
15474	157.8572493	-4.012363775e-10
15475	137.3185849	-4.451017332e-10
15476	145.0221843	-5.877716092e-10
15477	144.2276327	-5.312088547e-10
15478	136.4146396	-4.080931149e-10
15479	131.6658805	-2.808420163e-10
15480	126.521361	-4.794351582e-10
15481	128.852216	-2.139515232e-10
15482	133.9823166	1.306936781e-10
15483	129.6059405	4.958629063e-10
15484	123.5283879	5.053912844e-10
15485	129.2144569	6.523066531e-10
15486	137.1373995	4.236397899e-10
15487	115.8630177	7.105676048e-10
15488	67.2423723	8.046008304e-10
15489	40.06029186	1.085705748e-09
15490	56.6898493	9.1399599e-10
15491	87.82868128	5.478462128e-10
15492	92.84019479	6.249045725e-10
15493	56.19962859	1.340058731e-09
15494	10.04311108	1.041499331e-09
15495	-6.504197971	5.042508633e-10
15496	-2.868601794	1.224087498e-09
15497	9.101366818	5.65016478e-10
15498	56.64457632	1.620321655e-10
15499	129.254136	1.561595298e-10
15500	163.8375842	1.701003782e-10
15501	158.6271121	2.362305906e-10
15502	160.0032992	1.975237751e-10
15503	159.0776779	-1.205933131e-10
15504	146.6096494	-7.001403901e-10
15505	153.1290096	-5.975238082e-10
15506	171.0177506	-7.864464635e-10
15507	177.6037113	-6.50683063e-10
15508	181.2840026	-4.433147183e-10
15509	183.6303385	-9.125926681e-10
15510	183.6766788	-8.423128861e-10
15511	186.8464346	-6.658353868e-10
15512	187.9735975	-1.004138994e-10
15513	185.4477559	-4.873008663e-10
15514	181.5596755	-3.967954854e-10
15515	181.1472185	-1.118003468e-10
15516	190.1462331	-4.027711498e-10
15517	196.0504185	-3.49636764e-10
15518	193.9725075	8.900968851e-11
15519	198.8741037	3.90794952e-10
15520	206.7055037	3.123581394e-10
15521	203.7803649	6.068106018e-10
15522	194.5259741	7.708607086e-10
15523	192.6602667	6.21337648e-10
15524	202.5714436	7.088871712e-10
15525	208.7916176	9.065530548e-10
15526	204.7850032	9.014584634e-10
15527	208.8043941	6.79321488e-10
15528	216.6804945	7.613643049e-10
15529	199.156456	5.266649339e-10
15530	163.6284856	2.294413548e-10
15531	147.5886363	2.498943275e-10
15532	148.1395067	-1.00914832e-10
15533	134.0998255	-2.605275995e-10
15534	111.0220659	-2.922249109e-10
15535	93.36615417	-6.107363504e-10
15536	77.05204482	-7.895870624e-10
15537	76.73943236	-6.059863722e-10
15538	89.45299759	-6.643716688e-10
15539	81.00079886	-4.03623801e-10
15540	65.7922332	-3.065920851e-10
15541	76.08065924	-6.797762353e-10
15542	94.54181032	-9.361045272e-10
15543	110.1968995	-9.161240655e-10
15544	143.0119841	-7.449578732e-10
15545	190.6301626	-5.926779068e-10
15546	224.0885629	-1.440767505e-10
15547	232.0580836	-2.675122346e-10
15548	231.6404846	2.188436099e-10
15549	232.9641858	6.801990082e-10
15550	233.2208586	2.646309838e-10
15551	233.8013625	2.345466044e-10
15552	229.2953905	2.95983682e-10
15553	219.2117767	-7.259970403e-11
15554	217.3610161	3.266151793e-10
15555	221.7095294	4.565769984e-10
15556	223.3475036	7.258478263e-10
15557	226.4078533	3.561453354e-10
15558	228.9379721	7.197655805e-10
15559	224.2163305	8.723120004e-10
15560	220.1453187	-1.306403874e-10
15561	227.115857	-2.112514608e-10
15562	231.0190277	-1.380762171e-10
15563	220.028278	-3.995737075e-11
15564	220.1303105	-3.956444061e-10
15565	234.925677	-2.000533073e-10
15566	228.8661864	-2.509104036e-10
15567	209.8377898	-8.080576208e-10
15568	202.6673562	-7.159890458e-10
15569	193.6460108	-6.266134278e-10
15570	181.2324494	-1.29545441e-09
15571	175.4927606	-1.207631328e-09
15572	168.9559528	-9.695071412e-10
15573	164.5663471	-5.62970115e-10
15574	166.7493941	-5.551470394e-10
15575	170.2226616	-4.617675131e-10
15576	180.4123438	-1.401438965e-10
15577	198.7727184	-2.056097514e-10
15578	213.1034072	1.400088934e-10
15579	216.5997731	5.902940359e-10
15580	213.4646027	6.644285122e-10
15581	211.2767849	1.593427612e-10
15582	212.3813043	4.706137702e-10
15583	213.1382062	9.464358186e-10
15584	210.6629986	5.117044566e-10
15585	208.6803953	6.143139331e-10
15586	211.5840377	1.077847145e-09
15587	213.5972642	6.909885997e-10
15588	210.6343962	6.920224394e-10
15589	207.277105	8.195542023e-10
15590	207.5925183	8.332250445e-10
15591	214.7303697	1.325553001e-10
15592	217.7130773	8.444089872e-11
15593	205.2112687	-2.999946958e-10
15594	195.6570051	-6.272316e-10
15595	196.6941716	-3.910116675e-10
15596	193.1255847	-5.029932026e-10
15597	184.9394484	-5.423537175e-10
15598	171.7600097	-2.578275371e-10
15599	162.9242625	-5.015721172e-10
15600	174.1594502	-6.828635435e-10
15601	171.8224693	-6.312319556e-10
15602	140.8488816	-2.846789471e-10
15603	129.9813967	-4.207052484e-10
15604	142.1450747	-4.119584673e-10
15605	141.1270394	-5.443006046e-10
15606	133.9904961	-5.099884959e-10
15607	131.6829453	-6.001634745e-10
15608	128.3087462	-7.253966317e-10
15609	128.813678	-6.594547131e-10
15610	130.9851446	-8.376588312e-11
15611	124.2047158	2.499547236e-10
15612	115.8299846	3.665832082e-10
15613	121.2406208	4.252456165e-10
15614	129.7199441	4.739355575e-10
15615	110.402169	6.979838929e-10
15616	65.79283556	1.039296649e-09
15617	42.27698501	8.102709614e-10
15618	64.69171881	1.377909342e-09
15619	97.77133974	8.535998575e-10
15620	96.47547888	9.302354442e-10
15621	59.26847527	1.480191969e-09
15622	16.01150098	1.269565786e-09
15623	-4.387623744	1.200668009e-09
15624	-3.512486284	6.526050811e-10
15625	0.2603671983	1.070141309e-09
15626	30.88349148	4.793463404e-10
15627	102.4277184	9.488232422e-11
15628	154.0890238	4.627764838e-10
15629	162.9318609	4.475033677e-10
15630	169.9336407	1.216236001e-10
15631	168.958853	-2.067181981e-10
15632	151.9186044	-5.403215653e-10
15633	152.6379284	-6.350582282e-10
15634	167.9038761	-5.586677787e-10
15635	174.8459975	-7.853699913e-10
15636	176.7000624	-6.167510946e-10
15637	177.8164975	-6.660485496e-10
15638	179.8839814	-5.947242698e-10
15639	181.2414191	-3.569020635e-10
15640	178.6697199	-2.097308993e-10
15641	177.6936851	-4.194866676e-10
15642	177.1488137	-4.16292778e-10
15643	177.6065977	1.655564574e-12
15644	187.6266724	1.728004406e-10
15645	198.1779156	-1.886171219e-10
15646	199.7971551	-8.596501289e-11
15647	202.4678748	3.02151193e-10
15648	206.5468016	3.131823689e-10
15649	200.2581302	5.898499467e-10
15650	190.7656995	7.239613353e-10
15651	194.8905488	9.622915798e-10
15652	207.0410901	4.874358694e-10
15653	212.6824311	9.646612398e-10
15654	213.4388767	1.275903827e-09
15655	217.1601588	7.069829167e-10
15656	222.1925418	4.358255978e-10
15657	209.7766262	5.539533277e-10
15658	174.3724889	3.074411836e-10
15659	151.4068315	4.224034456e-10
15660	150.5323795	5.191225227e-11
15661	136.33465	-1.926174775e-10
15662	107.8461686	-1.950724027e-10
15663	84.26663641	4.177991286e-12
15664	69.14361176	-4.736264714e-10
15665	73.69415649	-4.295728218e-10
15666	82.29446155	-5.133600212e-10
15667	67.76010039	-7.004494762e-10
15668	61.31721583	-6.998348567e-10
15669	89.74014258	-5.696101368e-10
15670	118.8965125	-9.145573188e-10
15671	128.892167	-1.414264261e-09
15672	146.9121148	-1.084632828e-09
15673	186.3583461	-8.40316261e-10
15674	219.6955665	-4.256541786e-10
15675	227.6907383	-8.366924931e-10
15676	225.1614451	-1.595026333e-10
15677	225.0130861	3.939319981e-10
15678	228.3483819	6.950351406e-10
15679	233.6847462	1.607887157e-10
15680	232.5799648	4.480646965e-10
15681	226.4784324	5.35820277e-10
15682	227.2844686	3.937614679e-10
15683	233.8511587	7.044036465e-10
15684	235.9636667	9.867981987e-10
15685	231.1222624	7.067093577e-10
15686	225.6028337	7.72431008e-10
15687	219.8609544	9.718021943e-10
15688	214.3024353	1.126618798e-09
15689	218.5058298	1.389004467e-10
15690	219.2938161	-1.763496016e-10
15691	203.8807702	2.342765981e-10
15692	202.7881446	-7.073097663e-11
15693	219.0286201	-4.302584955e-10
15694	215.2448381	-1.765663171e-10
15695	199.1605138	-1.846807152e-10
15696	193.5185688	-8.357190495e-10
15697	187.3181079	-9.998046835e-10
15698	178.1108617	-1.018392481e-09
15699	174.5727158	-1.477630462e-09
15700	173.3580989	-1.064922373e-09
15701	170.8150682	-7.005773739e-10
15702	168.8430797	-8.655014483e-10
15703	172.5217073	-4.558344813e-10
15704	185.0504821	-1.71269221e-10
15705	201.3822997	1.189590648e-10
15706	211.9889661	2.488675932e-11
15707	212.6227597	3.11146664e-10
15708	208.4593137	2.607869476e-10
15709	204.9144478	-2.40792275e-10
15710	204.3346944	1.566604624e-10
15711	206.4754526	1.880877676e-10
15712	207.7635643	2.223572437e-10
15713	212.6563661	4.15028012e-11
15714	219.3290257	4.129638853e-10
15715	214.136587	8.169749321e-10
15716	207.4302431	3.149480676e-11
15717	210.6166309	1.932995985e-10
15718	211.1635825	2.931521692e-10
15719	210.7627354	5.480416121e-11
15720	208.6972632	-1.473878797e-10
15721	194.0972694	-9.256240219e-11
15722	184.8208519	-2.160902568e-10
15723	189.0322327	-3.530722381e-10
15724	189.0432423	-1.42755141e-10
15725	182.5276954	2.614655159e-10
15726	171.4020377	-8.30340241e-11
15727	163.5827015	-4.020641597e-10
15728	167.8234102	-4.34930314e-10
15729	160.8855501	-4.650253516e-10
15730	138.6818032	-4.271889509e-10
15731	134.040685	-6.152518495e-10
15732	142.9863003	-3.795328496e-10
15733	140.3859326	-3.90496524e-10
15734	133.3880283	-2.63536748e-10
15735	131.819343	-8.260023776e-10
15736	130.3364036	-9.783356347e-10
15737	129.6318427	-6.092655269e-10
15738	128.4801395	-3.115836478e-10
15739	119.0260947	-4.856559599e-11
15740	110.7506207	1.998046173e-10
15741	118.2770169	3.861231335e-10
15742	126.8253326	3.813873661e-10
15743	108.8905162	7.429115101e-10
15744	66.70381337	1.044199394e-09
15745	43.64492177	1.021927432e-09
15746	69.91604886	1.08068221e-09
15747	103.6194454	8.602398793e-10
15748	95.19327349	9.867520134e-10
15749	57.95337347	1.100247005e-09
15750	20.66243835	1.389338422e-09
15751	1.949882949	9.550262803e-10
15752	3.557421336	6.707026046e-10
15753	2.115276854	1.219536472e-09
15754	17.76362847	5.996376728e-10
15755	81.89461066	4.211742066e-11
15756	144.3374138	1.35447209e-10
15757	166.9502013	1.643130076e-11
15758	175.9595176	-8.893152881e-11
15759	172.0392078	1.993782917e-11
15760	152.873639	-3.314823971e-10
15761	148.8196228	-8.31370528e-10
15762	162.5557521	-6.798934749e-10
15763	171.5543661	-6.422169463e-10
15764	172.2495318	-4.140261467e-10
15765	175.2731903	-5.397566838e-10
15766	182.0980873	-3.888409594e-10
15767	182.7070912	-2.658637754e-10
15768	178.7468787	-1.21339383e-10
15769	180.2310688	-1.842757058e-10
15770	182.0780504	-3.814477623e-10
15771	180.9147612	-4.54051019e-10
15772	187.1731221	-7.765166288e-11
15773	198.8078448	-5.55537838e-10
15774	202.6976068	-2.174225244e-10
15775	202.1916636	6.541966968e-11
15776	201.7484095	1.226041491e-11
15777	192.6481315	1.357420842e-10
15778	186.043564	7.085318998e-10
15779	196.8507557	7.269846947e-10
15780	207.8036007	2.720810244e-10
15781	210.5513727	7.251301781e-10
15782	213.4141325	1.293560814e-09
15783	213.5503622	1.120728399e-09
15784	215.4292426	4.263718267e-10
15785	209.7366849	5.168061534e-10
15786	177.972491	4.218563276e-10
15787	150.6738097	1.021760454e-10
15788	149.0513189	-2.198028426e-10
15789	139.8344141	-9.907097365e-11
15790	112.2362343	1.402575833e-10
15791	86.5733639	-1.617728174e-10
15792	75.66189998	-5.318554486e-10
15793	80.10943693	-6.763016813e-10
15794	77.30451074	-3.286757533e-10
15795	60.3819872	-7.368718968e-10
15796	66.83787005	-8.047003064e-10
15797	108.6086458	-6.419789145e-10
15798	143.7990637	-1.126533533e-09
15799	148.3970796	-1.239303771e-09
15800	152.9740048	-1.034496933e-09
15801	183.9449654	-1.076891465e-09
15802	218.5887007	-5.777280876e-10
15803	231.0087105	-1.779625336e-10
15804	228.3786854	-2.626414641e-10
15805	226.4266729	4.676223853e-10
15806	231.0492056	5.311271423e-10
15807	236.7392607	1.609130607e-10
15808	236.7804564	3.575983953e-10
15809	234.4382465	9.744347551e-10
15810	235.4638086	1.283883222e-09
15811	240.6176959	1.008039874e-09
15812	239.9930821	1.212683287e-09
15813	227.3263064	1.465341626e-09
15814	216.4622356	8.94551988e-10
15815	211.8980185	9.862191064e-10
15816	209.1089044	7.763141241e-10
15817	214.3369249	-1.775717351e-10
15818	214.182845	-1.135731509e-10
15819	200.098544	-8.683542774e-11
15820	200.7053582	-2.489031203e-11
15821	216.2860381	-7.282672243e-10
15822	215.969223	-6.591633905e-10
15823	203.2716609	-3.275779648e-10
15824	196.0487094	-8.214122715e-10
15825	190.7514319	-1.284963247e-09
15826	182.5538894	-1.429640406e-09
15827	178.6876808	-1.337120636e-09
15828	180.2204162	-1.236386993e-09
15829	176.041521	-1.034514696e-09
15830	168.8087617	-6.028919586e-10
15831	173.0426558	-8.282228237e-10
15832	188.1530277	-9.438352322e-10
15833	204.3059834	-2.799716015e-10
15834	213.452919	-4.955182931e-10
15835	214.1599444	-3.499138757e-10
15836	213.2652484	-4.076810001e-10
15837	212.4601522	-4.399751674e-10
15838	211.7740353	-5.741362941e-10
15839	211.2808287	-2.858264736e-10
15840	209.2949298	-2.671143307e-10
15841	213.8760745	-6.23149532e-10
15842	217.6258649	1.64085634e-10
15843	204.7531708	6.328555457e-10
15844	197.3980322	5.474269926e-10
15845	208.2188836	2.026894208e-10
15846	213.7394899	5.698623795e-10
15847	212.0208147	4.14704715e-10
15848	208.2028908	3.884252919e-10
15849	196.5848586	4.964135769e-10
15850	191.3897281	4.289475442e-10
15851	198.8340185	-2.689439782e-10
15852	201.761112	1.527666882e-10
15853	194.7847307	4.456595093e-10
15854	185.2095393	5.737241793e-10
15855	177.9503075	-3.349498456e-11
15856	170.8613759	-3.295070883e-10
15857	158.4654905	-3.25155014e-10
15858	145.592931	-5.205365028e-10
15859	141.7261623	-7.164722149e-10
15860	143.8655172	-4.177138635e-10
15861	141.6033067	-7.660574397e-10
15862	135.5953482	-7.720011297e-10
15863	133.2967391	-8.837766075e-10
15864	132.7819688	-9.81806636e-10
15865	131.2564395	-6.842384437e-10
15866	126.1849715	-7.033875704e-10
15867	112.8478819	-1.552287188e-10
15868	104.312917	3.935589632e-10
15869	112.4882348	1.67535319e-10
15870	120.6096596	2.278532918e-10
15871	105.6835519	4.11986889e-10
15872	66.20969032	1.167911989e-09
15873	43.08455526	8.102247762e-10
15874	71.93594104	5.065814435e-10
15875	105.5305488	8.42785397e-10
15876	91.61301138	7.868656837e-10
15877	53.38886959	6.397549157e-10
15878	19.94843291	1.020207918e-09
15879	2.289992685	8.292921905e-10
15880	2.166050682	5.957829785e-10
15881	-2.483428934	-1.925926085e-11
15882	3.055483382	6.437872457e-10
15883	56.58816698	1.722071374e-10
15884	126.5751332	6.274092357e-11
15885	164.9691395	1.872280109e-11
15886	176.7087134	1.369144798e-10
15887	172.8026339	5.582023732e-11
15888	157.5061929	-1.870112953e-10
15889	152.9304456	-6.665175079e-10
15890	167.6048773	-2.193480952e-10
15891	178.2767204	-3.000089066e-10
15892	176.2407714	-7.096971899e-10
15893	179.9285538	-5.688214344e-10
15894	189.0191788	-3.564259998e-10
15895	188.1327981	-5.927098812e-10
15896	183.2676983	-7.211937714e-10
15897	185.7015409	-8.774243554e-10
15898	188.7659312	-4.27448299e-10
15899	185.3518639	-5.467626352e-10
15900	185.9726977	-4.127400643e-10
15901	196.2671769	-1.19303678e-10
15902	201.5740178	-6.837659328e-10
15903	199.319821	-2.483808714e-10
15904	195.6948376	-1.228457336e-10
15905	186.3898485	3.72082809e-10
15906	185.2818773	2.45172771e-10
15907	199.3962947	3.710383112e-10
15908	205.8687637	8.616076741e-10
15909	207.0177243	7.939000568e-10
15910	211.9641966	9.584475436e-10
15911	209.538081	8.231779702e-10
15912	210.8787868	3.30565797e-10
15913	212.8900793	6.209894821e-10
15914	187.600042	5.172040574e-10
15915	156.7141269	2.339639593e-10
15916	150.1858904	-1.1642598e-10
15917	143.2761924	-2.671995958e-11
15918	115.7114201	8.797940154e-11
15919	88.83138008	-3.108624469e-12
15920	82.13706538	-2.432294366e-10
15921	81.12721082	-5.602736053e-10
15922	66.81399342	-5.806306547e-10
15923	56.53782539	-5.397424729e-10
15924	79.91294721	-8.411085162e-10
15925	130.9742096	-8.723191058e-10
15926	169.446264	-1.316031728e-09
15927	171.960728	-1.074166533e-09
15928	167.815565	-7.21769311e-10
15929	190.1014343	-7.798419688e-10
15930	223.6342558	-6.797939989e-10
15931	238.6667655	-1.72981629e-10
15932	233.4858604	5.608704612e-10
15933	226.9977716	4.596678593e-10
15934	227.6183007	2.562003942e-10
15935	226.9090073	3.089404288e-10
15936	224.2070695	6.252918183e-10
15937	223.5644421	5.748574949e-10
15938	224.5260849	1.057426147e-09
15939	228.9450026	9.056684291e-10
15940	227.1348773	9.168203974e-10
15941	213.3055708	8.741984914e-10
15942	204.310056	1.002167238e-09
15943	204.6557299	4.857696467e-10
15944	208.0945089	5.48030954e-10
15945	214.5492105	1.974314046e-10
15946	212.6871673	-3.859170761e-10
15947	202.4464345	-1.951150352e-10
15948	203.508154	-6.597389302e-12
15949	214.2076531	9.276135415e-12
15950	215.7650942	-6.947082909e-10
15951	205.2029303	-4.608544657e-10
15952	195.6350255	-5.014975102e-10
15953	190.955447	-1.286544205e-09
15954	183.2121961	-1.348176681e-09
15955	179.4251881	-1.340605849e-09
15956	183.6537476	-1.367574498e-09
15957	179.7627111	-1.099145663e-09
15958	171.7038737	-5.416715965e-10
15959	177.5847745	-4.360494188e-10
15960	194.1075708	-8.767990778e-10
15961	209.0762863	-6.974971711e-10
15962	214.7082021	-9.908163179e-11
15963	213.5277203	-6.610960668e-10
15964	214.6076017	-6.066187552e-10
15965	217.1508282	-4.151381461e-10
15966	217.9270448	-6.988152279e-10
15967	214.6303935	-5.626112909e-10
15968	209.3243777	-3.141948923e-10
15969	212.551677	2.101465668e-10
15970	213.6507016	4.424194344e-10
15971	199.8825464	6.069598157e-10
15972	195.3620922	6.927081131e-10
15973	210.2924558	4.06242151e-10
15974	220.3053577	7.92880428e-10
15975	218.1214399	8.181828548e-10
15976	212.3210411	1.081946976e-09
15977	204.8593196	5.774580814e-10
15978	201.7446157	7.194920215e-10
15979	207.1500388	5.478462128e-10
15980	208.7210831	1.204902844e-10
15981	199.8821063	2.548716793e-10
15982	193.662698	-2.331645987e-11
15983	188.0885615	-5.234070954e-10
15984	171.3586859	-3.938573911e-10
15985	157.6043454	-4.286420108e-10
15986	153.5497378	-6.88142876e-10
15987	146.6070872	-1.161058805e-09
15988	141.7571537	-9.675211743e-10
15989	141.6209804	-7.813198977e-10
15990	137.5797813	-9.687219915e-10
15991	134.6462572	-8.705107746e-10
15992	136.6694749	-9.287788316e-10
15993	138.9260266	-6.894893545e-10
15994	135.2160155	-6.255085339e-10
15995	123.3842946	-3.913882551e-10
15996	117.2210875	-1.23684174e-10
15997	123.960458	-2.260236442e-11
15998	129.7489854	1.115907367e-11
15999	115.7430283	1.885744894e-10
16000	75.53515177	6.794600438e-10
16001	48.73514399	3.161169104e-10
16002	73.39804073	1.523261517e-10
16003	102.5702728	5.073701459e-10
16004	85.42558191	6.717435497e-10
16005	47.13362047	3.189128961e-10
16006	17.46625989	1.685300788e-10
16007	0.8414066672	8.370371063e-10
16008	-2.771632306	7.518643486e-10
16009	-6.605012235	3.304947427e-10
16010	-5.147687351	8.738503254e-10
16011	35.04649591	7.050218187e-10
16012	105.6051595	3.010889316e-10
16013	153.9931792	5.037961159e-10
16014	164.8137621	4.063700487e-10
16015	160.585594	2.756763706e-10
16016	150.1983141	-1.549338435e-10
16017	146.5818649	-4.853610847e-10
16018	162.5060339	-3.755964428e-10
16019	174.2073802	-4.23266755e-10
16020	170.7625179	-5.418492321e-10
16021	174.9859226	-7.19399651e-10
16022	184.9655562	-4.240661156e-10
16023	184.8804983	-2.488071971e-10
16024	181.656259	-1.003019889e-09
16025	185.1609771	-1.003652272e-09
16026	189.8734695	-5.868763253e-10
16027	186.2314833	-1.04259712e-09
16028	183.3598454	-5.398241854e-10
16029	192.3876795	-3.931113213e-10
16030	200.3097366	-6.690825671e-11
16031	199.9485392	-3.908304791e-10
16032	196.3476711	-2.14871676e-10
16033	191.8392092	1.946638406e-10
16034	198.0988959	2.734559246e-10
16035	209.4575867	5.106350898e-10
16036	208.0624699	9.460485728e-10
16037	208.1219034	1.324913512e-09
16038	213.8848706	9.352838504e-10
16039	209.647311	8.502389903e-10
16040	209.8452245	9.593499328e-10
16041	215.8590541	4.6923887e-10
16042	197.1916237	3.446807284e-10
16043	163.8041221	4.196643033e-10
16044	149.954458	7.162270776e-12
16045	141.6670568	2.761595397e-10
16046	113.0276307	-1.020126206e-10
16047	88.192591	-8.457945455e-11
16048	86.70988848	5.264411129e-11
16049	79.31512424	-1.687361362e-10
16050	59.59665841	-6.141043229e-10
16051	62.48718366	-3.233999735e-10
16052	99.80812361	-4.737401582e-10
16053	151.5704985	-6.413607423e-10
16054	186.9858676	-1.014967665e-09
16055	188.2028576	-1.13272236e-09
16056	179.0799165	-7.477609643e-10
16057	192.4138421	-6.543565689e-10
16058	221.5368327	-8.770122406e-10
16059	236.2680476	-4.154045996e-10
16060	229.2868256	1.8459545e-10
16061	221.6598339	-2.811653133e-10
16062	220.0072882	1.217159706e-11
16063	214.3536197	1.208135814e-10
16064	209.2645791	5.139462189e-10
16065	208.7535515	2.423981016e-10
16066	210.4425799	7.16383397e-10
16067	214.7809612	1.163716234e-09
16068	212.1212616	9.965432923e-10
16069	200.8136361	8.884057934e-10
16070	195.464426	8.340279578e-10
16071	199.9017403	3.547384608e-10
16072	208.9561904	2.898410401e-10
16073	214.3308194	2.672209121e-10
16074	210.3984254	3.865707754e-10
16075	206.0460021	1.521378579e-10
16076	208.2452881	1.226680979e-10
16077	215.2842428	1.905284819e-10
16078	219.8010705	-3.925322289e-10
16079	212.3247638	-3.761968514e-11
16080	202.1943135	-3.731983611e-10
16081	197.0728844	-6.01286132e-10
16082	187.2963329	-1.233342317e-09
16083	180.3229426	-1.025895813e-09
16084	182.3499937	-9.926957034e-10
16085	178.721238	-8.387139872e-10
16086	173.0685898	-5.844214002e-10
16087	180.3695685	-5.615632404e-10
16088	197.3033331	-8.025509146e-10
16089	211.4496819	-6.797158392e-10
16090	214.9470893	-5.261782121e-10
16091	213.3077698	-6.056311008e-10
16092	216.1481825	-8.451834788e-10
16093	222.3445237	-4.146620824e-10
16094	225.8270973	1.482369782e-10
16095	222.3300277	-4.395914743e-10
16096	217.6138743	3.22835092e-11
16097	219.8330404	4.686739885e-10
16098	219.5953717	4.529816522e-10
16099	210.8185493	5.817497595e-10
16100	209.1911665	8.561542586e-10
16101	222.6883701	9.399983014e-10
16102	234.1809254	3.203481924e-10
16103	230.1722064	8.774243554e-10
16104	222.5338438	8.867324652e-10
16105	219.9083352	2.251674402e-10
16106	216.130686	3.057341047e-10
16107	212.9780396	3.123084014e-10
16108	205.8617309	4.0175685e-10
16109	191.546887	1.233377844e-10
16110	186.5062765	-3.502265145e-11
16111	180.0325276	-3.040021568e-10
16112	157.2699081	-2.264641807e-10
16113	147.3610587	-1.273150474e-10
16114	152.4579189	-5.641371814e-10
16115	145.9776728	-7.223643905e-10
16116	141.4700373	-5.6901861e-10
16117	148.3626166	-6.930349628e-10
16118	149.0371954	-3.929336856e-10
16119	145.8570725	-7.562004356e-10
16120	149.1894483	-8.058513856e-10
16121	153.4161615	-9.59087032e-10
16122	149.0459908	-4.916067553e-10
16123	137.6332592	-5.818510118e-10
16124	130.0140621	-1.590194643e-11
16125	129.3516173	-1.509903313e-10
16126	129.1539592	-1.769819846e-10
16127	113.5247488	3.113420632e-11
16128	73.89392614	1.629025803e-10
16129	47.38197999	5.525357949e-11
16130	67.59198902	8.373213234e-11
16131	93.91154681	3.123155068e-10
16132	80.24981512	4.604707726e-10
16133	46.91375269	6.759677262e-10
16134	23.65930765	5.974190032e-10
16135	7.480435831	3.222098144e-10
16136	-2.658014728	7.800089463e-10
16137	-5.386837946	8.053806511e-10
16138	-6.377703472	3.952713712e-10
16139	17.82497607	1.311168063e-09
16140	80.98410888	7.126477186e-10
16141	131.9292581	6.831655242e-10
16142	141.9798367	5.970637318e-10
16143	141.354248	3.331805942e-10
16144	139.6390441	-6.262190766e-11
16145	140.8116913	-3.437374829e-10
16146	158.2223842	-7.07034431e-10
16147	170.9171534	-8.885390201e-10
16148	168.4443894	-9.021565717e-10
16149	171.6294335	-1.076008616e-09
16150	179.4932302	-6.62824462e-10
16151	180.8082368	-7.357368048e-10
16152	180.4747796	-7.406057989e-10
16153	185.546893	-8.39763814e-10
16154	192.6111753	-7.226077514e-10
16155	191.5307444	-5.628368882e-10
16156	188.0533831	-5.766569444e-10
16157	194.9330538	-2.537507982e-10
16158	204.3309641	1.740794175e-10
16159	204.7953663	-2.327631421e-10
16160	199.0966095	1.312088216e-10
16161	199.4810852	3.044675623e-10
16162	210.0386889	4.345466209e-10
16163	212.1669753	4.208420279e-10
16164	201.8972892	8.890364001e-10
16165	201.9514288	1.129869531e-09
16166	209.583464	5.339373388e-10
16167	207.5782473	4.015188182e-10
16168	207.6255377	5.484377397e-10
16169	215.1482678	9.2802388e-10
16170	203.726928	6.670397568e-11
16171	171.4576609	3.548006333e-10
16172	151.8330258	4.175735313e-10
16173	139.4394667	2.108127006e-10
16174	109.1581633	2.517932529e-10
16175	88.74795932	9.437606252e-11
16176	91.13484077	1.504520952e-10
16177	79.07517037	-1.29224631e-10
16178	61.49705756	-4.0460435e-10
16179	78.2955004	-6.375984185e-10
16180	122.2876747	-5.359019895e-10
16181	167.4178068	-9.496652353e-10
16182	196.605962	-1.134655037e-09
16183	199.6601989	-1.11477938e-09
16184	190.9826434	-7.676241864e-10
16185	197.5927793	-1.003042982e-09
16186	220.1812537	-1.237379976e-09
16187	231.8415152	-9.775149579e-10
16188	224.8538964	-1.383497761e-10
16189	219.5535814	1.314930387e-10
16190	218.932726	-3.099653867e-10
16191	213.4959778	-1.876063749e-10
16192	207.6667856	-2.3401725e-11
16193	205.7973627	-1.143920514e-10
16194	208.7955859	6.801350594e-10
16195	213.1292825	1.049137666e-09
16196	210.3622662	1.192962173e-09
16197	203.6787351	1.087204993e-09
16198	201.3319598	1.142545614e-09
16199	208.2112325	1.103394709e-09
16200	221.0236928	3.65028896e-10
16201	223.7246478	7.833893534e-10
16202	217.5926626	9.806928603e-10
16203	216.6545479	7.099103527e-10
16204	217.6428783	4.084537153e-10
16205	221.0044037	3.942641769e-10
16206	226.4260765	7.872635877e-10
16207	221.2786693	-2.119247e-10
16208	211.9302702	-1.690256823e-10
16209	206.2840366	-4.06844336e-10
16210	195.9987933	-1.253006587e-09
16211	186.6128945	-1.273496864e-09
16212	185.2728254	-9.817089364e-10
16213	184.7329228	-5.243734336e-10
16214	185.2344202	-4.108926532e-10
16215	194.1614321	-4.660449804e-10
16216	210.0359227	-1.630109381e-10
16217	221.7419999	-6.509814909e-10
16218	222.4808959	-5.295710537e-10
16219	218.6719476	-7.746301378e-10
16220	219.0160545	-1.008391592e-09
16221	224.19264	-2.525002429e-10
16222	227.3600308	-3.993267939e-10
16223	226.3284273	3.914912838e-10
16224	227.9286538	1.225508584e-11
16225	231.8024608	2.144826539e-10
16226	233.6820886	6.053202384e-10
16227	233.4803587	1.50460977e-10
16228	232.5259667	3.580424845e-10
16229	238.9036127	5.894129629e-10
16230	244.6721694	5.846523266e-11
16231	231.1562538	5.104237033e-10
16232	215.144033	6.792486573e-10
16233	211.1436352	9.15051146e-10
16234	202.5860117	1.542463934e-10
16235	187.8842298	2.543600885e-10
16236	170.4869215	2.586588721e-10
16237	154.2145913	5.162270611e-11
16238	153.7179739	-2.561151291e-11
16239	151.0289473	5.793410196e-11
16240	134.1606577	2.003446298e-10
16241	135.443216	-7.463718532e-11
16242	149.5455528	-1.946443007e-10
16243	146.7242912	-2.631850293e-11
16244	144.7240799	-2.433253599e-10
16245	154.312764	-3.603908283e-10
16246	153.2012725	-3.734115239e-10
16247	143.1980598	-6.370459715e-10
16248	141.6946187	-5.608491449e-10
16249	142.8980106	-7.309193251e-10
16250	136.8276145	-7.3106321e-10
16251	129.4866034	-5.439897421e-10
16252	125.435175	-7.690967863e-10
16253	124.8103526	-5.017142257e-10
16254	126.802351	-2.966373813e-10
16255	115.7026607	-4.451727875e-11
16256	85.22654275	-3.232063506e-10
16257	66.66513071	-5.213784959e-10
16258	83.49669094	-1.339195421e-10
16259	106.8070573	4.433520218e-10
16260	98.49721527	5.123048652e-10
16261	73.21864507	9.70651115e-10
16262	60.39036004	8.214211533e-10
16263	49.07521108	9.276135415e-10
16264	38.0802556	1.272782768e-09
16265	41.67447804	1.073102496e-09
16266	43.23835788	7.603375707e-10
16267	54.87702472	4.764775241e-10
16268	104.7085773	9.736460527e-10
16269	148.7969415	7.716920436e-10
16270	154.5804371	5.666933589e-10
16271	153.8439301	-1.913793568e-10
16272	155.5979189	-3.04471115e-10
16273	156.4171387	-3.761329026e-10
16274	167.2565187	-7.831655324e-10
16275	175.9785486	-1.163471097e-09
16276	173.7443684	-1.097237856e-09
16277	173.0290946	-1.005295402e-09
16278	175.8130312	-7.035314553e-10
16279	177.1282743	-5.065547981e-10
16280	178.1388257	-3.579430086e-10
16281	182.2173557	-7.897682508e-10
16282	187.9476427	-9.946390378e-10
16283	187.3349754	-5.134364045e-10
16284	180.8764867	-6.514788709e-11
16285	180.7837476	-3.713065411e-10
16286	187.9782522	-3.545821414e-10
16287	186.5808261	9.161560399e-11
16288	177.8407297	-4.918376817e-11
16289	184.6255399	-4.285460875e-11
16290	199.8135823	9.714185012e-11
16291	195.6795723	7.490008613e-11
16292	182.7725175	4.930580388e-10
16293	185.0620924	8.11393619e-10
16294	194.7568797	5.080238452e-10
16295	195.4071959	3.409574845e-10
16296	192.6969891	2.826396894e-10
16297	197.1313977	2.737046145e-10
16298	190.6974944	1.380673353e-10
16299	163.6198288	2.704698687e-10
16300	144.6526152	2.404405564e-10
16301	133.154096	8.328804313e-11
16302	110.1983126	1.669899774e-10
16303	102.2982549	2.771258778e-10
16304	111.1297393	1.857269893e-10
16305	101.3466686	4.225064743e-11
16306	92.32396527	-1.553264184e-10
16307	116.7308055	-2.157101164e-10
16308	155.0854376	-7.275282599e-10
16309	184.0470856	-1.321692977e-09
16310	201.3941813	-9.364455877e-10
16311	203.9861196	-5.557012628e-10
16312	194.932889	-1.470077393e-09
16313	193.2588392	-1.164426777e-09
16314	204.9613372	-1.075138201e-09
16315	210.339743	-1.265348715e-09
16316	204.0852471	-8.857128364e-10
16317	201.0619152	-3.101643387e-10
16318	203.0190948	-5.30473443e-10
16319	203.0549075	-8.892442338e-11
16320	199.3675055	1.262172589e-10
16321	197.1990868	5.365095035e-10
16322	201.8430144	6.726068591e-10
16323	204.6470967	9.814709045e-10
16324	201.2367096	1.11854348e-09
16325	197.8295126	1.195305188e-09
16326	195.1198377	1.129905058e-09
16327	200.3985001	7.983889105e-10
16328	211.9394518	1.006416284e-09
16329	210.5739633	6.06478423e-10
16330	202.2795586	9.302709714e-10
16331	200.6128136	7.746905339e-10
16332	198.9343128	5.820108839e-10
16333	200.1881753	5.523368429e-10
16334	206.2474585	3.983195995e-10
16335	205.6537332	-2.438653723e-10
16336	200.8173298	-4.963247591e-10
16337	198.008521	-7.340830166e-10
16338	192.4004765	-8.552536457e-10
16339	183.3153749	-1.306144526e-09
16340	177.7412577	-9.914913335e-10
16341	178.5634557	-7.366764976e-10
16342	181.8074073	-9.721077276e-10
16343	188.2072063	-6.674305553e-10
16344	199.3635732	-3.65004027e-10
16345	206.9587976	-3.243325608e-10
16346	206.2172678	-1.139381922e-09
16347	201.9746084	-1.018932494e-09
16348	201.0357538	-5.703597594e-10
16349	204.6495999	-7.521521184e-10
16350	206.1898328	-4.512941132e-10
16351	208.8530814	1.214672807e-11
16352	216.1600476	-3.600604259e-10
16353	217.5261357	1.87387883e-11
16354	216.7835694	3.212914379e-10
16355	217.7413689	5.949587489e-10
16356	210.8067594	1.120508131e-10
16357	207.5580213	8.451195299e-11
16358	206.6414201	5.474625198e-10
16359	186.8312627	2.649827024e-10
16360	168.4561955	5.517470925e-10
16361	170.0207202	3.971027951e-10
16362	169.546202	1.310844766e-10
16363	158.3167129	6.216041015e-10
16364	143.6218828	6.968488009e-10
16365	135.1373315	2.72457612e-10
16366	140.3756225	2.183995207e-10
16367	141.2631814	1.711359943e-10
16368	132.9378668	3.518856317e-10
16369	139.4912045	2.644817698e-10
16370	152.1744297	2.800604193e-11
16371	149.0745594	-9.05657771e-11
16372	147.5887797	-4.61911398e-10
16373	157.1071299	-5.366977973e-10
16374	154.9507972	-6.642988382e-10
16375	143.0925121	-6.630589411e-10
16376	142.415414	-1.156747587e-09
16377	145.1535068	-1.167586916e-09
16378	142.3176083	-8.749374558e-10
16379	142.4936286	-1.040021402e-09
16380	144.2239467	-1.059538235e-09
16381	147.4451928	-4.934452846e-10
16382	152.9578466	-2.04392947e-10
16383	145.5796034	-3.530331583e-11
