16384
0	128.0337092	0
1	126.3000904	-2.494005003e-12
2	124.5983155	-4.918732088e-12
3	122.9924151	-7.252864975e-12
4	121.5834004	-9.39159861e-12
5	120.50663	-1.1285195e-11
6	119.9237977	-1.304911734e-11
7	120.0099525	-1.441158304e-11
8	120.9366436	-1.547384443e-11
9	122.8528627	-1.626254686e-11
10	125.8658654	-1.652544768e-11
11	130.024127	-1.637445735e-11
12	135.3045956	-1.640465541e-11
13	141.6060482	-1.569411268e-11
14	148.7497617	-1.456257337e-11
15	156.4879435	-1.323563481e-11
16	164.5195114	-1.159961016e-11
17	172.5119627	-9.482192809e-12
18	180.1273312	-7.789324741e-12
19	187.0496901	-5.609734899e-12
20	193.0113844	-2.77644574e-12
21	197.8152094	-3.073097332e-13
22	201.350107	2.069455718e-12
23	203.5985823	4.18687307e-12
24	204.6349025	6.391331908e-12
25	204.6141226	9.240608279e-12
26	203.7529935	1.117150816e-11
27	202.3047162	1.266720062e-11
28	200.5302272	1.392841398e-11
29	198.6691293	1.565680918e-11
30	196.9134751	1.566924368e-11
31	195.3873492	1.648992054e-11
32	194.1345944	1.65698566e-11
33	193.1161573	1.6701307e-11
34	192.2174749	1.640643177e-11
35	191.2652013	1.48823176e-11
36	190.0515138	1.334221622e-11
37	188.3633502	1.199218502e-11
38	186.0133232	9.512390875e-12
39	182.8688031	7.95274957e-12
40	178.8757919	5.627498467e-12
41	174.0747193	2.302158464e-12
42	168.6061282	5.346834087e-13
43	162.7052893	-1.877609179e-12
44	156.6859851	-4.707345624e-12
45	150.9148932	-8.1943341e-12
46	145.7790555	-1.011990491e-11
47	141.6497149	-1.210054279e-11
48	138.8462582	-1.479882883e-11
49	137.6040557	-1.619682166e-11
50	138.0496356	-1.802114014e-11
51	140.1859023	-1.817923589e-11
52	143.8890829	-1.954347795e-11
53	148.9178721	-2.019540091e-11
54	154.9339736	-2.018474277e-11
55	161.5320405	-1.870326116e-11
56	168.2760337	-1.961097951e-11
57	174.7383426	-1.768185598e-11
58	180.5377271	-1.516653469e-11
59	185.3722725	-1.436717412e-11
60	189.0440794	-1.297451035e-11
61	191.4732917	-9.794831612e-12
62	192.7001872	-7.206679697e-12
63	192.8753113	-2.808420163e-12
64	192.2388722	-2.014388656e-12
65	191.0917242	3.037570195e-13
66	189.7610999	5.206501896e-12
67	188.5647563	7.569056493e-12
68	187.7772924	1.050715071e-11
69	187.6021019	1.242561609e-11
70	188.1517538	1.451283538e-11
71	189.4386456	1.606004219e-11
72	191.3766425	1.790567694e-11
73	193.7932307	1.881161893e-11
74	196.4506039	2.082778394e-11
75	199.0731855	1.973710084e-11
76	201.3784647	1.998401444e-11
77	203.1077493	2.097699792e-11
78	204.0535408	1.941202754e-11
79	204.0806896	1.914912673e-11
80	203.1392454	1.780975367e-11
81	201.2678735	1.542410644e-11
82	198.5877687	1.166355901e-11
83	195.2880307	1.213074086e-11
84	191.6043644	1.020872276e-11
85	187.7936368	6.224354365e-12
86	184.1071875	2.998490345e-12
87	180.7658283	9.059419881e-13
88	177.9391724	-1.811883976e-12
89	175.7313632	-5.092815059e-12
90	174.1744828	-8.327560863e-12
91	173.2300211	-9.475087381e-12
92	172.7978728	-1.370814573e-11
93	172.7315101	-1.522337811e-11
94	172.8573468	-1.481836875e-11
95	172.9959201	-1.628919222e-11
96	172.9824204	-2.068567539e-11
97	172.684285	-2.052935599e-11
98	172.014016	-2.213162986e-11
99	170.9360191	-1.950795081e-11
100	169.467013	-1.876010458e-11
101	167.6703308	-1.863220689e-11
102	165.6451341	-1.803179828e-11
103	163.5121136	-1.564970376e-11
104	161.3975856	-1.555555684e-11
105	159.4179878	-1.457323151e-11
106	157.6666254	-1.121591708e-11
107	156.2041461	-8.579803534e-12
108	155.0536838	-6.640021866e-12
109	154.2009811	-4.209965709e-12
110	153.5991574	2.842170943e-14
111	153.1772174	2.515321285e-12
112	152.8509588	2.337685601e-12
113	152.5346992	4.153122291e-12
114	152.1522111	7.512213074e-12
115	151.6454423	9.331202477e-12
116	150.9799694	1.197086874e-11
117	150.1466308	1.242561609e-11
118	149.1593501	1.418776208e-11
119	148.0497057	1.086064572e-11
120	146.8592644	1.172928421e-11
121	145.6310058	1.294964136e-11
122	144.4012803	1.352873369e-11
123	143.19366	1.223554591e-11
124	142.0157529	1.26227917e-11
125	140.8596096	1.103295233e-11
126	139.7058093	1.085354029e-11
127	138.5307404	6.268763286e-12
128	137.3160717	5.194067398e-12
129	136.0590142	4.959588296e-12
130	134.7817559	3.041122909e-12
131	133.5384514	3.499422974e-13
132	132.4183713	-1.076472245e-12
133	131.544244	-3.035793839e-12
134	131.0654048	-2.970068635e-12
135	131.1460343	-6.444622613e-12
136	131.9494455	-7.265299473e-12
137	133.619967	-7.434053373e-12
138	136.2644004	-8.135714324e-12
139	139.9352429	-7.487344078e-12
140	144.6178103	-8.958167541e-12
141	150.2230879	-7.322142892e-12
142	156.587581	-9.197975714e-12
143	163.4807082	-8.276046515e-12
144	170.6194424	-8.924416761e-12
145	177.6890692	-6.92423896e-12
146	184.3681806	-5.854872143e-12
147	190.355462	-1.593392085e-12
148	195.3955236	-2.113864639e-13
149	199.3010199	1.877609179e-12
150	201.9686136	-4.085620731e-13
151	203.3869291	1.419309115e-12
152	203.6354674	2.494005003e-12
153	202.8744151	7.533529356e-12
154	201.3262794	8.149925179e-12
155	199.2511996	8.322231793e-12
156	196.9185253	9.670486634e-12
157	194.5777121	1.07256426e-11
158	192.431723	1.097966162e-11
159	190.6159024	1.187849819e-11
160	189.1847341	1.24540378e-11
161	188.1080592	1.018030105e-11
162	187.2772976	1.118038995e-11
163	186.5211096	6.020073329e-12
164	185.628864	4.579447932e-12
165	184.379374	2.755129458e-12
166	182.5717217	6.066258607e-12
167	180.0546963	1.964650664e-12
168	176.7514551	7.922551504e-13
169	172.6764798	-1.829647545e-12
170	167.9426947	-3.277378369e-12
171	162.7576601	-5.453415497e-12
172	157.4089373	-8.09308176e-12
173	152.2399122	-1.173461328e-11
174	147.6184362	-1.502975522e-11
175	143.9014694	-1.397459926e-11
176	141.3994052	-1.548450257e-11
177	140.3438561	-2.153477396e-11
178	140.8623703	-2.178168756e-11
179	142.9628641	-2.2998492e-11
180	146.5295601	-2.496136631e-11
181	151.3310278	-2.47393217e-11
182	157.0396536	-2.254196829e-11
183	163.2606628	-2.289368695e-11
184	169.5678051	-2.186517634e-11
185	175.5421086	-2.312994241e-11
186	180.8097781	-2.036060209e-11
187	185.0754032	-1.076827516e-11
188	188.1471375	-1.174527142e-11
189	189.9513532	-6.48014975e-12
190	190.5353882	-2.664535259e-12
191	190.058245	-1.580957587e-13
192	188.7703597	-2.785327524e-12
193	186.9846825	-1.495692459e-12
194	185.0421881	2.282618539e-12
195	183.2754732	7.048583939e-12
196	181.9742408	1.004352157e-11
197	181.3562081	1.26352262e-11
198	181.5463415	2.216538064e-11
199	182.5663873	2.396838283e-11
200	184.3355428	2.605915483e-11
201	186.6819122	2.614619632e-11
202	189.3632597	2.799360743e-11
203	192.0946179	2.66080491e-11
204	194.5796408	2.851407999e-11
205	196.5422698	2.803091093e-11
206	197.7553393	2.695443868e-11
207	198.0631697	1.993782917e-11
208	197.3959234	2.456879145e-11
209	195.7744541	2.454214609e-11
210	193.3054424	2.198952131e-11
211	190.1676697	1.831601537e-11
212	186.5912134	1.468336563e-11
213	182.8320609	1.16351373e-11
214	179.1450505	8.999023748e-12
215	175.758129	2.250644116e-12
216	172.8506655	-4.778399898e-13
217	170.538008	-3.053557407e-12
218	168.8637013	-9.215739283e-12
219	167.7998774	-7.412737091e-12
220	167.2553997	-1.037747666e-11
221	167.0904952	-1.36228806e-11
222	167.1359317	-1.5491608e-11
223	167.2143699	-2.574651603e-11
224	167.1613762	-2.707878366e-11
225	166.843732	-2.682654099e-11
226	166.1730929	-2.974154256e-11
227	165.1136728	-3.07895931e-11
228	163.6833812	-3.149835948e-11
229	161.94863	-3.056754849e-11
230	160.0137564	-2.721556314e-11
231	158.0065925	-2.476063798e-11
232	156.0620984	-2.270184041e-11
233	154.3061065	-2.182076742e-11
234	152.8411117	-2.133226928e-11
235	151.7356957	-2.030731139e-11
236	151.0186498	-1.448441367e-11
237	150.6782307	-1.182343112e-11
238	150.6663238	-1.576694331e-11
239	150.9066871	-1.022115725e-11
240	151.3059789	-9.416467606e-12
241	151.7659838	-4.757083616e-12
242	152.1953814	1.030286967e-13
243	152.51955	2.611244554e-12
244	152.687237	7.480238651e-12
245	152.673413	9.658052136e-12
246	152.478187	1.026378982e-11
247	152.1222215	1.113598103e-11
248	151.639573	1.684163919e-11
249	151.0692316	1.590905185e-11
250	150.4467978	1.819877582e-11
251	149.7976881	2.214761707e-11
252	149.1330231	2.205524652e-11
253	148.4489358	1.557864948e-11
254	147.7295191	1.509548042e-11
255	146.953063	1.517541648e-11
256	146.1007044	1.442757025e-11
257	145.1661875	1.201172495e-11
258	144.1651816	1.523048354e-11
259	143.1425583	1.023536811e-11
260	142.1762062	1.152500317e-11
261	141.3763468	8.750333791e-12
262	140.8798611	7.240430477e-12
263	140.8397832	5.119460411e-12
264	141.4107829	4.487077376e-12
265	142.7320551	5.289990668e-12
266	144.9094897	1.261213356e-12
267	147.9992354	9.947598301e-13
268	151.9947629	-2.255973186e-13
269	156.819267	-6.910028105e-12
270	162.3247354	-7.068123864e-12
271	168.2983178	-5.787370583e-12
272	174.4758188	-3.044675623e-12
273	180.5613093	-4.002131959e-12
274	186.2511	-2.053468506e-12
275	191.2597379	-3.286260153e-12
276	195.3453513	-3.490541189e-12
277	198.3316233	-4.65938399e-12
278	200.1239397	-2.515321285e-12
279	200.7178085	-4.989786362e-12
280	200.1984383	-1.771027769e-12
281	198.7312986	-3.016253913e-12
282	196.5444739	-2.041034008e-12
283	193.9045477	5.872635711e-12
284	191.0885061	2.930988785e-13
285	188.3546487	-5.329070518e-15
286	185.915665	2.174260771e-12
287	183.9168606	2.351896455e-12
288	182.4220037	4.565237077e-13
289	181.4084615	-3.87245791e-13
290	180.7722922	-1.151079232e-12
291	180.3428612	5.559996907e-13
292	179.9054772	-2.112088282e-12
293	179.2296194	-3.932854042e-12
294	178.0996585	8.970602039e-13
295	176.3446315	-2.66986433e-12
296	173.8636734	-6.700417998e-12
297	170.6441231	-5.671907388e-12
298	166.7700742	-6.995293234e-12
299	162.4201611	-1.3400836e-11
300	157.8545297	-1.421618379e-11
301	153.3921397	-1.694644425e-11
302	149.3806229	-2.084732387e-11
303	146.1617823	-2.01421102e-11
304	144.0363469	-1.977618069e-11
305	143.2317427	-1.930722249e-11
306	143.8763784	-1.976019348e-11
307	145.9833007	-2.065903004e-11
308	149.4451139	-2.008704314e-11
309	154.0408852	-1.88826732e-11
310	159.4544941	-1.759303814e-11
311	165.3026725	-1.64792624e-11
312	171.1699456	-1.761968349e-11
313	176.6469453	-1.432987062e-11
314	181.3681964	-1.336175615e-11
315	185.0455233	-1.212185907e-11
316	187.4936789	-1.012168127e-11
317	188.6456121	-4.352074257e-12
318	188.5558771	-3.840483487e-12
319	187.3919309	1.37134748e-12
320	185.4143255	4.684252985e-12
321	182.9479517	7.394973522e-12
322	180.3474008	1.222488777e-11
323	177.9600888	1.424282914e-11
324	176.0909737	1.706546016e-11
325	174.9724733	1.956834694e-11
326	174.7425885	1.867483945e-11
327	175.4333252	3.005418137e-11
328	176.9703858	1.971223185e-11
329	179.183896	3.49587026e-11
330	181.8287736	2.061106841e-11
331	184.6123594	3.338129773e-11
332	187.2262163	3.366729118e-11
333	189.378636	3.404743154e-11
334	190.8244111	3.36743966e-11
335	191.388808	3.256062087e-11
336	190.9833886	2.945732547e-11
337	189.6122654	2.837552415e-11
338	187.3684478	2.429878521e-11
339	184.4210149	7.995382134e-12
340	180.994816	1.421796014e-11
341	177.3451546	5.803357794e-12
342	173.7303721	7.977618566e-12
343	170.3853727	3.63620245e-12
344	167.4989196	-1.234568003e-12
345	165.19701	-8.387956996e-12
346	163.5338821	-4.835243317e-12
347	162.4912989	-1.364952595e-11
348	161.9858096	-1.720934506e-11
349	161.8828105	-2.09610107e-11
350	162.015515	-2.295763579e-11
351	162.2064662	-3.049471786e-11
352	162.2890421	-3.070610433e-11
353	162.1265125	-3.452882424e-11
354	161.6265923	-4.026823319e-11
355	160.7500481	-3.892708378e-11
356	159.5126587	-4.093969608e-11
357	157.9806384	-3.739764054e-11
358	156.260383	-4.144240506e-11
359	154.484027	-3.4283687e-11
360	152.7927188	-3.629807566e-11
361	151.3197042	-3.392486292e-11
362	150.1752276	-3.424105444e-11
363	149.434945	-2.258992993e-11
364	149.1330367	-2.121680609e-11
365	149.2605766	-1.477395983e-11
366	149.7690451	-1.749000944e-11
367	150.5782431	-4.499511874e-12
368	151.5873575	-8.110845329e-12
369	152.6875984	-6.58140209e-12
370	153.7747138	-4.455102953e-12
371	154.7597946	-4.263256415e-13
372	155.5770929	3.80495635e-12
373	156.1880439	9.379164112e-12
374	156.5812361	1.808153627e-11
375	156.7686501	1.727684662e-11
376	156.7789983	3.208455723e-11
377	156.6493825	2.202860117e-11
378	156.4166923	2.808597799e-11
379	156.1101724	2.259881171e-11
380	155.7463813	3.188382891e-11
381	155.3273933	2.49986698e-11
382	154.8425867	3.387512493e-11
383	154.2738094	2.505196051e-11
384	153.6031687	2.283861988e-11
385	152.8222492	3.20365956e-11
386	151.941274	2.431299606e-11
387	150.9966344	2.374989094e-11
388	150.0553476	2.025934975e-11
389	149.2153386	2.390265763e-11
390	148.6009557	6.739497849e-12
391	148.3537497	1.85043092e-11
392	148.6191986	7.636558053e-12
393	149.530668	1.564615104e-11
394	151.1923637	2.151168133e-12
395	153.6633123	9.190870287e-12
396	156.9444359	6.20481444e-12
397	160.9705655	2.74269496e-12
398	165.6087706	-1.664446359e-12
399	170.6637272	-1.110755932e-11
400	175.8900602	-5.970335337e-12
401	181.0107835	-1.567102004e-11
402	185.7402065	-1.430144891e-11
403	189.8090783	-2.061995019e-11
404	192.9893738	-1.253752657e-11
405	195.1160457	-2.316902226e-11
406	196.1032861	-1.007016692e-11
407	195.9533543	-9.171330362e-12
408	194.7567771	-1.33226763e-11
409	192.6836415	-1.231370561e-11
410	189.9666721	-8.478551194e-12
411	186.8777127	-1.156763574e-11
412	183.7000019	-1.168487529e-11
413	180.699158	-1.270805683e-11
414	178.0959988	-2.15951701e-11
415	176.044189	-8.760991932e-12
416	174.615239	-1.070254996e-11
417	173.7926139	-1.331734722e-11
418	173.4757338	-3.925748615e-12
419	173.4935661	-8.70592487e-12
420	173.6264332	-1.116973181e-11
421	173.6337217	-1.206856837e-11
422	173.284475	-1.10631504e-11
423	172.3874777	-5.270450743e-12
424	170.8174265	-1.073274802e-11
425	168.534159	-1.21822552e-11
426	165.5926207	-1.03881348e-11
427	162.1422354	-3.510081115e-12
428	158.4154894	-1.460875865e-11
429	154.7067287	-3.764100143e-12
430	151.3432635	-1.175060049e-11
431	148.6517549	-1.67386105e-11
432	146.9234318	-1.595168442e-11
433	146.3818744	-1.573674524e-11
434	147.1568848	-1.673328143e-11
435	149.2673666	-9.288569913e-12
436	152.6152096	-1.161204466e-11
437	156.9910258	-1.132249849e-11
438	162.0913283	-5.407230219e-12
439	167.5455267	-1.282529638e-11
440	172.9500538	-2.305711178e-12
441	177.9061683	-1.012168127e-11
442	182.0575652	6.213696224e-12
443	185.12393	-6.556533094e-12
444	186.9269866	8.597567103e-12
445	187.4063677	7.549516567e-13
446	186.6237026	4.508393658e-12
447	184.7545513	1.64135372e-12
448	182.0690794	4.304112622e-12
449	178.9035406	2.313704783e-11
450	175.6255722	1.067057553e-11
451	172.5969304	2.278532918e-11
452	170.1375173	1.951327988e-11
453	168.4943712	3.574562868e-11
454	167.8187219	2.283684353e-11
455	168.1533234	3.770317392e-11
456	169.4311614	3.207745181e-11
457	171.485422	3.314504227e-11
458	174.0694289	2.570210711e-11
459	176.884232	3.66462416e-11
460	179.6107799	3.551114958e-11
461	181.943194	2.202149574e-11
462	183.6196341	3.453948239e-11
463	184.4475923	1.88951077e-11
464	184.3211316	2.551026057e-11
465	183.2285156	1.545608086e-11
466	181.2497488	1.992184195e-11
467	178.5446451	5.448086426e-12
468	175.3330407	1.38165035e-11
469	171.8695616	-2.863487225e-12
470	168.4158631	4.497735517e-12
471	165.2134325	-1.509903313e-12
472	162.4598707	-4.439115742e-12
473	160.29108	-1.28039801e-11
474	158.7710459	-1.406874617e-11
475	157.889992	-2.15045759e-11
476	157.5707332	-3.455724595e-11
477	157.6821418	-3.182520913e-11
478	158.0578906	-4.148148491e-11
479	158.5181224	-3.617728339e-11
480	158.8914581	-4.737188419e-11
481	159.0348326	-4.299316458e-11
482	158.8489986	-5.055511565e-11
483	158.2881298	-3.961631023e-11
484	157.3627009	-4.783728969e-11
485	156.1356347	-4.377298524e-11
486	154.7124889	-4.87627716e-11
487	153.2271134	-4.400213527e-11
488	151.8246753	-4.184741442e-11
489	150.64417	-3.53868046e-11
490	149.8024992	-3.590905351e-11
491	149.3819113	-3.224975842e-11
492	149.4221117	-2.901678897e-11
493	149.9177244	-2.819788847e-11
494	150.8211053	-2.354028084e-11
495	152.0498563	-1.2972734e-11
496	153.4978423	-5.117684054e-12
497	155.0481458	-4.646949492e-12
498	156.5862326	2.701838753e-12
499	158.0116704	4.31654712e-12
500	159.24702	1.49729118e-11
501	160.2429638	1.293187779e-11
502	160.9792887	3.33493233e-11
503	161.461924	2.552269507e-11
504	161.7167681	3.981703856e-11
505	161.7814625	3.249844838e-11
506	161.6965174	3.338485044e-11
507	161.4972435	3.713473973e-11
508	161.2077827	3.583977559e-11
509	160.8381936	3.519851077e-11
510	160.385064	3.760192158e-11
511	159.8355742	3.966071915e-11
512	159.1743915	3.722355757e-11
513	158.3923032	4.741984583e-11
514	157.4951785	3.111111369e-11
515	156.5117144	3.455191688e-11
516	155.498509	3.666578152e-11
517	154.5412977	3.220890221e-11
518	153.7516638	2.093081264e-11
519	153.2591265	2.992806003e-11
520	153.1991538	1.931610427e-11
521	153.6982503	1.987388032e-11
522	154.8577631	8.819611708e-12
523	156.7383535	1.721289777e-12
524	159.3471549	3.215205879e-12
525	162.6294606	-5.563549621e-12
526	166.4663633	-6.032507827e-12
527	170.67915	-1.642774805e-11
528	175.0405016	-8.411049635e-12
529	179.2917461	-2.078337502e-11
530	183.1646634	-1.185007648e-11
531	186.4057257	-2.948219446e-11
532	188.8002647	-2.090239093e-11
533	190.1939386	-3.478461963e-11
534	190.509049	-2.770583762e-11
535	189.7537298	-2.4661162e-11
536	188.0227405	-2.549782607e-11
537	185.4894822	-2.413713673e-11
538	182.3898125	-3.639044621e-11
539	178.9991613	-2.661693088e-11
540	175.605233	-3.56088492e-11
541	172.479134	-2.867039939e-11
542	169.8480116	-3.447908625e-11
543	167.8721993	-2.097877427e-11
544	166.6294376	-2.044941994e-11
545	166.1080124	-1.68167702e-11
546	166.2097042	-2.033750945e-11
547	166.762377	-2.074784788e-11
548	167.5409586	-1.220534784e-11
549	168.2946134	-1.226396762e-11
550	168.7771765	-1.463718036e-11
551	168.7775038	-7.629452625e-12
552	168.1463387	-9.864109529e-12
553	166.8166194	-1.740652067e-11
554	164.8148247	-6.959766097e-12
555	162.2619026	-9.169554005e-12
556	159.3634531	-3.977262963e-12
557	156.3900193	-3.179678743e-12
558	153.6494443	-6.892264537e-13
559	151.454162	-8.048672839e-12
560	150.0868927	4.394706821e-12
561	149.7684528	-5.442757356e-12
562	150.6312169	2.668087973e-12
563	152.7012152	2.735589533e-13
564	155.8909632	3.129940751e-12
565	160.0039917	7.009504088e-12
566	164.7508064	1.005773242e-11
567	169.7747769	3.922195901e-12
568	174.6853839	-9.041656313e-13
569	179.0954454	4.568789791e-12
570	182.6584938	7.206679697e-12
571	185.102434	5.160316618e-12
572	186.2559853	1.32320821e-11
573	186.0651536	1.025846075e-11
574	184.5980224	6.872724612e-12
575	182.0373708	1.494271373e-11
576	178.6619011	1.733724275e-11
577	174.8180438	3.11803916e-11
578	170.8852819	1.995204002e-11
579	167.2385909	3.381117608e-11
580	164.2118643	2.301980828e-11
581	162.0660492	3.415046024e-11
582	160.965187	2.220268414e-11
583	160.9626857	2.081357309e-11
584	161.9990453	2.430589063e-11
585	163.9110475	2.115996267e-11
586	166.4512148	2.031619317e-11
587	169.3152969	1.972821906e-11
588	172.1747435	2.693667511e-11
589	174.7106687	1.909938874e-11
590	176.645738	2.5945468e-11
591	177.7707175	1.126743143e-11
592	177.963078	1.428368535e-11
593	177.1959622	3.028688411e-12
594	175.536899	1.23510091e-11
595	173.136762	-4.567013434e-12
596	170.2104989	4.090949801e-12
597	167.0119947	-1.156230667e-11
598	163.8059813	-1.451105902e-11
599	160.8401299	-9.45910017e-12
600	158.3203231	-2.466471472e-11
601	156.391654	-2.393107934e-11
602	155.1269702	-3.16866533e-11
603	154.5238831	-2.881428429e-11
604	154.5101886	-4.063949177e-11
605	154.9567156	-3.697842033e-11
606	155.6958271	-4.882494409e-11
607	156.5432376	-4.201439197e-11
608	157.3205358	-5.11910514e-11
609	157.875828	-4.972378065e-11
610	158.1002427	-4.941469456e-11
611	157.9386021	-4.758504701e-11
612	157.3933108	-4.8062887e-11
613	156.5213312	-4.560618549e-11
614	155.4249207	-4.917311003e-11
615	154.2375002	-5.432809758e-11
616	153.1065298	-4.222400207e-11
617	152.1755331	-4.219913308e-11
618	151.5674149	-3.234212897e-11
619	151.3709643	-3.022648798e-11
620	151.631967	-2.205524652e-11
621	152.3497354	-1.817035411e-11
622	153.4791715	-1.24664723e-11
623	154.9378058	-6.723510637e-12
624	156.6166773	2.886579864e-12
625	158.3935076	1.132427485e-11
626	160.146419	1.585753751e-11
627	161.7664758	1.824140838e-11
628	163.1675679	2.454747516e-11
629	164.2925843	2.905409247e-11
630	165.1153648	3.323741282e-11
631	165.6385086	3.810285421e-11
632	165.8876789	4.236078155e-11
633	165.9034932	4.679989729e-11
634	165.7323835	4.604672199e-11
635	165.4178996	5.09068343e-11
636	164.9938176	5.274003456e-11
637	164.4801046	5.702460726e-11
638	163.8823406	5.300471173e-11
639	163.1946574	4.796341102e-11
640	162.4057015	5.073630405e-11
641	161.5066437	5.245759382e-11
642	160.4998996	4.16715551e-11
643	159.4070534	5.07629494e-11
644	158.2745177	3.417532923e-11
645	157.1757083	2.880717886e-11
646	156.2089513	2.710542901e-11
647	155.4909006	2.083844208e-11
648	155.1458764	1.104005776e-11
649	155.292136	1.075761702e-11
650	156.0265992	7.094769217e-12
651	157.4098833	-6.558309451e-12
652	159.4536168	-1.551292428e-11
653	162.1118659	-1.162803187e-11
654	165.2781367	-9.471534668e-12
655	168.7888308	-1.271160954e-11
656	172.433316	-4.001421416e-11
657	175.9699862	-2.328981452e-11
658	179.146938	-2.86206614e-11
659	181.725266	-5.340083931e-11
660	183.5025614	-5.710987239e-11
661	184.3340394	-3.701039475e-11
662	184.1488639	-3.423927808e-11
663	182.9596593	-6.533973362e-11
664	180.8638762	-4.555467115e-11
665	178.0365312	-4.10373957e-11
666	174.7147817	-4.197886483e-11
667	171.175719	-6.046718681e-11
668	167.7095595	-4.153122291e-11
669	164.5909895	-3.870681553e-11
670	162.0517054	-3.012878835e-11
671	160.2571376	-4.47499815e-11
672	159.2899667	-3.159783546e-11
673	159.1423505	-2.745892402e-11
674	159.7178623	-1.668531979e-11
675	160.843095	-2.566657997e-11
676	162.2878098	-2.066613547e-11
677	163.791548	-5.229594535e-12
678	165.0938643	-2.454392245e-11
679	165.9648891	-1.212541179e-11
680	166.2328289	3.581135388e-12
681	165.8052928	1.962874308e-12
682	164.681961	-1.948308181e-11
683	162.9570249	-2.46735965e-12
684	160.8109351	1.205258116e-11
685	158.4921649	1.78701498e-11
686	156.2908105	1.151079232e-12
687	154.5067836	2.043520908e-11
688	153.4159904	1.998756716e-11
689	153.23817	2.332711802e-11
690	154.1099455	1.4232171e-11
691	156.0661288	1.953992523e-11
692	159.0314711	2.341771221e-11
693	162.8239524	2.629008122e-13
694	167.1694721	1.813482697e-11
695	171.7265766	2.558664391e-11
696	176.1187658	1.232436375e-11
697	179.971084	2.053468506e-11
698	182.9472134	2.773781205e-11
699	184.7832002	1.633360114e-11
700	185.3142749	2.217248607e-11
701	184.4919346	2.521716169e-11
702	182.3894695	2.264144427e-11
703	179.1953236	2.718891778e-11
704	175.1949536	2.941824562e-11
705	170.7430529	1.698019503e-11
706	166.2290084	1.577760145e-11
707	162.0391524	2.252065201e-11
708	158.519684	1.784883352e-11
709	155.9440351	1.750599665e-11
710	154.4879603	1.665334537e-11
711	154.2147847	2.816058498e-11
712	155.0721608	1.15569776e-11
713	156.9004605	1.913313952e-11
714	159.4517184	4.382272323e-12
715	162.4169555	2.87894153e-11
716	165.4588821	8.036238341e-12
717	168.2464752	6.902922678e-12
718	170.4878113	5.950795412e-12
719	171.9578026	1.800515292e-11
720	172.5181116	-4.620304139e-12
721	172.1274153	-2.842170943e-13
722	170.8412691	-8.688161302e-12
723	168.8019454	-1.41167078e-11
724	166.2196831	-1.904076896e-11
725	163.347656	-2.202327209e-11
726	160.4535677	-1.334576893e-11
727	157.7910435	-3.1386449e-11
728	155.5739025	-2.900435447e-11
729	153.9559654	-3.339550858e-11
730	153.0183516	-2.078515138e-11
731	152.7653242	-4.366995654e-11
732	153.1287568	-4.822986455e-11
733	153.9803405	-4.0959236e-11
734	155.149822	-3.396216641e-11
735	156.4469607	-5.875122611e-11
736	157.6845696	-5.25037791e-11
737	158.6999888	-3.860023412e-11
738	159.3726336	-5.806555237e-11
739	159.635798	-5.062972264e-11
740	159.4816334	-4.981437485e-11
741	158.9590468	-3.976197149e-11
742	158.1650916	-5.159250804e-11
743	157.23115	-4.325695357e-11
744	156.3057541	-4.018385624e-11
745	155.5362042	-1.677413763e-11
746	155.0511836	-3.046984887e-11
747	154.9463558	-2.355715623e-11
748	155.2744821	-1.102851144e-11
749	156.040993	1.441513575e-12
750	157.2052471	-8.999911927e-12
751	158.6870199	1.081801315e-12
752	160.3771565	3.430322693e-11
753	162.1508651	8.724576617e-12
754	163.8818904	1.563726926e-11
755	165.4557838	3.309352792e-11
756	166.7807024	4.001865506e-11
757	167.7945652	3.028688411e-11
758	168.4679305	3.79465348e-11
759	168.8025541	6.495248783e-11
760	168.8261636	6.266809294e-11
761	168.5844725	5.088462984e-11
762	168.1317877	4.834443956e-11
763	167.5217017	6.432276933e-11
764	166.7992892	6.827249877e-11
765	165.9959567	5.38209477e-11
766	165.1276679	4.894396e-11
767	164.1967391	6.638067873e-11
768	163.1968438	3.909406132e-11
769	162.1203617	4.660005715e-11
770	160.9668187	5.437872375e-11
771	159.7509509	5.277289716e-11
772	158.5089196	2.905764518e-11
773	157.3014063	2.019273637e-11
774	156.2127128	2.276934197e-11
775	155.3455238	3.455991049e-11
776	154.8116034	5.65414382e-12
777	154.7192991	-4.842348744e-12
778	155.1592476	4.411582211e-12
779	156.1900433	1.411315509e-12
780	157.8257765	-3.737721244e-11
781	160.0272651	-2.009503675e-11
782	162.6984706	-1.646238701e-11
783	165.6890539	-4.822453548e-11
784	168.8033344	-5.552180937e-11
785	171.8151551	-3.88604704e-11
786	174.4874121	-4.447286983e-11
787	176.5943709	-7.51976259e-11
788	177.9444514	-7.548006664e-11
789	178.400972	-6.037481626e-11
790	177.8984386	-5.280398341e-11
791	176.4523495	-8.08775269e-11
792	174.1611191	-5.099654032e-11
793	171.1995466	-5.877076603e-11
794	167.804179	-4.960476474e-11
795	164.2518303	-6.935163555e-11
796	160.8333273	-4.680877908e-11
797	157.8251522	-4.419220545e-11
798	155.4619679	-6.119993401e-11
799	153.9130054	-5.330846875e-11
800	153.2649501	-3.76667586e-11
801	153.5133167	-1.413802408e-11
802	154.5634171	-4.166089695e-11
803	156.2409935	-1.211564182e-11
804	158.311528	-7.521983036e-12
805	160.5062608	6.045830503e-12
806	162.5521707	-1.353495094e-11
807	164.202684	-2.456701509e-12
808	165.2657338	1.411226691e-11
809	165.6260294	1.512656667e-11
810	165.2589741	-1.093880542e-11
811	164.2345552	2.015010381e-11
812	162.7106047	3.22959437e-11
813	160.9159967	1.299138574e-11
814	159.1254676	3.033306939e-11
815	157.6286957	3.418332284e-11
816	156.6969555	3.967137729e-11
817	156.5509801	1.458388965e-11
818	157.3335943	3.628297662e-11
819	159.0902124	3.026912054e-11
820	161.759487	3.786659875e-11
821	165.1753233	1.635225289e-11
822	169.0802591	3.960654027e-11
823	173.1489795	2.986677572e-11
824	177.0196297	4.137845622e-11
825	180.3297203	3.643840785e-11
826	182.7528951	3.528022319e-11
827	184.0326991	3.642419699e-11
828	184.0097698	8.868461521e-12
829	182.6395477	2.660538456e-11
830	179.9985803	1.991207199e-11
831	176.2786933	1.604583133e-11
832	171.7695699	2.480504691e-11
833	166.8314991	2.363798046e-11
834	161.8610801	1.290434426e-11
835	157.2534014	1.357491897e-11
836	153.3645678	9.378275934e-12
837	150.478391	4.244604668e-12
838	148.7805998	1.130739946e-11
839	148.3431119	1.57918123e-11
840	149.1198381	-3.466560372e-12
841	150.9542684	-1.779021375e-12
842	153.5978622	-4.59188243e-13
843	156.7371547	-1.688338358e-11
844	160.0266178	-1.059685673e-11
845	163.1237744	-8.733458401e-12
846	165.7228976	-1.841549135e-11
847	167.5838649	-2.496225449e-11
848	168.5533218	-2.082689576e-11
849	168.5762	-3.335376419e-11
850	167.6967015	-2.08748574e-11
851	166.0490054	-3.31601413e-11
852	163.8390367	-3.045119712e-11
853	161.3195486	-2.985167669e-11
854	158.7614143	-1.580513498e-11
855	156.424332	-3.7419845e-11
856	154.5301021	-3.74322795e-11
857	153.2412429	-3.681677185e-11
858	152.647032	-2.926547893e-11
859	152.7581674	-4.55813165e-11
860	153.5102563	-4.499423056e-11
861	154.7753532	-4.532640929e-11
862	156.3799117	-4.540368082e-11
863	158.1268647	-4.619238325e-11
864	159.8191794	-4.907629858e-11
865	161.2821759	-3.355804523e-11
866	162.3821503	-4.4976467e-11
867	163.0393642	-3.979838681e-11
868	163.2341827	-4.261302422e-11
869	163.005981	-2.439204394e-11
870	162.4452808	-3.250022473e-11
871	161.6803405	-2.394973109e-11
872	160.8600103	-2.712940983e-11
873	160.1350168	-1.393551941e-12
874	159.6399292	-1.9623414e-11
875	159.4778784	-8.112621686e-12
876	159.7096806	2.284572531e-11
877	160.3484218	1.560529483e-12
878	161.3598597	1.843858399e-12
879	162.668289	2.41424658e-11
880	164.1668749	3.599964771e-11
881	165.7309725	1.640731995e-11
882	167.2326565	3.316813491e-11
883	168.5546339	4.34203784e-11
884	169.6018824	5.160583072e-11
885	170.3097331	4.228706274e-11
886	170.6476381	4.660094532e-11
887	170.6184614	7.048228667e-11
888	170.2537256	7.032685545e-11
889	169.6057647	5.614442244e-11
890	168.7381036	5.271338921e-11
891	167.7155654	7.713296668e-11
892	166.5955786	4.7659654e-11
893	165.4219282	4.924771702e-11
894	164.2217871	5.578115747e-11
895	163.00636	6.389377916e-11
896	161.7749079	3.942357552e-11
897	160.5214064	4.604583381e-11
898	159.2426681	3.734434983e-11
899	157.9465095	4.737632509e-11
900	156.6584893	2.679900746e-11
901	155.4259014	7.540634783e-12
902	154.3180592	2.227285023e-11
903	153.4224128	2.18420837e-11
904	152.8366293	-1.370725755e-11
905	152.6573717	-1.522160176e-11
906	152.967042	-6.576961198e-12
907	153.8201444	-3.304645446e-11
908	155.2311157	-4.362998851e-11
909	157.1654221	-3.49915652e-11
910	159.5354425	-4.413180932e-11
911	162.2021604	-6.356426496e-11
912	164.983032	-6.896527793e-11
913	167.6656582	-5.485123467e-11
914	170.0261496	-5.429612315e-11
915	171.8504349	-8.57420801e-11
916	172.9562933	-8.176925803e-11
917	173.2136723	-7.266898194e-11
918	172.5609048	-6.291855925e-11
919	171.0147792	-9.220268993e-11
920	168.6730099	-6.482014925e-11
921	165.7084451	-5.898836974e-11
922	162.3552473	-8.048495204e-11
923	158.8881893	-7.001421665e-11
924	155.5970251	-5.886136023e-11
925	152.7585094	-3.996980524e-11
926	150.6089964	-6.307221412e-11
927	149.3205753	-3.456701592e-11
928	148.9834024	-2.237765528e-11
929	149.5962842	-1.690381168e-11
930	151.0667115	-2.37392328e-11
931	153.2205362	-5.107914092e-12
932	155.8204273	7.548628389e-12
933	158.5912574	5.909051026e-12
934	161.2497714	-1.103295233e-11
935	163.5353647	1.958966322e-11
936	165.238617	3.009681393e-11
937	166.2244135	1.782662906e-11
938	166.4470277	2.925215625e-11
939	165.955382	4.150457755e-11
940	164.8877569	4.871569814e-11
941	163.4563718	3.306421803e-11
942	161.9233879	5.200284647e-11
943	160.5708515	5.156763905e-11
944	159.667809	6.021938503e-11
945	159.4381836	4.10418366e-11
946	160.0329806	6.506795103e-11
947	161.5099651	5.625899746e-11
948	163.8231891	5.504041667e-11
949	166.8237031	3.824496275e-11
950	170.2715879	5.196110209e-11
951	173.8582145	5.8969718e-11
952	177.2365191	3.085887101e-11
953	180.0561816	4.687095156e-11
954	182.0000352	3.574651686e-11
955	182.8178588	3.197619947e-11
956	182.3539427	3.513633828e-12
957	180.5654517	2.534772392e-11
958	177.5295591	2.072386707e-11
959	173.4385031	1.468958288e-11
960	168.5829838	9.08784159e-12
961	163.3255492	2.930988785e-13
962	158.0666696	1.740829703e-13
963	153.2069683	4.55813165e-12
964	149.1094709	-7.075229291e-12
965	146.0657212	-8.454570377e-12
966	144.2691922	-7.956302284e-12
967	143.7986343	-3.04396508e-11
968	144.6129501	-1.596234256e-11
969	146.5579686	-1.765609881e-11
970	149.38425	-2.563993462e-11
971	152.7739192	-3.708588991e-11
972	156.3736148	-2.904698704e-11
973	159.83006	-4.826183897e-11
974	162.8245497	-2.462119397e-11
975	165.1028454	-3.915179292e-11
976	166.4975266	-4.312550317e-11
977	166.9407122	-3.93622912e-11
978	166.4661337	-4.206057724e-11
979	165.2006922	-4.802735987e-11
980	163.3467437	-4.124256492e-11
981	161.1573015	-3.369304835e-11
982	158.9070356	-4.456790492e-11
983	156.862301	-4.310951596e-11
984	155.2534268	-4.362998851e-11
985	154.2521387	-4.381472962e-11
986	153.9563319	-4.55564475e-11
987	154.3835307	-3.60822483e-11
988	155.4733696	-4.198064119e-11
989	157.0984329	-3.492139911e-11
990	159.0818896	-3.878319887e-11
991	161.2196732	-3.392219838e-11
992	163.3045392	-3.201261478e-11
993	165.1492309	-1.406430528e-11
994	166.6062011	-2.914823938e-11
995	167.581826	-2.407229971e-11
996	168.0437637	-1.651656589e-11
997	168.0209405	-2.282352085e-11
998	167.5965158	-1.127542504e-11
999	166.8949653	-8.451017663e-12
1000	166.0650485	4.920508445e-12
1001	165.2608286	-5.271338921e-12
1002	164.6230386	2.562394741e-12
1003	164.2629481	1.358824164e-11
1004	164.2504929	4.162536982e-11
1005	164.6078453	1.304734099e-11
1006	165.3089085	2.456612691e-11
1007	166.2844858	3.719868857e-11
1008	167.4322119	5.528022484e-11
1009	168.629804	2.596767246e-11
1010	169.7498598	4.096012418e-11
1011	170.674329	4.588063263e-11
1012	171.3069243	5.231548528e-11
1013	171.5820827	4.382627594e-11
1014	171.469596	5.172839934e-11
1015	170.9746286	7.765255106e-11
1016	170.1334495	5.147526849e-11
1017	169.0057518	5.25863797e-11
1018	167.6648402	4.531486297e-11
1019	166.1871922	7.002398661e-11
1020	164.6429142	3.878852795e-11
1021	163.088418	4.508393658e-11
1022	161.5622767	4.384759222e-11
1023	160.0847156	5.579803286e-11
1024	158.660645	3.004174687e-11
1025	157.2856009	3.454125874e-11
1026	155.953517	3.763922507e-11
1027	154.6649581	1.039790476e-11
1028	153.4343466	1.036504216e-12
1029	152.2948265	6.146194664e-13
1030	151.2997182	-3.328004539e-12
1031	150.5199903	-2.156586021e-11
1032	150.0377415	-1.052757881e-11
1033	149.9362874	-3.021227712e-11
1034	150.2879864	-3.006306315e-11
1035	151.1413544	-4.75610662e-11
1036	152.5092437	-5.503331124e-11
1037	154.3598623	-4.897859895e-11
1038	156.6121709	-5.098588218e-11
1039	159.1367458	-7.308731398e-11
1040	161.7625747	-7.477130026e-11
1041	164.2895352	-6.70077327e-11
1042	166.5055819	-7.083489351e-11
1043	168.2070156	-8.431033649e-11
1044	169.2197267	-9.126654987e-11
1045	169.4190467	-6.866773816e-11
1046	168.7458562	-8.973888299e-11
1047	167.2168948	-8.318146172e-11
1048	164.9277691	-7.289369108e-11
1049	162.0479083	-5.747491372e-11
1050	158.8075929	-7.843237171e-11
1051	155.4780805	-6.21920293e-11
1052	152.3466693	-4.387956665e-11
1053	149.6891779	-3.095479428e-11
1054	147.7427041	-3.861799769e-11
1055	146.6815945	-3.194333686e-11
1056	146.5992989	-8.657075057e-12
1057	147.498221	-1.385558335e-12
1058	149.2888563	-1.544187e-11
1059	151.7985237	5.641709322e-12
1060	154.7889514	1.517541648e-11
1061	157.9809907	6.458833468e-12
1062	161.0839064	2.512567931e-11
1063	163.8261424	3.627764755e-11
1064	165.9842347	4.628208927e-11
1065	167.4066868	3.605027388e-11
1066	168.0301207	5.038636175e-11
1067	167.8858213	6.192646396e-11
1068	167.0958182	7.874234598e-11
1069	165.8587915	4.974776147e-11
1070	164.4272127	7.228351251e-11
1071	163.0781235	7.203659891e-11
1072	162.0806923	7.292477733e-11
1073	161.6640951	6.578027012e-11
1074	161.989285	7.717648742e-11
1075	163.1278404	7.941380886e-11
1076	165.0503566	4.841638201e-11
1077	167.625833	5.352163157e-11
1078	170.6323293	6.189715407e-11
1079	173.7779387	5.641531686e-11
1080	176.7299893	2.840039315e-11
1081	179.1494649	4.991829172e-11
1082	180.7270341	3.664979431e-11
1083	181.2168571	2.609823468e-11
1084	180.4645367	4.615863247e-12
1085	178.4261671	1.389732773e-11
1086	175.1763546	1.149302875e-11
1087	170.9042407	2.595257342e-12
1088	165.897819	-6.467715252e-12
1089	160.5180767	-9.849010496e-12
1090	155.1655665	-6.785683127e-12
1091	150.2428175	-4.257127983e-11
1092	146.1164267	-3.072386789e-11
1093	143.0827078	-2.745714767e-11
1094	141.3403847	-3.461231302e-11
1095	140.9730732	-4.972733336e-11
1096	141.943252	-4.438227563e-11
1097	144.0982208	-5.241584944e-11
1098	147.1872882	-4.509104201e-11
1099	150.888276	-4.908962126e-11
1100	154.8404855	-5.233768974e-11
1101	158.6806417	-5.382805313e-11
1102	162.0780849	-5.159783711e-11
1103	164.7656277	-5.735056874e-11
1104	166.563025	-5.205880171e-11
1105	167.3908463	-5.408384851e-11
1106	167.2735996	-6.46451781e-11
1107	166.3321194	-5.759126509e-11
1108	164.7663612	-5.056310926e-11
1109	162.8307285	-5.063238717e-11
1110	160.8047886	-5.213429688e-11
1111	158.9626352	-4.435207757e-11
1112	157.5441943	-3.664801795e-11
1113	156.7314517	-2.822098111e-11
1114	156.631947	-3.662403714e-11
1115	157.2710081	-2.257749543e-11
1116	158.5931967	-2.262190435e-11
1117	160.4724128	-1.802202831e-11
1118	162.7291785	-2.890754303e-11
1119	165.1528855	-1.623057244e-11
1120	167.5263341	-8.381739747e-12
1121	169.6497404	-1.036504216e-11
1122	171.3615655	-2.29327668e-12
1123	172.553985	1.872280109e-12
1124	173.1815132	1.677857853e-11
1125	173.2621316	1.366018409e-12
1126	172.8711546	2.111022468e-11
1127	172.1288807	1.571454078e-11
1128	171.1837459	2.475530891e-11
1129	170.1931407	2.329780813e-11
1130	169.3042221	2.423661272e-11
1131	168.6369536	3.466027465e-11
1132	168.2712398	4.873257353e-11
1133	168.2394602	2.825473189e-11
1134	168.5250071	3.939071291e-11
1135	169.0666937	4.269473663e-11
1136	169.7682045	4.71862549e-11
1137	170.5111942	4.919176178e-11
1138	171.1702702	4.4737547e-11
1139	171.6279514	5.376676881e-11
1140	171.787794	4.231637263e-11
1141	171.5841925	4.678391008e-11
1142	170.9878583	4.34123848e-11
1143	170.0065697	6.390799001e-11
1144	168.6814157	3.536460014e-11
1145	167.0793225	4.198685843e-11
1146	165.2830987	4.427036515e-11
1147	163.3805046	5.949907234e-11
1148	161.4539046	3.149036587e-11
1149	159.5719118	3.133138193e-11
1150	157.784092	3.770583845e-11
1151	156.1193143	1.570832353e-11
1152	154.5877846	1.077005152e-11
1153	153.1862493	8.862244272e-12
1154	151.9053854	8.411049635e-12
1155	150.7380621	-1.311839526e-11
1156	149.6870183	-3.416822381e-12
1157	148.7705647	-1.785771531e-11
1158	148.0251866	-1.511324399e-11
1159	147.5043603	-3.371614099e-11
1160	147.273444	-4.191313963e-11
1161	147.4010943	-4.692157773e-11
1162	147.9482093	-3.792166581e-11
1163	148.9558387	-6.737721492e-11
1164	150.4337611	-6.113332063e-11
1165	152.3514717	-5.514699808e-11
1166	154.6331347	-8.194600554e-11
1167	157.1576459	-7.359624021e-11
1168	159.7643696	-8.48450199e-11
1169	162.2644236	-7.404477032e-11
1170	164.4566688	-9.190781469e-11
1171	166.1469106	-8.658318507e-11
1172	167.1683147	-9.240430643e-11
1173	167.4007506	-6.123457297e-11
1174	166.7867546	-8.316369815e-11
1175	165.3420532	-7.639222588e-11
1176	163.1590967	-5.598899122e-11
1177	160.4027715	-5.034550554e-11
1178	157.2983087	-6.605738179e-11
1179	154.1122886	-5.236699963e-11
1180	151.1284665	-2.667110977e-11
1181	148.6207945	-3.982059127e-11
1182	146.826428	-2.309530345e-11
1183	145.9216156	-1.508304592e-11
1184	146.0031533	9.45910017e-13
1185	147.0775628	-7.135625424e-12
1186	149.0593711	9.897860309e-12
1187	151.7789084	2.326228099e-11
1188	154.9990085	3.807887339e-11
1189	158.4390043	3.953282146e-11
1190	161.8035737	3.211120259e-11
1191	164.8134058	6.174794009e-11
1192	167.2343938	7.067679775e-11
1193	168.9021615	5.706901618e-11
1194	169.7391806	6.30731023e-11
1195	169.7625053	8.692380149e-11
1196	169.0811469	6.551514886e-11
1197	167.8832402	6.894529392e-11
1198	166.4142761	8.935296947e-11
1199	164.9486838	9.693401637e-11
1200	163.7578127	6.841727185e-11
1201	163.0778086	6.793632323e-11
1202	163.0809437	8.246381356e-11
1203	163.8536328	8.083711478e-11
1204	165.3836826	5.191891361e-11
1205	167.5583433	4.654054919e-11
1206	170.1735717	6.139311282e-11
1207	172.953694	5.01660935e-11
1208	175.5795098	1.748201583e-11
1209	177.7219327	3.450884023e-11
1210	179.0776237	2.432276602e-11
1211	179.4028115	2.886579864e-12
1212	178.5416436	-1.742428424e-11
1213	176.4459585	-3.988809283e-12
1214	173.1842534	1.943334382e-12
1215	168.9387569	-4.164846246e-11
1216	163.9907695	-3.3477221e-11
1217	158.6956792	-4.118749786e-11
1218	153.4501589	-3.732036902e-11
1219	148.6548853	-6.667644215e-11
1220	144.6765952	-4.865929881e-11
1221	141.8133714	-5.222844379e-11
1222	140.2667041	-5.39936984e-11
1223	140.1231597	-7.376410593e-11
1224	141.347476	-6.717426615e-11
1225	143.7876977	-6.809175446e-11
1226	147.1917137	-6.790656926e-11
1227	151.2333758	-7.285372305e-11
1228	155.5454054	-6.512745898e-11
1229	159.7556266	-6.983214007e-11
1230	163.5227734	-8.178080435e-11
1231	166.5682257	-6.980016565e-11
1232	168.7005249	-5.970157702e-11
1233	169.8303386	-6.10231865e-11
1234	169.9745955	-7.373035515e-11
1235	169.2496803	-5.111200352e-11
1236	167.8547287	-5.400124792e-11
1237	166.0470819	-3.852962394e-11
1238	164.1127285	-3.75517395e-11
1239	162.3350111	-3.059330567e-11
1240	160.9649563	-2.196198778e-11
1241	160.1963068	-1.301270203e-11
1242	160.1477248	-1.897149104e-11
1243	160.8537804	-8.055334177e-12
1244	162.2653298	2.345235117e-12
1245	164.2588479	-2.358824247e-11
1246	166.6533201	3.493649814e-12
1247	169.2325212	6.431299937e-12
1248	171.7700076	2.931566101e-11
1249	174.0539491	1.033306773e-11
1250	175.9090667	2.782929442e-11
1251	177.2133759	2.574873648e-11
1252	177.9081124	3.103783897e-11
1253	178.0000554	3.450839614e-11
1254	177.5563556	3.841549301e-11
1255	176.6928225	4.69642103e-11
1256	175.5573308	4.184697033e-11
1257	174.3104919	4.092814976e-11
1258	173.1059571	4.635980488e-11
1259	172.0726541	4.416333965e-11
1260	171.3009306	5.379252599e-11
1261	170.83403	5.280487159e-11
1262	170.6656323	4.822542365e-11
1263	170.7434419	5.1652016e-11
1264	170.9780855	4.865396974e-11
1265	171.255984	5.25326449e-11
1266	171.4544472	5.039391127e-11
1267	171.4570561	4.631850459e-11
1268	171.1674561	3.375877355e-11
1269	170.5199727	4.463673875e-11
1270	169.4859325	3.762767875e-11
1271	168.0751656	4.860600811e-11
1272	166.3327978	3.266187321e-11
1273	164.3320385	2.476507888e-11
1274	162.1641482	2.999289705e-11
1275	159.9270807	1.448663411e-11
1276	157.7143941	1.930633431e-11
1277	155.6059154	8.466116697e-12
1278	153.6613293	2.527755782e-12
1279	151.9174073	-7.696066007e-12
1280	150.3890418	-9.15534315e-12
1281	149.0736966	-7.638334409e-12
1282	147.9583834	-1.120348259e-11
1283	147.0279125	-2.274269661e-11
1284	146.2729783	-3.321165565e-11
1285	145.696659	-4.15107948e-11
1286	145.3181348	-2.810285338e-11
1287	145.1728288	-5.479838805e-11
1288	145.3086998	-5.466649355e-11
1289	145.7789975	-5.207301257e-11
1290	146.6323448	-7.104139499e-11
1291	147.9014747	-7.068479135e-11
1292	149.5922432	-7.832046123e-11
1293	151.6746228	-6.442579803e-11
1294	154.0772415	-8.969092136e-11
1295	156.6866678	-7.949108038e-11
1296	159.3520975	-9.163381165e-11
1297	161.8954381	-6.32747188e-11
1298	164.1260813	-8.640155258e-11
1299	165.8590039	-8.175105037e-11
1300	166.9343146	-8.151257447e-11
1301	167.2360485	-5.852340834e-11
1302	166.7079459	-6.915268358e-11
1303	165.3641608	-6.155964627e-11
1304	163.293308	-7.939382485e-11
1305	160.6549399	-5.034861417e-11
1306	157.6683616	-3.141664706e-11
1307	154.5945662	-2.773425933e-11
1308	151.7128895	-1.034106134e-11
1309	149.2946553	5.334843678e-12
1310	147.5765187	1.158406704e-11
1311	146.7363632	-6.596501123e-12
1312	146.8744331	-7.103651001e-12
1313	148.0019023	3.704059282e-11
1314	150.0383362	4.335376502e-11
1315	152.8185687	4.98987518e-11
1316	156.1085026	6.815970011e-11
1317	159.6283454	8.462475165e-11
1318	163.0809428	3.913225299e-11
1319	166.1822588	6.476197356e-11
1320	168.6907501	4.720579483e-11
1321	170.4324375	7.128519997e-11
1322	171.3188867	8.814637908e-11
1323	171.3560372	7.480238651e-11
1324	170.6427893	9.058798156e-11
1325	169.3593655	1.12508225e-10
1326	167.7465887	5.066125297e-11
1327	166.0782391	6.956479837e-11
1328	164.6294469	9.283418478e-11
1329	163.644561	7.804423774e-11
1330	163.3080429	7.407363611e-11
1331	163.721656	6.090683513e-11
1332	164.8905756	8.992540046e-11
1333	166.7201038	7.912070998e-11
1334	169.0235309	1.314814924e-11
1335	171.5404757	1.268141148e-11
1336	173.9638761	4.753664129e-11
1337	175.9728351	2.52331489e-12
1338	177.2678498	-1.10134124e-12
1339	177.6046476	3.75308673e-11
1340	176.8229564	7.146283565e-12
1341	174.8670375	-5.389200197e-11
1342	171.79566	-9.0734531e-11
1343	167.7803048	-4.637845663e-11
1344	163.0916279	-5.328271158e-11
1345	158.0754657	-6.954747889e-11
1346	153.1207816	-5.366906919e-11
1347	148.6228164	-5.52118351e-11
1348	144.9452276	-6.330669322e-11
1349	142.3851132	-9.55253654e-11
1350	141.1445205	-8.657563555e-11
1351	141.3113564	-8.577583088e-11
1352	142.8516261	-9.663825296e-11
1353	145.6137394	-9.384759636e-11
1354	149.3443594	-7.748646169e-11
1355	153.714074	-7.743583552e-11
1356	158.3501636	-1.214583989e-10
1357	162.8730337	-9.101164267e-11
1358	166.9325446	-8.639400306e-11
1359	170.2405384	-9.62536717e-11
1360	172.5963237	-6.760636495e-11
1361	173.9026714	-4.160494171e-11
1362	174.1709174	-3.679723193e-11
1363	173.5149388	-2.340261318e-11
1364	172.134941	-8.676970253e-11
1365	170.2930427	-4.181099911e-11
1366	168.2834557	-1.75122139e-11
1367	166.4005479	-2.126476772e-11
1368	164.9082079	6.27764507e-12
1369	164.0136839	2.014921563e-11
1370	163.8484886	2.914202213e-11
1371	164.4581225	-4.654054919e-12
1372	165.8013544	6.926903495e-12
1373	167.7587443	2.201172578e-11
1374	170.1491007	3.68807207e-11
1375	172.751751	2.958033818e-11
1376	175.3319513	6.400346919e-11
1377	177.6665202	7.780176503e-11
1378	179.5668779	3.919531366e-11
1379	180.8970709	4.479083771e-11
1380	181.5850281	5.646594303e-11
1381	181.6261198	4.015099364e-11
1382	181.079003	6.438494182e-11
1383	180.0546065	7.421530057e-11
1384	178.69985	6.64686084e-11
1385	177.1782274	7.900702315e-11
1386	175.6496423	3.248556979e-11
1387	174.251868	4.41491288e-11
1388	173.0857055	6.278533249e-11
1389	172.2053849	4.190114922e-11
1390	171.6150747	4.98081576e-11
1391	171.2715967	5.732969655e-11
1392	171.0927104	5.830891325e-11
1393	170.9696903	5.639444467e-11
1394	170.7824702	2.715339065e-11
1395	170.415396	2.906475061e-11
1396	169.77165	2.584732428e-11
1397	168.784665	-8.077982727e-13
1398	167.425295	6.229239347e-12
1399	165.704099	2.84230417e-11
1400	163.6687326	8.37419023e-12
1401	161.3970629	-1.176481135e-11
1402	158.9871326	-3.09374748e-11
1403	156.5454528	-1.909095104e-11
1404	154.1752463	-2.632694063e-11
1405	151.9661926	-9.638512211e-12
1406	149.9869476	-1.574562702e-11
1407	148.2812751	-3.216360511e-11
1408	146.8680882	-3.351452449e-11
1409	145.7451293	-4.81001905e-11
1410	144.8955026	-5.714939633e-11
1411	144.2958698	-5.953371129e-11
1412	143.9248947	-4.829914246e-11
1413	143.7704902	-7.118838852e-11
1414	143.8346088	-3.276623417e-11
1415	144.1346747	-4.321498714e-11
1416	144.7012591	-8.284950503e-11
1417	145.5721669	-7.904477073e-11
1418	146.7836669	-8.667910834e-11
1419	148.3600744	-6.375078243e-11
1420	150.3032229	-6.759304227e-11
1421	152.5834913	-6.102651717e-11
1422	155.1339518	-6.609290892e-11
1423	157.8488915	-4.971711931e-11
1424	160.587452	-9.659006928e-11
1425	163.1825027	-9.174927484e-11
1426	165.454172	-5.693334693e-11
1427	167.2268123	-4.419997701e-11
1428	168.3476363	-6.023581633e-11
1429	168.7049173	-1.736322197e-11
1430	168.2435439	-9.347189689e-12
1431	166.9758841	-6.29287733e-11
1432	164.9863318	-3.496980483e-11
1433	162.428553	-3.361400047e-11
1434	159.5152357	-8.214762204e-12
1435	156.501003	1.44297907e-11
1436	153.659966	3.816724714e-12
1437	151.2600732	2.754907413e-11
1438	149.5368799	3.50244278e-11
1439	148.6695423	2.105959851e-11
1440	148.7617089	1.793520887e-11
1441	149.8295458	5.708788997e-11
1442	151.7984243	6.134803776e-11
1443	154.5088957	7.045941608e-11
1444	157.7315808	8.436629173e-11
1445	161.1896066	9.459810713e-11
1446	164.586365	7.289147064e-11
1447	167.6357228	7.046008221e-11
1448	170.0914804	7.123102108e-11
1449	171.7728846	9.88671367e-11
1450	172.5833711	8.639444715e-11
1451	172.5203946	1.081350565e-10
1452	171.6751481	1.231441615e-10
1453	170.2220569	1.05688347e-10
1454	168.3990596	6.445888268e-11
1455	166.4807148	4.319478109e-11
1456	164.7469964	6.482103743e-11
1457	163.4511583	6.640021866e-11
1458	162.7902043	6.095479677e-11
1459	162.8812644	5.601830111e-11
1460	163.7465789	7.146683245e-11
1461	165.3088836	4.951150601e-12
1462	167.3978728	-1.455124909e-11
1463	169.7672123	2.729905191e-11
1464	172.1204082	-1.045608045e-11
1465	174.1428496	-7.929434886e-12
1466	175.5366283	-5.042100071e-11
1467	176.054395	-1.047517628e-11
1468	175.5285655	-1.770028568e-11
1469	173.8926498	-7.863820706e-11
1470	171.1922884	-8.214806613e-11
1471	167.5846607	-6.549272236e-11
1472	163.3261653	-8.532374807e-11
1473	158.7495212	-8.765121962e-11
1474	154.2325774	-5.899725153e-11
1475	150.1620127	-8.015832442e-11
1476	146.8956638	-1.152118401e-10
1477	144.7273837	-1.307720598e-10
1478	143.8580691	-9.682099567e-11
1479	144.3758572	-9.394041101e-11
1480	146.2475262	-9.93096716e-11
1481	149.3219561	-9.915623878e-11
1482	153.3452475	-7.899991772e-11
1483	157.9858793	-8.632405901e-11
1484	162.8672539	-9.146172708e-11
1485	167.6042346	-8.726219747e-11
1486	171.8399013	-8.572431653e-11
1487	175.2787783	-6.037659261e-11
1488	177.7132077	-7.973066651e-11
1489	179.0403137	-3.275268945e-11
1490	179.2680295	-3.337441434e-11
1491	178.5098297	-6.270362007e-11
1492	176.9690032	-2.324096471e-11
1493	174.9143757	-6.590505919e-12
1494	172.6502415	-2.159405987e-11
1495	170.4838031	1.910338554e-11
1496	168.6935861	2.713052005e-11
1497	167.5020923	6.120393081e-11
1498	167.055406	6.07229822e-11
1499	167.4116363	8.51452242e-12
1500	168.5390749	4.165823242e-11
1501	170.3238726	6.41224851e-11
1502	172.5860209	5.527844849e-11
1503	175.1015717	6.350986403e-11
1504	177.6284263	1.09068754e-10
1505	179.9327439	7.620859499e-11
1506	181.8130661	6.638978256e-11
1507	183.1196267	7.457878759e-11
1508	183.7669551	5.053180097e-11
1509	183.7387072	8.177192257e-11
1510	183.0845754	5.410205617e-11
1511	181.9100251	6.809042219e-11
1512	180.360386	9.114753396e-11
1513	178.6013972	7.041078831e-11
1514	176.798619	4.963718325e-11
1515	175.0981432	4.202505011e-11
1516	173.6107726	3.855138431e-11
1517	172.4013396	4.913625062e-11
1518	171.4841519	4.977662726e-11
1519	170.8247922	3.378453073e-11
1520	170.3477327	4.577715984e-11
1521	169.948561	-5.442313267e-12
1522	169.5091185	-2.140954081e-12
1523	168.9135801	5.857092589e-12
1524	168.0634821	-7.183920125e-12
1525	166.8899267	-4.431677247e-12
1526	165.3616198	4.861000491e-12
1527	163.4879741	7.184919326e-12
1528	161.3171604	-1.197753008e-11
1529	158.9296228	-2.662137177e-11
1530	156.428125	-5.670663938e-11
1531	153.9257797	-4.220701566e-11
1532	151.5337053	-5.895395283e-11
1533	149.3499198	-4.732492176e-11
1534	147.4508427	-4.303524204e-11
1535	145.8863596	-3.590971964e-11
1536	144.6788759	-9.073708451e-11
1537	143.8262129	-1.019961893e-10
1538	143.3076605	-7.20061788e-11
1539	143.0920714	-6.31253938e-11
1540	143.1466048	-7.196865326e-11
1541	143.4446646	-6.318645607e-11
1542	143.9717051	-5.017075644e-11
1543	144.7279083	-6.049871715e-11
1544	145.7272074	-8.759826198e-11
1545	146.9926865	-9.449452332e-11
1546	148.5489513	-7.392886303e-11
1547	150.4125625	-6.73542333e-11
1548	152.5819812	-6.590450408e-11
1549	155.0286442	-5.75320902e-11
1550	157.6907361	-3.248079583e-11
1551	160.4709546	-5.894795763e-11
1552	163.2391019	-7.522338308e-11
1553	165.8397311	-4.729694414e-11
1554	168.1044104	-5.813560744e-11
1555	169.8675157	-3.830624706e-11
1556	170.9839122	-9.684808511e-12
1557	171.3465153	-3.340439036e-12
1558	170.9015817	-3.041789043e-12
1559	169.6596962	-2.521638454e-11
1560	167.7008044	-1.959132856e-11
1561	165.1722313	2.424194179e-11
1562	162.2793928	3.278821659e-11
1563	159.2697354	3.797873127e-11
1564	156.4112533	5.481215481e-11
1565	153.9676251	4.879940896e-11
1566	152.1724998	2.924283038e-11
1567	151.2056794	3.723177322e-11
1568	151.1738541	5.306910467e-11
1569	152.0981538	7.359401977e-11
1570	153.9101105	7.497269472e-11
1571	156.4567541	7.779599187e-11
1572	159.5145847	1.023012786e-10
1573	162.8111796	9.174949689e-11
1574	166.0523169	6.773892558e-11
1575	168.9518378	7.169886906e-11
1576	171.2610962	7.870326613e-11
1577	172.794815	7.43622941e-11
1578	173.4504913	8.682432551e-11
1579	173.2191387	8.911760219e-11
1580	172.1860622	1.049906828e-10
1581	170.5214275	7.141198743e-11
1582	168.4615068	4.871192338e-11
1583	166.282516	6.261480223e-11
1584	164.2698113	5.221822974e-11
1585	162.6857618	4.010058952e-11
1586	161.7398149	4.961364652e-11
1587	161.5640835	4.482281213e-11
1588	162.1972265	4.324918201e-11
1589	163.5785213	-2.430300405e-11
1590	165.5529388	-3.731170928e-11
1591	167.8868316	-1.707833874e-11
1592	170.2926792	-1.678635009e-11
1593	172.4603204	-5.993960883e-11
1594	174.0913604	-3.130251613e-11
1595	174.9330486	-3.305222762e-11
1596	174.8079348	-9.543543733e-11
1597	173.6360226	-1.098909852e-10
1598	171.4469127	-1.044024867e-10
1599	168.3804815	-1.014008877e-10
1600	164.6758583	-9.301848181e-11
1601	160.649717	-1.071045475e-10
1602	156.6660517	-9.682143975e-11
1603	153.1005276	-8.504952298e-11
1604	150.3030973	-1.138005246e-10
1605	148.5627746	-1.253313009e-10
1606	148.0782445	-1.122950621e-10
1607	148.9373839	-1.065194599e-10
1608	151.1078307	-9.622014296e-11
1609	154.4395801	-1.061060129e-10
1610	158.6793244	-8.141176622e-11
1611	163.4950262	-1.006772443e-10
1612	168.5081529	-1.233493307e-10
1613	173.3302215	-7.699063609e-11
1614	177.5998821	-5.112621437e-11
1615	181.0167526	-7.124389967e-11
1616	183.3686018	-1.783684311e-11
1617	184.5492196	1.503908109e-12
1618	184.5653259	-1.226374557e-11
1619	183.5320388	-3.06452641e-11
1620	181.6576308	-3.503264345e-11
1621	179.2194017	1.034750063e-11
1622	176.5333859	2.755551343e-11
1623	173.9211953	3.521138936e-11
1624	171.6775091	6.08175732e-11
1625	170.0415604	6.108069606e-11
1626	169.1754491	3.495581602e-11
1627	169.1512982	6.415579179e-11
1628	169.9482682	8.472800239e-11
1629	171.4593572	7.720735162e-11
1630	173.5068685	8.916023475e-11
1631	175.8645368	6.144817988e-11
1632	178.2836588	8.694778231e-11
1633	180.5202436	1.205571198e-10
1634	182.3602039	7.086109477e-11
1635	183.639947	6.916844875e-11
1636	184.2603374	1.15325749e-10
1637	184.1928277	6.667044694e-11
1638	183.4774739	7.114575595e-11
1639	182.2134741	9.604450568e-11
1640	180.5436829	8.657607964e-11
1641	178.6351702	5.465916608e-11
1642	176.658249	7.224221221e-12
1643	174.766464	3.049072106e-11
1644	173.0798048	4.927880326e-11
1645	171.6729323	1.543698502e-11
1646	170.5695382	3.806066573e-11
1647	169.7431894	3.966138529e-11
1648	169.1242241	2.663425036e-12
1649	168.6115757	-1.497202362e-11
1650	168.0878565	-2.536681976e-11
1651	167.4357268	-2.682698508e-11
1652	166.5535051	-3.382250036e-11
1653	165.3681633	-2.967426305e-11
1654	163.8442522	-4.307976198e-11
1655	161.9878707	-3.906053259e-11
1656	159.8454405	-9.627676434e-11
1657	157.4977044	-7.964251481e-11
1658	155.0499437	-6.574074618e-11
1659	152.6198377	-7.702150029e-11
1660	150.3246189	-7.642930733e-11
1661	148.2691904	-8.260125917e-11
1662	146.5366648	-5.912936807e-11
1663	145.1823929	-6.815126241e-11
1664	144.2320382	-9.836909065e-11
1665	143.6836715	-9.696021763e-11
1666	143.5133077	-7.719247463e-11
1667	143.6828414	-7.890421649e-11
1668	144.1490283	-7.338152308e-11
1669	144.8720426	-6.263323193e-11
1670	145.8222332	-4.755373872e-11
1671	146.9839873	-7.993650186e-11
1672	148.3560546	-1.049293985e-10
1673	149.9482277	-7.199729701e-11
1674	151.7748346	-5.648237433e-11
1675	153.8460176	-3.865019416e-11
1676	156.1581543	-5.467826192e-11
1677	158.6849902	-1.600941602e-12
1678	161.3710418	-2.989142267e-11
1679	164.12861	-3.378475277e-11
1680	166.8393162	-2.772848617e-11
1681	169.3605076	-3.733591214e-11
1682	171.5362271	-2.496003404e-12
1683	173.2117958	2.579736424e-11
1684	174.2504977	5.411671111e-12
1685	174.5504577	3.12998516e-11
1686	174.0596263	1.173283692e-11
1687	172.7868617	1.998401444e-12
1688	170.8074302	2.824163126e-11
1689	168.2618042	2.223354834e-11
1690	165.3473598	5.042499751e-11
1691	162.3033907	5.981015683e-11
1692	159.3906578	6.980171996e-11
1693	156.8673959	7.566880456e-11
1694	154.9642088	6.295430843e-11
1695	153.8605337	6.011124931e-11
1696	153.6653094	9.336187379e-11
1697	154.4041276	9.12756537e-11
1698	156.0145241	7.655975853e-11
1699	158.3502242	9.88970017e-11
1700	161.1942003	7.971057148e-11
1701	164.2794205	9.822087588e-11
1702	167.3152866	5.681743964e-11
1703	170.0170758	5.723133079e-11
1704	172.1352941	7.0931927e-11
1705	173.4817821	7.749212383e-11
1706	173.9496904	6.094746929e-11
1707	173.5250489	9.05946429e-11
1708	172.2885266	7.902078991e-11
1709	170.407024	2.95391489e-11
1710	168.11585	1.337374655e-11
1711	165.6932784	1.24724675e-11
1712	163.4301509	2.042521707e-11
1713	161.5977763	8.06077427e-12
1714	160.4176207	-2.012456868e-11
1715	160.0361372	2.323274906e-11
1716	160.5075726	1.282329798e-11
1717	161.7867539	-3.539846194e-11
1718	163.732791	-4.163591694e-11
1719	166.123449	-5.55976376e-11
1720	168.6787692	-5.985079099e-11
1721	171.0914876	-6.499467631e-11
1722	173.0610227	-7.542000358e-11
1723	174.3273727	-7.169720373e-11
1724	174.7012276	-1.000749483e-10
1725	174.0869657	-1.365635383e-10
1726	172.4959385	-1.124955684e-10
1727	170.0484691	-9.13538134e-11
1728	166.9641933	-1.085398438e-10
1729	163.5416212	-1.131597038e-10
1730	160.128965	-8.812950369e-11
1731	157.08923	-1.042490538e-10
1732	154.7632019	-1.39354861e-10
1733	153.4342065	-1.187131504e-10
1734	153.2983538	-1.100303182e-10
1735	154.4434094	-9.573108972e-11
1736	156.8385331	-1.020538098e-10
1737	160.3359827	-7.259715051e-11
1738	164.6846219	-6.733413827e-11
1739	169.5538334	-9.736567108e-11
1740	174.5653525	-7.00582925e-11
1741	179.3297199	-3.822564487e-11
1742	183.4835938	-4.548927901e-11
1743	186.7240995	-3.13780113e-11
1744	188.8367441	-4.069011794e-11
1745	189.7141343	2.824118717e-11
1746	189.3637288	3.317213171e-11
1747	187.9040291	-1.57425184e-11
1748	185.5498234	2.718336667e-11
1749	182.5882325	4.748623716e-11
1750	179.3482269	4.462874514e-11
1751	176.1669099	7.012879166e-11
1752	173.3561201	1.130080474e-10
1753	171.1727813	9.704526072e-11
1754	169.7959398	8.8061336e-11
1755	169.3126394	6.28261887e-11
1756	169.7137818	8.634537529e-11
1757	170.9000267	1.20393473e-10
1758	172.6967115	9.391154521e-11
1759	174.8758455	1.159363716e-10
1760	177.1825432	1.367441715e-10
1761	179.3628836	1.11751719e-10
1762	181.1901454	9.107070653e-11
1763	182.4866685	9.958522895e-11
1764	183.139184	7.476197439e-11
1765	183.1062653	8.499378978e-11
1766	182.4174837	4.900280182e-11
1767	181.1647932	5.866862551e-11
1768	179.4875163	9.419487412e-11
1769	177.5529625	1.462563404e-11
1770	175.5351121	1.116085002e-11
1771	173.5939099	4.387556984e-11
1772	171.8575242	5.94635452e-12
1773	170.4094755	3.385514091e-12
1774	169.2818888	1.288857909e-11
1775	168.4553464	2.332845028e-11
1776	167.8650231	-1.53144164e-12
1777	167.4120584	-6.209255332e-11
1778	166.9785428	-5.359290789e-11
1779	166.4441425	-5.209743748e-11
1780	165.7022738	-7.652678491e-11
1781	164.6738907	-6.959988141e-11
1782	163.3173253	-4.364508754e-11
1783	161.6331694	-8.655165473e-11
1784	159.6638417	-1.180724407e-10
1785	157.4881531	-1.291469154e-10
1786	155.2117883	-1.138853456e-10
1787	152.9550901	-9.772427312e-11
1788	150.8398031	-1.067657074e-10
1789	148.9764905	-9.14075482e-11
1790	147.4541645	-7.815170733e-11
1791	146.3333141	-8.466294332e-11
1792	145.6430057	-1.065467714e-10
1793	145.3821578	-9.645351184e-11
1794	145.5245197	-8.59849969e-11
1795	146.0263898	-8.289968711e-11
1796	146.8357616	-7.847100747e-11
1797	147.9014236	-6.428013677e-11
1798	149.180589	-3.861622133e-11
1799	150.6438759	-8.155565112e-11
1800	152.2768764	-6.328826352e-11
1801	154.078072	-3.626321465e-11
1802	156.0534214	-4.99933428e-11
1803	158.2084692	-3.63580277e-11
1804	160.5392391	-1.008659822e-11
1805	163.0234257	1.61541891e-11
1806	165.6134341	1.999600485e-11
1807	168.232641	-6.914468997e-13
1808	170.7758714	-9.2397201e-12
1809	173.1145476	2.865574444e-11
1810	175.106339	1.248423587e-11
1811	176.6085016	4.123945629e-11
1812	177.4935254	5.818678872e-11
1813	177.6652865	3.884736977e-11
1814	177.0736886	2.87934121e-11
1815	175.72581	4.955702515e-11
1816	173.6918587	2.980482527e-11
1817	171.1047532	6.610845205e-11
1818	168.1528328	8.626255266e-11
1819	165.0659932	9.296075021e-11
1820	162.0963357	1.034099473e-10
1821	159.4951283	7.251554912e-11
1822	157.4884015	7.264056023e-11
1823	156.2537927	6.625189286e-11
1824	155.9012358	5.13225018e-11
1825	156.4597919	7.775469157e-11
1826	157.872327	7.298073257e-11
1827	159.9989418	7.211609088e-11
1828	162.62912	8.310774291e-11
1829	165.5015995	6.050249191e-11
1830	168.3300781	2.573230518e-11
1831	170.8321671	6.838751787e-11
1832	172.7585687	2.443645286e-11
1833	173.9193417	4.782685359e-11
1834	174.2043601	5.142397619e-11
1835	173.5956287	4.706768308e-11
1836	172.1699626	4.006550647e-11
1837	170.0915547	-3.218314504e-12
1838	167.5950571	-2.329603177e-11
1839	164.9608505	-3.348432642e-12
1840	162.4850648	-2.959854584e-12
1841	160.4475325	-4.110534135e-11
1842	159.0811387	-1.369127034e-12
1843	158.5459325	-4.844080692e-11
1844	158.9108986	-5.61874991e-11
1845	160.1454881	-7.802825053e-11
1846	162.1219724	-8.967893095e-11
1847	164.6285103	-7.590816864e-11
1848	167.3916478	-6.987965762e-11
1849	170.1059151	-8.96707153e-11
1850	172.4673865	-9.554357305e-11
1851	174.2075879	-5.704947625e-11
1852	175.1240615	-1.091335911e-10
1853	175.1042117	-1.259783389e-10
1854	174.139752	-1.416489148e-10
1855	172.3300589	-1.187783205e-10
1856	169.873926	-1.125846083e-10
1857	167.050457	-9.965539505e-11
1858	164.1910167	-7.561151705e-11
1859	161.6451343	-1.149498274e-10
1860	159.7439289	-1.369677705e-10
1861	158.7649132	-1.023598983e-10
1862	158.9019106	-7.567457772e-11
1863	160.2432955	-9.003153778e-11
1864	162.7608936	-7.163070137e-11
1865	166.3107598	-3.924505165e-11
1866	170.6457974	-3.996225573e-11
1867	175.4389331	-7.794076495e-11
1868	180.3144583	-6.122879981e-11
1869	184.8842915	-1.177813402e-11
1870	188.7854216	9.088729769e-12
1871	191.7146831	-2.12985185e-11
1872	193.45733	4.009770294e-11
1873	193.9065468	5.187050789e-11
1874	193.0720164	5.096367772e-12
1875	191.076826	2.565414547e-11
1876	188.1432159	3.554179173e-11
1877	184.5688317	6.199307734e-11
1878	180.6960969	9.090239672e-11
1879	176.877989	6.454436985e-11
1880	173.4438054	1.096345237e-10
1881	170.6684194	1.242530523e-10
1882	168.7480746	9.793543754e-11
1883	167.7849941	1.014170969e-10
1884	167.7820882	1.303157582e-10
1885	168.6479379	1.04892095e-10
1886	170.2111408	1.096367441e-10
1887	172.2421378	1.082254286e-10
1888	174.4799112	1.086863932e-10
1889	176.6605188	9.421530223e-11
1890	178.5443469	7.001865754e-11
1891	179.9392285	7.119016487e-11
1892	180.71714	1.008984007e-10
1893	180.822988	5.04503106e-11
1894	180.2749331	8.257261541e-11
1895	179.1566575	8.508393989e-11
1896	177.6028658	4.334932413e-11
1897	175.780004	9.731770945e-12
1898	173.864636	-2.374722641e-11
1899	172.022068	-2.000533073e-11
1900	170.387663	-7.707612326e-12
1901	169.0528688	-2.191358206e-11
1902	168.0573409	-2.416511435e-11
1903	167.3877705	-2.271249855e-11
1904	166.9832162	-9.515410682e-11
1905	166.7459776	-1.012772088e-10
1906	166.5564432	-5.650147017e-11
1907	166.2899358	-1.052291587e-10
1908	165.8334346	-9.439293791e-11
1909	165.1001587	-1.35223388e-10
1910	164.0403458	-8.653344707e-11
1911	162.6470957	-8.800871143e-11
1912	160.956797	-1.436539776e-10
1913	159.0443432	-1.478053235e-10
1914	157.0139727	-1.131046368e-10
1915	154.987073	-1.246061032e-10
1916	153.0886019	-1.10606635e-10
1917	151.4338799	-8.153877573e-11
1918	150.1173698	-1.022124607e-10
1919	149.2047341	-1.144577766e-10
1920	148.7289674	-1.39449341e-10
1921	148.6908316	-1.013034101e-10
1922	149.0632302	-7.185274598e-11
1923	149.7986457	-6.445510792e-11
1924	150.8383713	-6.995160007e-11
1925	152.1220703	-1.277289385e-11
1926	153.5961945	-3.55799834e-11
1927	155.2200049	-4.572919821e-11
1928	156.9683182	-2.979616553e-11
1929	158.8306089	-1.426148089e-11
1930	160.8066558	1.12976295e-12
1931	162.8994608	1.307665087e-11
1932	165.1066076	3.898703582e-11
1933	167.4115127	2.615774264e-11
1934	169.776105	7.076561559e-12
1935	172.1363389	2.36530795e-11
1936	174.4016082	4.464384418e-11
1937	176.4586274	3.088196365e-11
1938	178.1797424	6.537304031e-11
1939	179.4349974	8.935119311e-11
1940	180.106709	8.364642312e-11
1941	180.1048561	9.749978602e-11
1942	179.3813418	7.967848603e-11
1943	177.94118	7.403588853e-11
1944	175.8488922	1.005187045e-10
1945	173.2288755	7.05839831e-11
1946	170.259152	9.401102119e-11
1947	167.1586726	1.017621543e-10
1948	164.1691333	8.046718847e-11
1949	161.5329714	7.480949193e-11
1950	159.4697574	5.73563419e-11
1951	158.1535135	5.169553674e-11
1952	157.6935181	7.620926112e-11
1953	158.120895	7.838085736e-11
1954	159.3827394	6.539035979e-11
1955	161.3447689	8.582956568e-11
1956	163.8025755	4.049782731e-11
1957	166.5006009	3.322675468e-11
1958	169.1570707	2.246514086e-11
1959	171.4923975	7.10409509e-12
1960	173.2581044	1.055777687e-11
1961	174.2631688	2.51509924e-11
1962	174.3948787	-2.058708759e-11
1963	173.6318206	2.566391544e-12
1964	172.0474158	-2.999556159e-11
1965	169.8034207	-5.929212676e-11
1966	167.1338898	-2.582867253e-11
1967	164.3211575	-5.368061551e-11
1968	161.6662935	-4.71573891e-11
1969	159.4571433	-3.746958299e-11
1970	157.9373788	-4.541744758e-11
1971	157.2799394	-6.088640703e-11
1972	157.5678105	-7.021938586e-11
1973	158.7843366	-1.115330051e-10
1974	160.8142518	-8.268141727e-11
1975	163.4554569	-8.051070921e-11
1976	166.4403984	-9.045919569e-11
1977	169.464838	-8.28159763e-11
1978	172.2209677	-1.031406072e-10
1979	174.4313121	-1.314837128e-10
1980	175.8797317	-1.306337261e-10
1981	176.4361127	-1.194639943e-10
1982	176.0719804	-9.732348261e-11
1983	174.8652274	-9.127942846e-11
1984	172.9933135	-9.968514902e-11
1985	170.7155347	-7.301181881e-11
1986	168.3461498	-5.803224568e-11
1987	166.2211524	-1.057740562e-10
1988	164.662188	-9.527889588e-11
1989	163.9414457	-8.193579148e-11
1990	164.2512773	-6.552891563e-11
1991	165.6818152	-3.477484967e-11
1992	168.2090212	-5.524825042e-11
1993	171.694501	1.023359175e-11
1994	175.8971743	-2.384092923e-11
1995	180.4956353	-4.858780045e-11
1996	185.1189101	-4.42312853e-12
1997	189.3824344	3.304023721e-11
1998	192.9255335	1.331379451e-11
1999	195.4465416	3.326050546e-11
2000	196.7319665	6.376277284e-11
2001	196.6767508	5.722711194e-11
2002	195.293634	4.693401223e-11
2003	192.7107787	4.200817472e-11
2004	189.1580527	8.685230313e-11
2005	184.9435339	1.054734078e-10
2006	180.4227996	8.900125081e-11
2007	175.9642614	1.125521898e-10
2008	171.9141605	1.350199952e-10
2009	168.5647888	8.505285365e-11
2010	166.1290855	9.70850067e-11
2011	164.7240102	9.358425146e-11
2012	164.3641082	1.082263168e-10
2013	164.965573	1.240842984e-10
2014	166.3599956	9.822809233e-11
2015	168.3159937	1.160929131e-10
2016	170.5661382	9.980682947e-11
2017	172.8361264	5.312372764e-11
2018	174.8730227	7.457323647e-11
2019	176.4696144	8.591172218e-11
2020	177.4824685	4.416422783e-11
2021	177.8420615	5.739231312e-11
2022	177.5542909	2.19735341e-11
2023	176.6936573	2.451105985e-11
2024	175.389313	-7.722711359e-13
2025	173.8059206	-3.826272632e-11
2026	172.1217514	-1.614264278e-11
2027	170.5066628	-2.04218864e-11
2028	169.1024773	-5.654721136e-11
2029	168.0079023	-3.665157067e-11
2030	167.2695025	-3.042011087e-11
2031	166.8794693	-5.909583933e-11
2032	166.7801038	-9.649570032e-11
2033	166.8741473	-1.512949765e-10
2034	167.0394447	-1.307656206e-10
2035	167.1459775	-1.067408384e-10
2036	167.0731139	-1.343996026e-10
2037	166.724988	-1.3553203e-10
2038	166.0422398	-9.74802461e-11
2039	165.0088644	-1.585798159e-10
2040	163.653565	-1.71035186e-10
2041	162.0457003	-1.160493923e-10
2042	160.2865744	-1.33570488e-10
2043	158.4973543	-1.196513999e-10
2044	156.805258	-1.290061391e-10
2045	155.3297965	-1.035718178e-10
2046	154.1707592	-6.947864506e-11
2047	153.3993316	-1.037099295e-10
2048	153.0532656	-1.115623149e-10
2049	153.1364501	-6.211431369e-11
2050	153.6226362	-6.089928561e-11
2051	154.4625249	-4.603428749e-11
2052	155.5930047	-2.424505041e-11
2053	156.94708	1.834088437e-12
2054	158.4629912	-3.135358639e-11
2055	160.0911934	-4.972822154e-11
2056	161.798211	6.141309683e-12
2057	163.5668704	3.383604508e-11
2058	165.3929691	2.427613666e-11
2059	167.2789831	4.876543613e-11
2060	169.2258822	9.033485071e-11
2061	171.2244441	7.452793938e-11
2062	173.2475806	4.892042327e-11
2063	175.2451106	8.110401239e-11
2064	177.1421144	7.119682621e-11
2065	178.8415443	9.047695926e-11
2066	180.2311822	7.791323142e-11
2067	181.1944119	1.175584075e-10
2068	181.623692	1.202486999e-10
2069	181.4351504	5.998135322e-11
2070	180.5824373	8.665201889e-11
2071	179.0679269	1.087077095e-10
2072	176.949545	7.231637511e-11
2073	174.3419298	8.937828255e-11
2074	171.4112441	9.841372162e-11
2075	168.3636928	8.883382918e-11
2076	165.4285704	1.1310064e-10
2077	162.8373728	5.025491134e-11
2078	160.801075	3.909939039e-11
2079	159.4880183	6.255973517e-11
2080	159.0049209	3.154188022e-11
2081	159.3833041	3.937028481e-11
2082	160.5731299	4.447553437e-11
2083	162.4447114	5.475619957e-11
2084	164.7990813	3.667732784e-11
2085	167.3860593	-5.183409257e-12
2086	169.9283745	-3.549871508e-11
2087	172.1494604	-1.868194488e-11
2088	173.8020515	-4.712941148e-11
2089	174.6945224	-4.493383443e-11
2090	174.7120635	-1.565236829e-11
2091	173.8302671	-5.982769835e-11
2092	172.1194628	-6.99706959e-11
2093	169.73911	-8.378986394e-11
2094	166.9226254	-9.394618417e-11
2095	163.9540787	-8.492140324e-11
2096	161.1391069	-7.276845793e-11
2097	158.7730771	-9.892175967e-11
2098	157.109889	-9.164047299e-11
2099	156.3347934	-8.867839796e-11
2100	156.5442291	-1.306208475e-10
2101	157.7349592	-8.614176039e-11
2102	159.8038082	-1.166879926e-10
2103	162.5581647	-1.080415757e-10
2104	165.7362417	-1.057500754e-10
2105	169.0350075	-8.585043787e-11
2106	172.1428367	-8.309886113e-11
2107	174.7733828	-9.239187193e-11
2108	176.6969956	-1.378568371e-10
2109	177.7662367	-7.62554464e-11
2110	177.9326499	-9.806377932e-11
2111	177.2528668	-9.39692768e-11
2112	175.883268	-5.474998233e-11
2113	174.0636561	-5.38085132e-11
2114	172.0915943	-3.946887261e-11
2115	170.2900887	-8.288836284e-11
2116	168.9720362	-5.971756423e-11
2117	168.4052372	-3.385913772e-11
2118	168.7817368	-2.279065825e-12
2119	170.194822	-1.476596623e-11
2120	172.6262013	1.653521764e-11
2121	175.9448158	-1.625366508e-12
2122	179.9175014	7.068123864e-12
2123	184.2304579	1.039968112e-11
2124	188.5193373	7.127631818e-12
2125	192.4048446	3.250644198e-11
2126	195.5301691	6.925127138e-11
2127	197.5963711	3.475619792e-11
2128	198.3920807	7.791101098e-11
2129	197.8144726	1.091029489e-10
2130	195.8794145	5.358025135e-11
2131	192.7198294	9.471534668e-11
2132	188.5725519	6.780886963e-11
2133	183.7551472	9.160228132e-11
2134	178.6351907	1.092690383e-10
2135	173.5952443	1.087094859e-10
2136	168.9971606	1.101705394e-10
2137	165.1493425	9.431566639e-11
2138	162.2802015	7.768807819e-11
2139	160.5203355	1.102851144e-10
2140	159.894974	1.115303405e-10
2141	160.3271209	7.669509472e-11
2142	161.6506933	1.006625894e-10
2143	163.6319241	8.471534585e-11
2144	165.9964815	8.370193427e-11
2145	168.4592431	6.205169711e-11
2146	170.7534906	3.87903043e-11
2147	172.6564772	1.173106057e-11
2148	174.0088305	3.287947692e-11
2149	174.7260234	5.271338921e-12
2150	174.8010862	2.26405561e-11
2151	174.2987218	-3.613109811e-12
2152	173.3419334	-5.828493244e-11
2153	172.0930478	-7.211031772e-11
2154	170.7315641	-7.425882131e-11
2155	169.4314987	-7.351541598e-11
2156	168.3408351	-6.952571852e-11
2157	167.5653244	-1.143014572e-10
2158	167.1582845	-8.652634165e-11
2159	167.1172729	-8.898304316e-11
2160	167.3876766	-1.261000193e-10
2161	167.8724502	-1.284092832e-10
2162	168.446547	-1.337951971e-10
2163	168.9741033	-1.399413918e-10
2164	169.3261916	-1.445155107e-10
2165	169.3969922	-1.421698315e-10
2166	169.1165125	-1.321396326e-10
2167	168.4584819	-1.470628064e-10
2168	167.4426918	-1.666284888e-10
2169	166.1317519	-1.526947457e-10
2170	164.6229178	-1.098765523e-10
2171	163.0362125	-1.242552727e-10
2172	161.5004684	-1.14738441e-10
2173	160.1390924	-6.131628538e-11
2174	159.0573119	-7.647216194e-11
2175	158.3323843	-9.384848454e-11
2176	158.0078086	-5.799982716e-11
2177	158.09201	-5.345501819e-11
2178	158.5613674	-2.456701509e-11
2179	159.366884	-2.754685369e-11
2180	160.4433473	1.88826732e-12
2181	161.7195383	2.137845456e-11
2182	163.1279622	9.551470725e-12
2183	164.6127019	8.618883385e-12
2184	166.1343096	5.271516557e-11
2185	167.6711163	4.449507429e-11
2186	169.2168857	8.050982103e-11
2187	170.7752905	1.065325606e-10
2188	172.3521822	1.178204201e-10
2189	173.9469729	1.123403592e-10
2190	175.5446248	6.136424702e-11
2191	177.1096963	9.36442035e-11
2192	178.5836505	1.227276059e-10
2193	179.8861988	1.059099475e-10
2194	180.9209021	1.126760907e-10
2195	181.5846354	1.449507181e-10
2196	181.7799382	1.08242304e-10
2197	181.428787	9.667111556e-11
2198	180.4860149	9.918466048e-11
2199	178.9505066	9.538769774e-11
2200	176.8724463	9.903455833e-11
2201	174.3552759	7.724842987e-11
2202	171.5515919	9.68132241e-11
2203	168.652918	1.090967316e-10
2204	165.8740426	5.824762894e-11
2205	163.4333219	4.634781448e-11
2206	161.5309282	3.747846478e-11
2207	160.3273963	1.283417816e-12
2208	159.9249254	1.804068006e-11
2209	160.3537207	1.157296481e-11
2210	161.5651999	-4.918732088e-12
2211	163.4332027	6.20481444e-12
2212	165.7634873	-5.431921579e-11
2213	168.3108764	-6.682121523e-11
2214	170.8025312	-3.534061932e-11
2215	172.9650798	-5.923350699e-11
2216	174.5528147	-7.649170186e-11
2217	175.3739485	-5.985967277e-11
2218	175.3120292	-6.827960419e-11
2219	174.3400542	-7.438405447e-11
2220	172.5255482	-8.947687036e-11
2221	170.025811	-1.348618994e-10
2222	167.0735933	-9.905054554e-11
2223	163.9545132	-1.220525903e-10
2224	160.9784552	-1.131663652e-10
2225	158.4478998	-8.854783573e-11
2226	156.6265274	-1.010205253e-10
2227	155.7114738	-1.291411422e-10
2228	155.8122787	-1.37184486e-10
2229	156.9388912	-1.204112365e-10
2230	159.0001468	-1.073923173e-10
2231	161.8130146	-8.664535756e-11
2232	165.1217406	-9.278267044e-11
2233	168.6249266	-5.905320677e-11
2234	172.0076946	-8.413358898e-11
2235	174.9754967	-1.075628475e-10
2236	177.2859146	-6.329337054e-11
2237	178.7749697	-6.533440455e-11
2238	179.3750295	-5.72493164e-11
2239	179.1222777	-2.900435447e-11
2240	178.1528383	-4.132338915e-11
2241	176.687865	-4.527045405e-12
2242	175.0091143	-2.124167509e-11
2243	173.4275655	-3.025313333e-11
2244	172.2484289	9.061196238e-12
2245	171.7363016	-6.971312416e-12
2246	172.0842441	1.751132572e-11
2247	173.3901551	3.875211263e-11
2248	175.6430605	6.255884699e-11
2249	178.7208822	4.819256105e-11
2250	182.4000348	5.077005483e-11
2251	186.3759317	2.273381483e-11
2252	190.2923224	7.241229838e-11
2253	193.7764335	9.547118651e-11
2254	196.4762713	6.451372769e-11
2255	198.0962096	1.010125317e-10
2256	198.4271734	5.798206359e-11
2257	197.3683034	6.399147878e-11
2258	194.9378912	7.623057741e-11
2259	191.2725073	6.075939751e-11
2260	186.6144831	8.97468766e-11
2261	181.2891194	1.085123102e-10
2262	175.6740426	1.025650676e-10
2263	170.1639181	1.134923266e-10
2264	165.1341573	1.108997338e-10
2265	160.9073013	6.998757129e-11
2266	157.7254119	7.546141489e-11
2267	155.7311065	6.252687257e-11
2268	154.9589132	6.634337524e-11
2269	155.3375028	7.390887902e-11
2270	156.7022064	5.018918614e-11
2271	158.8161641	6.632561167e-11
2272	161.3976016	1.846167663e-11
2273	164.1501634	-1.58824065e-11
2274	166.7930222	1.047517628e-11
2275	169.087624	1.839151054e-11
2276	170.8584144	-1.589128829e-11
2277	172.0056412	-1.975219988e-11
2278	172.5092663	-3.02584624e-11
2279	172.4240285	-3.7444714e-11
2280	171.8666668	-6.058620272e-11
2281	170.9971317	-1.107025582e-10
2282	169.9962009	-8.442846422e-11
2283	169.0422046	-8.710721033e-11
2284	168.2895445	-1.271258654e-10
2285	167.8513642	-9.339018447e-11
2286	167.7881454	-1.120241677e-10
2287	168.1032471	-1.418243301e-10
2288	168.7455528	-1.659703486e-10
2289	169.6185631	-1.613784661e-10
2290	170.5945467	-1.47135637e-10
2291	171.5318313	-1.365618729e-10
2292	172.2930335	-1.523545734e-10
2293	172.7620129	-1.292477236e-10
2294	172.857583	-9.629630426e-11
2295	172.5424869	-1.364206526e-10
2296	171.826779	-1.440270125e-10
2297	170.7654641	-9.956124813e-11
2298	169.4509451	-1.111093439e-10
2299	168.0014379	-9.945821944e-11
2300	166.5469492	-7.453238027e-11
2301	165.2146395	-4.924238795e-11
2302	164.115383	-6.141931408e-11
2303	163.333101	-7.909850552e-11
2304	162.9180192	-4.145839227e-11
2305	162.8844456	-2.885691686e-12
2306	163.2130535	-5.292655203e-12
2307	163.857069	1.844213671e-11
2308	164.7512722	6.78470613e-11
2309	165.8223981	6.042988332e-11
2310	166.9993901	2.852562631e-11
2311	168.2220458	4.619682414e-11
2312	169.4468781	7.962697168e-11
2313	170.6494485	1.006554839e-10
2314	171.8229727	9.164935477e-11
2315	172.973553	1.339328648e-10
2316	174.1129022	1.436877284e-10
2317	175.2498116	9.418421598e-11
2318	176.3818234	9.850875671e-11
2319	177.488577	1.341309286e-10
2320	178.5280926	1.200515243e-10
2321	179.4368651	1.406199601e-10
2322	180.1341139	8.874856405e-11
2323	180.5299362	1.390354498e-10
2324	180.5365211	1.394599991e-10
2325	180.0810819	7.539213698e-11
2326	179.1188184	7.360689835e-11
2327	177.6440875	1.187832055e-10
2328	175.6980609	6.743405834e-11
2329	173.3714807	7.361933285e-11
2330	170.8016593	9.650946708e-11
2331	168.1635421	6.975930944e-11
2332	165.6553876	2.360067697e-11
2333	163.4803281	-1.353317458e-11
2334	161.8256669	5.214495502e-12
2335	160.8421652	-7.19957427e-12
2336	160.6257153	-2.864908311e-11
2337	161.2036674	-2.520295084e-11
2338	162.5276601	-1.166533536e-11
2339	164.4741619	-5.626255017e-11
2340	166.8531053	-8.118128392e-11
2341	169.4240971	-8.473843849e-11
2342	171.9188033	-1.125419757e-10
2343	174.067354	-9.500755738e-11
2344	175.6260682	-1.051487786e-10
2345	176.4035478	-1.25266908e-10
2346	176.2822533	-1.224700341e-10
2347	175.2330762	-1.618030154e-10
2348	173.321104	-1.645030778e-10
2349	170.7016873	-1.192397292e-10
2350	167.6069516	-1.449738107e-10
2351	164.3239441	-1.258868565e-10
2352	161.1665471	-1.192121957e-10
2353	158.4440216	-9.261658107e-11
2354	156.4294713	-8.583356248e-11
2355	155.3315964	-1.319495624e-10
2356	155.272814	-1.273807726e-10
2357	156.2761835	-9.268497081e-11
2358	158.2626627	-8.940226337e-11
2359	161.059119	-7.866773899e-11
2360	164.4163597	-4.669775677e-11
2361	168.0353469	-5.48787682e-11
2362	171.5988461	-6.928058127e-11
2363	174.8051388	-6.239009309e-11
2364	177.4001626	-5.382005952e-11
2365	179.2045775	-1.843591946e-11
2366	180.1327727	-2.499511709e-11
2367	180.2016798	-6.844302902e-12
2368	179.5283464	4.515676721e-11
2369	178.3164422	1.043787279e-11
2370	176.8330772	3.32711636e-12
2371	175.3783761	3.696065676e-11
2372	174.2510662	2.782929442e-11
2373	173.7137928	5.779732248e-11
2374	173.9619392	8.067857493e-11
2375	175.0993739	5.632649902e-11
2376	177.1238286	7.125855461e-11
2377	179.9235881	4.676614651e-11
2378	183.2859667	5.02318187e-11
2379	186.9167854	9.501732734e-11
2380	190.4688835	6.427836041e-11
2381	193.5767238	8.204104063e-11
2382	195.8934952	9.906830911e-11
2383	197.1268438	9.243361632e-11
2384	197.0695025	9.937206613e-11
2385	195.62163	8.996803302e-11
2386	192.8025436	6.599254476e-11
2387	188.7506521	9.69944125e-11
2388	183.7116278	6.199663005e-11
2389	178.0160872	8.059686252e-11
2390	172.049125	9.955147817e-11
2391	166.2148686	6.52953247e-11
2392	160.899694	5.224620736e-11
2393	156.4378289	3.920774816e-11
2394	153.0827566	2.971667357e-11
2395	150.9871689	4.251976549e-11
2396	150.193267	4.151878841e-11
2397	150.6340965	2.535927024e-11
2398	152.1454337	4.134825815e-11
2399	154.4866559	4.859224134e-12
2400	157.3681328	-2.876188177e-11
2401	160.4820751	-2.674482857e-11
2402	163.53351	-5.543299153e-11
2403	166.2681644	-5.844125184e-11
2404	168.4944811	-3.316458219e-11
2405	170.0977321	-9.382006283e-11
2406	171.045123	-5.791811475e-11
2407	171.3818047	-1.000923788e-10
2408	171.2187025	-1.242774772e-10
2409	170.7139287	-9.061551509e-11
2410	170.0501777	-1.391846638e-10
2411	169.4108367	-1.225295421e-10
2412	168.9575715	-1.165165742e-10
2413	168.8118477	-1.2187229e-10
2414	169.0422972	-1.297104646e-10
2415	169.6590793	-1.298090524e-10
2416	170.615536	-1.741700117e-10
2417	171.8165844	-1.292121965e-10
2418	173.1325324	-1.194795374e-10
2419	174.4164315	-1.374793612e-10
2420	175.5227506	-1.283009254e-10
2421	176.3250977	-1.223909862e-10
2422	176.7309291	-1.370192848e-10
2423	176.6916357	-1.207114408e-10
2424	176.2070166	-1.12060583e-10
2425	175.3238677	-8.470202317e-11
2426	174.1291301	-6.08917361e-11
2427	172.7386826	-5.951950044e-11
2428	171.2833377	-1.784172809e-11
2429	169.8938741	-1.521449633e-11
2430	168.6869651	-2.900080176e-11
2431	167.7536688	-1.40758516e-11
2432	167.1517384	-1.193445343e-11
2433	166.9024741	2.038547109e-11
2434	166.9922192	5.416289639e-11
2435	167.3780001	3.901590162e-11
2436	167.9962923	9.873701856e-11
2437	168.7735271	6.650768825e-11
2438	169.6367829	5.800959713e-11
2439	170.5231474	9.394263145e-11
2440	171.3864812	1.199698119e-10
2441	172.2007306	1.029949459e-10
2442	172.9594568	1.296749375e-10
2443	173.6718168	1.688711393e-10
2444	174.3557535	1.393418714e-10
2445	175.0295717	1.078506173e-10
2446	175.7033284	9.725553696e-11
2447	176.3715142	1.253042115e-10
2448	177.008346	1.398561267e-10
2449	177.5666374	1.090469937e-10
2450	177.9807139	1.118767301e-10
2451	178.1732599	1.42212464e-10
2452	178.0653906	1.046895903e-10
2453	177.5887296	6.490541438e-11
2454	176.6978957	9.561418324e-11
2455	175.3816302	5.540279346e-11
2456	173.6708501	6.42046416e-11
2457	171.6421995	1.350297651e-11
2458	169.4161628	3.640643342e-11
2459	167.1494432	1.452260534e-11
2460	165.0220286	-2.085354112e-11
2461	163.2200664	-4.405897869e-11
2462	161.9162765	-1.654676396e-11
2463	161.2500491	-5.467537534e-11
2464	161.3095609	-6.361311478e-11
2465	162.1181466	-5.877431875e-11
2466	163.6268018	-7.683809145e-11
2467	165.7140826	-7.862155371e-11
2468	168.1938832	-1.284039541e-10
2469	170.8306892	-9.893241781e-11
2470	173.3610341	-1.373434699e-10
2471	175.5191176	-1.523314808e-10
2472	177.0639862	-1.348166023e-10
2473	177.8053837	-1.16525456e-10
2474	177.6254101	-1.461453181e-10
2475	176.4934822	-1.579856246e-10
2476	174.4727311	-1.447055809e-10
2477	171.7168556	-1.674971273e-10
2478	168.4574586	-1.305462405e-10
2479	164.9829368	-1.533262406e-10
2480	161.6109442	-1.297113528e-10
2481	158.6572001	-8.901324122e-11
2482	156.4038777	-9.479439456e-11
2483	155.0709244	-1.298037233e-10
2484	154.7934197	-7.737277485e-11
2485	155.607479	-9.408029911e-11
2486	157.4463307	-6.827072241e-11
2487	160.1471178	-3.399858173e-11
2488	163.467822	-4.460698477e-11
2489	167.1126007	7.135625424e-12
2490	170.7628942	-4.297717737e-11
2491	174.111	-3.789679681e-11
2492	176.8925081	8.919087691e-12
2493	178.9140762	2.637889907e-13
2494	180.0734964	2.941824562e-11
2495	180.369816	5.517719615e-11
2496	179.9023397	6.874678604e-11
2497	178.8585419	7.606004715e-11
2498	177.4921299	4.962075195e-11
2499	176.0935821	5.303668615e-11
2500	174.9563279	8.756995129e-11
2501	174.3422341	7.93054511e-11
2502	174.4501731	7.597833473e-11
2503	175.3911378	1.096047697e-10
2504	177.1726899	9.78959136e-11
2505	179.6945354	7.323386342e-11
2506	182.7558334	9.940848145e-11
2507	186.0735842	8.094680481e-11
2508	189.3102466	1.006554839e-10
2509	192.1077395	1.268745109e-10
2510	194.1242822	9.520739752e-11
2511	195.0702182	1.083328982e-10
2512	194.73906	6.841460731e-11
2513	193.030495	6.519851325e-11
2514	189.9629367	8.922018679e-11
2515	185.6743075	4.467892722e-11
2516	180.4109733	5.52695667e-11
2517	174.5059892	5.63353808e-11
2518	168.3489174	3.661426717e-11
2519	162.3503371	6.142020226e-11
2520	156.9046811	1.784616899e-11
2521	152.3551618	-1.937561223e-11
2522	148.9642746	2.010125399e-11
2523	146.8927331	-5.04130071e-12
2524	146.1887569	-2.04920525e-11
2525	146.7885237	-1.056932319e-11
2526	148.5274166	-9.681144775e-13
2527	151.1605852	-1.615063638e-11
2528	154.3904101	-7.086775611e-11
2529	157.897813	-8.518341588e-11
2530	161.3740457	-8.048317568e-11
2531	164.5496591	-7.890221809e-11
2532	167.217769	-1.027125052e-10
2533	169.2494482	-7.44897477e-11
2534	170.6000059	-1.147526518e-10
2535	171.3059411	-1.351168066e-10
2536	171.473379	-1.363993363e-10
2537	171.2596925	-1.415969564e-10
2538	170.8506815	-1.41545442e-10
2539	170.436073	-1.181099663e-10
2540	170.1861644	-1.474074196e-10
2541	170.2321798	-1.140243455e-10
2542	170.6523734	-1.020801221e-10
2543	171.4651713	-1.438067443e-10
2544	172.6297824	-1.115072479e-10
2545	174.0538345	-1.492637125e-10
2546	175.6067985	-1.14917853e-10
2547	177.1373549	-9.680611868e-11
2548	178.4924744	-1.087965273e-10
2549	179.5358891	-6.211742232e-11
2550	180.1638021	-8.275868879e-11
2551	180.3161072	-1.135749272e-10
2552	179.982001	-4.334133052e-11
2553	179.1995834	-3.124966952e-11
2554	178.049783	-3.884714772e-11
2555	176.6456081	6.146194664e-13
2556	175.118243	3.517186542e-12
2557	173.6018191	1.914557402e-11
2558	172.2187699	-1.948663453e-12
2559	171.06751	5.790923296e-12
2560	170.2138101	4.535039011e-11
2561	169.6867071	6.961720089e-11
2562	169.4791742	6.321343449e-11
2563	169.5531548	1.205204825e-10
2564	169.8480202	1.209805589e-10
2565	170.2911022	8.665423934e-11
2566	170.8087429	9.714185012e-11
2567	171.3362999	9.355893837e-11
2568	171.8257563	1.198685595e-10
2569	172.2499698	1.355680013e-10
2570	172.603108	1.051603249e-10
2571	172.8973776	1.479829592e-10
2572	173.1566998	1.657944892e-10
2573	173.4084295	1.024176299e-10
2574	173.6745051	1.017763651e-10
2575	173.9635133	1.259969906e-10
2576	174.2650347	9.499778741e-11
2577	174.5473279	9.176659432e-11
2578	174.7589369	9.627676434e-11
2579	174.834244	1.016502438e-10
2580	174.7024011	5.666578318e-11
2581	174.2985419	1.918820658e-11
2582	173.5757756	4.915534646e-11
2583	172.5162511	4.027000955e-11
2584	171.139589	3.108624469e-12
2585	169.5072182	1.982414233e-12
2586	167.7216043	1.221245327e-11
2587	165.9199604	-1.444888653e-11
2588	164.2627284	-5.482192478e-11
2589	162.9178124	-7.771383537e-11
2590	162.0421604	-8.618705749e-11
2591	161.7627335	-8.172307275e-11
2592	162.1591211	-9.252154598e-11
2593	163.2500094	-8.497913484e-11
2594	164.9853936	-1.223092738e-10
2595	167.2458558	-1.653326365e-10
2596	169.8494834	-1.655084958e-10
2597	172.5661422	-1.41012535e-10
2598	175.1379578	-1.722231247e-10
2599	177.3040861	-1.690843021e-10
2600	178.8272724	-1.827125118e-10
2601	179.5193789	-1.488267287e-10
2602	179.263048	-1.270858974e-10
2603	178.0269811	-1.753068801e-10
2604	175.872917	-1.564650631e-10
2605	172.9532388	-1.267750349e-10
2606	169.499127	-1.379856229e-10
2607	165.8002097	-1.118376503e-10
2608	162.1776139	-1.528217553e-10
2609	158.9530968	-1.362590041e-10
2610	156.4174276	-7.194955742e-11
2611	154.8013505	-5.819877913e-11
2612	154.2522535	-5.146816306e-11
2613	154.8191147	-6.450306955e-11
2614	156.4474504	-2.652100761e-11
2615	158.9849387	-7.663203405e-12
2616	162.1972479	2.355271533e-11
2617	165.7924874	3.414335481e-11
2618	169.4517449	4.185984892e-11
2619	172.8624827	6.384581752e-11
2620	175.7512193	7.214850939e-11
2621	177.9119619	3.118927339e-11
2622	179.227284	5.531397562e-11
2623	179.6797135	6.5242034e-11
2624	179.3521327	2.376943087e-11
2625	178.4170785	7.714540118e-11
2626	177.116044	9.76569936e-11
2627	175.7309828	1.101057023e-10
2628	174.5510879	1.320579202e-10
2629	173.8384582	8.757439218e-11
2630	173.7964188	1.185487264e-10
2631	174.5439987	1.265867411e-10
2632	176.0994333	1.18442145e-10
2633	178.3745956	1.702193941e-10
2634	181.1810947	2.067235272e-10
2635	184.2475196	8.616751757e-11
2636	187.2461038	4.449773883e-11
2637	189.8260602	7.95150612e-11
2638	191.6501043	5.129585645e-11
2639	192.4303271	7.194955742e-11
2640	191.9596309	-1.064037747e-12
2641	190.1354008	2.184918912e-12
2642	186.9728985	9.448442029e-12
2643	182.6069477	2.079403316e-11
2644	177.2817074	3.266009685e-11
2645	171.3295791	2.653166575e-11
2646	165.1414207	-1.440803032e-11
2647	159.1311293	-2.621902695e-11
2648	153.6982149	2.099653784e-12
2649	149.1921549	2.581401759e-11
2650	145.8820879	-2.550848421e-12
2651	143.9347968	-2.351896455e-11
2652	143.4030252	-6.003730846e-11
2653	144.2250611	-1.183337872e-10
2654	146.2353333	-1.369038216e-10
2655	149.1846311	-8.199663171e-11
2656	152.7675934	-9.184120131e-11
2657	156.6544204	-1.405826566e-10
2658	160.5234142	-1.400621841e-10
2659	164.090975	-1.231690305e-10
2660	167.1360639	-1.108162451e-10
2661	169.5168356	-9.597300732e-11
2662	171.1780642	-1.346514011e-10
2663	172.1490246	-1.330100474e-10
2664	172.5325321	-7.758949039e-11
2665	172.4867725	-6.671463382e-11
2666	172.2022706	-8.756728676e-11
2667	171.8767782	-8.838263454e-11
2668	171.6909684	-1.940456684e-10
2669	171.7876078	-1.991402598e-10
2670	172.2563676	-1.249862436e-10
2671	173.1257046	-8.915534977e-11
2672	174.362377	-8.206413327e-11
2673	175.8782669	-1.357296497e-10
2674	177.5433594	-1.004227812e-10
2675	179.2030707	-7.846523431e-11
2676	180.6976983	-6.635225702e-11
2677	181.8816189	1.988809117e-11
2678	182.6399967	1.169553343e-11
2679	182.9011574	-1.471001099e-11
2680	182.643378	-2.360067697e-11
2681	181.8955594	3.193001419e-11
2682	180.7320007	1.394262483e-11
2683	179.2621886	-1.474731448e-11
2684	177.6170713	-5.255174074e-11
2685	175.9336416	1.316280418e-11
2686	174.3397727	2.382449793e-11
2687	172.9411243	5.878497689e-11
2688	171.8115941	1.054907273e-10
2689	170.9882757	1.252153936e-10
2690	170.4712673	7.277911607e-11
2691	170.228047	9.453415828e-11
2692	170.201553	1.393267723e-10
2693	170.3206686	1.656061954e-10
2694	170.5115563	1.903437408e-10
2695	170.7082393	1.219699897e-10
2696	170.8610057	1.225881618e-10
2697	170.9415609	1.003250816e-10
2698	170.9443557	6.800249253e-11
2699	170.8840724	1.029931695e-10
2700	170.7898145	1.358113622e-10
2701	170.6970107	4.525091413e-11
2702	170.6383794	6.749090176e-11
2703	170.6354318	8.408740371e-11
2704	170.6919265	9.339906626e-11
2705	170.7904131	7.868194984e-11
2706	170.8925664	1.967848107e-11
2707	170.9434662	3.949196525e-11
2708	170.8793928	5.328715247e-11
2709	170.638166	5.239009226e-11
2710	170.1706291	4.050093594e-11
2711	169.4516264	2.797762022e-11
2712	168.4887909	-6.31636965e-11
2713	167.3276489	-8.853895395e-11
2714	166.051954	-9.855938288e-11
2715	164.7787345	-8.40998382e-11
2716	163.6482063	-6.395950436e-11
2717	162.8093947	-1.577227238e-10
2718	162.4029244	-1.508961844e-10
2719	162.5429052	-1.355573431e-10
2720	163.3000908	-1.338520406e-10
2721	164.6884848	-1.568114527e-10
2722	166.6572886	-1.220374912e-10
2723	169.0895697	-1.728945875e-10
2724	171.8083125	-1.433857477e-10
2725	174.5896818	-1.225100021e-10
2726	177.1824808	-1.508464464e-10
2727	179.3320076	-1.889333134e-10
2728	180.8059177	-2.464357607e-10
2729	181.4193461	-2.157651835e-10
2730	181.0564981	-1.964401974e-10
2731	179.6861781	-1.040270092e-10
2732	177.369298	-1.253024351e-10
2733	174.2572085	-1.090789681e-10
2734	170.580665	-1.440572106e-10
2735	166.6302585	-7.901057586e-11
2736	162.7301006	-7.80868703e-11
2737	159.2073407	-6.454925483e-11
2738	156.3606189	1.652722403e-11
2739	154.4307539	-8.016698416e-12
2740	153.5768045	-2.141220534e-11
2741	153.8601312	3.310596242e-11
2742	155.2382725	-5.97104588e-11
2743	157.5694297	2.028954782e-11
2744	160.6272148	3.264588599e-11
2745	164.1242109	1.929656435e-11
2746	167.7419153	4.553690758e-11
2747	171.1639169	7.754863418e-11
2748	174.108774	1.189928156e-10
2749	176.3590495	1.306261765e-10
2750	177.7833465	8.099831916e-11
2751	178.3489167	8.936673623e-11
2752	178.1234218	9.688605473e-11
2753	177.2655967	1.68322245e-10
2754	176.0057777	1.770210645e-10
2755	174.6183696	1.828155405e-10
2756	173.3892282	1.559818941e-10
2757	172.5815132	3.886668765e-11
2758	172.4037643	1.035171948e-10
2759	172.9837393	9.845102511e-11
2760	174.3509573	1.286597495e-10
2761	176.4299607	7.054445916e-11
2762	179.045165	6.268585651e-11
2763	181.9369113	8.993694678e-11
2764	184.7871237	6.910205741e-11
2765	187.2519221	1.022506524e-10
2766	188.9977781	8.016698416e-11
2767	189.7373997	-8.590461675e-12
2768	189.2615361	2.650146769e-11
2769	187.4633179	6.191314128e-11
2770	184.3525209	4.025757505e-11
2771	180.0582071	1.718092335e-11
2772	174.8194147	-1.121840398e-10
2773	168.9648254	-9.682388225e-11
2774	162.8834852	-1.066826627e-10
2775	156.9895796	-5.842792916e-11
2776	151.6848603	-4.87752061e-11
2777	147.3225355	-7.793232726e-11
2778	144.1762419	-9.743317264e-11
2779	142.4171429	-8.608047608e-11
2780	142.101313	-9.676170976e-11
2781	143.1684637	-1.184083942e-10
2782	145.4518759	-8.759926118e-11
2783	148.6982399	-1.238760206e-10
2784	152.5951136	-9.477929552e-11
2785	156.8029712	-1.27009514e-10
2786	160.988425	-8.920686412e-11
2787	164.8551813	-1.725659615e-10
2788	168.1696414	-1.096669422e-10
2789	170.7787268	-1.80358839e-10
2790	172.6184185	-1.606146327e-10
2791	173.7125455	-1.422879592e-10
2792	174.1624186	-1.389750537e-10
2793	174.1288687	-9.467271411e-11
2794	173.8090064	-1.330793253e-10
2795	173.4104984	-1.105036063e-10
2796	173.1263076	-1.129336624e-10
2797	173.1126661	-1.02069464e-10
2798	173.472568	-1.128697136e-11
2799	174.246351	2.662758902e-11
2800	175.4100709	-7.906919564e-11
2801	176.8814579	-3.201705567e-11
2802	178.5323946	-5.165645689e-11
2803	180.2061584	-6.090949967e-11
2804	181.7372009	-4.63469263e-11
2805	182.9710494	-4.261124786e-11
2806	183.7820094	-2.034639124e-11
2807	184.086709	-1.115552095e-12
2808	183.8521038	4.139621979e-11
2809	183.0972768	6.262190766e-11
2810	181.8891303	1.048228171e-10
2811	180.3327906	5.499600775e-11
2812	178.5581368	7.027978199e-11
2813	176.7042661	1.514610659e-10
2814	174.9038674	1.165538777e-10
2815	173.2693927	1.568416508e-10
2816	171.8826017	8.327027956e-11
2817	170.788558	7.009681724e-11
2818	169.9945478	8.505729454e-11
2819	169.473746	7.368505806e-11
2820	169.1728572	1.045510345e-10
2821	169.0224826	1.262741023e-10
2822	168.9486696	7.027267657e-11
2823	168.8840098	9.419309777e-11
2824	168.776789	1.168611874e-10
2825	168.5970165	1.231867941e-10
2826	168.3386386	1.157829388e-10
2827	168.0177986	1.388666959e-10
2828	167.6675743	8.796163797e-11
2829	167.3301207	1.108286796e-10
2830	167.047508	1.150528561e-10
2831	166.8527313	9.194423001e-11
2832	166.7623356	4.189004699e-11
2833	166.7718737	2.211564265e-12
2834	166.8550096	-2.903810525e-11
2835	166.96655	-5.57633939e-11
2836	167.0491136	1.090860735e-11
2837	167.0425902	-2.058442305e-11
2838	166.8950958	-1.751487844e-12
2839	166.5738369	-7.814549008e-11
2840	166.0742243	-7.706191241e-11
2841	165.4257176	-7.605649444e-11
2842	164.6932457	-7.048761574e-11
2843	163.97358	-1.088551471e-11
2844	163.3866826	-9.456257999e-11
2845	163.0627311	-1.283737561e-10
2846	163.1261412	-1.278817052e-10
2847	163.6784001	-1.838476038e-10
2848	164.7818026	-1.238973368e-10
2849	166.4462206	-1.702495922e-10
2850	168.6208065	-2.245812425e-10
2851	171.1920547	-1.984634679e-10
2852	173.9889708	-1.928359694e-10
2853	176.7952929	-1.439985908e-10
2854	179.3678747	-1.261319937e-10
2855	181.4595616	-1.82145854e-10
2856	182.8442801	-1.542996841e-10
2857	183.3416756	-1.70437886e-10
2858	182.8385529	-9.564971037e-11
2859	181.3045912	-8.055422995e-11
2860	178.8003339	-3.965539008e-11
2861	175.4762192	-7.055689366e-11
2862	171.562359	-1.144613293e-10
2863	167.3497772	-6.261302588e-11
2864	163.1647781	-6.629186089e-11
2865	159.338921	-1.666222715e-11
2866	156.1776277	-4.758859973e-11
2867	153.9306875	-2.08046913e-11
2868	152.7678007	1.861977239e-11
2869	152.7618357	5.705658168e-11
2870	153.8817012	5.686118243e-11
2871	155.9957352	9.565326309e-11
2872	158.8853981	7.707257055e-11
2873	162.2679405	1.131876814e-10
2874	165.8257309	1.61193725e-10
2875	169.2391767	1.819948636e-10
2876	172.2197466	1.776818692e-10
2877	174.5395519	8.491518599e-11
2878	176.0542838	7.487344078e-11
2879	176.7169908	1.007940398e-10
2880	176.5811598	1.512248105e-10
2881	175.7927134	1.63812075e-10
2882	174.5717466	1.756550461e-10
2883	173.1859505	1.050111109e-10
2884	171.9186005	1.330224819e-10
2885	171.0346004	1.379873993e-10
2886	170.7483189	1.413056339e-10
2887	171.1967877	1.302460362e-10
2888	172.4212747	1.136974959e-10
2889	174.3593566	1.096687186e-10
2890	176.8484872	6.99706959e-11
2891	179.6408169	1.131397198e-10
2892	182.4277924	3.35962369e-11
2893	184.8719987	1.369571123e-11
2894	186.6429012	-5.417177817e-11
2895	187.4527056	-3.465494558e-11
2896	187.0885151	-2.936317856e-11
2897	185.4373407	-3.100630863e-11
2898	182.5012622	-2.686384448e-11
2899	178.4010775	-9.494627307e-11
2900	173.3679856	-8.779821314e-11
2901	167.7241087	-7.304556959e-11
2902	161.8538309	-9.781686572e-11
2903	156.1688795	-5.756639609e-11
2904	151.0707203	-5.618794319e-11
2905	146.9140867	-1.046718268e-10
2906	143.9753159	-7.610267971e-11
2907	142.4286261	-1.577848963e-10
2908	142.3326037	-1.621671686e-10
2909	143.6280806	-1.682796125e-10
2910	146.147382	-1.585718223e-10
2911	149.6337453	-1.766018443e-10
2912	153.7686864	-1.637943114e-10
2913	158.204313	-1.339248712e-10
2914	162.597151	-1.40913059e-10
2915	166.6399873	-1.135926908e-10
2916	170.0885427	-1.44815715e-10
2917	172.7804367	-1.086224444e-10
2918	174.6448021	-7.56834595e-11
2919	175.7019574	-7.198153185e-11
2920	176.0536247	-2.154365575e-11
2921	175.8651755	-1.06604503e-10
2922	175.3421855	-1.126458926e-10
2923	174.704104	-1.236166725e-10
2924	174.1580393	-1.131681415e-10
2925	173.8755239	-1.778666103e-11
2926	173.9746687	1.894129298e-11
2927	174.5094152	-5.391775915e-11
2928	175.4667261	-2.073718974e-11
2929	176.7716283	9.80726611e-12
2930	178.2991407	3.594990972e-11
2931	179.8913819	7.573319749e-11
2932	181.3776423	-2.201261395e-11
2933	182.5949648	2.870592652e-11
2934	183.4068344	9.481482266e-11
2935	183.7179069	1.460342958e-10
2936	183.4832625	1.227000723e-10
2937	182.7113845	1.006839057e-10
2938	181.460834	1.746158773e-11
2939	179.8313431	2.146904876e-11
2940	177.9506744	7.875122776e-11
2941	175.9590357	1.262847604e-10
2942	173.99305	1.370885627e-10
2943	172.1712303	7.592149132e-11
2944	170.5826339	9.301359682e-11
2945	169.2798929	1.217888013e-10
2946	168.2772149	1.192912435e-10
2947	167.5532941	1.384741211e-10
2948	167.0584537	1.81668014e-10
2949	166.7248303	1.043787279e-10
2950	166.4780725	1.211457601e-10
2951	166.2488989	1.130953109e-10
2952	165.9829525	6.512479445e-11
2953	165.647682	6.230393979e-11
2954	165.2354403	-2.199129767e-11
2955	164.7625389	2.104982855e-11
2956	164.2645753	1.717026521e-11
2957	163.7888704	2.836486601e-11
2958	163.385251	2.884625872e-11
2959	163.0966364	2.690647705e-11
2960	162.9509047	-2.712319258e-11
2961	162.9553266	-2.866684667e-11
2962	163.0944837	-3.90247834e-11
2963	163.3320827	4.577671575e-12
2964	163.616509	-1.564970376e-11
2965	163.8894004	-9.347900232e-11
2966	164.096051	-5.410960568e-11
2967	164.196132	-1.050839415e-10
2968	164.1730932	-1.674429484e-10
2969	164.0407117	-1.445830122e-10
2970	163.8455668	-1.350386469e-10
2971	163.6647162	-2.072368943e-10
2972	163.598469	-1.357527424e-10
2973	163.7588131	-1.4232171e-10
2974	164.2546828	-1.236610814e-10
2975	165.1757568	-1.295319407e-10
2976	166.5767924	-1.753335255e-10
2977	168.4645768	-1.420019657e-10
2978	170.7893959	-1.343423151e-10
2979	173.442487	-7.365485999e-11
2980	176.2603075	-7.261391488e-11
2981	179.0356793	-9.62661062e-11
2982	181.535044	-1.83360882e-10
2983	183.520295	-1.828901475e-10
2984	184.773017	-1.334523603e-10
2985	185.1185643	-1.357740587e-10
2986	184.4472763	-6.770406458e-11
2987	182.7303185	-1.304698571e-10
2988	180.0281094	-8.941114515e-11
2989	176.4900299	-5.227995814e-11
2990	172.3450207	-2.354205719e-11
2991	167.8836596	7.535305713e-12
2992	163.4332705	3.804601079e-11
2993	159.3284319	1.986144582e-11
2994	155.8798323	7.038458705e-11
2995	153.3446891	5.367439826e-11
2996	151.9018734	1.003872541e-10
2997	151.6344519	5.291767025e-11
2998	152.521627	4.394351549e-11
2999	154.4410844	8.616929392e-11
3000	157.1816584	5.433165029e-11
3001	160.4651137	1.378133163e-10
3002	163.9748385	1.503295266e-10
3003	167.3884718	1.504059099e-10
3004	170.4110198	1.187778764e-10
3005	172.8049259	1.467341804e-10
3006	174.4138485	1.347686407e-10
3007	175.1775537	1.532498572e-10
3008	175.1362695	1.81294979e-10
3009	174.4239832	1.445314979e-10
3010	173.251365	1.453255294e-10
3011	171.8801395	1.76456183e-10
3012	170.591678	5.767120115e-11
3013	169.653239	1.047819609e-10
3014	169.2855706	1.292050911e-10
3015	169.6354689	-1.291411422e-11
3016	170.7563758	3.801226001e-11
3017	172.5992446	7.957368098e-11
3018	175.0147998	3.937294935e-11
3019	177.7670851	4.486722105e-11
3020	180.5569624	-1.481481604e-11
3021	183.0531344	-5.048228502e-11
3022	184.9274305	-4.243005947e-11
3023	185.8906082	9.647393995e-12
3024	185.7248433	-4.206412996e-11
3025	184.3094111	2.614797268e-12
3026	181.6367708	-1.18616228e-10
3027	177.8172706	-1.928093241e-10
3028	173.0718946	-1.253575022e-10
3029	167.7137323	-1.425135565e-10
3030	162.1200371	-1.343778422e-10
3031	156.6977265	-1.532693972e-10
3032	151.8458531	-1.626201396e-10
3033	147.9188715	-1.54463109e-10
3034	145.1944213	-1.507167724e-10
3035	143.8488403	-1.546389683e-10
3036	143.9427872	-1.667732619e-10
3037	145.4182732	-1.388276161e-10
3038	148.1072011	-1.631139668e-10
3039	151.7503163	-1.435296326e-10
3040	156.0244143	-1.03433706e-10
3041	160.5748428	-9.311484916e-11
3042	165.0498513	-2.002380484e-10
3043	169.1332406	-1.364313107e-10
3044	172.5720394	-1.33102418e-10
3045	175.1965527	-1.28418165e-10
3046	176.9310112	-4.880718052e-11
3047	177.794104	-8.442491151e-11
3048	177.8897721	-1.044071496e-10
3049	177.3896643	-7.221956366e-11
3050	176.5094968	-3.491962275e-11
3051	175.4821262	-3.67368358e-11
3052	174.530388	2.068745175e-11
3053	173.8426536	8.411049635e-12
3054	173.553636	4.134292908e-11
3055	173.7322893	6.100897565e-11
3056	174.3777839	7.424816317e-11
3057	175.4235948	3.046096708e-11
3058	176.748834	8.285638842e-11
3059	178.195182	1.024957896e-11
3060	179.5872152	4.666134146e-11
3061	180.7536423	1.19422694e-10
3062	181.5469731	1.152695717e-10
3063	181.8594419	1.495088497e-10
3064	181.6335402	7.549516567e-11
3065	180.8662202	9.301004411e-11
3066	179.6066147	1.027142815e-10
3067	177.9478871	1.241602376e-10
3068	176.0144925	1.755804391e-10
3069	173.9466098	1.770779079e-10
3070	171.8837611	1.037729902e-10
3071	169.9496289	1.546265338e-10
3072	168.2398381	6.902567407e-11
3073	166.8140156	6.80984158e-11
3074	165.6928471	7.146816472e-11
3075	164.8601901	2.927613707e-11
3076	164.2696603	5.180744722e-11
3077	163.8545697	5.978506579e-11
3078	163.5397123	6.685851872e-11
3079	163.2533278	6.721379009e-11
3080	162.937619	4.906830497e-11
3081	162.5564661	8.615330671e-13
3082	162.0994111	1.386268877e-11
3083	161.5815311	4.359002048e-11
3084	161.039401	4.173017487e-11
3085	160.5238885	1.983302411e-11
3086	160.0909533	-2.622435602e-11
3087	159.7918898	-9.70850067e-11
3088	159.6645091	-1.18900445e-10
3089	159.7266151	-9.3656638e-11
3090	159.9727891	-8.427747389e-11
3091	160.3750191	-4.372324724e-11
3092	160.8871506	-1.262367988e-10
3093	161.4525687	-1.254392146e-10
3094	162.0140271	-1.248974257e-10
3095	162.524188	-9.543832391e-11
3096	162.9552686	-9.399059309e-11
3097	163.3062479	-1.551292428e-10
3098	163.606353	-1.243343206e-10
3099	163.9140052	-1.10134124e-10
3100	164.3109925	-1.437427954e-10
3101	164.8922889	-1.109121683e-10
3102	165.7525646	-1.385949133e-10
3103	166.9709562	-1.674926864e-10
3104	168.5960095	-1.879261191e-10
3105	170.6328231	-2.026041557e-10
3106	173.0342861	-1.303632757e-10
3107	175.6979156	-8.813572094e-11
3108	178.4692057	-1.585060971e-10
3109	181.1516585	-1.373443581e-10
3110	183.5228624	-1.320650256e-10
3111	185.3552151	-5.531752834e-11
3112	186.4392453	-5.067946063e-11
3113	186.6070552	1.638511549e-11
3114	185.7532461	-7.482370279e-11
3115	183.8508264	-6.757261417e-12
3116	180.9600377	4.864020298e-11
3117	177.228728	-3.005240501e-11
3118	172.8837778	3.95683486e-11
3119	168.2140534	-2.322408932e-11
3120	163.5463199	-9.87476767e-12
3121	159.2163661	5.617017962e-11
3122	155.538206	6.950529041e-11
3123	152.7745183	1.074162981e-10
3124	151.1114559	1.165432195e-10
3125	150.6405689	1.070148414e-10
3126	151.3498925	1.419913076e-10
3127	153.1253118	1.389679483e-10
3128	155.7622341	1.844320252e-10
3129	158.9864907	1.993161192e-10
3130	162.4823825	1.737188171e-10
3131	165.9249753	1.32754252e-10
3132	169.0132602	1.068229949e-10
3133	171.5006505	1.253326332e-10
3134	173.2195392	1.299031993e-10
3135	174.0972463	1.5159074e-10
3136	174.1615971	7.858602658e-11
3137	173.5354801	1.012487871e-10
3138	172.4209327	8.56186233e-11
3139	171.0744479	1.087823165e-10
3140	169.7761684	1.062439026e-10
3141	168.7963273	5.815081749e-11
3142	168.3626227	2.956745959e-11
3143	168.6321397	4.818900834e-11
3144	169.67097	1.956479423e-11
3145	171.4438578	6.980904743e-11
3146	173.8151276	4.128608566e-11
3147	176.560928	-7.720579731e-11
3148	179.3915884	-9.014478053e-11
3149	181.9817799	-7.739231478e-11
3150	184.0053018	-7.910294642e-11
3151	185.1707911	-1.048299225e-10
3152	185.2545259	-1.603162048e-10
3153	184.1267763	-1.857465293e-10
3154	181.7688308	-1.349373946e-10
3155	178.2788017	-1.469988575e-10
3156	173.8655013	-1.112798742e-10
3157	168.8309413	-1.574065323e-10
3158	163.5432095	-1.218776191e-10
3159	158.4024919	-1.565698682e-10
3160	153.8037211	-1.625988233e-10
3161	150.0996742	-1.152695717e-10
3162	147.5682778	-1.961808493e-10
3163	146.3874106	-2.242934727e-10
3164	146.6196883	-1.867874744e-10
3165	148.208648	-1.46155088e-10
3166	150.9865513	-1.744773215e-10
3167	154.6928142	-1.400479732e-10
3168	159.0009886	-1.273026129e-10
3169	163.5513702	-1.463718036e-10
3170	167.9857871	-1.213216194e-10
3171	171.9809762	-9.817213709e-11
3172	175.2771908	-7.726086437e-11
3173	177.6992759	2.611955097e-11
3174	179.1683134	-6.689049314e-11
3175	179.7029941	-3.918465552e-11
3176	179.4109815	1.294075958e-11
3177	178.4715867	-4.494182804e-12
3178	177.1119494	-8.450129485e-12
3179	175.5795352	4.175504387e-11
3180	174.1140444	1.486810675e-12
3181	172.9217716	1.160493923e-11
3182	172.1550633	7.285905212e-11
3183	171.8988538	8.785328021e-11
3184	172.1654011	1.242828063e-10
3185	172.8973888	5.291767025e-11
3186	173.9786252	9.90194593e-11
3187	175.25076	1.001438932e-10
3188	176.5338334	1.345199507e-10
3189	177.6481439	1.707149977e-10
3190	178.434888	2.013287315e-10
3191	178.7732849	1.261923899e-10
3192	178.5924135	7.303668781e-11
3193	177.8766834	8.510525618e-11
3194	176.6646543	1.055475707e-10
3195	175.0417078	1.307469688e-10
3196	173.1277758	1.03707265e-10
3197	171.0618518	7.259437496e-11
3198	168.9853118	9.6603614e-11
3199	167.0261095	9.403500201e-11
3200	165.2857013	9.565148673e-11
3201	163.8301308	1.112745451e-10
3202	162.6861151	3.49711371e-11
3203	161.8423159	2.850342185e-11
3204	161.2553145	7.129941082e-11
3205	160.8592391	4.725997371e-11
3206	160.5775778	6.854072865e-11
3207	160.3354922	-4.592948244e-11
3208	160.0709602	-5.513989265e-11
3209	159.7433027	-7.960210269e-11
3210	159.3380574	-6.299138988e-11
3211	158.8676972	-4.82440754e-11
3212	158.368276	-4.261657693e-11
3213	157.8926459	-1.248512405e-10
3214	157.5013513	-1.208242395e-10
3215	157.2526078	-8.400391494e-11
3216	157.1928809	-1.044586639e-10
3217	157.3494728	-9.036504878e-11
3218	157.7262285	-1.266133864e-10
3219	158.3030158	-1.215898493e-10
3220	159.0390877	-7.64242003e-11
3221	159.8798644	-6.400036057e-11
3222	160.7661633	-1.493063451e-10
3223	161.6445167	-1.839257635e-10
3224	162.4770137	-1.971294239e-10
3225	163.249111	-1.87089455e-10
3226	163.9740801	-1.641957681e-10
3227	164.693178	-1.13503873e-10
3228	165.4711856	-1.475086719e-10
3229	166.3875951	-1.675459771e-10
3230	167.5243528	-1.295017427e-10
3231	168.9515991	-1.02701847e-10
3232	170.7132231	-7.9424467e-11
3233	172.8142038	-8.9071861e-11
3234	175.2116169	-3.348787914e-11
3235	177.81085	-5.803002523e-11
3236	180.4680119	-9.341150076e-11
3237	182.9988173	-9.610268137e-11
3238	185.1934412	-1.196411858e-10
3239	186.8360755	-2.685318634e-11
3240	187.7272663	-1.003108707e-10
3241	187.7066549	-1.050786125e-10
3242	186.6735494	3.002043059e-12
3243	184.6028497	6.910028105e-12
3244	181.5542396	4.446398805e-11
3245	177.6732136	7.716849382e-11
3246	173.183346	1.388755777e-11
3247	168.370164	8.090950132e-11
3248	163.5579297	7.9449336e-11
3249	159.0814714	1.194191412e-10
3250	155.2558326	1.778062142e-10
3251	152.3468436	1.020055151e-10
3252	150.545724	1.258957383e-10
3253	149.9504885	8.573941557e-11
3254	150.5562667	1.070663558e-10
3255	152.2557471	1.272937311e-10
3256	154.8498932	1.296971419e-10
3257	158.0679778	1.204725208e-10
3258	161.5949631	1.237427938e-10
3259	165.1034307	1.364188762e-10
3260	168.2867306	1.366444735e-10
3261	170.8898434	1.630020563e-10
3262	172.7346501	8.43840553e-11
3263	173.7368717	8.552270003e-11
3264	173.912815	1.115498804e-10
3265	173.3751498	1.216751144e-10
3266	172.3181271	1.230393565e-10
3267	170.9938045	3.617728339e-11
3268	169.6818394	-3.412914396e-11
3269	168.6561332	-2.12452278e-11
3270	168.151985	-5.421263438e-11
3271	168.3373846	-3.296918294e-12
3272	169.2916526	-1.431743613e-11
3273	170.9938596	-8.686740216e-11
3274	173.3224034	-6.89297508e-11
3275	176.0659193	-9.104894616e-11
3276	178.9444586	-7.479705744e-11
3277	181.6387457	-6.903988492e-11
3278	183.8244256	-5.426414873e-11
3279	185.2076477	-1.831246266e-10
3280	185.5581591	-1.457038934e-10
3281	184.7363213	-1.331752486e-10
3282	182.7110929	-1.816307105e-10
3283	179.5669722	-1.841318209e-10
3284	175.4990605	-2.369233698e-10
3285	170.7966672	-2.295585944e-10
3286	165.8170944	-2.094182605e-10
3287	160.9522754	-1.812825445e-10
3288	156.5916958	-1.806021999e-10
3289	153.0854079	-1.501518909e-10
3290	150.7109265	-1.705391384e-10
3291	149.6473699	-1.616538015e-10
3292	149.9594278	-1.322071341e-10
3293	151.5926935	-1.18696164e-10
3294	154.3806995	-8.439116073e-11
3295	158.062772	-1.148467987e-10
3296	162.3107131	-9.002576462e-11
3297	166.7614329	-1.456310628e-10
3298	171.0520904	-7.178613259e-11
3299	174.8541143	-5.228706357e-11
3300	177.9026714	-5.611155984e-11
3301	180.0187122	-4.921751895e-11
3302	181.1215766	-2.173550229e-11
3303	181.2311873	1.018030105e-11
3304	180.4599859	3.492672818e-11
3305	178.9958423	6.20730134e-11
3306	177.0780844	-7.034373084e-12
3307	174.969449	3.667111059e-11
3308	172.9270915	7.915801348e-11
3309	171.1757705	1.284377049e-10
3310	169.8859696	1.207425271e-10
3311	169.1590708	1.895319457e-10
3312	169.0208379	3.709921259e-11
3313	169.4235085	1.192468346e-10
3314	170.2558297	1.462865384e-10
3315	171.3595249	1.355804358e-10
3316	172.5500341	1.642224134e-10
3317	173.6389899	7.483258457e-11
3318	174.4558146	1.030784347e-10
3319	174.8660511	1.09372067e-10
3320	174.7845237	1.395381588e-10
3321	174.1821121	1.442010955e-10
3322	173.085719	1.562838747e-10
3323	171.5718202	8.153477893e-11
3324	169.7547205	7.111999878e-11
3325	167.7712004	1.460396248e-10
3326	165.7635852	1.233040337e-10
3327	163.8633494	-3.108624469e-12
3328	162.1771985	6.306244416e-11
3329	160.7771696	-1.221600598e-11
3330	159.6957212	-4.053646308e-12
3331	158.9261163	2.214406436e-11
3332	158.4277287	7.544187497e-12
3333	158.1352973	-2.839684043e-11
3334	157.9707022	-8.145484287e-11
3335	157.8555748	-5.575273576e-11
3336	157.7230256	-5.810463222e-11
3337	157.5269639	-9.136158496e-11
3338	157.2478638	-6.231459793e-11
3339	156.8943541	-3.334577059e-11
3340	156.500596	-8.624390091e-11
3341	156.1199899	-1.136797323e-10
3342	155.8162422	-1.870805733e-10
3343	155.6531668	-1.758664325e-10
3344	155.6847409	-1.256879045e-10
3345	155.9468768	-1.866578003e-10
3346	156.452107	-1.54493307e-10
3347	157.1879523	-1.564508523e-10
3348	158.1192112	-1.560174212e-10
3349	159.1938356	-1.273541272e-10
3350	160.3515339	-1.213305012e-10
3351	161.5338232	-1.512088232e-10
3352	162.6940126	-1.200390898e-10
3353	163.8055584	-1.177831166e-10
3354	164.8674133	-9.738876372e-11
3355	165.9053693	-1.037854247e-10
3356	166.9689194	-1.226130308e-10
3357	168.1237831	-1.252580262e-10
3358	169.4408623	-1.532161065e-10
3359	170.9829432	-1.028706009e-10
3360	172.7908628	-5.910472112e-11
3361	174.8710481	-3.524824876e-11
3362	177.1862938	-1.063060751e-10
3363	179.6513468	-2.775024655e-11
3364	182.1343611	-6.78390677e-12
3365	184.4646065	2.046540715e-11
3366	186.4460585	2.83737478e-11
3367	187.8757371	-3.69340114e-11
3368	188.5650004	5.947953241e-11
3369	188.3615244	6.054889923e-11
3370	187.1694641	8.471801038e-11
3371	184.9653507	1.604245625e-10
3372	181.8076224	6.258993324e-11
3373	177.8382969	2.556888035e-11
3374	173.2761048	5.336531217e-11
3375	168.4013265	4.766853579e-11
3376	163.5335136	1.153015461e-10
3377	159.0041165	1.657394222e-10
3378	155.1266873	8.586731326e-11
3379	152.1676941	1.152784534e-10
3380	150.3210307	1.303508412e-10
3381	149.6890061	1.50336632e-10
3382	150.2719824	1.155679996e-10
3383	151.9679632	1.986872888e-10
3384	154.5823901	1.250235471e-10
3385	157.8473202	1.355733303e-10
3386	161.4481259	1.520419346e-10
3387	165.0550196	8.332534662e-11
3388	168.356137	1.019486717e-10
3389	171.0886966	1.866951038e-12
3390	173.0649115	5.92947913e-12
3391	174.1898524	6.474287773e-11
3392	174.4693028	3.935873849e-11
3393	174.0067059	1.695887875e-11
3394	172.9894838	3.810107785e-11
3395	171.6661638	-1.921840465e-11
3396	170.3167644	1.380051629e-11
3397	169.2196483	-4.511946372e-12
3398	168.6184641	-1.246291959e-11
3399	168.6928187	6.911804462e-12
3400	169.5359443	-8.087930325e-11
3401	171.1418866	-5.728395536e-11
3402	173.4037189	-5.277023263e-11
3403	176.1230951	-1.095425972e-10
3404	179.0302178	-1.528661642e-10
3405	181.8121539	-1.289794938e-10
3406	184.1465047	-1.671818239e-10
3407	185.7368294	-1.965201335e-10
3408	186.3460055	-1.673505778e-10
3409	185.8239012	-1.581348386e-10
3410	184.1263254	-1.534221639e-10
3411	181.3231367	-2.048867742e-10
3412	177.5945442	-1.920241743e-10
3413	173.2158866	-1.673203798e-10
3414	168.5324047	-1.319460097e-10
3415	163.9265837	-1.261852844e-10
3416	159.7814342	-8.789413641e-11
3417	156.4435007	-1.515072512e-10
3418	154.1894128	-1.51317181e-10
3419	153.199406	-1.592823651e-10
3420	153.5404907	-1.416324835e-10
3421	155.1609241	-1.051247978e-10
3422	157.8964423	-1.131166272e-10
3423	161.4874843	-7.71898101e-11
3424	165.6055006	-5.97886185e-11
3425	169.8855256	-2.659916731e-11
3426	173.9615853	4.099298678e-11
3427	177.5012806	3.875655352e-11
3428	180.2360467	-1.755573464e-11
3429	181.9841178	2.836308965e-11
3430	182.6640589	7.546852032e-11
3431	182.2977706	1.197903998e-10
3432	181.0030055	1.363655855e-10
3433	178.9765374	6.169287303e-12
3434	176.4700752	6.704503619e-11
3435	173.761711	9.922551669e-11
3436	171.1260705	9.588596583e-11
3437	168.8063592	1.512336922e-10
3438	166.9911735	1.65474745e-10
3439	165.7983219	1.279527595e-10
3440	165.2670559	1.417390649e-10
3441	165.3591365	1.811830685e-10
3442	165.9681812	1.779181247e-10
3443	166.9358528	2.056008697e-10
3444	168.0727602	1.698872154e-10
3445	169.1815176	1.485815915e-10
3446	170.0792854	1.544755435e-10
3447	170.6173049	1.731663701e-10
3448	170.6953962	8.353140402e-11
3449	170.2700635	1.465156885e-10
3450	169.3556507	6.979306022e-11
3451	168.0188198	4.69189132e-11
3452	166.367385	6.320277635e-11
3453	164.535145	4.451017332e-11
3454	162.6647405	4.799893816e-11
3455	160.8906938	-2.158806467e-11
3456	159.3246569	-8.357758929e-12
3457	158.044517	-3.697309126e-11
3458	157.088459	-4.54374316e-11
3459	156.4544153	-2.150279954e-11
3460	156.1046426	-2.442490654e-11
3461	155.9745393	-1.007389727e-10
3462	155.9843197	-3.074163146e-11
3463	156.0518651	-1.46782142e-10
3464	156.1049959	-1.265973992e-10
3465	156.0915622	-1.046025488e-10
3466	155.9861043	-1.664570703e-10
3467	155.7923403	-1.389590665e-10
3468	155.5413247	-1.397193472e-10
3469	155.2857118	-1.395488169e-10
3470	155.0910766	-1.43556278e-10
3471	155.025624	-1.201279076e-10
3472	155.1498082	-1.674465011e-10
3473	155.5073649	-1.255884285e-10
3474	156.1190352	-1.18596688e-10
3475	156.979863	-8.107647886e-11
3476	158.0604277	-7.910472277e-11
3477	159.3118086	-1.161222229e-10
3478	160.6735327	-1.954489903e-10
3479	162.0833174	-1.787796577e-10
3480	163.4871365	-9.442580051e-11
3481	164.8480571	-1.010604933e-10
3482	166.152427	-5.373124168e-11
3483	167.4123315	-1.132036687e-10
3484	168.6637298	-7.263167845e-11
3485	169.9602827	-5.350742072e-11
3486	171.363498	-1.769784319e-11
3487	172.9303837	9.549694369e-12
3488	174.7002221	-4.081002203e-11
3489	176.6823104	-2.314592962e-11
3490	178.8465091	1.604227862e-11
3491	181.1181952	5.476685772e-11
3492	183.3787489	1.047020248e-10
3493	185.4720658	2.643218977e-11
3494	187.2168482	-5.498890232e-11
3495	188.4236815	4.030198397e-11
3496	188.9152343	5.039524353e-11
3497	188.5474226	1.100985969e-10
3498	187.2291124	1.219131462e-10
3499	184.9379486	6.961720089e-11
3500	181.7302007	8.812328645e-11
3501	177.7430798	1.146034379e-10
3502	173.1887561	1.175646247e-10
3503	168.3402067	1.274482742e-10
3504	163.5099466	1.848317055e-10
3505	159.0235432	1.418278828e-10
3506	155.190477	1.64115832e-10
3507	152.2753122	1.917808135e-10
3508	150.4722228	5.407763126e-11
3509	149.8856681	9.424638847e-11
3510	150.5194345	8.597744738e-11
3511	152.2754298	3.157651918e-11
3512	154.9625972	8.056666445e-11
3513	158.3152432	1.223092738e-10
3514	162.0190399	6.639666594e-11
3515	165.7421013	9.85131976e-11
3516	169.1679414	3.93871602e-11
3517	172.0268595	4.949640697e-11
3518	174.1224175	2.183320191e-11
3519	175.350154	7.337774832e-11
3520	175.7064826	5.478284493e-11
3521	175.2867589	-6.291855925e-12
3522	174.2726632	-1.29851685e-11
3523	172.9102086	-1.011031259e-10
3524	171.480714	-1.045616926e-10
3525	170.267871	-8.541078955e-11
3526	169.5244861	-5.654499091e-11
3527	169.4425464	-1.373532399e-10
3528	170.1299234	-1.285034301e-10
3529	171.596334	-1.281712514e-10
3530	173.7501841	-1.24057209e-10
3531	176.4067482	-1.162074881e-10
3532	179.3068997	-1.915303471e-10
3533	182.1444523	-1.807940464e-10
3534	184.5992161	-1.474234068e-10
3535	186.3722286	-1.436095687e-10
3536	187.2193567	-1.166462482e-10
3537	186.9796135	-8.22275581e-11
3538	185.59508	-2.650804021e-10
3539	183.1202049	-2.193445425e-10
3540	179.7193857	-1.763602597e-10
3541	175.6529814	-1.981010911e-10
3542	171.2531449	-1.080664447e-10
3543	166.8919492	-1.754436596e-10
3544	162.9451065	-1.464748323e-10
3545	159.755043	-1.267483896e-10
3546	157.5971632	-9.102052445e-11
3547	156.6527878	-5.022116056e-11
3548	156.9915377	-4.735767334e-11
3549	158.5649336	-3.942091098e-11
3550	161.2117892	-2.153299761e-11
3551	164.6747457	1.538325023e-12
3552	168.6261336	4.514788543e-11
3553	172.7004015	-1.286082352e-11
3554	176.5297048	-2.121680609e-11
3555	179.7789724	-3.936406756e-11
3556	182.1768898	1.277555839e-11
3557	183.5397331	6.166089861e-11
3558	183.7858006	1.111004622e-10
3559	182.9392223	1.364455215e-10
3560	181.123073	6.601652558e-11
3561	178.5428355	1.163904528e-10
3562	175.4622444	1.731343957e-10
3563	172.1742844	1.612328049e-10
3564	168.9705359	2.095994489e-10
3565	166.1121289	1.164579544e-10
3566	163.8052808	1.391597948e-10
3567	162.1837887	2.278603972e-10
3568	161.3000143	1.273186001e-10
3569	161.1249184	1.700470875e-10
3570	161.5567009	1.469580013e-10
3571	162.4366844	1.163158458e-10
3572	163.5703471	1.043574116e-10
3573	164.750938	1.297983943e-10
3574	165.7829433	1.134665695e-10
3575	166.5028168	9.898926123e-11
3576	166.7948211	4.119016239e-11
3577	166.6004832	5.248068646e-11
3578	165.9209701	8.811795738e-11
3579	164.8125344	4.666489417e-11
3580	163.3759715	5.995204333e-11
3581	161.7416776	5.023537142e-11
3582	160.0523296	-2.700062396e-11
3583	158.445382	-6.452793855e-11
3584	157.0374833	-7.574385563e-11
3585	155.9125737	-1.066702282e-10
3586	155.1148868	-6.278710885e-11
3587	154.6474159	-1.069295763e-10
3588	154.475702	-1.452349352e-10
3589	154.5361462	-1.359019564e-10
3590	154.7475168	-1.342890243e-10
3591	155.0239835	-1.441335939e-10
3592	155.287891	-1.093489743e-10
3593	155.4805975	-1.470752409e-10
3594	155.5700308	-1.818065698e-10
3595	155.5540988	-1.560351848e-10
3596	155.4596766	-1.395861204e-10
3597	155.3374946	-1.582307618e-10
3598	155.253795	-1.844107089e-10
3599	155.2800376	-1.902087376e-10
3600	155.4821689	-1.708251318e-10
3601	155.9109935	-1.393125615e-10
3602	156.5950007	-1.482440837e-10
3603	157.5366331	-1.343316569e-10
3604	158.7124837	-1.492139745e-10
3605	160.0773428	-1.148663387e-10
3606	161.5714646	-9.892531239e-11
3607	163.1299548	-7.262812574e-11
3608	164.6928607	-5.017142257e-11
3609	166.2144228	-7.566214322e-11
3610	167.6700347	-4.427391787e-11
3611	169.0597509	1.377031822e-11
3612	170.4076465	3.451106068e-11
3613	171.7569069	-2.669509058e-11
3614	173.1611381	2.348343742e-12
3615	174.6729568	-1.943334382e-12
3616	176.331371	2.790656595e-11
3617	178.1497246	5.684341886e-11
3618	180.1060225	9.151435165e-11
3619	182.1372542	1.006199568e-10
3620	184.1389081	4.285993782e-11
3621	185.9702726	8.204281698e-11
3622	187.4654029	1.003037653e-10
3623	188.4488999	1.099706992e-10
3624	188.7549741	1.706794706e-10
3625	188.2477485	1.567173058e-10
3626	186.8404584	1.296243113e-10
3627	184.5111787	9.832490377e-11
3628	181.3129635	8.568434851e-11
3629	177.3768062	9.088196862e-11
3630	172.9065639	1.517364012e-10
3631	168.1658598	8.670397733e-11
3632	163.4578934	7.48272555e-11
3633	159.0999285	1.075726175e-10
3634	155.3949138	1.05977449e-10
3635	152.6031171	1.107416381e-10
3636	150.9167756	1.149587092e-10
3637	150.4405551	9.032419257e-11
3638	151.1800772	6.165024047e-11
3639	153.039977	9.906386822e-11
3640	155.8319684	5.092459787e-11
3641	159.2923256	9.337952633e-11
3642	163.1071643	2.605915483e-11
3643	166.9430244	-5.028510941e-11
3644	170.4796363	-4.461142566e-11
3645	173.4414555	-2.279776368e-11
3646	175.6246247	-4.100542128e-11
3647	176.91646	-1.232791647e-11
3648	177.3053239	-8.273559615e-11
3649	176.8797563	-7.813483194e-11
3650	175.8168832	-8.582645705e-11
3651	174.3612851	-7.834444204e-11
3652	172.7965529	-7.432277016e-11
3653	171.4125764	-1.286899476e-10
3654	170.4721037	-1.009716755e-10
3655	170.1802192	-1.316706744e-10
3656	170.6601022	-1.23485222e-10
3657	171.9377714	-7.911893363e-11
3658	173.9375607	-1.690452223e-10
3659	176.4889145	-2.150137846e-10
3660	179.3438623	-2.128928145e-10
3661	182.2033571	-1.732338717e-10
3662	184.7496865	-1.613393863e-10
3663	186.6814805	-1.451745391e-10
3664	187.7475297	-2.115250197e-10
3665	187.775733	-1.809077332e-10
3666	186.6939916	-1.424140805e-10
3667	184.540719	-1.270059613e-10
3668	181.4637374	-1.005453498e-10
3669	177.7075764	-4.850519986e-11
3670	173.5904302	-1.648245984e-10
3671	169.4731386	-8.576961363e-11
3672	165.7234163	-1.237765446e-11
3673	162.6790592	-7.676348446e-11
3674	160.6139735	-5.761791044e-11
3675	159.7105635	-8.388312267e-11
3676	160.0413426	-5.725553365e-11
3677	161.5616441	-2.35047537e-11
3678	164.1141394	-5.183409257e-12
3679	167.4446235	2.651034947e-11
3680	171.2273562	6.75797196e-11
3681	175.0972641	3.890932021e-11
3682	178.6856263	6.659917062e-11
3683	181.6555462	8.660450135e-11
3684	183.7335941	1.035473929e-10
3685	184.734465	1.650661829e-10
3686	184.5762857	1.038280573e-10
3687	183.2852308	1.303241959e-10
3688	180.9892542	1.066204902e-10
3689	177.9018881	9.748646335e-11
3690	174.298073	1.431423868e-10
3691	170.4847688	1.746904843e-10
3692	166.769559	1.226503343e-10
3693	163.4305722	1.131859051e-10
3694	160.6907918	1.542517225e-10
3695	158.6992537	1.527418192e-10
3696	157.5207998	1.704201225e-10
3697	157.1350807	1.055653343e-10
3698	157.4444747	1.321858178e-10
3699	158.289641	1.269917504e-10
3700	159.4706554	1.212967504e-10
3701	160.7711532	1.096545077e-10
3702	161.982696	1.033271246e-10
3703	162.926684	3.027267326e-11
3704	163.4715382	-1.218580792e-12
3705	163.5435163	1.804778549e-12
3706	163.1303308	-3.137756721e-11
3707	162.277592	-9.272582702e-13
3708	161.0789233	-7.058886808e-11
3709	159.6612789	-8.045475397e-11
3710	158.1674729	-6.97610858e-11
3711	156.7381483	-7.098677202e-11
3712	155.4953633	-9.656275779e-11
3713	154.5296618	-7.845102346e-11
3714	153.8919797	-1.113420467e-10
3715	153.5910773	-1.235171965e-10
3716	153.5964758	-9.270095802e-11
3717	153.846196	-1.068052313e-10
3718	154.2580323	-1.94287253e-10
3719	154.7427109	-2.199378457e-10
3720	155.21712	-1.782751724e-10
3721	155.6158732	-2.085052131e-10
3722	155.8997594	-1.771525149e-10
3723	156.0601003	-1.651194736e-10
3724	156.1186144	-1.479953937e-10
3725	156.1229976	-1.675246608e-10
3726	156.1389966	-1.509619096e-10
3727	156.240201	-1.418030138e-10
3728	156.4970518	-1.083328982e-10
3729	156.9666326	-8.836664733e-11
3730	157.6846645	-1.228990243e-10
3731	158.6607927	-8.167688748e-11
3732	159.8777682	-8.07993672e-11
3733	161.2945768	-1.231335034e-10
3734	162.8529979	-7.09299286e-11
3735	164.4865919	-1.385558335e-13
3736	166.1307552	-9.893597053e-11
3737	167.7323197	-4.978062407e-11
3738	169.2572154	-9.407585821e-12
3739	170.6949665	3.032596396e-11
3740	172.059219	5.274713999e-11
3741	173.3840521	1.391597948e-11
3742	174.7164261	1.751487844e-12
3743	176.1056978	8.016698416e-11
3744	177.5916057	1.022506524e-10
3745	179.1924262	1.133351191e-10
3746	180.8950862	1.787654469e-10
3747	182.6488643	1.213606993e-10
3748	184.3639375	6.168932032e-11
3749	185.9154633	9.179146332e-11
3750	187.1532066	1.567315167e-10
3751	187.9159939	1.288888996e-10
3752	188.049606	7.080558362e-11
3753	187.4261808	7.582201533e-11
3754	185.962873	1.191224897e-10
3755	183.637448	1.288746887e-10
3756	180.4986976	1.399307337e-10
3757	176.6700419	1.487379109e-10
3758	172.3453798	8.322231793e-11
3759	167.7770895	1.102797853e-10
3760	163.2569798	9.396217138e-11
3761	159.0918346	1.314077736e-10
3762	155.5758885	1.597477706e-10
3763	152.9630257	-2.658140374e-11
3764	151.4416564	1.29602995e-11
3765	151.1150498	2.839684043e-11
3766	151.9894218	4.31654712e-12
3767	153.9713102	2.315303504e-11
3768	156.8748153	2.330580173e-12
3769	160.4382355	-4.925482244e-11
3770	164.3485976	-4.899902706e-11
3771	168.2716934	-4.271072385e-11
3772	171.8845841	-3.605293841e-11
3773	174.907202	-4.877875881e-11
3774	177.1297106	-8.696687814e-11
3775	178.4326804	-1.425668472e-10
3776	178.7978639	-1.058992893e-10
3777	178.3083326	-5.470113251e-11
3778	177.1378724	-1.833697638e-10
3779	175.5306923	-1.54084745e-10
3780	173.7735598	-1.999467258e-10
3781	172.1633242	-1.58600244e-10
3782	170.9733149	-1.522622028e-10
3783	170.4222594	-1.208917411e-10
3784	170.6491226	-1.543796202e-10
3785	171.6966555	-1.90055971e-10
3786	173.5055143	-1.90713223e-10
3787	175.9196728	-1.474198541e-10
3788	178.7026291	-1.434266039e-10
3789	181.5627215	-1.303064323e-10
3790	184.1848688	-5.594102959e-11
3791	186.2653258	-1.514948167e-10
3792	187.5456961	-1.022968377e-10
3793	187.8424942	-1.8816948e-10
3794	187.0690108	-1.531432758e-10
3795	185.2470455	-8.415312891e-11
3796	182.5071491	-1.375681791e-10
3797	179.0772532	-1.119140336e-10
3798	175.2608089	-1.152145046e-10
3799	171.4066866	-5.749356546e-11
3800	167.8739797	-1.004352157e-11
3801	164.9954023	1.672262329e-11
3802	163.0431281	2.060573934e-13
3803	162.2006587	-1.047339993e-11
3804	162.543666	2.845013114e-11
3805	164.0318006	7.815259551e-11
3806	166.5122935	8.123279827e-11
3807	169.7349347	7.610623243e-11
3808	173.3768185	5.37880851e-12
3809	177.074237	2.985345304e-11
3810	180.458379	9.857004102e-11
3811	183.1911309	9.234923937e-11
3812	184.9973163	1.402185035e-10
3813	185.6901344	6.402345321e-11
3814	185.1873235	9.254819133e-11
3815	183.516588	1.069473399e-10
3816	180.809977	1.604583133e-10
3817	177.2880673	1.886597545e-10
3818	173.2358427	9.581668792e-11
3819	168.9729902	1.19676713e-10
3820	164.8218352	1.378062109e-10
3821	161.076297	1.769180358e-10
3822	157.9750291	2.030127177e-10
3823	155.6813597	7.73461295e-11
3824	154.271839	5.118039326e-11
3825	153.7342138	5.876543696e-11
3826	153.9746141	3.358735512e-11
3827	154.8327536	7.34772243e-11
3828	156.1031367	9.24096355e-11
3829	157.5596963	1.984901132e-11
3830	158.9810323	7.410960734e-12
3831	160.1734842	1.014299755e-11
3832	160.9896427	1.307043362e-11
3833	161.3405289	-2.902922347e-11
3834	161.2004664	1.892175305e-11
3835	160.6045444	-8.545697483e-11
3836	159.6394175	-6.161826605e-11
3837	158.4289099	-8.310507837e-11
3838	157.1164153	-1.58141944e-10
3839	155.8463489	-1.255493487e-10
3840	154.7469	-1.605293676e-10
3841	153.9160566	-1.860200882e-10
3842	153.4123796	-1.689102191e-10
3843	153.2513498	-1.766089497e-10
3844	153.4073901	-1.63154823e-10
3845	153.8209639	-1.755822154e-10
3846	154.4095475	-2.189715076e-10
3847	155.0808534	-1.740012578e-10
3848	155.7464724	-1.694324681e-10
3849	156.3341363	-1.529443239e-10
3850	156.7970603	-1.564472996e-10
3851	157.1192711	-1.337525646e-10
3852	157.3163942	-1.63179692e-10
3853	157.4319938	-1.600248822e-10
3854	157.5301467	-1.54791735e-10
3855	157.6854108	-1.299902408e-10
3856	157.9716628	-8.363798543e-11
3857	158.4513925	-1.505000569e-10
3858	159.1669356	-1.114308645e-10
3859	160.1348239	-6.72955025e-11
3860	161.3439787	-4.159517175e-11
3861	162.7579191	-2.983213676e-11
3862	164.3205907	4.623856853e-11
3863	165.9649076	-1.669064886e-11
3864	167.6227133	4.13216128e-11
3865	169.2346603	4.676081744e-11
3866	170.7585057	1.027409269e-10
3867	172.1745296	1.387263637e-10
3868	173.4871765	1.558575491e-11
3869	174.7225458	6.838263289e-11
3870	175.9219505	7.62021557e-11
3871	177.1323477	1.340900724e-10
3872	178.3949299	1.475299882e-10
3873	179.7335038	1.488622559e-10
3874	181.1444059	8.937917073e-11
3875	182.5895988	1.32704514e-10
3876	183.994259	1.30732758e-10
3877	185.2496445	1.70313541e-10
3878	186.2213728	1.793409865e-10
3879	186.7625331	1.15345955e-10
3880	186.73038	7.792522183e-11
3881	186.0048037	1.438671404e-10
3882	184.506417	1.337205902e-10
3883	182.2119869	1.101305713e-10
3884	179.1651083	1.215632039e-10
3885	175.4804458	5.024602956e-11
3886	171.3405256	7.992184692e-11
3887	166.9848714	8.00461919e-11
3888	162.6921537	6.790656926e-11
3889	158.7568649	3.952393968e-11
3890	155.462736	1.143618533e-11
3891	153.0555956	2.811262334e-11
3892	151.7185612	-4.160227718e-12
3893	151.5523316	-1.361399882e-11
3894	152.5629013	-2.203037752e-11
3895	154.6582977	-1.652367132e-11
3896	157.6550175	-4.290257039e-11
3897	161.2938072	-6.176037459e-11
3898	165.2634079	-1.113988901e-10
3899	169.2299885	-1.279616413e-10
3900	172.8693112	-7.620570841e-11
3901	175.8983135	-1.687183726e-10
3902	178.102776	-1.769855373e-10
3903	179.3581014	-1.682387563e-10
3904	179.6409157	-1.643698511e-10
3905	179.030153	-1.369571123e-10
3906	177.6973985	-1.204938371e-10
3907	175.8874177	-1.924469473e-10
3908	173.8908749	-1.680149353e-10
3909	172.0121077	-1.356248447e-10
3910	170.5353949	-1.218509738e-10
3911	169.6933503	-1.063646948e-10
3912	169.6408791	-1.371986968e-10
3913	170.4375636	-2.188151882e-10
3914	172.040447	-1.520312765e-10
3915	174.3080752	-1.26910038e-10
3916	177.0154334	-1.244799819e-10
3917	179.8782293	-7.124967283e-11
3918	182.5839413	-1.45721657e-10
3919	184.8263004	-1.226183599e-10
3920	186.3394739	-8.466471968e-11
3921	186.9282284	-4.78941331e-11
3922	186.4907611	-2.263433885e-11
3923	185.0316639	-7.061373708e-11
3924	182.6635362	-5.131184366e-11
3925	179.5969836	-3.56337182e-11
3926	176.1199867	5.091749244e-11
3927	172.5687769	7.312905836e-11
3928	169.2932718	1.022470997e-11
3929	166.6207162	-1.801225835e-11
3930	164.8213726	3.21271898e-11
3931	164.0798933	4.874323167e-11
3932	164.4753985	5.240607948e-11
3933	165.972363	1.102407055e-10
3934	168.4232607	6.317790735e-11
3935	171.5826756	8.181544331e-11
3936	175.1313772	1.00431663e-10
3937	178.7078229	1.22195587e-10
3938	181.9437875	1.546318629e-10
3939	184.5004172	1.845918973e-10
3940	186.1010055	7.667821933e-11
3941	186.5571711	1.233431135e-10
3942	185.7858611	1.541700101e-10
3943	183.8155957	9.978151638e-11
3944	180.7815283	1.197868471e-10
3945	176.9100643	6.848566159e-11
3946	172.4948601	6.772893357e-11
3947	167.8668813	9.166356563e-11
3948	163.3617501	9.385914268e-11
3949	159.2878095	9.033485071e-11
3950	155.8981555	1.068301003e-10
3951	153.3693697	9.317702165e-11
3952	151.7888871	4.155964461e-11
3953	151.1519519	6.420108889e-11
3954	151.3680625	1.015365569e-11
3955	152.2757965	4.118660968e-11
3956	153.6640559	3.281996896e-11
3957	155.297164	1.016431384e-11
3958	156.9409401	-1.737276989e-11
3959	158.3869046	-9.843859061e-11
3960	159.4721016	-8.409273278e-11
3961	160.0926336	-5.375255796e-11
3962	160.2097937	-1.395754623e-10
3963	159.8485617	-1.18163257e-10
3964	159.0891091	-9.875833484e-11
3965	158.0527108	-1.142410611e-10
3966	156.8840325	-1.16376242e-10
3967	155.7320751	-1.871569566e-10
3968	154.7320886	-1.409183881e-10
3969	153.9905313	-1.220890056e-10
3970	153.5746756	-1.787192616e-10
3971	153.5078204	-1.055333598e-10
3972	153.7703383	-9.101697174e-11
3973	154.306066	-2.124664888e-10
3974	155.0329104	-2.223501383e-10
3975	155.8560777	-2.094964202e-10
3976	156.6820832	-1.629416602e-10
3977	157.4316875	-1.643485348e-10
3978	158.0501295	-1.833520002e-10
3979	158.5134468	-1.495408242e-10
3980	158.8302325	-1.268638528e-10
3981	159.0388022	-1.208952938e-10
3982	159.2003492	-7.845102346e-11
3983	159.3891801	-5.605471642e-11
3984	159.6814736	-8.21778201e-11
3985	160.1441621	-7.016609516e-11
3986	160.8254704	-1.445243925e-11
3987	161.7483821	1.957545237e-12
3988	162.9078683	-1.089262014e-11
3989	164.2721779	-3.245759217e-11
3990	165.7879122	1.476152534e-11
3991	167.3880782	4.000710874e-11
3992	169.0018961	4.416023103e-11
3993	170.5648903	8.712675026e-11
3994	172.0277478	1.148272588e-10
3995	173.3625929	9.061551509e-11
3996	174.5656852	1.149977891e-10
3997	175.6560475	1.09576348e-10
3998	176.670111	1.482547418e-10
3999	177.653049	1.676632166e-10
4000	178.6479807	1.326760923e-10
4001	179.6845887	1.685869222e-10
4002	180.7688587	1.639541836e-10
4003	181.875594	1.387654436e-10
4004	182.9450641	1.643947201e-10
4005	183.8846686	1.991438126e-10
4006	184.5758678	6.742695291e-11
4007	184.8859428	7.982947636e-11
4008	184.6834695	9.487166608e-11
4009	183.8558315	1.120525894e-10
4010	182.3267025	1.154560891e-10
4011	180.071291	5.013589544e-11
4012	177.1272528	3.367262025e-11
4013	173.5995668	6.622258297e-11
4014	169.6582808	4.622080496e-11
4015	165.5288114	8.480682823e-11
4016	161.4753407	3.20241611e-11
4017	157.7786869	2.093969442e-11
4018	154.7107399	-1.170690211e-10
4019	152.5080614	-6.862421742e-11
4020	151.3474754	-3.311129149e-11
4021	151.3263925	-1.143938277e-10
4022	152.450209	-8.255085504e-11
4023	154.6284434	-1.499991242e-10
4024	157.6803808	-1.33152156e-10
4025	161.3499822	-1.322177923e-10
4026	165.3288053	-1.120561421e-10
4027	169.2847685	-1.556657026e-10
4028	172.8938985	-1.811173433e-10
4029	175.8718009	-1.432560737e-10
4030	178.0015424	-1.859419285e-10
4031	179.154944	-9.764988818e-11
4032	179.3049327	-9.108802601e-11
4033	178.5275147	-2.770939034e-10
4034	176.9930285	-2.177671377e-10
4035	174.9474814	-1.419948603e-10
4036	172.6858556	-1.902549229e-10
4037	170.5201606	-1.785025461e-10
4038	168.7456092	-9.14752718e-11
4039	167.6085327	-1.642028735e-10
4040	167.2795043	-1.353797074e-10
4041	167.8346033	-1.100524116e-10
4042	169.2469008	-1.257447479e-10
4043	171.3891518	-7.895906151e-11
4044	174.0474739	-8.325073964e-11
4045	176.9445923	-9.422151948e-11
4046	179.7701855	-4.346034643e-11
4047	182.2150746	-2.05453432e-11
4048	184.0055587	-7.33209049e-11
4049	184.9341632	-1.59481317e-11
4050	184.8834307	-3.710098895e-11
4051	183.840121	-4.038014367e-11
4052	181.8982126	1.082156587e-11
4053	179.2503008	4.359179684e-11
4054	176.1682398	6.260592045e-11
4055	172.9750421	2.727773563e-11
4056	170.0109967	4.696332212e-11
4057	167.5975977	4.91127139e-11
4058	166.0031233	1.089901502e-10
4059	165.4135296	1.391988746e-10
4060	165.9117658	1.27034383e-10
4061	167.4677159	7.454303841e-11
4062	169.9398444	1.562270313e-10
4063	173.0883777	7.717204653e-11
4064	176.5986349	8.355982573e-11
4065	180.112056	1.534523619e-10
4066	183.2616783	6.826184062e-11
4067	185.7083702	6.503952932e-11
4068	187.1740807	4.702727097e-11
4069	187.4687176	1.094591084e-10
4070	186.5079736	1.217621559e-10
4071	184.3204001	1.274855777e-10
4072	181.0431821	3.728928277e-11
4073	176.9072506	6.781775141e-11
4074	172.2134745	1.162696606e-10
4075	167.3025637	8.768452631e-11
4076	162.5219132	1.076543299e-10
4077	158.1928572	7.595346574e-11
4078	154.5816615	-5.280753612e-11
4079	151.8771001	-2.972910806e-11
4080	150.1766756	-2.102140684e-11
4081	149.4825679	-2.285105438e-11
4082	149.7073302	-7.727152251e-12
4083	150.6883149	-5.426414873e-11
4084	152.2089228	-6.006928288e-11
4085	154.0241183	-4.985167834e-11
4086	155.8873016	-6.705036526e-11
4087	157.5756103	-4.72191175e-11
4088	158.9110284	-1.202629107e-10
4089	159.775263	-1.257021154e-10
4090	160.1171329	-1.327400412e-10
4091	159.9521075	-1.512567849e-10
4092	159.3545306	-9.864109529e-11
4093	158.4438574	-2.142783728e-10
4094	157.3668454	-2.170033042e-10
4095	156.2779979	-1.766622404e-10
4096	155.3206357	-1.868336597e-10
4097	154.6107732	-1.743991618e-10
4098	154.2255236	-1.960067664e-10
4099	154.1971291	-2.029274526e-10
4100	154.5129761	-1.829150165e-10
4101	155.1212143	-1.372306713e-10
4102	155.9409323	-1.572679764e-10
4103	156.875337	-1.383213544e-10
4104	157.8260863	-8.530420814e-11
4105	158.7068745	-1.208064759e-10
4106	159.4545529	-1.217586032e-10
4107	160.0364636	-4.595790415e-11
4108	160.4532112	-9.455547456e-11
4109	160.736721	-9.133671597e-11
4110	160.9440582	-8.509104532e-11
4111	161.1480188	-9.740119822e-11
4112	161.4259011	-2.239275432e-11
4113	161.8480574	1.367794766e-12
4114	162.4678104	3.668176873e-11
4115	163.3140843	4.525446684e-11
4116	164.3876967	4.262545872e-11
4117	165.6617318	5.665867775e-11
4118	167.0858379	8.656186878e-11
4119	168.593748	1.084679013e-10
4120	170.1128746	1.488089652e-10
4121	171.5745423	6.351541515e-11
4122	172.923337	1.158539931e-10
4123	174.1241698	7.445777328e-11
4124	175.1659746	1.407194361e-10
4125	176.0614307	1.448690057e-10
4126	176.8426687	1.393090088e-10
4127	177.5535015	1.185611609e-10
4128	178.2392474	1.114948134e-10
4129	178.935606	1.43177914e-10
4130	179.658252	1.477502565e-10
4131	180.3947963	1.635953595e-10
4132	181.1005235	9.193712458e-11
4133	181.6988718	1.257838278e-10
4134	182.0870266	9.733014394e-11
4135	182.1463249	1.024709206e-10
4136	181.7564993	1.207851597e-10
4137	180.8122094	1.299582664e-10
4138	179.2398963	-2.817301947e-11
4139	177.0128134	1.340438871e-11
4140	174.1621585	-6.291855925e-12
4141	170.7825753	1.946887096e-12
4142	167.0308575	2.629008122e-13
4143	163.1174364	-8.326139778e-11
4144	159.2910644	-8.980194366e-11
4145	155.8179355	-6.258105145e-11
4146	152.9572069	-7.317879636e-11
4147	150.9354124	-9.833911463e-11
4148	149.9225241	-9.34221589e-11
4149	150.0123711	-1.188062981e-10
4150	151.2097738	-1.081836842e-10
4151	153.4261083	-1.226716506e-10
4152	156.4841628	-1.403499539e-10
4153	160.1321562	-7.040412697e-11
4154	164.0657874	-2.324931359e-10
4155	167.9562635	-1.958184725e-10
4156	171.4815453	-1.630979796e-10
4157	174.3576126	-1.840092523e-10
4158	176.3664651	-1.47917234e-10
4159	177.3778412	-1.432063357e-10
4160	177.3622434	-1.993356591e-10
4161	176.3937435	-2.012612299e-10
4162	174.6421114	-1.485638279e-10
4163	172.3549478	-1.172466568e-10
4164	169.8315925	-1.124433879e-10
4165	167.3914872	-1.602558086e-10
4166	165.3403076	-1.543050132e-10
4167	163.9374587	-9.735146023e-11
4168	163.3684235	1.476152534e-11
4169	163.724964	-9.036327242e-11
4170	164.9953541	-2.505728958e-11
4171	167.0657588	-3.437605756e-11
4172	169.7326735	-7.92681476e-11
4173	172.7251392	-4.103029028e-11
4174	175.7343792	2.073008432e-11
4175	178.447682	2.357936069e-11
4176	180.5828719	-2.349409556e-11
4177	181.9196271	3.782929525e-11
4178	182.3242192	4.407851861e-11
4179	181.7649511	6.787459483e-11
4180	180.3165577	1.149267348e-10
4181	178.1530277	1.497326707e-10
4182	175.5295525	1.09427134e-10
4183	172.7554906	1.259436999e-10
4184	170.1612093	6.823341892e-11
4185	168.0623424	1.196944766e-10
4186	166.725284	1.86357596e-10
4187	166.3376207	7.714362482e-11
4188	166.9866779	1.262598914e-10
4189	168.6484938	1.234354841e-10
4190	171.1884204	1.277058459e-10
4191	174.3733128	1.301394548e-10
4192	177.8940392	1.549373962e-10
4193	181.3959511	6.00479666e-11
4194	184.5141245	9.291412084e-11
4195	186.9096958	7.771561172e-11
4196	188.3035256	9.401546208e-11
4197	188.5037359	1.329176769e-10
4198	187.4243437	4.491340633e-11
4199	185.0931742	2.290079237e-11
4200	181.6483869	5.232791978e-11
4201	177.3241403	5.22817345e-11
4202	172.4270521	1.401190275e-11
4203	167.3060335	2.881606065e-11
4204	162.3187198	-2.60236277e-11
4205	157.7979971	-1.789146609e-11
4206	154.0220293	-2.529887411e-11
4207	151.1907331	-1.213251721e-11
4208	149.4108865	-2.897593276e-11
4209	148.6910853	-8.825651321e-11
4210	148.9466828	-5.468336894e-11
4211	150.0137921	-7.137757052e-11
4212	151.6705039	-5.042366524e-11
4213	153.6627768	-4.457234581e-11
4214	155.7320615	-1.401581073e-10
4215	157.6416605	-1.601279109e-10
4216	159.1990915	-1.283773088e-10
4217	160.2722868	-1.497895141e-10
4218	160.7982308	-1.618687406e-10
4219	160.7835453	-1.210374023e-10
4220	160.297444	-1.654427706e-10
4221	159.4583109	-1.5869972e-10
4222	158.4158096	-1.695781293e-10
4223	157.3308346	-1.198543487e-10
4224	156.3557412	-1.299973462e-10
4225	155.6171238	-1.226645452e-10
4226	155.202993	-1.511253345e-10
4227	155.1555817	-1.103508396e-10
4228	155.4702757	-9.226397424e-11
4229	156.100403	-1.31947786e-10
4230	156.9669196	-1.034941022e-10
4231	157.9714843	-1.199929045e-10
4232	159.0110734	-1.148698914e-10
4233	159.9921899	-1.093383162e-10
4234	160.8428683	-5.747224918e-11
4235	161.5210425	-4.729017178e-11
4236	162.0183743	-7.212008768e-13
4237	162.3592673	-2.14797069e-11
4238	162.5954263	1.907807246e-11
4239	162.7968933	4.146016863e-11
4240	163.040918	1.486810675e-11
4241	163.4002642	6.503952932e-11
4242	163.9325706	6.257394602e-11
4243	164.6721967	9.817924251e-11
4244	165.6256034	4.354205885e-11
4245	166.7708091	4.772005013e-11
4246	168.0608869	1.084750068e-10
4247	169.4309071	1.43128176e-10
4248	170.807257	8.146727737e-11
4249	172.117945	1.157118845e-10
4250	173.3023665	1.364419688e-10
4251	174.3190877	1.666968785e-10
4252	175.1504846	1.728039933e-10
4253	175.8035176	1.565609864e-10
4254	176.306473	1.21922028e-10
4255	176.7020848	1.557189933e-10
4256	177.0379888	1.621138779e-10
4257	177.3558818	1.79657178e-10
4258	177.6810026	2.247908526e-10
4259	178.0135779	1.301714292e-11
4260	178.3236838	5.744027476e-11
4261	178.5505704	8.221689995e-11
4262	178.6069358	2.218314421e-11
4263	178.3879824	9.701039971e-11
4264	177.7844238	1.918465387e-12
4265	176.6980195	-9.5319308e-12
4266	175.0577785	-1.492139745e-12
4267	172.8347524	-1.866951038e-11
4268	170.0533664	1.008260142e-11
4269	166.797533	-6.355804771e-12
4270	163.2103159	-7.520739587e-11
4271	159.4866188	-8.796519069e-11
4272	155.859187	-6.05169248e-11
4273	152.5790231	-7.389644452e-13
4274	149.8920493	-1.428688279e-10
4275	148.0143978	-1.543511985e-10
4276	147.1090029	-1.619113732e-10
4277	147.2661705	-1.505320313e-10
4278	148.4904866	-1.680326989e-10
4279	150.6958323	-1.490150225e-10
4280	153.7094499	-1.657767257e-10
4281	157.2850457	-1.978612829e-10
4282	161.1239169	-2.067679361e-10
4283	164.9021744	-1.711271125e-10
4284	168.3013986	-1.796180982e-10
4285	171.0396058	-1.432347574e-10
4286	172.8992715	-1.896935942e-10
4287	173.7493855	-1.72075687e-10
4288	173.5590773	-1.386837312e-10
4289	172.4011983	-1.798525773e-10
4290	170.4452961	-1.569411268e-10
4291	167.9405392	-1.055262544e-10
4292	165.1902469	-1.393907212e-10
4293	162.5206042	-1.229238933e-10
4294	160.2468082	-7.094058674e-11
4295	158.6402118	-5.154987548e-11
4296	157.8999694	-1.499600444e-11
4297	158.1322424	-5.476152865e-11
4298	159.3392399	1.361755153e-11
4299	161.4193295	2.720312864e-11
4300	164.1782688	2.259881171e-11
4301	167.3504051	6.509282002e-11
4302	170.6276041	9.60724833e-11
4303	173.6928163	3.219824407e-11
4304	176.254668	5.988454177e-11
4305	178.0793307	8.850520317e-11
4306	179.0161986	7.819167536e-11
4307	179.0145566	1.206714728e-10
4308	178.129387	6.146905207e-11
4309	176.51563	1.075939338e-10
4310	174.4114652	1.142623773e-10
4311	172.1123719	1.382503001e-10
4312	169.9387316	1.402824523e-10
4313	168.2004429	1.943725181e-10
4314	167.1623556	1.282067785e-10
4315	167.0142494	1.265227922e-10
4316	167.8486047	1.172253405e-10
4317	169.6485804	1.690310114e-10
4318	172.2875238	1.658122528e-10
4319	175.5401047	2.879829708e-11
4320	179.1039264	5.903899591e-11
4321	182.6293547	2.961897394e-11
4322	185.7544397	4.182254543e-11
4323	188.1412781	7.53708207e-11
4324	189.5100286	9.494627307e-11
4325	189.6670687	-1.816147233e-11
4326	188.5244178	-1.255529014e-11
4327	186.1085019	-3.395683734e-11
4328	182.5574659	6.203038083e-12
4329	178.1074515	3.058886477e-12
4330	173.0694012	-4.338573945e-11
4331	167.7989134	-7.672795732e-11
4332	162.66235	-3.157651918e-11
4333	158.0027237	-7.776534972e-11
4334	154.1088347	-1.010072026e-10
4335	151.1907027	-7.063505336e-11
4336	149.3636026	-8.025224929e-11
4337	148.6420422	-8.849809774e-11
4338	148.943941	-1.572821873e-10
4339	150.1041851	-1.241282632e-10
4340	151.895775	-1.34033229e-10
4341	154.0560449	-1.658548854e-10
4342	156.3149918	-1.657696203e-10
4343	158.4226481	-1.310738185e-10
4344	160.1726657	-1.33859146e-10
4345	161.4198125	-1.405915384e-10
4346	162.0898488	-1.532676208e-10
4347	162.1811598	-1.423039464e-10
4348	161.7584513	-1.513740244e-10
4349	160.9396858	-1.58649982e-10
4350	159.8781268	-1.645581449e-10
4351	158.7418111	-1.171898134e-10
4352	157.6929406	-8.024869658e-11
4353	156.869555	-1.565609864e-10
4354	156.3714588	-1.180460174e-10
4355	156.2517693	-7.346301345e-11
4356	156.5147157	-8.086331604e-11
4357	157.119546	-5.02815567e-11
4358	157.9896672	-6.932765473e-11
4359	159.0255658	-6.83080259e-11
4360	160.1196638	-9.684697488e-12
4361	161.1711277	-6.075140391e-13
4362	162.0987534	2.062705562e-11
4363	162.8503854	4.809308507e-11
4364	163.4078427	-7.517897416e-11
4365	163.7869471	2.469136007e-12
4366	164.0328985	4.389733022e-11
4367	164.2118376	5.758593602e-11
4368	164.3999021	9.984546523e-11
4369	164.6713651	5.178435458e-11
4370	165.0875065	8.088463233e-11
4371	165.6877203	1.271516226e-10
4372	166.4840059	1.187920873e-10
4373	167.4595064	1.557118878e-10
4374	168.5711778	1.722355591e-10
4375	169.7561064	1.393303251e-10
4376	170.9404897	9.688960745e-11
4377	172.0499383	1.575486408e-10
4378	173.0195818	1.749640433e-10
4379	173.8025019	1.346940337e-10
4380	174.3752522	7.348788245e-11
4381	174.7396412	1.033200192e-10
4382	174.9204844	1.293578578e-10
4383	174.9596126	1.173461328e-10
4384	174.9069707	1.313189557e-10
4385	174.8100898	1.159321528e-10
4386	174.7034949	6.995293234e-11
4387	174.5996804	7.055689366e-11
4388	174.4831386	5.868727726e-11
4389	174.308567	7.741718377e-11
4390	174.0038491	7.329603591e-11
4391	173.4777777	-2.365396767e-11
4392	172.6318251	1.613997824e-11
4393	171.3746713	-4.433786671e-12
4394	169.6377383	-6.955147569e-11
4395	167.3897219	-8.371614513e-11
4396	164.6481006	-5.624656296e-11
4397	161.485846	-1.329638621e-10
4398	158.0320401	-1.356106338e-10
4399	154.4657743	-1.067910205e-10
4400	151.0034902	-1.392344018e-10
4401	147.880726	-1.293436469e-10
4402	145.3299667	-1.503721592e-10
4403	143.5568614	-1.348858802e-10
4404	142.7173998	-1.206998945e-10
4405	142.8986768	-1.855156029e-10
4406	144.1056091	-1.460875865e-10
4407	146.2554154	-1.527062921e-10
4408	149.1808868	-1.467022059e-10
4409	152.6425425	-1.724806964e-10
4410	156.3487833	-2.076525618e-10
4411	159.9822352	-1.767830327e-10
4412	163.2297299	-1.456896825e-10
4413	165.812876	-1.972217945e-10
4414	167.5160102	-1.721431886e-10
4415	168.2085023	-1.583515541e-10
4416	167.8589067	-1.322675303e-10
4417	166.5392725	-8.362732729e-11
4418	164.4189354	-4.351008442e-11
4419	161.7482366	-6.229683436e-11
4420	158.8337002	-4.703437639e-11
4421	156.0071501	-4.319744562e-11
4422	153.5919372	4.281019983e-11
4423	151.8698104	5.778488799e-11
4424	151.0519411	-2.383515607e-11
4425	151.2572122	-6.249223361e-12
4426	152.5001363	4.953548682e-11
4427	154.6897542	5.534417369e-11
4428	157.639698	9.394440781e-11
4429	161.0883961	1.400621841e-10
4430	164.7272999	6.092903959e-11
4431	168.2341274	1.023856555e-10
4432	171.3075571	1.181454934e-10
4433	173.6996317	1.629274493e-10
4434	175.2423547	1.780371406e-10
4435	175.8655785	1.028936936e-10
4436	175.6042127	1.083506618e-10
4437	174.5939315	1.53129065e-10
4438	173.0558047	1.809752348e-10
4439	171.2714772	1.398632321e-10
4440	169.5515576	1.44641632e-10
4441	168.2006169	1.118500847e-10
4442	167.4825779	1.113917847e-10
4443	167.5902464	9.363887443e-11
4444	168.622295	1.097042457e-10
4445	170.5702156	1.049826892e-10
4446	173.3166903	3.62305741e-11
4447	176.645605	3.988986919e-11
4448	180.2626857	6.009059916e-11
4449	183.8246014	6.363976013e-11
4450	186.9734836	1.591970999e-11
4451	189.3732371	5.383782309e-11
4452	190.7438477	-4.101252671e-11
4453	190.8901138	1.028865881e-11
4454	189.721846	-3.298694651e-11
4455	187.2634899	-7.075229291e-11
4456	183.6522632	-1.933742055e-11
4457	179.1251044	-1.319158116e-10
4458	173.9959003	-1.213749101e-10
4459	168.6254497	-1.15520038e-10
4460	163.3873422	-7.630163168e-11
4461	158.6332949	-1.107771652e-10
4462	154.6614763	-9.313083638e-11
4463	151.6909572	-1.38264511e-10
4464	149.844712	-1.202771216e-10
4465	149.1426356	-1.207176581e-10
4466	149.5049561	-1.26959776e-10
4467	150.7653171	-1.146780448e-10
4468	152.6918165	-9.545786384e-11
4469	155.0135071	-2.177955594e-10
4470	157.4493795	-1.633111424e-10
4471	159.7367015	-1.316351472e-10
4472	161.6557824	-1.26028965e-10
4473	163.0487406	-1.36154199e-10
4474	163.8306065	-2.056310677e-10
4475	163.9920001	-1.468407618e-10
4476	163.5935805	-1.238156244e-10
4477	162.7533568	-9.77848913e-11
4478	161.6286874	-7.494449505e-11
4479	160.3952917	-1.014974771e-10
4480	159.2258134	-1.050928233e-10
4481	158.2703871	-8.428813203e-11
4482	157.6413016	-3.641176249e-11
4483	157.4032612	7.069900221e-13
4484	157.5700168	-6.263434216e-11
4485	158.1073408	-5.247713375e-11
4486	158.9415744	-1.456612608e-12
4487	159.9723448	2.651034947e-11
4488	161.0876248	1.054090149e-11
4489	162.1791173	1.650590775e-11
4490	163.1560145	-8.245848448e-12
4491	163.9554831	3.901234891e-11
4492	164.5487234	7.504752375e-11
4493	164.9420662	8.33182412e-11
4494	165.1732329	9.302070225e-11
4495	165.3035035	9.764988818e-11
4496	165.4070371	1.143121153e-10
4497	165.5589159	1.400195515e-10
4498	165.8235886	1.526423432e-10
4499	166.2452794	1.185149756e-10
4500	166.841611	1.129905058e-10
4501	167.6012175	1.197619781e-10
4502	168.4855569	1.097895108e-10
4503	169.4345516	1.186855059e-10
4504	170.3751639	1.058815258e-10
4505	171.2316174	1.379376613e-10
4506	171.935766	1.486561985e-10
4507	172.4361003	1.072706368e-10
4508	172.7040878	1.220890056e-10
4509	172.7369183	1.195914479e-10
4510	172.5562429	8.920153505e-11
4511	172.2030649	1.165503249e-10
4512	171.7295006	3.857536512e-11
4513	171.1885984	4.572697776e-11
4514	170.6237185	-7.247535905e-13
4515	170.0590899	-6.028955113e-12
4516	169.4930585	6.494360605e-12
4517	168.8952222	8.718359368e-12
4518	168.208156	-6.226130722e-11
4519	167.3538237	-8.223821624e-11
4520	166.2441213	-3.787903324e-11
4521	164.7943947	-5.834621675e-11
4522	162.9382892	-5.145395221e-11
4523	160.6420004	-7.029044014e-11
4524	157.9159385	-1.337134847e-10
4525	154.8220173	-1.101412295e-10
4526	151.4752149	-1.131859051e-10
4527	148.0386844	-7.872458241e-11
4528	144.712448	-8.936495988e-11
4529	141.7165013	-2.238706998e-10
4530	139.2698873	-2.169002755e-10
4531	137.567885	-1.432312047e-10
4532	136.7598126	-1.894235879e-10
4533	136.9300262	-1.828155405e-10
4534	138.0844715	-1.603090993e-10
4535	140.1446384	-1.805062766e-10
4536	142.9500265	-1.613713607e-10
4537	146.269321	-1.411066819e-10
4538	149.8195185	-1.233111391e-10
4539	153.2913191	-1.347437717e-10
4540	156.3783445	-1.599822497e-10
4541	158.8072207	-1.286188933e-10
4542	160.3653635	-8.388667538e-11
4543	160.9234474	-5.58415536e-11
4544	160.4500157	-1.024709206e-10
4545	159.0164684	-1.253930293e-10
4546	156.7916525	-4.477129778e-11
4547	154.0263784	-2.372857466e-11
4548	151.0292786	-2.168221158e-11
4549	148.1363822	-1.98951966e-12
4550	145.6774987	9.421796676e-12
4551	143.9429011	3.948130711e-11
4552	143.1538211	5.921307888e-11
4553	143.4399098	1.001154715e-10
4554	144.8261109	1.14415144e-10
4555	147.2304112	1.43636214e-10
4556	150.4727804	1.156301721e-10
4557	154.2944084	1.147704154e-10
4558	158.385239	1.960032137e-10
4559	162.4168833	1.36935796e-10
4560	166.0774012	1.274678141e-10
4561	169.1042153	1.645830139e-10
4562	171.311605	1.255422433e-10
4563	172.6097949	1.141557959e-10
4564	173.0135553	1.163833474e-10
4565	172.6393543	1.686117912e-10
4566	171.6913449	1.629025803e-10
4567	170.4376801	9.177014704e-11
4568	169.179706	1.187849819e-10
4569	168.2173606	1.040483255e-10
4570	167.8145327	1.158326768e-10
4571	168.1681458	8.762413017e-11
4572	169.3843408	1.28846267e-10
4573	171.464374	8.185097045e-11
4574	174.301801	-2.780708996e-11
4575	177.6913059	1.134026206e-11
4576	181.3482866	-2.049915793e-11
4577	184.9371506	-1.222133506e-12
4578	188.1053477	-9.398348766e-11
4579	190.5195561	-8.865441714e-11
4580	191.9002182	-7.33990646e-11
4581	192.0508093	-7.119993484e-11
4582	190.8787929	-7.107203714e-11
4583	188.4061146	-2.509281671e-11
4584	184.7681977	-1.452420406e-10
4585	180.2016234	-1.326512233e-10
4586	175.0218585	-1.508375647e-10
4587	169.5934191	-1.339515165e-10
4588	164.2956137	-1.165147978e-10
4589	159.4874197	-2.162536816e-10
4590	155.4750755	-1.469331323e-10
4591	152.4856111	-1.86680893e-10
4592	150.6488566	-1.587459053e-10
4593	149.9895169	-1.408118067e-10
4594	150.4298123	-1.661994986e-10
4595	151.8020641	-1.937578986e-10
4596	153.8695845	-1.595275023e-10
4597	156.3534073	-1.744417943e-10
4598	158.9618732	-1.200781696e-10
4599	161.4198844	-1.063078514e-10
4600	163.4948089	-1.511253345e-10
4601	165.0164903	-1.060946886e-10
4602	165.8895609	-8.871126056e-11
4603	166.097166	-9.09281539e-11
4604	165.6961776	-6.293632282e-11
4605	164.8049013	-5.547917681e-11
4606	163.5850553	-9.532641343e-11
4607	162.2203447	-6.089706517e-11
4608	160.8942131	-5.559286365e-11
4609	159.7693112	-2.52704524e-11
4610	158.9708894	1.709565822e-11
4611	158.5757554	-1.476152534e-11
4612	158.6077033	2.142286348e-12
4613	159.0395192	3.738520604e-11
4614	159.800888	7.886313824e-11
4615	160.7908657	5.918110446e-11
4616	161.8931038	1.067448352e-10
4617	162.991786	5.585576446e-11
4618	163.986252	6.247802276e-11
4619	164.8025604	6.792078011e-11
4620	165.4007109	1.021014384e-10
4621	165.7768585	1.209414791e-10
4622	165.9605204	8.941469787e-11
4623	166.0074193	9.578471349e-11
4624	165.9891422	8.920153505e-11
4625	165.9811555	1.409574679e-10
4626	166.0508752	1.234354841e-10
4627	166.247415	1.496758273e-10
4628	166.5943531	9.073986007e-11
4629	167.0864109	1.269171435e-10
4630	167.6903735	9.633893683e-11
4631	168.3499996	9.79412107e-11
4632	168.994119	1.532498572e-10
4633	169.5466953	6.283684684e-11
4634	169.9373741	6.263434216e-12
4635	170.1109883	3.619149425e-11
4636	170.0346532	5.31912292e-11
4637	169.7014299	7.751665976e-11
4638	169.1300264	5.351097343e-11
4639	168.3605698	6.163958233e-12
4640	167.4470494	-1.879385536e-12
4641	166.447521	8.775202787e-13
4642	165.4135109	-4.458655667e-12
4643	164.3802142	-7.286615755e-12
4644	163.3590228	-4.339639759e-11
4645	162.3336437	-8.57092175e-11
4646	161.2606136	-1.013980011e-10
4647	160.0744317	-3.367617296e-11
4648	158.6968927	-1.193676269e-10
4649	157.0495963	-1.187281384e-10
4650	155.0681025	-1.533138061e-10
4651	152.7158835	-1.264126581e-10
4652	149.996122	-1.345519252e-10
4653	146.9595587	-1.361009083e-10
4654	143.7069826	-1.592930232e-10
4655	140.385549	-1.466418098e-10
4656	137.1788345	-1.529087967e-10
4657	134.291318	-1.533209115e-10
4658	131.9287078	-1.613322809e-10
4659	130.2761355	-1.334719002e-10
4660	129.4766237	-1.458992926e-10
4661	129.6123495	-1.580282571e-10
4662	130.6910532	-1.274749195e-10
4663	132.639474	-1.064925925e-10
4664	135.3049969	-1.337987499e-10
4665	138.4658164	-1.41291423e-10
4666	141.8489792	-1.326583288e-10
4667	145.1547533	-8.683187502e-11
4668	148.084998	-1.025028951e-10
4669	150.3726659	-9.59943236e-11
4670	151.809332	-3.444711183e-11
4671	152.2677435	-2.068745175e-11
4672	151.7168213	-3.515765457e-11
4673	150.2272823	-2.489031203e-11
4674	147.9670076	5.030997841e-11
4675	145.1863681	2.595967885e-11
4676	142.1948004	6.712497225e-11
4677	139.3309005	8.600409274e-11
4678	136.9290441	1.065032507e-10
4679	135.2859755	4.210676252e-11
4680	134.6308699	7.402434221e-11
4681	135.1020605	8.17870216e-11
4682	136.7329515	1.789324244e-10
4683	139.4486898	1.105675551e-10
4684	143.0740301	1.134914385e-10
4685	147.3516364	1.587885379e-10
4686	151.9689303	1.630411361e-10
4687	156.5906686	1.893951662e-10
4688	160.8937918	1.336317723e-10
4689	164.6008217	1.480344736e-10
4690	167.5082231	1.433875241e-10
4691	169.5066674	1.229949476e-10
4692	170.5910047	1.602025179e-10
4693	170.8588505	1.827551444e-10
4694	170.4979283	5.972466965e-11
4695	169.7635268	7.771561172e-11
4696	168.9485088	9.056932981e-11
4697	168.3491236	1.138893424e-10
4698	168.2303424	7.310063665e-11
4699	168.7944937	5.393019364e-12
4700	170.1566326	-2.685851541e-12
4701	172.3293533	4.295230838e-12
4702	175.2187399	1.98170369e-11
4703	178.6319518	-1.245581416e-11
4704	182.2956842	-1.630340307e-11
4705	185.8835773	-1.367297386e-10
4706	189.049683	-9.330136663e-11
4707	191.4644525	-9.037037785e-11
4708	192.8494423	-4.94786434e-11
4709	193.007077	-7.815614822e-11
4710	191.8423472	-2.338893523e-10
4711	189.3741816	-1.873097233e-10
4712	185.7353384	-1.9411317e-10
4713	181.1608756	-1.772662017e-10
4714	175.9664572	-1.618474244e-10
4715	170.518806	-1.276809769e-10
4716	165.2014065	-2.010693834e-10
4717	160.3790127	-1.577404873e-10
4718	156.3645871	-1.798703408e-10
4719	153.3919761	-1.600852784e-10
4720	151.5969665	-1.333653188e-10
4721	151.0084366	-1.508553282e-10
4722	151.5502196	-1.590088061e-10
4723	153.0531674	-1.079207834e-10
4724	155.2758487	-1.255671123e-10
4725	157.9314598	-1.403570593e-10
4726	160.7179551	-8.850875588e-11
4727	163.3481657	-1.491677892e-10
4728	165.5767991	-1.180495701e-10
4729	167.2216601	-1.148734441e-10
4730	168.1771587	-5.648104207e-11
4731	168.4190805	-5.571720862e-11
4732	168.0005776	-6.714273582e-11
4733	167.0402954	-5.128697467e-11
4734	165.7043607	-1.35571554e-11
4735	164.184547	2.631495022e-11
4736	162.6752403	2.604139127e-11
4737	161.3518233	7.563372151e-11
4738	160.3528015	7.131717439e-11
4739	159.7674451	4.166622602e-11
4740	159.6299937	5.449152241e-11
4741	159.9206573	1.046984721e-10
4742	160.5728442	9.245226806e-11
4743	161.4853452	6.757261417e-11
4744	162.5376897	8.112621686e-11
4745	163.6066054	9.678657875e-11
4746	164.5814976	1.294644392e-10
4747	165.3770952	1.403783756e-10
4748	165.9418595	1.45746526e-10
4749	166.261357	1.104005776e-10
4750	166.3564676	1.138253936e-10
4751	166.276967	9.8669517e-11
4752	166.0915859	1.30583544e-10
4753	165.8760583	1.499138591e-10
4754	165.7008651	5.694644756e-11
4755	165.6203508	7.031886184e-11
4756	165.6646439	1.204654154e-10
4757	165.8353848	9.392664424e-11
4758	166.1057174	5.66728886e-11
4759	166.4244079	5.632827538e-11
4760	166.723392	2.920685915e-11
4761	166.9275944	1.690025897e-11
4762	166.9655721	3.407407689e-11
4763	166.7794408	2.384581421e-11
4764	166.3326598	3.650768576e-11
4765	165.6145672	-4.655120733e-11
4766	164.64102	-1.425348728e-11
4767	163.451048	-2.791722409e-11
4768	162.1000033	7.123190926e-12
4769	160.6501936	-4.06217282e-11
4770	159.160369	-6.451372769e-11
4771	157.6756288	-7.845102346e-11
4772	156.2192985	-1.042153031e-10
4773	154.7880972	-9.461587069e-11
4774	153.3514959	-1.319762077e-10
4775	151.855612	-8.9499963e-11
4776	150.2313582	-1.454019127e-10
4777	148.4059521	-1.219611079e-10
4778	146.3163735	-1.305942021e-10
4779	143.9230021	-1.07590381e-10
4780	141.2215285	-1.110578296e-10
4781	138.2513396	-1.544862016e-10
4782	135.0989214	-1.025668439e-10
4783	131.8953743	-1.264659488e-10
4784	128.807831	-1.877467071e-10
4785	126.0253257	-1.624371748e-10
4786	123.7403957	-1.611013545e-10
4787	122.1283093	-9.945111401e-11
4788	121.3262269	-1.090434409e-10
4789	121.4147566	-1.312479014e-10
4790	122.4042361	-9.859846273e-11
4791	124.2276545	-9.497824749e-11
4792	126.7414651	-7.894485066e-11
4793	129.7347028	-6.107470085e-11
4794	132.9458906	-4.462208381e-11
4795	136.0863148	-1.988098575e-11
4796	138.8674629	-3.316813491e-11
4797	141.0298562	-1.307398634e-12
4798	142.3702322	1.038102937e-11
4799	142.7640958	-4.304112622e-11
4800	142.1810482	3.723954478e-11
4801	140.6909999	3.116440439e-11
4802	138.4603027	5.385203394e-11
4803	135.7378949	9.262279832e-11
4804	132.8326354	7.25144389e-11
4805	130.0839806	8.742873092e-11
4806	127.8289257	1.353797074e-10
4807	126.3685952	1.334719002e-10
4808	125.9379748	1.279332196e-10
4809	126.6820023	1.647606496e-10
4810	128.6406097	1.491677892e-10
4811	131.7443865	1.847304532e-10
4812	135.8214253	1.575557462e-10
4813	140.6147142	2.285247547e-10
4814	145.8083119	1.802398231e-10
4815	151.0595783	8.336087376e-11
4816	156.0340669	1.440056963e-10
4817	160.4393738	1.402646888e-10
4818	164.0543301	1.38140166e-10
4819	166.7504072	1.014264228e-10
4820	168.5030323	7.115019685e-11
4821	169.3915912	8.084555247e-11
4822	169.5881168	8.301270782e-11
4823	169.3358886	7.549516567e-11
4824	168.9202634	6.691536214e-11
4825	168.6349098	6.623324111e-11
4826	168.7471252	1.768185598e-11
4827	169.4660231	-5.697842198e-11
4828	170.917075	2.397015919e-11
4829	173.1258112	-9.093525932e-11
4830	176.012498	-6.766498473e-11
4831	179.398421	-9.32161015e-11
4832	183.0231555	-1.370743519e-10
4833	186.5710135	-1.351914136e-10
4834	189.70387	-1.443005715e-10
4835	192.0968833	-1.37990952e-10
4836	193.4733137	-1.281463824e-10
4837	193.6347441	-2.156106405e-10
4838	192.4835039	-1.878639466e-10
4839	190.0349312	-1.82151183e-10
4840	186.418195	-1.751736534e-10
4841	181.8656146	-1.709246078e-10
4842	176.6916219	-2.439399793e-10
4843	171.2635934	-1.717026521e-10
4844	165.9676063	-2.232738439e-10
4845	161.1726688	-1.967137564e-10
4846	157.1970868	-1.68242309e-10
4847	154.2803464	-1.57086788e-10
4848	152.5632613	-1.707931574e-10
4849	152.0782164	-1.645510395e-10
4850	152.7502496	-1.276632133e-10
4851	154.4085657	-9.996981021e-11
4852	156.8069998	-1.008189088e-10
4853	159.651053	-1.167386188e-10
4854	162.6285101	-1.072706368e-10
4855	165.4403671	-6.426148502e-11
4856	167.8288791	-6.050626666e-11
4857	169.5999586	-1.490363388e-11
4858	170.6378621	1.490008117e-11
4859	170.9110043	-1.293187779e-11
4860	170.4687422	-2.405542432e-11
4861	169.4299474	1.133315664e-11
4862	167.9650362	6.572875577e-11
4863	166.2737624	5.722711194e-11
4864	164.5614275	4.248335017e-11
4865	163.0162041	5.593747687e-11
4866	161.7900062	8.566658494e-11
4867	160.9848126	7.580425176e-11
4868	160.6456311	1.421014417e-10
4869	160.7604671	1.463433819e-10
4870	161.2668362	1.129620841e-10
4871	162.0636238	1.142090866e-10
4872	163.0265347	9.961809155e-11
4873	164.0250511	1.261390992e-10
4874	164.9387504	1.500275459e-10
4875	165.6710349	1.575735098e-10
4876	166.1587464	7.01518843e-11
4877	166.3767293	1.427515883e-10
4878	166.3370874	1.047304465e-10
4879	166.0835587	7.852918316e-11
4880	165.6820331	1.288675833e-10
4881	165.2086846	5.286793225e-11
4882	164.7374296	2.048139436e-11
4883	164.3284365	7.15267845e-11
4884	164.0192027	8.462208712e-11
4885	163.8193127	5.163869332e-11
4886	163.7094581	5.641709322e-11
4887	163.6447043	3.040767638e-11
4888	163.56141	-2.555111678e-11
4889	163.3867185	-2.651034947e-11
4890	163.0492115	-1.181277298e-11
4891	162.4891749	-3.001332516e-11
4892	161.6670104	-3.689848427e-11
4893	160.5685962	-1.063078514e-10
4894	159.2068437	-1.129549787e-10
4895	157.6192383	-7.069189678e-11
4896	155.8617209	-8.767742088e-11
4897	153.9998005	-8.585132605e-11
4898	152.0981889	-1.193107835e-10
4899	150.2104912	-1.141557959e-10
4900	148.3705097	-1.240394454e-10
4901	146.5865342	-1.057571808e-10
4902	144.8396085	-1.197619781e-10
4903	143.0862373	-1.706226271e-10
4904	141.2653829	-1.325410892e-10
4905	139.3089919	-1.124114135e-10
4906	137.1547542	-1.361186719e-10
4907	134.7594141	-1.087379076e-10
4908	132.1107755	-1.263451566e-10
4909	129.2366015	-1.16376242e-10
4910	126.2089095	-1.341859956e-10
4911	123.1426705	-1.083897416e-10
4912	120.1885839	-1.143298789e-10
4913	117.5203412	-1.240252345e-10
4914	115.3175165	-3.439382112e-11
4915	113.7458496	-5.508482559e-11
4916	112.9371247	-8.035172527e-11
4917	112.9710395	-6.635048067e-11
4918	113.8613751	-4.118305696e-11
4919	115.5484037	-3.141664706e-11
4920	117.8988533	-3.531397397e-11
4921	120.7139446	-1.502797886e-12
4922	123.7451089	-7.631228982e-12
4923	126.7161011	6.352252058e-12
4924	129.3494243	1.12727605e-11
4925	131.394405	3.613820354e-11
4926	132.6539436	3.570832519e-11
4927	133.0069883	5.982059292e-11
4928	132.4241285	6.807709951e-11
4929	130.9743589	9.947953572e-11
4930	128.8219598	1.103366287e-10
4931	126.213476	1.16028076e-10
4932	123.4558498	1.025739493e-10
4933	120.8877475	1.373727798e-10
4934	118.8469067	1.372022496e-10
4935	117.6368271	1.164153218e-10
4936	117.4962751	1.756852441e-10
4937	118.5748392	1.667892491e-10
4938	120.9171897	1.452420406e-10
4939	124.4578087	1.491500257e-10
4940	129.0268658	1.579287812e-10
4941	134.3667339	1.548627893e-10
4942	140.1574957	1.293436469e-10
4943	146.048816	1.287183693e-10
4944	151.6948489	1.532924898e-10
4945	156.788499	1.491606838e-10
4946	161.0914024	9.290701541e-11
4947	164.456431	5.224620736e-11
4948	166.8403159	5.16600096e-11
4949	168.3050399	7.345946074e-11
4950	169.0078559	5.680433901e-11
4951	169.1810229	1.434230512e-11
4952	169.1034602	5.603340014e-11
4953	169.0674108	-5.50350876e-11
4954	169.343746	-6.057376822e-11
4955	170.1497039	-6.989608892e-11
4956	171.6225968	-2.789235509e-11
4957	173.8023786	-5.952571769e-11
4958	176.6250125	-1.625402035e-10
4959	179.9274045	-1.161168939e-10
4960	183.4634226	-1.374864667e-10
4961	186.9293154	-1.34416922e-10
4962	189.9958294	-1.146602813e-10
4963	192.3435983	-9.887557439e-11
4964	193.6980228	-2.004618693e-10
4965	193.859915	-2.48125076e-10
4966	192.7286347	-1.93306704e-10
4967	190.3152534	-1.806910177e-10
4968	186.7443437	-1.477857836e-10
4969	182.2442058	-2.277218414e-10
4970	177.126563	-2.2499691e-10
4971	171.7578604	-1.831033103e-10
4972	166.5251679	-1.515587655e-10
4973	161.800223	-1.440270125e-10
4974	157.9053031	-9.762857189e-11
4975	155.0843783	-1.48897783e-10
4976	153.4823883	-1.710702691e-10
4977	153.1345959	-1.163833474e-10
4978	153.9668785	-7.408473834e-11
4979	155.8066624	-3.580780117e-11
4980	158.4031047	-1.098037217e-10
4981	161.4541966	-7.882050568e-11
4982	164.6378056	-4.740741133e-11
4983	167.6433524	-4.551026223e-11
4984	170.200857	6.352252058e-12
4985	172.1044788	3.717559593e-11
4986	173.2283605	-1.014299755e-11
4987	173.5334865	5.33475486e-11
4988	173.065274	5.4384941e-11
4989	171.9426194	1.186180043e-10
4990	170.3400081	1.23982602e-10
4991	168.4649747	6.053824109e-11
4992	166.5335953	1.045172837e-10
4993	164.7467808	1.449755871e-10
4994	163.2699097	1.704449915e-10
4995	162.2178384	1.355182633e-10
4996	161.6466146	1.509512515e-10
4997	161.552392	1.151008178e-10
4998	161.8771969	1.166604591e-10
4999	162.5204261	1.171684971e-10
5000	163.3543558	1.339763855e-10
5001	164.2415679	1.511217818e-10
5002	165.0520883	1.104005776e-10
5003	165.6781962	8.451195299e-11
5004	166.0452535	1.216449164e-10
5005	166.1174863	1.004849537e-10
5006	165.8983271	8.535039342e-11
5007	165.4256294	9.717027183e-11
5008	164.7626926	3.72715192e-11
5009	163.9865229	5.262990044e-11
5010	163.1750413	4.149569577e-11
5011	162.3950056	4.432010314e-11
5012	161.6922423	2.738431704e-11
5013	161.085413	-4.434141943e-11
5014	160.564018	-5.760369959e-11
5015	160.0907477	-5.151790106e-11
5016	159.6076963	-3.536015925e-11
5017	159.0454399	-4.245848118e-11
5018	158.3336129	-6.133760166e-11
5019	157.4114363	-6.878764225e-11
5020	156.2366896	-1.04662945e-10
5021	154.7918537	-1.157722807e-10
5022	153.0865651	-9.549694369e-11
5023	151.1560482	-6.667377761e-11
5024	149.055763	-1.077111733e-10
5025	146.8530496	-1.508766445e-10
5026	144.6169834	-1.427338248e-10
5027	142.4079314	-1.468691835e-10
5028	140.2683692	-1.231548197e-10
5029	138.2163769	-1.298410268e-10
5030	136.2428867	-1.31439748e-10
5031	134.3132597	-1.379127923e-10
5032	132.3731712	-1.216626799e-10
5033	130.3581759	-1.450786158e-10
5034	128.2057735	-9.82005588e-11
5035	125.8683834	-1.130686655e-10
5036	123.325424	-9.602985074e-11
5037	120.5927025	-1.222097978e-10
5038	117.7275784	-5.164224604e-11
5039	114.8288275	-1.072528732e-10
5040	112.0307633	-7.853273587e-11
5041	109.4918928	-2.646416419e-11
5042	107.3791047	-2.436806312e-11
5043	105.8490226	-1.323385845e-11
5044	105.0286195	-3.833022788e-11
5045	104.9974183	-2.445332825e-11
5046	105.77356	3.029754225e-11
5047	107.3056972	4.71906958e-11
5048	109.4720958	1.202238309e-11
5049	112.0875581	6.633626981e-11
5050	114.9179029	6.929923302e-11
5051	117.7008483	4.19717594e-11
5052	120.1713472	1.0025758e-10
5053	122.0888192	9.830358749e-11
5054	123.2633857	1.309850006e-10
5055	123.5781913	1.241033942e-10
5056	123.0052005	9.944045587e-11
5057	121.6124735	1.33958622e-10
5058	119.5617808	1.418669626e-10
5059	117.0964294	1.067306243e-10
5060	114.520236	1.393161142e-10
5061	112.1695691	1.51924695e-10
5062	110.3811871	1.293400942e-10
5063	109.4591286	1.663842397e-10
5064	109.6440917	1.970121843e-10
5065	111.0885546	1.563726926e-10
5066	113.8403426	1.417603812e-10
5067	117.8364962	1.56603619e-10
5068	122.9082295	1.638937874e-10
5069	128.7965945	1.44467549e-10
5070	135.1773251	4.843059287e-11
5071	141.6923328	8.733636037e-11
5072	147.9845954	7.976552752e-11
5073	153.7327852	5.642419865e-11
5074	158.6819886	3.589661901e-11
5075	162.6672612	-9.283240843e-12
5076	165.6275156	3.316102948e-11
5077	167.6082701	-5.211830967e-12
5078	168.7529768	-3.588240816e-12
5079	169.2838827	-6.721379009e-11
5080	169.474509	-6.41264819e-11
5081	169.6167479	-7.274536529e-11
5082	169.986163	-6.911804462e-11
5083	170.8092849	-5.31663602e-11
5084	172.2364794	-7.313261108e-11
5085	174.3233696	-1.763780233e-10
5086	177.0228661	-1.384599102e-10
5087	180.1887129	-1.39479539e-10
5088	183.5902031	-1.640039216e-10
5089	186.9365123	-1.296101004e-10
5090	189.9080461	-2.396483012e-10
5091	192.1914426	-2.170814639e-10
5092	193.5144672	-1.974562736e-10
5093	193.6770491	-1.655138249e-10
5094	192.5751214	-1.607070033e-10
5095	190.2146985	-1.329851784e-10
5096	186.714669	-2.192095394e-10
5097	182.2979868	-1.583053688e-10
5098	177.272174	-1.427089558e-10
5099	172.0011737	-1.574562702e-10
5100	166.8714893	-1.473239308e-10
5101	162.2561273	-1.747864076e-10
5102	158.480052	-1.401190275e-10
5103	155.7906663	-1.11413101e-10
5104	154.3362569	-8.977352195e-11
5105	154.1544697	-6.564704336e-11
5106	155.1717989	-3.426237072e-11
5107	157.2139095	-5.027089856e-11
5108	160.0254859	-1.623590151e-11
5109	163.2973395	-1.24416033e-11
5110	166.6978102	2.260236442e-11
5111	169.9051272	4.863665026e-11
5112	172.6373989	-4.575895218e-12
5113	174.6772545	3.85433907e-11
5114	175.8888226	2.244249231e-11
5115	176.2256307	6.516742701e-11
5116	175.7290177	1.117896886e-10
5117	174.5176845	1.142161921e-10
5118	172.7699236	8.932232731e-11
5119	170.7007912	1.225863855e-10
5120	168.5369257	9.721290439e-11
5121	166.491848	1.66206604e-10
5122	164.7443825	1.583586595e-10
5123	163.4223663	1.205684441e-10
5124	162.5931093	1.220392676e-10
5125	162.261239	1.703845953e-10
5126	162.3736935	1.360014323e-10
5127	162.8308246	9.93196636e-11
5128	163.501932	1.773301506e-10
5129	164.2431262	9.566036852e-11
5130	164.9152666	9.229594866e-11
5131	165.39984	4.052935765e-11
5132	165.6110113	6.59952093e-11
5133	165.502641	1.073239275e-10
5134	165.0697453	1.786304438e-11
5135	164.3445896	3.056044307e-11
5136	163.3882625	-3.549160965e-12
5137	162.2791058	-9.769962617e-13
5138	161.0997018	-7.830180948e-12
5139	159.9242227	2.48547849e-11
5140	158.8078154	-3.504396773e-11
5141	157.7793503	-7.950973213e-11
5142	156.8383648	-1.079420997e-10
5143	155.9564351	-2.536992838e-11
5144	155.0826073	-9.259437661e-11
5145	154.1519769	-1.253113169e-10
5146	153.0961027	-1.37184486e-10
5147	151.8537203	-1.261959426e-10
5148	150.3802113	-1.283879669e-10
5149	148.654486	-1.702460395e-10
5150	146.6823178	-1.491748947e-10
5151	144.4956772	-1.546283102e-10
5152	142.1481812	-1.655919846e-10
5153	139.7073291	-1.347544298e-10
5154	137.244655	-1.252331572e-10
5155	134.8252389	-1.318021248e-10
5156	132.4981305	-1.518714043e-10
5157	130.2891393	-1.252189463e-10
5158	128.1971439	-1.131468252e-10
5159	126.1946028	-9.012879332e-11
5160	124.2323747	-8.532907714e-11
5161	122.2483483	-1.5229773e-10
5162	120.1788211	-6.824762977e-11
5163	117.9711295	-4.945732712e-11
5164	115.5957811	-7.939249258e-11
5165	113.0563081	-6.426859045e-11
5166	110.3952706	-2.962252665e-11
5167	107.6952602	-1.017497198e-11
5168	105.074351	2.523847797e-11
5169	102.6761386	4.0984105e-11
5170	100.6552273	2.495781359e-11
5171	99.15966224	9.091394304e-12
5172	98.31229253	4.622791039e-11
5173	98.19331668	4.627409567e-11
5174	98.82625766	9.213962926e-11
5175	100.1693411	6.874145697e-11
5176	102.1137188	3.70619091e-11
5177	104.4892476	5.634603895e-11
5178	107.0776839	1.550226614e-10
5179	109.6322746	1.203801503e-10
5180	111.9019271	1.041264852e-10
5181	113.6575195	1.261604154e-10
5182	114.7175387	1.047588682e-10
5183	114.9701754	1.212718814e-10
5184	114.3892665	1.827231699e-10
5185	113.0420435	1.364419688e-10
5186	111.0874673	1.082511858e-10
5187	108.7649161	1.177866693e-10
5188	106.3740383	8.185452316e-11
5189	104.2475746	1.692441742e-10
5190	102.7197722	1.5275603e-10
5191	102.0935699	1.805595673e-10
5192	102.6099549	1.380193737e-10
5193	104.4227471	1.265760829e-10
5194	107.5815604	7.958789183e-11
5195	112.0248804	1.042614883e-10
5196	117.5841529	9.503509091e-11
5197	123.9986225	8.122569284e-11
5198	130.9395133	7.228351251e-11
5199	138.0411267	6.094680316e-11
5200	144.9356726	3.985434205e-11
5201	151.288214	-1.807975991e-11
5202	156.8280691	1.040945108e-11
5203	161.3733607	-4.697398026e-11
5204	164.8461206	-1.665512173e-11
5205	167.2763561	7.485567721e-12
5206	168.7946613	-1.055155963e-10
5207	169.614192	-7.457146012e-11
5208	170.0039686	-9.49285095e-11
5209	170.2564139	-7.834444204e-11
5210	170.6526618	-8.643752381e-11
5211	171.4294191	-1.542339589e-10
5212	172.7510012	-1.694573371e-10
5213	174.6896033	-1.605151567e-10
5214	177.2159783	-1.413127393e-10
5215	180.2015647	-1.269455652e-10
5216	183.4318612	-2.118909492e-10
5217	186.6296259	-8.250111705e-11
5218	189.4854039	-2.062137128e-10
5219	191.692094	-6.340528103e-11
5220	192.9798186	-1.864464139e-10
5221	193.1473265	-2.375841746e-10
5222	192.0865287	-1.413624773e-10
5223	189.797503	-1.713900133e-10
5224	186.3923251	-8.83062512e-11
5225	182.0872806	-1.414228734e-10
5226	177.1842471	-1.83405291e-10
5227	172.0431831	-1.268212202e-10
5228	167.0485915	-1.389679483e-10
5229	162.5734442	-7.816680636e-11
5230	158.9442919	-4.139621979e-11
5231	156.4111278	-1.083186874e-10
5232	155.1250332	-2.846078928e-11
5233	155.125783	-1.256239557e-11
5234	156.3405172	4.42561543e-11
5235	158.5934114	-2.476596705e-11
5236	161.625136	-2.764366513e-11
5237	165.1199013	2.314948233e-11
5238	168.7371429	2.560440748e-11
5239	172.144499	1.115374459e-10
5240	175.0486828	6.969713695e-11
5241	177.2211801	1.90663485e-10
5242	178.5163379	1.220641366e-10
5243	178.8802973	5.091038702e-11
5244	178.3502429	1.561275553e-10
5245	177.0444868	1.266613481e-10
5246	175.1448612	1.762607837e-10
5247	172.8736508	1.544293582e-10
5248	170.4677874	1.317559395e-10
5249	168.1531996	1.682352035e-10
5250	166.1220556	8.779110772e-11
5251	164.5151899	1.656701443e-10
5252	163.4113154	1.144115913e-10
5253	162.8237863	7.131006896e-11
5254	162.7047958	1.408047012e-10
5255	162.9560544	8.553158182e-11
5256	163.4443148	1.285442863e-10
5257	164.0196414	6.530243013e-11
5258	164.5341233	3.044675623e-11
5259	164.8588096	7.924327861e-11
5260	164.8969807	3.432631956e-11
5261	164.5924163	4.157030276e-11
5262	163.9319982	-1.778488468e-11
5263	162.942717	1.075655121e-10
5264	161.6838333	1.906741431e-11
5265	160.2355114	-1.249844672e-10
5266	158.685613	-5.587708074e-11
5267	157.1164884	-1.407265415e-10
5268	155.5935088	-3.112177183e-11
5269	154.1567755	-7.366196542e-11
5270	152.8169575	-1.774935754e-10
5271	151.5556233	-9.634959497e-11
5272	150.3298132	-1.566888841e-10
5273	149.0800384	-9.321254879e-11
5274	147.7404495	-8.375877769e-11
5275	146.2496594	-1.267359551e-10
5276	144.5606494	-1.838813546e-10
5277	142.6483524	-1.508553282e-10
5278	140.5138527	-7.582201533e-11
5279	138.1846339	-1.048157117e-10
5280	135.7108691	-1.805915417e-10
5281	133.1583112	-2.197779736e-10
5282	130.5988242	-1.397424398e-10
5283	128.0999424	-9.345058061e-11
5284	125.7149988	-1.859028487e-10
5285	123.475305	-1.746585099e-10
5286	121.3856062	-6.839684374e-11
5287	119.4235958	-7.243272648e-11
5288	117.5437191	-1.028723773e-10
5289	115.6848969	-3.959499395e-11
5290	113.7812252	-8.911626992e-11
5291	111.774251	-7.488765164e-11
5292	109.6251344	6.231815064e-11
5293	107.324934	-8.01776423e-11
5294	104.9014164	1.025206586e-10
5295	102.4211678	-1.978506248e-11
5296	99.98634894	3.311129149e-11
5297	97.72610255	8.534684071e-11
5298	95.78333245	7.617018127e-11
5299	94.29821685	1.04488862e-10
5300	93.39032943	9.97602001e-12
5301	93.14153818	1.282103312e-10
5302	93.58189437	1.684696826e-10
5303	94.68049412	7.809219937e-11
5304	96.34281022	1.656914606e-10
5305	98.41529955	8.267520002e-11
5306	100.6972677	1.261462046e-10
5307	102.9591101	1.284732321e-10
5308	104.9652479	9.455902727e-11
5309	106.4994393	1.60436997e-10
5310	107.3897444	5.486100463e-11
5311	107.5303252	1.292939089e-10
5312	106.897476	7.974776395e-11
5313	105.5578077	1.134097261e-10
5314	103.6672901	1.535447325e-10
5315	101.4608134	6.039257983e-11
5316	99.2329612	1.43884904e-10
5317	97.31167529	8.149569908e-11
5318	96.0273274	1.032880448e-10
5319	95.68029459	1.967777052e-10
5320	96.51039305	1.031210672e-10
5321	98.67142139	1.007407491e-10
5322	102.213603	8.098766102e-11
5323	107.0759401	6.715339396e-11
5324	113.0894786	9.815437352e-11
5325	119.9913419	2.228972562e-11
5326	127.448244	-2.744826588e-11
5327	135.0871645	-2.167155344e-11
5328	142.5300771	-5.563549621e-11
5329	149.4291551	-4.698819112e-11
5330	155.4987931	-3.970868079e-11
5331	160.5410903	-1.253610549e-10
5332	164.4621177	-6.602363101e-11
5333	167.2772586	-1.353939183e-10
5334	169.1050756	-3.018385542e-11
5335	170.1503852	-8.123990369e-11
5336	170.6783839	-1.999147514e-10
5337	170.9826384	-7.180034345e-11
5338	171.3504179	-1.682955997e-10
5339	172.0291409	-1.07888809e-10
5340	173.1975925	-1.198330324e-10
5341	174.94505	-2.598241622e-10
5342	177.2606051	-1.470326083e-10
5343	180.0338561	-1.458531074e-10
5344	183.0669142	-6.087574889e-11
5345	186.0964311	-1.842437314e-10
5346	188.8232663	-2.731539439e-10
5347	190.9465772	-1.10556897e-10
5348	192.19863	-2.440252445e-10
5349	192.3765475	5.613287613e-13
5350	191.367534	-1.628031043e-10
5351	189.1648208	-1.140527672e-10
5352	185.8725702	-6.39452935e-11
5353	181.6991599	-1.873168287e-10
5354	176.9395122	1.222488777e-11
5355	171.9482976	-1.08521192e-10
5356	167.1068035	-3.231193091e-11
5357	162.7869178	-5.736211506e-11
5358	159.3159605	-1.442401754e-11
5359	156.9459789	-4.343192472e-11
5360	155.8306205	-7.099032473e-11
5361	156.0118722	1.187601129e-10
5362	157.4178902	-5.06972242e-12
5363	159.8719747	-3.281996896e-11
5364	163.1115772	1.28821398e-10
5365	166.8152071	3.658939818e-11
5366	170.6343239	6.283329412e-11
5367	174.226853	8.206058055e-11
5368	177.288876	-1.175948228e-12
5369	179.581333	1.381472714e-10
5370	180.949191	3.268851856e-11
5371	181.3314029	1.433200225e-10
5372	180.7610039	1.162909768e-10
5373	179.3557619	2.255191589e-10
5374	177.300776	1.027409269e-10
5375	174.8252229	1.292512763e-10
5376	172.1759813	1.449720344e-10
5377	169.5910802	1.201456712e-10
5378	167.2758043	1.063611421e-10
5379	165.3838643	1.222772994e-10
5380	164.005371	4.619948868e-11
5381	163.1625136	3.648636948e-11
5382	162.8129433	8.741452007e-11
5383	162.8600006	8.645173466e-11
5384	163.1681992	7.962697168e-11
5385	163.5818707	1.150013418e-11
5386	163.9446282	2.178879299e-11
5387	164.1173415	-4.211031523e-11
5388	163.9926264	-5.240252676e-12
5389	163.5043722	-3.692690598e-11
5390	162.631509	-3.418776373e-11
5391	161.3959571	-4.458655667e-11
5392	159.85541	-1.172253405e-10
5393	158.0922045	-8.72404371e-11
5394	156.1999476	-1.101696512e-10
5395	154.2697617	-5.486811006e-11
5396	152.377963	-8.772360616e-11
5397	150.5767082	-1.033981789e-10
5398	148.8886858	-1.799946858e-10
5399	147.3063492	-6.234657235e-11
5400	145.7955592	-1.628279733e-10
5401	144.3029224	-1.985185349e-10
5402	142.7656363	-1.492921342e-10
5403	141.1223484	-1.875797295e-10
5404	139.3234419	-2.044835412e-10
5405	137.3392816	-8.608935786e-11
5406	135.1652666	-1.47110768e-10
5407	132.8230068	-2.292139811e-10
5408	130.357495	-1.197122401e-10
5409	127.8307164	-1.160209706e-10
5410	125.3126427	-1.287325802e-10
5411	122.8709359	-1.143618533e-10
5412	120.5608811	-3.426947615e-11
5413	118.4170547	-9.686118574e-11
5414	116.4480114	-2.966515922e-12
5415	114.6348734	-1.150226581e-10
5416	112.9341688	-2.561506562e-11
5417	111.2846758	-3.132427651e-11
5418	109.6174507	3.780442626e-11
5419	107.8677367	1.995204002e-11
5420	105.9871275	7.610978514e-11
5421	103.9542481	9.068656937e-11
5422	101.782329	3.824141004e-11
5423	99.52238672	7.857181572e-11
5424	97.26124971	1.603979172e-10
5425	95.11431014	8.865086443e-11
5426	93.21358124	1.393161142e-10
5427	91.6922883	9.213607655e-11
5428	90.66775046	1.591828891e-10
5429	90.22464018	2.455138315e-10
5430	90.40079148	9.747935792e-11
5431	91.17754459	2.289013423e-10
5432	92.4761757	7.030109828e-11
5433	94.16130888	2.02575734e-10
5434	96.05141328	1.851105935e-10
5435	97.93564215	1.302922215e-10
5436	99.59547189	2.817337474e-10
5437	100.8289442	1.097895108e-10
5438	101.4748879	1.11796794e-10
5439	101.4343579	4.676081744e-11
5440	100.686701	1.615809708e-10
5441	99.2981419	2.002451538e-10
5442	97.42152055	1.176623243e-10
5443	95.28674085	1.217124179e-10
5444	93.18250165	3.663203074e-11
5445	91.43086608	2.727773563e-11
5446	90.35707098	1.169233599e-10
5447	90.25758475	4.882139137e-11
5448	91.36971493	1.060378452e-10
5449	93.84600468	-7.288747383e-11
5450	97.73623809	6.760103588e-11
5451	102.9791356	9.37596667e-11
5452	109.4048379	-2.305711178e-12
5453	116.7481521	-3.090150358e-11
5454	124.67139	-1.22728494e-10
5455	132.7945891	-2.152589218e-11
5456	140.7300899	-1.026592145e-10
5457	148.1179403	-8.937561802e-11
5458	154.6584705	-1.241531322e-10
5459	160.1386434	-5.824318805e-11
5460	164.4494257	-1.287041584e-10
5461	167.5923568	-4.520117614e-11
5462	169.6746398	-1.982343178e-10
5463	170.8933023	-1.566995422e-10
5464	171.5101467	-1.341611267e-10
5465	171.8202063	-1.773265978e-10
5466	172.1171239	-7.792522183e-11
5467	172.6592092	-1.532960425e-10
5468	173.6398604	-1.728110988e-10
5469	175.1655628	-1.622311174e-10
5470	177.2438606	-1.117008708e-10
5471	179.7826103	8.775202787e-12
5472	182.6006011	-1.121058801e-10
5473	185.4483863	-1.441193831e-10
5474	188.0370578	-1.369038216e-10
5475	190.0718271	-2.082174433e-10
5476	191.2867491	-5.552536209e-11
5477	191.4767954	-1.205364697e-10
5478	190.5237646	-1.978186503e-10
5479	188.4131815	-1.082973711e-10
5480	185.240304	-1.096047697e-10
5481	181.204529	-4.486011562e-11
5482	176.5927312	-7.983658179e-11
5483	171.7532531	5.078604204e-11
5484	167.0632534	5.453415497e-12
5485	162.8928207	1.001154715e-11
5486	159.5695862	1.742250788e-11
5487	157.3474924	5.540101711e-11
5488	156.3829149	1.617621592e-10
5489	156.7205292	5.897504707e-11
5490	158.2902722	3.038636009e-11
5491	160.9155687	3.996447617e-11
5492	164.3318182	4.004263587e-11
5493	168.2130815	1.789217663e-10
5494	172.2040945	7.889511267e-11
5495	175.9542401	1.435651598e-11
5496	179.1499841	6.590994417e-11
5497	181.5425278	9.887202168e-11
5498	182.9680219	1.696776053e-10
5499	183.3585383	1.281250661e-10
5500	182.7430274	1.999467258e-11
5501	181.2385638	1.362110424e-10
5502	179.0331983	6.875922054e-11
5503	176.3625747	1.406981198e-10
5504	173.483042	8.967049325e-11
5505	170.6442593	1.435367381e-10
5506	168.064209	2.265565513e-11
5507	165.9091453	8.554934539e-12
5508	164.2803478	1.108091396e-10
5509	163.2087181	-3.836930773e-12
5510	162.6573369	1.325517474e-11
5511	162.5312174	7.333511576e-11
5512	162.6927196	-9.605471973e-11
5513	162.980541	2.219380235e-11
5514	163.2299034	-1.599076427e-11
5515	163.2915527	-1.605826583e-12
5516	163.047459	-3.420908001e-11
5517	162.4216108	-7.50084439e-11
5518	161.3849653	-7.75273179e-11
5519	159.9543676	-1.039701658e-10
5520	158.1859887	-1.219078172e-10
5521	156.1644636	-9.280398672e-11
5522	153.9893776	-1.551683226e-10
5523	151.7609821	-1.254321091e-10
5524	149.5670169	-2.00131467e-10
5525	147.4722776	-1.180247011e-10
5526	145.5121238	-1.648956527e-10
5527	143.690559	-1.324877985e-10
5528	141.9828768	-1.643201131e-10
5529	140.3422647	-1.446736064e-10
5530	138.7092489	-1.735358524e-10
5531	137.0225214	-1.202202782e-10
5532	135.2295504	-1.295248353e-10
5533	133.2954523	-1.19303678e-10
5534	131.2088867	-1.161239993e-10
5535	128.9841765	-9.968559311e-11
5536	126.6594036	-5.263700587e-11
5537	124.2908022	-1.783888592e-10
5538	121.9443	-1.592574961e-10
5539	119.6854626	-5.09565723e-11
5540	117.5693319	-4.899547434e-11
5541	115.6316785	-2.4257929e-11
5542	113.8830092	-5.46975798e-11
5543	112.3062988	7.268852187e-12
5544	110.8589126	5.567812877e-11
5545	109.4785968	-1.901767632e-11
5546	108.0928373	2.017159773e-10
5547	106.6303829	4.536104825e-11
5548	105.0333776	5.033129469e-11
5549	103.2683919	4.94502217e-11
5550	101.3347119	9.442402416e-11
5551	99.26854207	1.259863325e-10
5552	97.142259	1.017781415e-10
5553	95.0584762	8.02025113e-11
5554	93.13935887	6.032863098e-11
5555	91.51228278	2.160867041e-10
5556	90.29347616	1.8792079e-10
5557	89.57164466	1.004458738e-10
5558	89.3937047	2.30084396e-10
5559	89.75461317	1.290487717e-10
5560	90.59288913	1.748325928e-10
5561	91.79281281	2.358895301e-10
5562	93.19352451	1.578364106e-10
5563	94.60441814	1.922302317e-10
5564	95.82542833	1.199005339e-10
5565	96.67014236	1.576587749e-10
5566	96.98921534	1.840270158e-10
5567	96.6913894	7.097611388e-11
5568	95.75954816	1.325908272e-10
5569	94.25967269	5.261568958e-11
5570	92.34126467	1.154631946e-10
5571	90.22869639	-2.344435757e-11
5572	88.20393807	1.093418689e-10
5573	86.5820922	1.544471218e-10
5574	85.68201895	1.730171562e-11
5575	85.79496647	5.161737704e-11
5576	87.15444661	-4.793676567e-11
5577	89.91057528	7.638334409e-13
5578	94.11172019	6.329869962e-11
5579	99.69559954	-7.823430792e-11
5580	106.4910237	-4.303046808e-11
5581	114.2303674	-1.115338932e-10
5582	122.5717217	-9.971401482e-11
5583	131.1286257	-8.751044334e-11
5584	139.5044393	-1.357172152e-10
5585	147.3278794	-1.516333725e-10
5586	154.2860753	-8.320100164e-11
5587	160.1517161	-1.564330887e-10
5588	164.8014621	-1.934346017e-10
5589	168.2236918	-1.639897107e-10
5590	170.5147851	-1.516227144e-10
5591	171.8643537	-9.899281395e-11
5592	172.53102	-1.75500503e-10
5593	172.8113549	-6.692957299e-11
5594	173.0053313	-1.184368159e-10
5595	173.3820249	-2.138733635e-10
5596	174.1492723	-1.372200131e-10
5597	175.4305704	-1.171862607e-10
5598	177.251716	-1.265121341e-10
5599	179.5386272	-1.825455342e-10
5600	182.1265725	-1.123510174e-10
5601	184.7797907	-9.638156939e-11
5602	187.2193488	-1.011173367e-10
5603	189.1561886	-5.186961971e-12
5604	190.3257393	-7.962697168e-11
5605	190.5203	-1.88144611e-10
5606	189.6156313	2.806643806e-12
5607	187.5888182	-9.331557749e-11
5608	184.5254077	4.043698709e-11
5609	180.6149789	1.469402378e-11
5610	176.135548	-1.072280043e-10
5611	171.4284092	-5.39444045e-11
5612	166.86603	-7.343459174e-12
5613	162.8163587	-4.995115432e-12
5614	159.6072695	-1.725908305e-11
5615	157.4948413	1.209201628e-10
5616	156.6387404	1.021795981e-10
5617	157.0872061	5.540101711e-11
5618	158.7731076	1.565894081e-10
5619	161.5213661	3.976197149e-11
5620	165.0668447	1.735216415e-10
5621	169.0807297	1.817852535e-10
5622	173.2025731	4.816769206e-11
5623	177.0746345	1.037747666e-10
5624	180.3749844	8.260769846e-11
5625	182.8460489	1.228066537e-10
5626	184.3158301	2.767563956e-12
5627	184.7098784	2.231459462e-11
5628	184.0531195	9.368505971e-11
5629	182.4617281	-4.245848118e-11
5630	180.1262831	1.662421312e-10
5631	177.2883129	4.044409252e-11
5632	174.2129623	1.31166189e-11
5633	171.1608146	1.010995732e-10
5634	168.3618678	1.795186222e-11
5635	165.9943014	7.540990055e-11
5636	164.1700367	-4.071409876e-11
5637	162.9282582	9.333689377e-11
5638	162.2371404	3.40492079e-11
5639	162.0031077	-4.645528406e-11
5640	162.086154	-1.724842491e-11
5641	162.3191508	-1.099564884e-10
5642	162.5287325	-3.383604508e-11
5643	162.5553019	-5.213962595e-11
5644	162.2699348	-1.665227956e-10
5645	161.5864446	-1.128697136e-10
5646	160.4675323	-1.654463233e-10
5647	158.9247024	-4.92690333e-11
5648	157.0123863	-1.437321373e-10
5649	154.8173822	-1.398845484e-10
5650	152.4452281	-1.174136344e-10
5651	150.0054056	-2.158913048e-10
5652	147.5973113	-9.208278584e-11
5653	145.2987294	-1.976658837e-10
5654	143.1581268	-9.525180644e-11
5655	141.1915307	-1.811386596e-10
5656	139.3841173	-2.317683823e-10
5657	137.6960103	-1.430819907e-10
5658	136.0712551	-1.208171341e-10
5659	134.4485478	-1.748716727e-10
5660	132.772116	-1.71517911e-10
5661	131.0011838	-9.779554944e-11
5662	129.1166968	-1.62806657e-10
5663	127.1244007	-8.104450444e-11
5664	125.0538998	-8.192913015e-11
5665	122.9538983	-3.867128839e-11
5666	120.8843699	-7.357670029e-11
5667	118.9068355	-2.836486601e-11
5668	117.074206	3.701927653e-12
5669	115.4217136	5.5166538e-11
5670	113.9603214	7.340261732e-11
5671	112.6736661	6.673062103e-11
5672	111.5191072	1.681854656e-11
5673	110.4328849	1.217550505e-10
5674	109.3388057	2.706457281e-11
5675	108.1593563	1.012061546e-10
5676	106.8277626	7.632294796e-11
5677	105.2993179	7.708322869e-11
5678	103.56033	1.715640963e-10
5679	101.633288	1.333511079e-10
5680	99.57729482	1.513065229e-10
5681	97.48340395	9.119105471e-11
5682	95.46516474	1.669100413e-10
5683	93.64533458	2.277928957e-10
5684	92.14027734	1.945430483e-10
5685	91.04395824	2.625277773e-10
5686	90.41361006	7.939959801e-11
5687	90.25905418	1.261142302e-10
5688	90.53731481	2.412328115e-10
5689	91.1535956	9.2800434e-11
5690	91.96895936	9.201883699e-11
5691	92.81424283	1.099387248e-10
5692	93.50894782	6.978595479e-11
5693	93.88317186	1.842153097e-10
5694	93.80016289	9.330847206e-11
5695	93.17686892	1.028581664e-10
5696	91.99994	7.91899879e-11
5697	90.33502891	1.191935439e-10
5698	88.3278941	-7.797495982e-11
5699	86.19666713	6.876987868e-11
5700	84.21561536	8.691003472e-11
5701	82.69170115	-1.088480417e-10
5702	81.9361001	6.08793016e-11
5703	82.23349164	-1.036504216e-10
5704	83.81229455	-4.176214929e-11
5705	86.81903895	-3.251443559e-11
5706	91.29973271	-9.851675031e-11
5707	97.19042146	-9.42286249e-11
5708	104.3182235	-1.071143174e-10
5709	112.4130377	-5.060130093e-11
5710	121.1289929	-1.144684347e-10
5711	130.0736506	-1.831743646e-10
5712	138.842114	-7.754863418e-11
5713	147.0526249	-1.091926549e-10
5714	154.3800209	-8.682832231e-11
5715	160.5836041	-1.961062424e-10
5716	165.5265241	-1.441442521e-10
5717	169.184651	-1.550866102e-10
5718	171.6440132	-8.571632293e-11
5719	173.0870835	-1.468443145e-10
5720	173.7693876	-1.490576551e-10
5721	173.9889452	-1.123474647e-10
5722	174.0518298	-1.695354968e-10
5723	174.2375522	-6.753708703e-11
5724	174.7679965	-5.907452305e-11
5725	175.7832564	-1.710986908e-11
5726	177.3269711	-6.752287618e-11
5727	179.3427318	-1.459738996e-10
5728	181.6819243	1.629629764e-11
5729	184.1221295	-4.455813496e-11
5730	186.3940506	1.663025273e-11
5731	188.2140039	-2.08295603e-11
5732	189.3184002	-1.165538777e-10
5733	189.4964217	6.350475701e-11
5734	188.6172887	-8.247624805e-11
5735	186.649095	-9.329426121e-12
5736	183.6670983	2.743050231e-11
5737	179.8504917	-8.020606401e-11
5738	175.467924	2.435740498e-11
5739	170.853249	-1.014299755e-11
5740	166.3740272	8.164491305e-11
5741	162.3960831	7.675993174e-11
5742	159.2478279	1.610729328e-10
5743	157.1880765	1.345128453e-10
5744	156.3806996	1.814370876e-11
5745	156.8787114	1.688853501e-10
5746	158.6193822	8.682121688e-11
5747	161.4307938	9.265477274e-11
5748	165.0490537	7.774403343e-11
5749	169.1442784	-4.7684523e-11
5750	173.3525711	8.53717097e-11
5751	177.31064	6.157918619e-11
5752	180.6894908	1.061621901e-10
5753	183.2237994	-1.209343736e-11
5754	184.734099	1.585576115e-11
5755	185.1397387	7.39177608e-11
5756	184.4615905	4.344968829e-11
5757	182.8145839	1.302957742e-10
5758	180.3912153	1.293898322e-11
5759	177.4380879	-9.089617947e-11
5760	174.2282021	4.74784656e-11
5761	171.0320639	-9.199041529e-11
5762	168.0906847	-2.304290092e-11
5763	165.5932165	-1.676525585e-11
5764	163.6613495	-4.188649427e-11
5765	162.3417757	-1.181810205e-10
5766	161.6070838	-5.21787058e-11
5767	161.3645125	-1.232542957e-10
5768	161.4711525	-1.087023804e-10
5769	161.7535455	5.670131031e-11
5770	162.0292433	-7.331024676e-11
5771	162.1278007	-3.355893341e-11
5772	161.9088748	-5.927347502e-11
5773	161.275564	-9.684342217e-11
5774	160.1817724	-6.977884937e-11
5775	158.633147	-9.424638847e-11
5776	156.6819184	-1.927702442e-10
5777	154.4166759	-1.433733132e-10
5778	151.9486567	-1.41589851e-10
5779	149.3964594	-1.549125273e-10
5780	146.8711716	-1.718376552e-10
5781	144.4637406	-1.57893254e-10
5782	142.2360276	-1.268887218e-10
5783	140.2164426	-1.627356028e-10
5784	138.4004176	-4.08810763e-11
5785	136.7553363	-9.537615142e-11
5786	135.2289689	-1.853024401e-10
5787	133.7600404	-7.096900845e-11
5788	132.2893299	-8.117240213e-11
5789	130.7696943	-1.035900254e-10
5790	129.1736101	-4.32436309e-11
5791	127.4972231	-8.720846267e-11
5792	125.7604063	-9.197975714e-11
5793	124.0029081	-3.055333764e-13
5794	122.277227	-9.967848769e-11
5795	120.639313	-2.565769819e-11
5796	119.1385053	6.512124173e-12
5797	117.808233	4.047961966e-11
5798	116.6589045	2.488675932e-11
5799	115.6741205	1.149054185e-10
5800	114.8108886	1.248956494e-10
5801	114.0039623	7.173284189e-11
5802	113.173843	1.152002937e-10
5803	112.2374514	1.589413046e-10
5804	111.1200635	1.353619439e-10
5805	109.7668738	1.914131076e-10
5806	108.1525334	7.548095482e-11
5807	106.2872151	1.794262516e-10
5808	104.2181658	1.409823369e-10
5809	102.0262686	1.640181324e-10
5810	99.81778566	1.282067785e-10
5811	97.71210539	1.317594922e-10
5812	95.82689293	2.264179955e-10
5813	94.26246052	4.97379915e-11
5814	93.08737814	2.12601492e-10
5815	92.3272989	2.403872656e-10
5816	91.95867445	9.394085509e-11
5817	91.90851093	1.720579235e-10
5818	92.06062007	8.05933098e-11
5819	92.26803475	7.656453249e-11
5820	92.37047314	1.962980889e-10
5821	92.21504929	4.634870265e-11
5822	91.67792547	1.057927079e-10
5823	90.68435224	-2.662403631e-11
5824	89.22458579	-3.821654104e-11
5825	87.36351459	1.342286282e-10
5826	85.24244075	-1.428190899e-11
5827	83.07228411	1.044497822e-11
5828	81.11842053	-7.737810392e-11
5829	79.67832563	6.569678135e-11
5830	79.05406134	-1.043609643e-10
5831	79.52231234	-6.632916438e-12
5832	81.3050702	-4.00497413e-11
5833	84.5441213	-1.421831541e-10
5834	89.28220439	-7.863931728e-11
5835	95.45308623	-1.255848758e-10
5836	102.8819206	-1.1118928e-10
5837	111.2961969	-1.112319126e-10
5838	120.3464661	-1.426840868e-10
5839	129.6349691	-1.777991088e-10
5840	138.749418	-1.269206962e-10
5841	147.2985749	-1.458140275e-10
5842	154.9460281	-2.410125433e-10
5843	161.4386991	-1.079669687e-10
5844	166.6271246	-1.422080231e-10
5845	170.4753968	-8.641265481e-11
5846	173.0597164	-8.270006902e-11
5847	174.5557163	-1.735926958e-10
5848	175.2159022	-8.218847825e-11
5849	175.3396189	-1.267856931e-10
5850	175.2387511	5.584865903e-12
5851	175.2028343	-1.114059955e-10
5852	175.4673159	4.905231776e-11
5853	176.1883733	-5.142908321e-11
5854	177.4269822	-4.632383366e-11
5855	179.1439345	6.772893357e-11
5856	181.2063072	-4.606093285e-11
5857	183.4046448	6.615863413e-11
5858	185.4789453	5.911715562e-12
5859	187.1505799	-3.565503448e-11
5860	188.1566252	7.749179076e-11
5861	188.2828195	-7.134914881e-11
5862	187.3914986	1.030855401e-10
5863	185.4414071	3.053912678e-11
5864	182.4971592	-4.671463216e-11
5865	178.7272429	6.895106708e-11
5866	174.3906979	2.274802569e-11
5867	169.8138229	1.169659924e-10
5868	165.3593378	5.104183742e-11
5869	161.3912377	3.424815986e-11
5870	158.2390341	1.110258552e-10
5871	156.1651326	8.499156934e-11
5872	155.3387578	4.322942004e-11
5873	155.8191231	6.483347192e-11
5874	157.549556	1.023643392e-10
5875	160.3631225	1.48897783e-10
5876	163.9990823	4.125766395e-11
5877	168.1283823	5.418598903e-11
5878	172.3854709	1.676170314e-11
5879	176.4031003	1.474411704e-10
5880	179.8465247	2.311040248e-11
5881	182.4436387	-7.673861546e-11
5882	184.00809	7.473133223e-11
5883	184.4532095	-1.686828455e-11
5884	183.7956085	8.417799791e-11
5885	182.1484111	-2.611244554e-11
5886	179.7051721	-7.291944826e-11
5887	176.7164797	-6.270184372e-11
5888	173.461945	-5.524469771e-11
5889	170.2206719	-2.624744866e-11
5890	167.2433485	-1.22319932e-11
5891	164.7288051	-8.800427054e-11
5892	162.8072892	-4.959233024e-11
5893	161.5318923	-6.569678135e-11
5894	160.8786176	-5.8541616e-11
5895	160.7546166	-5.66977576e-11
5896	161.0132534	-1.195488153e-10
5897	161.4739692	-1.157474117e-10
5898	161.9444902	-1.049116349e-10
5899	162.2427874	-1.346087686e-10
5900	162.216361	-9.459810713e-11
5901	161.7568544	-5.249489732e-11
5902	160.8086453	-1.903934788e-10
5903	159.3708287	-1.498712265e-10
5904	157.4928052	-1.329212296e-10
5905	155.2644258	-1.118785065e-10
5906	152.8022292	7.922551504e-12
5907	150.2336887	-1.727009646e-10
5908	147.681509	-1.533564387e-10
5909	145.249891	-1.322675303e-10
5910	143.014326	-6.699707455e-11
5911	141.0159495	-1.026450036e-10
5912	139.2608495	-8.941825058e-11
5913	137.7240659	-6.538769526e-11
5914	136.3574234	-2.967937007e-11
5915	135.0998764	-1.029683006e-10
5916	133.8887776	-1.902122904e-11
5917	132.6704226	-8.385114825e-11
5918	131.4083965	6.593836588e-12
5919	130.0886007	-2.526689968e-11
5920	128.7203432	5.777067713e-11
5921	127.3334478	6.840394917e-11
5922	125.9719042	9.73443548e-11
5923	124.6850743	3.351274813e-11
5924	123.5178128	1.025668439e-10
5925	122.5010174	1.381046388e-10
5926	121.6440696	8.070344393e-11
5927	120.930371	1.030890928e-10
5928	120.3167537	1.015578732e-10
5929	119.7370063	1.844355779e-10
5930	119.1091736	1.458744237e-10
5931	118.3457453	1.231938995e-10
5932	117.3654095	1.454694143e-10
5933	116.1047811	1.623838841e-10
5934	114.5284548	1.840341213e-10
5935	112.6358955	1.671978112e-10
5936	110.4640445	1.326192489e-10
5937	108.0850544	1.924824744e-10
5938	105.5991924	1.111608583e-10
5939	103.1236031	1.594173682e-10
5940	100.7782065	1.153921403e-10
5941	98.6704529	1.066773336e-10
5942	96.88089564	1.796784943e-10
5943	95.45154182	8.686740216e-11
5944	94.37868901	1.313082976e-10
5945	93.61147412	-1.155342488e-11
5946	93.05670095	6.564349064e-11
5947	92.58975051	8.170175647e-11
5948	92.070602	-4.457589853e-11
5949	91.36329889	9.703526871e-11
5950	90.35666993	-2.902211804e-11
5951	88.98383141	4.017408628e-11
5952	87.23799736	9.091749575e-11
5953	85.18242082	-3.021582984e-11
5954	82.95285785	4.211031523e-11
5955	80.75173067	-9.421796676e-12
5956	78.83408313	-6.600942015e-11
5957	77.48636845	8.687450759e-11
5958	76.99997791	-9.060840966e-11
5959	77.64210599	-5.780265155e-12
5960	79.62696833	-1.924433946e-10
5961	83.09048594	-9.180922689e-11
5962	88.07130182	-1.402895577e-10
5963	94.50042162	-1.354116819e-10
5964	102.2009225	-2.85176327e-11
5965	110.8981423	-1.252651316e-10
5966	120.2396547	-9.453771099e-11
5967	129.8232728	-9.347900232e-11
5968	139.2304308	-1.175202158e-10
5969	148.0616606	-1.418101192e-10
5970	155.9705962	-4.55813165e-11
5971	162.6930299	-1.552429296e-10
5972	168.0680141	-1.244515602e-11
5973	172.0488039	-1.276632133e-10
5974	174.7024822	-1.783604375e-10
5975	176.1982984	-6.93454183e-11
5976	176.7859431	-9.260148204e-11
5977	176.7660595	-2.47517562e-11
5978	176.456123	-6.530598284e-11
5979	176.1553271	-7.883471653e-11
5980	176.1122226	-1.58166813e-11
5981	176.4985663	4.192557412e-11
5982	177.3921683	2.824052103e-11
5983	178.7705517	-3.606359655e-11
5984	180.5160691	1.125144422e-10
5985	182.4318738	6.616218684e-11
5986	184.2669601	-1.196553967e-11
5987	185.7474989	6.698996913e-11
5988	186.6110055	-5.283595783e-11
5989	186.63956	1.229203406e-10
5990	185.688403	6.465228353e-11
5991	183.7067236	1.172040243e-11
5992	180.7483039	1.008615413e-11
5993	176.9707802	1.018811702e-10
5994	172.6235155	2.063984539e-10
5995	168.0253084	5.690736771e-11
5996	163.5342616	1.253575022e-10
5997	159.5129786	7.575096106e-11
5998	156.2927558	4.225952921e-11
5999	154.1405429	1.148343642e-10
6000	153.23214	8.786216199e-11
6001	153.6344291	3.950617611e-12
6002	155.2984683	2.486544304e-11
6003	158.0641197	-3.396039006e-11
6004	161.6756648	1.255742177e-10
6005	165.8067145	4.160227718e-12
6006	170.0917632	6.658851248e-11
6007	174.1610823	2.199485039e-11
6008	177.6753429	-6.990319434e-11
6009	180.3564559	9.387690625e-11
6010	182.0115711	-9.246647892e-11
6011	182.5479645	5.300293537e-11
6012	181.9775397	-8.918377148e-11
6013	180.4107947	-1.020126206e-10
6014	178.0412069	-3.745981303e-11
6015	175.121972	-1.259934379e-10
6016	171.9377716	-4.855138513e-11
6017	168.7746858	-3.852917985e-11
6018	165.8914487	-2.027107371e-10
6019	163.4949906	-8.593659118e-11
6020	161.722635	-9.861267358e-11
6021	160.6325141	-7.56052998e-11
6022	160.2028175	-9.68256586e-11
6023	160.3395044	-1.567137531e-10
6024	160.8912106	-6.816591736e-11
6025	161.669353	-1.356994517e-10
6026	162.4709595	8.974154753e-12
6027	163.1015737	-1.633750912e-10
6028	163.3957105	-9.919176591e-12
6029	163.2327422	-9.373835042e-11
6030	162.5467273	-1.082085532e-10
6031	161.3294598	-1.284732321e-10
6032	159.6268356	-1.30309985e-10
6033	157.5293999	-1.467945765e-10
6034	155.1585671	-1.010569406e-10
6035	152.6504271	-1.504929514e-10
6036	150.139228	-1.162661079e-10
6037	147.7425367	-3.056754849e-11
6038	145.549758	-4.902744877e-11
6039	143.6151762	-8.613199043e-11
6040	141.9560532	-4.009237387e-11
6041	140.5556419	1.008615413e-11
6042	139.3703553	-3.675992843e-11
6043	138.3398316	5.591260788e-11
6044	137.3983181	-8.53717097e-12
6045	136.4857034	2.112088282e-11
6046	135.556648	-3.223377121e-11
6047	134.5865947	2.131628207e-13
6048	133.5739175	-1.174882414e-11
6049	132.538037	4.886757665e-11
6050	131.5139121	8.052936096e-11
6051	130.5438243	7.141665037e-11
6052	129.6677602	7.754863418e-11
6053	128.9138849	9.422507219e-11
6054	128.2905975	1.618793988e-10
6055	127.7814354	1.252793425e-10
6056	127.343704	1.993427645e-10
6057	126.9111877	9.737277651e-11
6058	126.4007211	1.527737936e-10
6059	125.7218458	8.665779205e-11
6060	124.7883153	1.781081949e-10
6061	123.5299108	1.036468689e-10
6062	121.902926	1.061373212e-10
6063	119.8978023	1.056896792e-10
6064	117.5427183	1.333262389e-10
6065	114.9024403	1.093809487e-10
6066	112.0723471	7.26956273e-11
6067	109.1681882	1.35596423e-10
6068	106.3127282	1.52930113e-10
6069	103.6208998	1.070858957e-10
6070	101.1853641	5.198330655e-11
6071	99.06441785	1.704449915e-10
6072	97.27398397	-1.843858399e-12
6073	95.78498121	5.92699223e-11
6074	94.52674858	8.43591863e-11
6075	93.39646041	-2.131628207e-14
6076	92.27370399	2.361488782e-11
6077	91.03869184	-5.960032468e-11
6078	89.59203657	-7.471356867e-11
6079	87.87369905	6.799183438e-11
6080	85.87867916	-8.887468539e-11
6081	83.66726802	-1.023181539e-11
6082	81.36820412	-9.894662867e-11
6083	79.17382105	-5.20756771e-11
6084	77.32716254	3.96340738e-11
6085	76.1019727	-1.434017349e-10
6086	75.77733814	-3.466027465e-11
6087	76.60946111	-1.507700631e-10
6088	78.80349187	-9.951151014e-11
6089	82.48848424	-4.359179684e-12
6090	87.69833381	-1.204050193e-10
6091	94.36102689	-8.325073964e-11
6092	102.297719	-1.260751503e-10
6093	111.2321577	-1.043467535e-10
6094	120.8098736	-1.666471405e-10
6095	130.6255006	-1.677875616e-10
6096	140.25568	-1.389359738e-10
6097	149.2943425	-1.157971496e-10
6098	157.3868427	-1.006874584e-10
6099	164.2594677	-6.938094543e-11
6100	169.7412719	-5.882228038e-11
6101	173.7759507	-1.094910829e-10
6102	176.4224883	-6.216538395e-11
6103	177.8444851	-3.120348424e-11
6104	178.289264	2.283684353e-11
6105	178.0589464	-1.666222715e-12
6106	177.4765489	-1.050075582e-10
6107	176.8506935	-1.460520593e-11
6108	176.4426799	-3.107203383e-11
6109	176.4394224	1.064428545e-10
6110	176.9351232	-7.377209954e-11
6111	177.9236146	-6.106759542e-11
6112	179.3021488	5.016076443e-11
6113	180.8861692	-2.571098889e-11
6114	182.4334056	8.073186564e-11
6115	183.6746168	6.843237088e-11
6116	184.3475776	1.414299788e-10
6117	184.2305497	8.651923622e-11
6118	183.1715257	3.586464459e-11
6119	181.109992	6.648548379e-11
6120	178.0887649	9.240253007e-11
6121	174.2545296	1.173887654e-10
6122	169.8469382	8.109068972e-11
6123	165.1773595	4.411404575e-11
6124	160.599497	9.490719322e-11
6125	156.4749676	1.965005936e-11
6126	153.137479	1.312514541e-10
6127	150.85939	-4.956035582e-12
6128	149.8241829	6.84892143e-11
6129	150.1077358	1.320081822e-10
6130	151.6703441	1.548983164e-11
6131	154.3602898	1.13782761e-10
6132	157.9285391	-1.284305995e-11
6133	162.052978	-4.570921419e-11
6134	166.3696138	3.410605132e-12
6135	170.5074676	-5.003286674e-11
6136	174.1235446	-4.309086421e-11
6137	176.9343132	-6.059508451e-11
6138	178.7405537	2.076561145e-11
6139	179.4431905	-5.063682806e-11
6140	179.0487135	-2.451940873e-10
6141	177.663919	-8.24371682e-11
6142	175.4808234	-2.305959867e-10
6143	172.753613	3.352695899e-11
6144	169.770275	-8.320810707e-11
6145	166.8220357	-1.796109927e-10
6146	164.1738582	-5.754685617e-11
6147	162.0390331	-1.387050474e-10
6148	160.5603442	-6.625811011e-11
6149	159.7995026	-1.177618003e-10
6150	159.7355841	-1.381685877e-10
6151	160.2722103	-1.480380263e-10
6152	161.2522774	-2.016413703e-10
6153	162.4782728	-4.773426099e-11
6154	163.7356962	-9.914913335e-11
6155	164.8168831	-1.161915009e-10
6156	165.5426122	-1.082938184e-10
6157	165.7792574	-1.699724805e-10
6158	165.4498594	-4.803979436e-11
6159	164.5382585	-4.418865274e-11
6160	163.0862672	-8.177281074e-11
6161	161.184653	-7.610267971e-11
6162	158.9593738	-9.488587693e-11
6163	156.5549742	-7.157296977e-11
6164	154.1172728	-6.934897101e-12
6165	151.7774249	2.504663144e-11
6166	149.639157	-8.726175338e-11
6167	147.7704715	7.577938277e-12
6168	146.200493	4.099476314e-11
6169	144.921445	5.96855898e-13
6170	143.8950996	-8.112976957e-11
6171	143.0625031	-2.184918912e-12
6172	142.355428	-5.680789172e-11
6173	141.7078528	8.429168474e-11
6174	141.065858	8.809664109e-11
6175	140.394619	6.760103588e-11
6176	139.6816338	9.008616075e-11
6177	138.9358879	6.920330975e-11
6178	138.1832414	1.770459335e-10
6179	137.458861	1.155981977e-10
6180	136.797932	8.215295111e-11
6181	136.2261246	4.008526844e-11
6182	135.7513175	1.5229773e-10
6183	135.3579088	5.818279192e-11
6184	135.0046808	1.412594486e-10
6185	134.6266875	1.512034942e-11
6186	134.1410639	6.063771707e-11
6187	133.4560954	7.425882131e-11
6188	132.4824022	9.910650078e-11
6189	131.1447565	8.316902722e-11
6190	129.3929126	9.499245834e-11
6191	127.2099006	1.494484536e-10
6192	124.6165249	8.163780763e-11
6193	121.6712707	4.976996593e-11
6194	118.4654111	1.122550941e-10
6195	115.1137423	8.963496612e-11
6196	111.7419765	3.486633204e-11
6197	108.4723139	-6.792788554e-12
6198	105.4090242	6.042100154e-11
6199	102.6259536	-6.129852181e-11
6200	100.1577146	-4.309086421e-11
6201	97.99591937	9.444534044e-11
6202	96.09123758	-1.592859178e-10
6203	94.36134253	4.735767334e-12
6204	92.70406136	1.866240495e-11
6205	91.01433962	-1.714539621e-11
6206	89.2030688	8.572698107e-11
6207	87.21547605	-1.372377767e-10
6208	85.04669248	-3.797495651e-11
6209	82.75231986	-8.897771409e-11
6210	80.45229267	-7.641887123e-12
6211	78.3270378	-3.067768262e-11
6212	76.60579131	-1.476969658e-10
6213	75.54784745	1.687538997e-12
6214	75.41838163	-1.49828594e-10
6215	76.4612056	-1.500843894e-10
6216	78.87128911	-7.645439837e-12
6217	82.7700553	-2.269366917e-10
6218	88.18629596	-1.116262638e-11
6219	95.04506511	-1.006768002e-10
6220	103.1661395	-8.035527799e-11
6221	112.2726613	-6.906830663e-11
6222	122.009503	-2.3426594e-11
6223	131.9698395	-1.093560797e-10
6224	141.7274876	-4.964917366e-11
6225	150.8718939	-1.326938559e-11
6226	159.0422921	-4.657962904e-11
6227	165.9575601	-5.954703397e-11
6228	171.4386925	-6.782840956e-11
6229	175.4215277	-2.223998763e-12
6230	177.9583622	-1.715996234e-10
6231	179.2082345	3.273470384e-11
6232	179.4168577	-4.207834081e-11
6233	178.8882777	-9.76569936e-11
6234	177.9512227	1.31016975e-10
6235	176.9236897	-4.202860282e-11
6236	176.0795083	1.073772182e-10
6237	175.6204243	5.40474332e-11
6238	175.6566538	3.89057675e-11
6239	176.1979523	1.154063511e-10
6240	177.1561079	4.520828156e-11
6241	178.3585315	1.379518721e-10
6242	179.5714092	1.257802751e-10
6243	180.5298455	1.37433176e-10
6244	180.9716572	1.480451317e-10
6245	180.6710782	-7.188205586e-11
6246	179.4686413	8.715872468e-11
6247	177.2939101	2.824407375e-11
6248	174.1785127	7.974065852e-11
6249	170.2579757	1.768754032e-10
6250	165.7620745	4.790479124e-11
6251	160.9946611	9.518430488e-11
6252	156.3050713	1.279829576e-10
6253	152.0541262	1.598934318e-10
6254	148.5783263	5.875833153e-11
6255	146.1560343	7.22302218e-11
6256	144.9792254	-1.52446944e-11
6257	145.1337858	2.055600135e-11
6258	146.5904238	2.789590781e-11
6259	149.2071251	4.840217116e-11
6260	152.7428584	-1.463256183e-10
6261	156.8810536	-4.424194344e-11
6262	161.2603607	-5.091749244e-11
6263	165.5094578	-9.423573033e-11
6264	169.2822917	-9.972467296e-12
6265	172.2901402	-6.799893981e-12
6266	174.327275	-6.206590797e-11
6267	175.287729	-1.202771216e-10
6268	175.1716555	-9.15783005e-11
6269	174.0808846	-1.288746887e-10
6270	172.2044291	1.162447916e-11
6271	169.7957227	-1.537578953e-10
6272	167.1442001	-1.366089464e-10
6273	164.5443461	-9.310596738e-11
6274	162.2655154	-1.410818129e-10
6275	160.5256361	-1.110471715e-10
6276	159.471394	-7.655742706e-11
6277	159.1667113	-1.845918973e-10
6278	159.590382	-1.55274904e-10
6279	160.642711	-8.945733043e-12
6280	162.1600409	-2.825117917e-11
6281	163.9352465	-5.922018431e-11
6282	165.741712	-7.99182942e-11
6283	167.3580393	-4.62563321e-11
6284	168.590782	-9.288925185e-11
6285	169.2928497	-3.854694341e-11
6286	169.3758211	-9.243095178e-11
6287	168.8151739	-1.898925461e-11
6288	167.6482859	-8.986233979e-11
6289	165.9658853	-7.691625115e-11
6290	163.8983349	-2.068745175e-11
6291	161.5986491	-5.714895224e-11
6292	159.224408	-1.767475055e-11
6293	156.9207343	-1.70885528e-12
6294	154.806238	-1.13757892e-11
6295	152.9633646	3.318945119e-11
6296	151.4339555	1.751487844e-11
6297	150.2201426	8.804335039e-11
6298	149.290024	2.642508434e-11
6299	148.5869987	-3.758771072e-12
6300	148.041236	5.074340947e-11
6301	147.5815658	3.639399893e-11
6302	147.1461177	3.719691222e-11
6303	146.6902919	8.456879641e-11
6304	146.1910845	2.730615734e-11
6305	145.6473344	4.489209005e-11
6306	145.0760578	8.499156934e-11
6307	144.5055875	5.888622923e-11
6308	143.9666798	4.101963214e-11
6309	143.4830318	1.5063506e-10
6310	143.0627231	9.246647892e-11
6311	142.6919656	9.35784783e-11
6312	142.3322129	4.147437949e-11
6313	141.92121	9.913492249e-11
6314	141.378003	8.428813203e-11
6315	140.6113609	4.972378065e-11
6316	139.5305607	4.854427971e-11
6317	138.0571193	3.318589847e-11
6318	136.1358749	4.983036206e-11
6319	133.7438523	3.14273052e-11
6320	130.8955924	2.761524343e-11
6321	127.6440555	6.973976951e-11
6322	124.0767717	-2.021494083e-11
6323	120.3075374	6.433964472e-12
6324	116.4645643	4.006039944e-11
6325	112.6764975	5.378097967e-11
6326	109.0580623	5.761080502e-11
6327	105.6972256	-5.432099215e-12
6328	102.6456427	1.113313886e-10
6329	99.91381352	-6.975398037e-11
6330	97.47182458	1.669775429e-12
6331	95.25586905	-1.478888123e-10
6332	93.18000037	-8.124700912e-11
6333	91.15186945	-1.343991585e-11
6334	89.0906162	-5.938005643e-11
6335	86.94470684	-2.204814109e-11
6336	84.70738484	-9.83320092e-11
6337	82.42756063	-4.48281412e-11
6338	80.21439628	-1.467981292e-11
6339	78.23450455	-1.19403154e-10
6340	76.70150757	1.85451654e-11
6341	75.85859659	-7.695177828e-11
6342	75.95559772	-5.970335337e-11
6343	77.22277656	-3.003819415e-11
6344	79.84411636	-1.107025582e-10
6345	83.93301378	2.881961336e-11
6346	89.51321867	-1.283169127e-10
6347	96.50740048	-7.859668472e-11
6348	104.7349953	-2.445332825e-11
6349	113.9200455	-3.515765457e-11
6350	123.7086912	-3.576161589e-11
6351	133.6949186	-4.099476314e-11
6352	143.4522422	-1.126672089e-10
6353	152.5682892	-2.111733011e-11
6354	160.6788663	1.302780106e-11
6355	167.498052	-4.294875566e-11
6356	172.8412048	6.829736776e-11
6357	176.6384591	7.815970093e-12
6358	178.9372421	5.025313499e-11
6359	179.8934792	4.405364962e-12
6360	179.7523421	1.14006582e-11
6361	178.8205037	2.850342185e-11
6362	177.4327778	-2.043165637e-11
6363	175.9166324	1.186002407e-10
6364	174.5583062	9.483258623e-11
6365	173.5741017	1.243094516e-11
6366	173.0898784	9.406164736e-11
6367	173.1308982	-2.981792591e-11
6368	173.6230588	1.595843457e-10
6369	174.4053225	6.312816936e-11
6370	175.2519365	1.709921094e-11
6371	175.901971	1.467554966e-10
6372	176.0929087	3.803535265e-11
6373	175.5945705	1.117825832e-10
6374	174.239621	5.718092666e-11
6375	171.9472647	2.013891276e-10
6376	168.7374798	7.884182196e-11
6377	164.734162	3.395683734e-11
6378	160.1567538	9.162093306e-11
6379	155.3011845	4.989786362e-11
6380	150.5121072	2.91677793e-11
6381	146.149363	1.094235813e-12
6382	142.5522288	-4.241940132e-12
6383	140.0052462	8.018474773e-12
6384	138.7092593	1.683986284e-12
6385	138.76073	6.831868404e-12
6386	140.1415102	4.28812541e-11
6387	142.720133	-1.799449478e-11
6388	146.2644621	-2.759037443e-11
6389	150.4643354	-8.156675335e-11
6390	154.9618	-5.555023108e-11
6391	159.3857556	-9.405454193e-11
6392	163.3873967	-1.58141944e-10
6393	166.672804	-1.023323648e-10
6394	169.0293883	-1.245012982e-10
6395	170.3435879	-1.366551317e-10
6396	170.6081819	-1.435829233e-10
6397	169.918707	-1.046416287e-10
6398	168.4596165	-1.306617037e-10
6399	166.4818862	-2.049311831e-10
6400	164.2746275	-5.678302273e-11
6401	162.1338334	-9.00470809e-11
6402	160.3315976	-4.262545872e-11
6403	159.0889956	-5.361755484e-11
6404	158.5553317	-2.109743491e-10
6405	158.7956887	-3.196731768e-11
6406	159.7877642	-1.085140866e-10
6407	161.4279517	-4.97628605e-11
6408	163.5456348	-8.380851568e-11
6409	165.9238193	-8.826717135e-11
6410	168.3236216	-1.124647042e-10
6411	170.5098198	-1.118642956e-10
6412	172.2746806	-3.415223659e-11
6413	173.4575926	-7.301892424e-11
6414	173.9586136	-1.271907024e-10
6415	173.7448032	1.782751724e-11
6416	172.8490723	2.774314112e-11
6417	171.3621286	2.498268259e-11
6418	169.4188424	-9.120881828e-11
6419	167.1809165	-1.870148481e-11
6420	164.8180538	7.716138839e-11
6421	162.4898629	3.734257348e-11
6422	160.3305164	2.200195581e-11
6423	158.4377275	-5.517364343e-12
6424	156.866999	1.054303311e-10
6425	155.6313943	2.128075494e-11
6426	154.7063937	2.259170628e-11
6427	154.0387873	3.154809747e-12
6428	153.5581163	6.609468528e-11
6429	153.1889374	1.740829703e-10
6430	152.8621815	8.963496612e-11
6431	152.5240991	9.288925185e-11
6432	152.141694	9.860556816e-11
6433	151.7040854	7.043254868e-11
6434	151.2198351	5.799449809e-11
6435	150.7108489	8.162359677e-11
6436	150.2039379	4.257216801e-11
6437	149.721441	6.153300092e-11
6438	149.2724304	-2.959410494e-11
6439	148.8459266	1.067270716e-10
6440	148.4072594	-4.181544e-12
6441	147.8982618	3.614175625e-11
6442	147.2414385	-7.523937029e-11
6443	146.3476762	3.785061153e-11
6444	145.1265502	5.424283245e-11
6445	143.4978786	-1.284305995e-11
6446	141.402961	6.025402399e-11
6447	138.813926	2.946620725e-11
6448	135.7398133	-2.219735507e-11
6449	132.2284145	-1.527311611e-11
6450	128.3634291	5.582023732e-11
6451	124.2571108	1.105959768e-11
6452	120.0391841	7.140954494e-13
6453	115.843344	-4.265032771e-11
6454	111.79302	6.181721801e-12
6455	107.9882568	-5.595524044e-11
6456	104.4954904	-7.564437965e-11
6457	101.341697	-2.335198701e-11
6458	98.51388552	4.636291351e-11
6459	95.96424728	3.552713679e-15
6460	93.62055775	-1.118749537e-11
6461	91.40071842	-2.184918912e-11
6462	89.22973405	1.376676551e-11
6463	87.05701163	-5.602984743e-11
6464	84.87170446	-5.998757047e-11
6465	82.71393666	3.185718356e-11
6466	80.68012717	-1.238760206e-10
6467	78.92125362	-8.320455436e-12
6468	77.63368848	-1.594244736e-10
6469	77.04311556	9.592326933e-12
6470	77.38289295	6.34514663e-12
6471	78.86896586	-1.318447573e-10
6472	81.67395957	-8.977707466e-12
6473	85.90332719	-5.972466965e-11
6474	91.5763522	2.700417667e-11
6475	98.6144073	4.352784799e-11
6476	106.8381839	5.527667213e-11
6477	115.9746993	-4.437339385e-12
6478	125.6738573	3.422684358e-11
6479	135.5332925	3.72963882e-11
6480	145.1292934	-8.974154753e-12
6481	154.0508689	-1.342215228e-11
6482	161.9336026	-6.867395541e-12
6483	168.4898617	-7.333511576e-11
6484	173.5322321	3.307576435e-12
6485	176.9876913	5.24380539e-11
6486	178.9009614	3.795364023e-11
6487	179.4265945	-1.400124461e-11
6488	178.8105232	6.843237088e-11
6489	177.3629259	5.807265779e-11
6490	175.4251918	1.451070375e-10
6491	173.3344143	1.482369782e-10
6492	171.3891234	-3.69837494e-12
6493	169.8198545	3.496580803e-11
6494	168.7676444	8.09308176e-11
6495	168.2727065	1.544151473e-10
6496	168.2744459	4.851230528e-11
6497	168.6227552	-2.009414857e-11
6498	169.0993115	-1.445954467e-12
6499	169.4465122	5.132960723e-11
6500	169.4008497	1.006341677e-10
6501	168.7270449	2.018651912e-11
6502	167.2491644	1.347544298e-11
6503	164.8752742	5.285016869e-11
6504	161.6128764	2.009059585e-11
6505	157.5733766	9.164580206e-11
6506	152.9650166	9.679723689e-11
6507	148.0749623	7.333156304e-11
6508	143.2424119	2.260236442e-11
6509	138.8255659	3.866063025e-11
6510	135.165968	1.472244548e-11
6511	132.5540102	4.263256415e-11
6512	131.1992755	-2.125588594e-11
6513	131.2088678	-9.931611089e-11
6514	132.5760243	-2.584599201e-11
6515	135.1802045	-5.282174698e-11
6516	138.7986255	-1.161986063e-10
6517	143.1280046	-1.140172401e-10
6518	147.8141958	-7.333511576e-11
6519	152.4865961	-1.819486783e-10
6520	156.7937243	-1.048654497e-10
6521	160.4362918	-1.133670935e-10
6522	163.1943994	-7.793587997e-11
6523	164.9461565	-1.421085472e-10
6524	165.675969	-1.724842491e-10
6525	165.4718565	-7.953815384e-11
6526	164.5123273	-1.570548136e-10
6527	163.0444255	-1.024993423e-10
6528	161.3554609	-2.111022468e-10
6529	159.741533	-7.252509704e-11
6530	158.4762221	-1.711732978e-10
6531	157.7827088	-2.029914015e-10
6532	157.8121239	-9.220002539e-11
6533	158.6301871	-6.021849686e-11
6534	160.2132408	-5.189093599e-11
6535	162.4537503	-8.981970723e-11
6536	165.1743253	-2.800248922e-11
6537	168.1484392	-7.128875268e-11
6538	171.1253739	-6.629008453e-11
6539	173.8565614	1.666222715e-12
6540	176.1204592	-3.896971634e-11
6541	177.7433808	-1.312194797e-10
6542	178.6142598	3.346656285e-11
6543	178.6920855	-1.129905058e-10
6544	178.0056142	6.971845323e-11
6545	176.645835	-5.160316618e-11
6546	174.7524505	-4.424549616e-11
6547	172.4962325	3.544897709e-11
6548	170.059474	7.073452934e-12
6549	167.6168438	8.381917382e-11
6550	165.3187674	7.826628234e-11
6551	163.2790282	1.500737312e-10
6552	161.5676835	1.32121869e-10
6553	160.2096825	1.108908521e-10
6554	159.1888616	8.449418942e-11
6555	158.456353	2.760458528e-11
6556	157.9419566	1.125144422e-10
6557	157.5667448	9.50599599e-11
6558	157.25512	-1.050182163e-11
6559	156.9447288	8.057554624e-11
6560	156.5930176	-1.298872121e-11
6561	156.1797378	7.889866538e-11
6562	155.705309	5.100631029e-11
6563	155.1855351	-2.589928272e-12
6564	154.643675	1.163158458e-11
6565	154.1012235	4.946798526e-11
6566	153.5689209	9.197265172e-11
6567	153.0394588	4.31654712e-11
6568	152.483097	-6.207656611e-11
6569	151.8469824	2.66204836e-11
6570	151.0584317	-4.944666898e-11
6571	150.0318679	-3.122480052e-11
6572	148.678564	-4.093436701e-11
6573	146.9179293	-5.837108574e-12
6574	144.6888091	2.460609494e-11
6575	141.9592238	-1.632116664e-10
6576	138.7331264	-9.458034356e-11
6577	135.0531205	-7.188560858e-11
6578	130.9985879	-4.408207133e-11
6579	126.679274	-1.759659085e-11
6580	122.2249896	-2.692956969e-11
6581	117.7726318	-5.584865903e-11
6582	113.4521263	5.542233339e-13
6583	109.3731008	-4.675726473e-11
6584	105.6140713	-4.120082053e-11
6585	102.2156666	1.126565508e-11
6586	99.17894741	-4.405720233e-11
6587	96.46925352	-1.248068315e-11
6588	94.02530806	-7.42303996e-11
6589	91.77260537	1.357847168e-11
6590	89.63950286	-4.410694032e-11
6591	87.57400064	-7.655032164e-11
6592	85.55899211	-4.191491598e-11
6593	83.62383475	-1.00232711e-10
6594	81.85042799	7.208811326e-11
6595	80.37256252	-1.338555933e-10
6596	79.3680629	-4.540723353e-11
6597	79.04409866	1.242419501e-10
6598	79.61688939	-3.387512493e-11
6599	81.28777498	3.923616987e-11
6600	84.21817151	-2.209432637e-11
6601	88.50621281	-4.860112313e-12
6602	94.1678449	3.625899581e-11
6603	101.1247882	1.938360583e-11
6604	109.201138	6.018652243e-11
6605	118.1295018	-6.744826919e-11
6606	127.5665667	9.46442924e-12
6607	137.1169526	-1.776356839e-13
6608	146.3632698	5.586997531e-11
6609	154.8995476	1.227817847e-11
6610	162.3647495	4.357048056e-11
6611	168.4729758	5.29567501e-11
6612	173.037212	-1.307043362e-11
6613	175.9840847	1.198898758e-10
6614	177.3579789	-2.771116669e-11
6615	177.3139608	7.710454497e-11
6616	176.1001152	3.705835638e-11
6617	174.0310352	1.179039089e-10
6618	171.4551487	8.0255802e-11
6619	168.7192466	1.791633508e-11
6620	166.1338982	1.390532134e-11
6621	163.9433659	9.187317573e-12
6622	162.3031727	2.158628831e-11
6623	161.267667	7.801759239e-11
6624	160.7888655	2.910383046e-11
6625	160.7266482	1.020232787e-10
6626	160.8691499	6.87236934e-11
6627	160.9610948	1.021547291e-10
6628	160.7369524	1.110471715e-10
6629	159.9552652	3.039346552e-11
6630	158.4303672	5.616840326e-11
6631	156.057988	-1.718092335e-11
6632	152.8318945	1.012523398e-11
6633	148.8496943	-5.357492228e-12
6634	144.3070979	-5.078959475e-11
6635	139.4811896	-3.816680305e-11
6636	134.7044499	-1.061550847e-11
6637	130.3322783	-1.034656805e-10
6638	126.7074709	-3.562306006e-11
6639	124.1254389	-2.497202445e-11
6640	122.8038798	-5.02566877e-11
6641	122.8601295	4.240519047e-11
6642	124.298604	-1.157118845e-10
6643	127.0096555	-9.678657875e-11
6644	130.7799488	-4.98161512e-11
6645	135.3132421	-1.115019188e-10
6646	140.2593602	-7.444356243e-11
6647	145.2482968	-1.646469627e-10
6648	149.9258705	-1.64966707e-10
6649	153.9872289	7.47490958e-12
6650	157.2047689	-2.141007371e-10
6651	159.447673	-2.00540029e-10
6652	160.6911876	-2.229008089e-10
6653	161.0148803	-1.459845578e-10
6654	160.5902872	-8.132161611e-12
6655	159.659473	-1.276134753e-10
6656	158.5069531	-9.695355629e-12
6657	157.4280718	-9.933742717e-11
6658	156.6972334	-1.029540897e-10
6659	156.5393111	-8.858336287e-11
6660	157.1071334	-3.086242373e-11
6661	158.4672215	3.777245183e-11
6662	160.5950088	-4.6853188e-11
6663	163.379726	-1.079420997e-10
6664	166.6380997	7.183587059e-12
6665	170.1350978	-1.396500693e-10
6666	173.6092649	3.901234891e-11
6667	176.79979	-1.371631697e-10
6668	179.4723751	-5.469047437e-11
6669	181.4412212	7.979750194e-11
6670	182.5849838	-3.660716175e-11
6671	182.8553037	1.304556463e-10
6672	182.2773892	1.309530262e-11
6673	180.9430258	-5.209344067e-11
6674	178.9972036	8.507683447e-11
6675	176.6201961	5.079670018e-11
6676	174.0073301	9.951861557e-11
6677	171.3488193	5.168132589e-11
6678	168.8118842	1.463824617e-10
6679	166.5269823	7.501554933e-11
6680	164.5793818	-2.538413924e-11
6681	163.0066049	9.612577401e-11
6682	161.8015317	7.293721183e-12
6683	160.9202891	1.159143892e-10
6684	160.2935187	1.151150286e-10
6685	159.839294	-1.21538335e-11
6686	159.4758594	1.688889029e-10
6687	159.1325107	2.811262334e-11
6688	158.7572847	1.322320031e-10
6689	158.3206375	1.714894893e-11
6690	157.8148852	-4.256150987e-12
6691	157.2497864	4.334310688e-11
6692	156.6451758	8.71125394e-12
6693	156.0219542	2.969358093e-11
6694	155.3929434	4.011013743e-12
6695	154.755107	-1.31873179e-10
6696	154.0844262	-1.641708991e-11
6697	153.3343245	-1.030322494e-10
6698	152.4380223	-4.439826284e-11
6699	151.3146321	-2.495426088e-11
6700	149.8782608	2.842170943e-11
6701	148.0489327	-2.168221158e-11
6702	145.7638567	-6.914646633e-11
6703	142.9874649	7.620570841e-12
6704	139.7187681	-7.987921435e-11
6705	135.9948922	-5.446665341e-11
6706	131.8901423	-3.599964771e-11
6707	127.5105202	-4.02060607e-11
6708	122.9842303	-5.290345939e-11
6709	118.4492665	5.513811629e-12
6710	114.0395983	-1.544862016e-10
6711	109.8717165	-4.124700581e-11
6712	106.0333184	-9.29034627e-12
6713	102.5756978	-1.280575646e-10
6714	99.51097561	5.472955422e-11
6715	96.81471914	-3.312905505e-11
6716	94.43381048	1.083577672e-11
6717	92.29872724	6.696865285e-11
6718	90.33878148	-5.556444194e-11
6719	88.49840098	7.297273896e-12
6720	86.75229884	-5.935518743e-11
6721	85.11739947	3.240785418e-11
6722	83.65967957	-9.415757063e-11
6723	82.49461643	1.228173119e-11
6724	81.78065742	1.685904749e-10
6725	81.70595353	-7.509370903e-11
6726	82.46944118	2.900790719e-11
6727	84.25810823	-4.953193411e-11
6728	87.22285081	-2.364330953e-11
6729	91.45564057	1.21847421e-10
6730	96.97073165	3.335998144e-11
6731	103.6923297	5.693934213e-11
6732	111.450545	1.040234565e-11
6733	119.9866189	3.230127277e-11
6734	128.9674296	4.03339584e-11
6735	138.0082661	9.941558687e-11
6736	146.7019095	1.885780421e-11
6737	154.6513029	6.765432659e-11
6738	161.5025994	-1.642774805e-11
6739	166.9752332	-8.136424867e-11
6740	170.8858671	4.142819421e-11
6741	173.1636361	5.293543381e-12
6742	173.8549574	7.471356867e-12
6743	173.1172466	-1.266187155e-11
6744	171.2020301	1.740225741e-10
6745	168.4290712	3.853983799e-11
6746	165.154099	6.497913319e-12
6747	161.7334298	7.983302908e-11
6748	158.4891351	2.556888035e-11
6749	155.6783799	1.307611797e-10
6750	153.4701339	4.583000646e-11
6751	151.9316918	-4.735767334e-12
6752	151.0263976	6.042455425e-11
6753	150.6227743	-1.899991275e-11
6754	150.5140317	1.17257315e-10
6755	150.4458074	2.462741122e-11
6756	150.1490978	-1.008970685e-11
6757	149.3747717	9.858780459e-12
6758	147.9258782	-5.488942634e-12
6759	145.6841932	7.39959205e-11
6760	142.6280674	-1.23634436e-12
6761	138.8395788	8.617462299e-11
6762	134.500148	-3.785061153e-11
6763	129.8750281	5.322320362e-11
6764	125.2882862	4.821743005e-11
6765	121.0909283	-3.090505629e-11
6766	117.6255617	-3.609201826e-11
6767	115.1913708	3.367972568e-12
6768	114.0131462	-7.899814136e-11
6769	114.2176764	-4.361311312e-11
6770	115.8200165	-4.695266398e-11
6771	118.7210907	-1.029825114e-10
6772	122.7168724	-1.486384349e-10
6773	127.5181533	-9.966427683e-11
6774	132.7787937	-9.737277651e-11
6775	138.1294607	-3.018385542e-11
6776	143.2133056	-7.462119811e-11
6777	147.7198568	-1.339728328e-10
6778	151.4136358	-6.048495038e-11
6779	154.1546028	-8.214939839e-11
6780	155.9084386	-1.394475646e-10
6781	156.7457765	-8.826717135e-11
6782	156.8306736	-9.442047144e-11
6783	156.3997472	-1.811280015e-10
6784	155.7343588	-8.801492868e-11
6785	155.1289142	-8.130029983e-11
6786	154.8586932	-4.163780432e-11
6787	155.1505915	-8.297007525e-11
6788	156.1597671	-2.057731763e-11
6789	157.9544767	4.209610438e-11
6790	160.5104579	-7.561595794e-11
6791	163.7151555	5.341860287e-11
6792	167.3810358	-1.26227917e-11
6793	171.2662847	4.318678748e-11
6794	175.1004559	4.0127901e-11
6795	178.612191	-1.207212108e-11
6796	181.5560142	6.75015599e-14
6797	183.7354217	-2.244604502e-11
6798	185.0199972	1.123652282e-10
6799	185.3550223	7.879208397e-11
6800	184.7629362	-1.657696203e-11
6801	183.3369105	1.05220721e-10
6802	181.2276575	-3.359090783e-11
6803	178.6252723	1.016360329e-10
6804	175.7383625	4.524736141e-11
6805	172.7728971	3.904432333e-11
6806	169.913093	1.256523774e-10
6807	167.3062899	5.881517495e-11
6808	165.0531846	1.009183848e-10
6809	163.2040888	5.340439202e-11
6810	161.7611222	2.10565787e-10
6811	160.685557	5.228883992e-11
6812	159.9089562	4.767741757e-12
6813	159.3463813	2.286881795e-11
6814	158.9098016	2.89333002e-11
6815	158.5199417	7.64899255e-11
6816	158.115121	7.002753932e-11
6817	157.6561354	-1.056221777e-10
6818	157.1268183	-1.973177177e-11
6819	156.53054	-4.548894594e-11
6820	155.8834595	1.761435442e-11
6821	155.205774	-4.219913308e-11
6822	154.5124588	-1.795541493e-11
6823	153.8050291	1.342925771e-12
6824	153.0656784	-1.116191584e-10
6825	152.2547901	-8.824940778e-12
6826	151.312321	-5.644551493e-11
6827	150.1629923	-5.766054301e-11
6828	148.7246676	-3.943867455e-11
6829	146.9188216	-7.51896323e-11
6830	144.6816781	-5.947953241e-11
6831	141.974457	-1.009468065e-10
6832	138.7912488	-6.759393045e-11
6833	135.1633106	-6.976819122e-11
6834	131.1590313	-1.705053876e-10
6835	126.879373	-6.640021866e-11
6836	122.4492025	6.224354365e-11
6837	118.0054892	-1.915978487e-11
6838	113.6838021	1.777777925e-11
6839	109.6048122	-5.110578627e-11
6840	105.8625691	-4.986944191e-11
6841	102.5161488	6.23856522e-11
6842	99.58588665	-6.459544011e-11
6843	97.05484691	-1.442046482e-11
6844	94.87551981	4.954969768e-11
6845	92.98104397	-4.252598274e-11
6846	91.2996254	8.452971656e-11
6847	89.77033967	-1.038884534e-10
6848	88.35822962	-2.394884291e-11
6849	87.06658981	-9.535483514e-12
6850	85.94457259	6.767919558e-11
6851	85.08873999	8.243361549e-11
6852	84.63787011	1.253042115e-11
6853	84.76113035	1.063398258e-10
6854	85.64055933	-1.142019812e-10
6855	87.44955638	4.227018735e-11
6856	90.32966733	1.347615353e-10
6857	94.3683008	-2.646771691e-11
6858	99.58006102	1.024496044e-10
6859	105.8941214	4.495959161e-11
6860	113.1495092	-6.888711823e-12
6861	121.0993752	1.137721028e-10
6862	129.4243719	-3.297628837e-11
6863	137.754257	-1.31947786e-11
6864	145.6958923	2.449951353e-11
6865	152.8650327	5.334044317e-11
6866	158.9187827	5.983835649e-11
6867	163.5854129	4.660094532e-11
6868	166.6883953	2.265920784e-11
6869	168.1620405	2.492583917e-11
6870	168.0569329	3.74775766e-11
6871	166.5343997	-9.15534315e-12
6872	163.8503862	3.05178105e-11
6873	160.330239	-6.13198381e-12
6874	156.3368787	1.165574304e-10
6875	152.2355786	-2.060573934e-13
6876	148.3589619	8.896705594e-11
6877	144.9758439	-1.406874617e-11
6878	142.2671677	-1.080024958e-11
6879	140.3115507	-2.444267011e-12
6880	139.0819482	7.831957305e-11
6881	138.4537597	1.172715258e-10
6882	138.2234783	5.290345939e-11
6883	138.1358463	5.638156608e-11
6884	137.9165598	-5.803713066e-11
6885	137.3069576	1.233999569e-10
6886	136.096906	1.207212108e-11
6887	134.1522793	-2.951594524e-11
6888	131.434013	-5.62820901e-11
6889	128.0066143	-4.017053357e-11
6890	124.0351542	-4.952127597e-11
6891	119.7710108	-1.110578296e-11
6892	115.527855	-8.364864357e-11
6893	111.6504273	-1.501732072e-11
6894	108.4794387	-2.237143804e-11
6895	106.3163484	-1.005417971e-11
6896	105.3917906	-4.888889293e-11
6897	105.8410278	1.275068939e-11
6898	107.6890524	-4.552092037e-11
6899	110.846924	-9.973177839e-11
6900	115.1197241	-2.416911116e-11
6901	120.2252695	-1.098428015e-10
6902	125.8215874	-3.83622023e-11
6903	131.5402341	-1.085851409e-10
6904	137.0219403	-9.660894307e-11
6905	141.9508492	-1.23584698e-10
6906	146.0837997	-8.389378081e-11
6907	149.2716698	-1.270770156e-10
6908	151.4706723	-3.99182909e-11
6909	152.7425878	-6.416911447e-11
6910	153.2441058	-1.059738963e-10
6911	153.2065927	6.169642575e-11
6912	152.9085986	-5.418954174e-11
6913	152.6441375	3.079847488e-11
6914	152.6901655	-7.17612636e-11
6915	153.27669	-3.265654414e-11
6916	154.5625888	-7.247535905e-13
6917	156.6195369	-6.348699344e-11
6918	159.425518	-5.166356232e-11
6919	162.8683373	9.304557125e-12
6920	166.7584793	2.583178116e-11
6921	170.8496752	4.554223665e-11
6922	174.8647767	-6.335554303e-11
6923	178.5240414	4.600764214e-11
6924	181.5727797	-4.238387419e-11
6925	183.8054885	1.517399539e-10
6926	185.0840851	1.01088915e-10
6927	185.3485804	-5.048761409e-11
6928	184.619419	1.050892706e-10
6929	182.9916412	1.350031198e-12
6930	180.6219091	1.623519097e-10
6931	177.710158	6.130562724e-11
6932	174.4781358	-4.484945748e-11
6933	171.1473134	1.747579859e-11
6934	167.9185775	-2.301447921e-11
6935	164.9557784	1.104183411e-10
6936	162.3746407	9.180212146e-12
6937	160.2378383	-1.786304438e-11
6938	158.5562709	4.748557103e-11
6939	157.2958483	-2.184918912e-12
6940	156.3884849	4.072120419e-11
6941	155.7455844	1.015258988e-10
6942	155.2721144	3.741007504e-11
6943	154.8794259	-2.387423592e-11
6944	154.495263	-1.001012606e-10
6945	154.0698795	5.400124792e-11
6946	153.5777646	-2.37641018e-11
6947	153.0151119	1.508126957e-11
6948	152.3937431	-1.452065135e-10
6949	151.7326681	-1.106457148e-10
6950	151.0487525	-6.36575237e-11
6951	150.3480442	-1.234674585e-10
6952	149.6191812	-8.096989745e-11
6953	148.8299714	-8.287415199e-11
6954	147.9277635	-1.650448667e-10
6955	146.8436711	-8.477840652e-11
6956	145.5001444	-1.115552095e-12
6957	143.8208931	-7.590728046e-11
6958	141.7417975	-5.645262036e-11
6959	139.2212729	-1.283950724e-10
6960	136.2485815	2.96616065e-11
6961	132.8488268	-2.287237066e-11
6962	129.0837831	-1.256417193e-10
6963	125.0482515	-1.780868786e-10
6964	120.862234	-6.904343763e-11
6965	116.6597888	-3.762323786e-11
6966	112.5759047	3.292655038e-11
6967	108.733043	-1.085673773e-10
6968	105.2290984	-2.729549919e-11
6969	102.1284002	-8.297718068e-11
6970	99.45703646	3.287325967e-11
6971	97.20325351	6.778932971e-11
6972	95.32304618	-2.603783855e-11
6973	93.75036914	8.288125741e-11
6974	92.41076634	-6.949818498e-11
6975	91.23670907	4.128963838e-11
6976	90.18262508	1.637978642e-10
6977	89.23753717	2.907540875e-11
6978	88.43342728	5.28537214e-11
6979	87.84788644	4.396838449e-11
6980	87.60025748	7.54241114e-12
6981	87.8412538	1.176267972e-10
6982	88.7368543	9.592682204e-11
6983	90.44803414	1.435225272e-10
6984	93.10849885	-7.468869967e-11
6985	96.8029663	1.25297106e-10
6986	101.5486336	9.783462929e-11
6987	107.2822508	6.662403962e-11
6988	113.8547133	2.105231545e-10
6989	121.0343337	-4.055777936e-11
6990	128.5190259	1.00108366e-10
6991	135.9566534	3.611333455e-11
6992	142.9718431	5.958611382e-11
6993	149.1967796	-1.224265134e-11
6994	154.3029507	1.646327519e-11
6995	158.0305926	-1.3375967e-11
6996	160.2127089	7.021228043e-11
6997	160.7910133	1.073985345e-11
6998	159.8219277	-3.548450422e-11
6999	157.4717689	-1.096935875e-10
7000	154.0013831	4.349232086e-11
7001	149.7416087	7.143086123e-11
7002	145.0619426	2.302158464e-12
7003	140.3355451	9.408296364e-11
7004	135.9041481	-1.319122589e-11
7005	132.0464889	2.324185289e-11
7006	128.9535556	-1.940492211e-11
7007	126.713236	6.603784186e-11
7008	125.3059825	-4.202505011e-11
7009	124.6119413	2.600941684e-11
7010	124.428769	-2.554401135e-12
7011	124.4982146	-3.696598583e-11
7012	124.5385946	-1.10134124e-11
7013	124.2796445	-1.041655651e-11
7014	123.4959658	-5.105960099e-11
7015	122.0354277	1.492139745e-12
7016	119.8394201	2.531308496e-11
7017	116.9527279	-1.542943551e-11
7018	113.5219176	-2.167155344e-13
7019	109.782366	-3.538502824e-11
7020	106.0352929	7.814549008e-11
7021	102.6172404	-8.005685004e-11
7022	99.86526333	3.381472879e-11
7023	98.0815611	-6.447820056e-11
7024	97.50134229	-3.837641316e-11
7025	98.26736823	-5.488942634e-12
7026	100.4139007	-1.057500754e-10
7027	103.8617683	-3.865707754e-11
7028	108.4250726	-6.838263289e-11
7029	113.8288094	-1.082938184e-10
7030	119.7355209	-6.341593917e-11
7031	125.7781419	-3.232258905e-11
7032	131.5955621	-1.391597948e-11
7033	136.8671664	1.27791111e-11
7034	141.3427539	-4.570921419e-11
7035	144.8647643	7.056044637e-11
7036	147.3805911	-9.322320693e-11
7037	148.9438386	-5.594813501e-11
7038	149.7045681	-1.023181539e-11
7039	149.8897456	-8.132872154e-11
7040	149.7761232	-5.682210258e-11
7041	149.65855	3.388933578e-11
7042	149.8171381	-4.273204013e-11
7043	150.4867646	1.093169999e-11
7044	151.832068	-2.622257966e-11
7045	153.9304472	2.497557716e-11
7046	156.76466	-6.48014975e-12
7047	160.225559	2.705036195e-11
7048	164.1244118	1.220108459e-10
7049	168.2132461	-5.172751116e-12
7050	172.2108509	6.425082688e-11
7051	175.8315362	-5.104539014e-11
7052	178.8135481	1.370956682e-10
7053	180.9441819	5.510258916e-11
7054	182.0790902	-6.195222113e-11
7055	182.1539985	4.213518423e-12
7056	181.1879275	1.932676241e-11
7057	179.2779685	3.416289474e-11
7058	176.5865674	7.143441394e-11
7059	173.3230392	-6.365041827e-11
7060	169.7215757	5.366374012e-11
7061	166.0182756	7.943867786e-11
7062	162.4296959	1.097966162e-10
7063	159.1351141	9.950795743e-11
7064	156.264145	-7.833733662e-12
7065	153.8906503	7.874589869e-11
7066	152.0331034	-3.771916113e-11
7067	150.6608131	-1.346478484e-11
7068	149.7047663	3.696243311e-11
7069	149.0713872	-3.804245807e-11
7070	148.6572771	-9.137579582e-11
7071	148.3630172	9.762857189e-12
7072	148.1043706	-1.547313389e-10
7073	147.8196681	-2.772182484e-11
7074	147.4727445	-7.404921121e-11
7075	147.0514285	-5.11661824e-11
7076	146.5621938	-5.486811006e-11
7077	146.0220817	-7.505462918e-11
7078	145.4493363	-7.580069905e-11
7079	144.8543238	-1.719868692e-11
7080	144.2322143	-9.191225558e-11
7081	143.5586129	-7.731415508e-11
7082	142.7888782	-8.127187812e-11
7083	141.861315	-4.767386486e-11
7084	140.7038604	-4.958522482e-11
7085	139.243366	-1.555342521e-10
7086	137.4161861	-3.333866516e-11
7087	135.178563	-1.765272373e-10
7088	132.5152948	-6.481570836e-11
7089	129.4453627	-5.366729283e-11
7090	126.0235837	-7.029399285e-11
7091	122.3378682	-2.035349667e-11
7092	118.5022515	-4.995825975e-11
7093	114.6464469	3.087663458e-11
7094	110.903162	-1.637090463e-11
7095	107.3947608	1.009077266e-10
7096	104.220998	-5.978151307e-11
7097	101.4494681	-5.250910817e-12
7098	99.11010649	3.599964771e-11
7099	97.19459741	6.714628853e-13
7100	95.66091787	3.249311931e-11
7101	94.44258186	-1.751843115e-11
7102	93.46150554	-7.462830354e-11
7103	92.64289017	1.066524646e-10
7104	91.93017832	-1.595878985e-11
7105	91.29803375	3.222311307e-11
7106	90.76144665	4.243361218e-11
7107	90.37946578	1.217799195e-10
7108	90.25266616	2.385931452e-10
7109	90.51420897	6.11137807e-11
7110	91.31515267	2.300630797e-10
7111	92.80543456	5.772804457e-11
7112	95.11256606	1.22046373e-10
7113	98.32049264	1.593676302e-10
7114	102.4512011	1.301394548e-10
7115	107.4514887	1.735145361e-11
7116	113.1868449	9.829648207e-11
7117	119.4436852	-1.146815976e-11
7118	125.9402855	4.764899586e-11
7119	132.3457973	6.539124797e-11
7120	138.3057838	3.409184046e-11
7121	143.4719154	1.061870591e-10
7122	147.5328954	6.453859669e-11
7123	150.243429	1.159747853e-10
7124	151.4481286	2.650324404e-12
7125	151.0976871	-3.943867455e-11
7126	149.2553827	4.052580493e-11
7127	146.0929581	-1.186606369e-12
7128	141.8760162	-1.967848107e-11
7129	136.9401934	2.515321285e-12
7130	131.6603759	-6.733102964e-11
7131	126.4160049	2.755840001e-11
7132	121.5559842	-8.14246448e-11
7133	117.366798	6.675549002e-12
7134	114.0471552	1.013589213e-11
7135	111.6918216	1.518074555e-11
7136	110.2863514	5.046274509e-11
7137	109.7132846	4.243716489e-11
7138	109.7691601	3.978684049e-11
7139	110.1905321	-2.637534635e-11
7140	110.6862092	-2.794209308e-11
7141	110.9722537	-3.137756721e-11
7142	110.8059693	-3.730349363e-12
7143	110.0152047	-1.975308805e-11
7144	108.5197936	-2.982147862e-11
7145	106.3427913	-9.406164736e-11
7146	103.6102675	9.762857189e-12
7147	100.539646	1.248423587e-11
7148	97.4178215	-7.956657555e-11
7149	94.57138898	-2.973621349e-11
7150	92.33217541	-1.349675927e-11
7151	91.00177478	6.704325983e-11
7152	90.81889502	4.792610753e-11
7153	91.93302389	-1.225686219e-12
7154	94.38723937	4.985878377e-11
7155	98.11200509	-9.370637599e-11
7156	102.9306106	3.206324095e-11
7157	108.5756681	7.818101722e-11
7158	114.7148979	-3.268496584e-11
7159	120.9834526	-3.007016858e-11
7160	127.0193469	-3.614175625e-11
7161	132.4982552	1.045208364e-11
7162	137.1640335	-5.305622608e-11
7163	140.8518112	-7.334222119e-11
7164	143.5013203	-1.867661581e-11
7165	145.1591906	3.684164085e-12
7166	145.9701324	3.950262339e-11
7167	146.1581028	-1.385203063e-11
7168	145.9996067	7.62803154e-11
7169	145.7920796	-5.977085493e-11
7170	145.8207753	9.637801668e-11
7171	146.3276774	-1.261213356e-12
7172	147.4856714	5.030642569e-12
7173	149.3805905	-2.389910492e-11
7174	152.0028526	7.048583939e-12
7175	155.2493497	-5.37099254e-11
7176	158.9351432	5.680789172e-12
7177	162.8134881	2.55830912e-11
7178	166.6018603	-2.636468821e-11
7179	170.0110913	8.785505656e-11
7180	172.7744659	6.413358733e-11
7181	174.6737447	-1.660183102e-11
7182	175.5595007	9.711342841e-11
7183	175.3638565	9.926282019e-11
7184	174.104594	3.924682801e-11
7185	171.8805695	1.337454592e-10
7186	168.859305	-4.023803513e-11
7187	165.2584267	5.304912065e-11
7188	161.3232092	4.472866522e-11
7189	157.3027956	7.582201533e-11
7190	153.4276726	-3.71400688e-11
7191	149.8907025	2.164313173e-11
7192	146.8334892	-1.511324399e-11
7193	144.339153	-4.639488793e-11
7194	142.4318016	9.00719499e-11
7195	141.0822016	9.013234603e-12
7196	140.2184738	1.472955091e-11
7197	139.7401286	2.853894898e-11
7198	139.5334779	3.621636324e-11
7199	139.4864361	-9.009326618e-11
7200	139.5009374	-5.417533089e-11
7201	139.501627	-1.98170369e-11
7202	139.4400521	-4.075673132e-11
7203	139.2942251	-6.302514066e-11
7204	139.0640559	-9.712763926e-11
7205	138.7636862	-8.770228987e-11
7206	138.4121351	-8.586908962e-12
7207	138.0238355	-1.051283505e-10
7208	137.6005959	-1.384705683e-10
7209	137.1262669	-7.03863634e-11
7210	136.5649651	-9.175238347e-11
7211	135.8631722	-2.838618229e-11
7212	134.9554539	-7.692335657e-11
7213	133.7730073	-7.343459174e-12
7214	132.2538257	-1.091073898e-10
7215	130.3530086	-4.367706197e-11
7216	128.0516973	-1.174491615e-10
7217	125.3632675	-7.119638212e-12
7218	122.3357586	-4.387956665e-11
7219	119.0500144	-3.19460014e-11
7220	115.6135818	-3.996092346e-11
7221	112.1509972	-2.226840934e-11
7222	108.7916033	-2.978595148e-11
7223	105.6564074	-6.341949188e-11
7224	102.8456756	-3.878142252e-11
7225	100.4289162	9.409362178e-11
7226	98.43864435	6.429701216e-11
7227	96.8688681	3.623767952e-11
7228	95.67864468	1.874411737e-11
7229	94.80039504	4.975220236e-11
7230	94.15202439	1.491677892e-10
7231	93.65135171	8.049028111e-11
7232	93.23098082	1.599147481e-10
7233	92.85159964	-9.592326933e-13
7234	92.51180027	9.984546523e-11
7235	92.25286754	1.271196481e-10
7236	92.15755057	1.59147362e-10
7237	92.34255044	1.074127454e-10
7238	92.94524275	1.644906433e-11
7239	94.10591323	1.281534878e-10
7240	95.94742322	1.78069115e-10
7241	98.55465798	1.443183351e-10
7242	101.956282	7.593214946e-11
7243	106.1112029	1.219078172e-10
7244	110.9017291	7.102940458e-11
7245	116.1347373	1.331557087e-10
7246	121.5513091	5.098854672e-11
7247	126.8443499	4.270006571e-11
7248	131.6827668	3.226929834e-11
7249	135.7399761	4.240874318e-11
7250	138.7239145	5.735500963e-11
7251	140.4054384	3.30899752e-11
7252	140.6420357	-2.632560836e-11
7253	139.3941611	-1.029576424e-11
7254	136.7322067	-7.752021247e-11
7255	132.8330562	4.419931088e-11
7256	127.9662525	-7.386091738e-12
7257	122.4709207	1.60760294e-11
7258	116.7255959	4.963141009e-11
7259	111.1139101	-5.372413625e-11
7260	105.9895911	1.167705932e-10
7261	101.6443609	4.426681244e-11
7262	98.28207176	8.017408959e-11
7263	96.00180277	4.831690603e-12
7264	94.79172351	4.100542128e-11
7265	94.53440658	-1.172750785e-11
7266	95.02306013	3.468514365e-11
7267	95.98698481	-1.367439495e-10
7268	97.123565	-8.306244581e-12
7269	98.13339123	-2.635047736e-11
7270	98.75476027	-3.39710482e-11
7271	98.79385137	5.315214935e-11
7272	98.14732988	-6.969003152e-11
7273	96.8149346	5.380584867e-11
7274	94.90067828	-1.13757892e-11
7275	92.60251497	-2.871658467e-11
7276	90.1915714	6.642153494e-11
7277	87.98316689	-7.121059298e-11
7278	86.30273419	1.409716788e-11
7279	85.4503059	5.450573326e-11
7280	85.66738717	-3.328892717e-11
7281	87.1097778	1.303988029e-10
7282	89.82926508	-1.383462234e-10
7283	93.76615196	3.412381488e-11
7284	98.75341844	-1.844924213e-11
7285	104.5320653	1.297451035e-11
7286	110.7759932	1.063327204e-10
7287	117.1237569	-1.5869972e-11
7288	123.2138148	4.953193411e-11
7289	128.7195391	-5.580957918e-11
7290	133.3803065	4.866862469e-11
7291	137.0254339	-1.387689963e-11
7292	139.5885177	1.531574867e-11
7293	141.1107789	4.231281991e-11
7294	141.7332053	2.710365266e-11
7295	141.6784713	-2.70894418e-11
7296	141.2246969	2.340883043e-11
7297	140.6739392	-2.025046797e-11
7298	140.3188291	8.544276398e-11
7299	140.4109061	-1.104467628e-10
7300	141.1339595	6.585310075e-11
7301	142.585092	1.024957896e-10
7302	144.765344	3.261035886e-11
7303	147.5806631	3.351274813e-11
7304	150.8528854	8.139267038e-12
7305	154.3393371	5.288214311e-11
7306	157.7587842	-1.62074798e-11
7307	160.8208412	1.092210766e-10
7308	163.2556635	-3.979394592e-11
7309	164.8408101	7.234746136e-11
7310	165.4225622	-1.670485972e-11
7311	164.9296628	1.289315321e-10
7312	163.3783218	-9.297451697e-12
7313	160.8683042	-2.955502509e-11
7314	157.5708822	-2.465938564e-11
7315	153.7102674	1.598010613e-11
7316	149.540771	1.340190181e-10
7317	145.3222945	8.267164731e-12
7318	141.2968051	9.315570537e-11
7319	137.6682062	-1.439914854e-11
7320	134.5875075	6.493294791e-11
7321	132.1445072	2.156497203e-12
7322	130.3663971	5.335110131e-11
7323	129.2228998	-3.036504381e-11
7324	128.6368271	1.289279794e-11
7325	128.498399	-3.219824407e-11
7326	128.6813381	-1.858779797e-11
7327	129.0586824	-9.553247082e-11
7328	129.5164439	8.526512829e-13
7329	129.963637	-1.302495889e-10
7330	130.337768	-2.653521847e-11
7331	130.6055199	-3.687716799e-11
7332	130.7590165	3.372591095e-11
7333	130.8086174	-1.109867753e-11
7334	130.773611	-6.534861541e-11
7335	130.6723935	1.295319407e-11
7336	130.5137153	-1.068016786e-10
7337	130.2903642	-5.5166538e-11
7338	129.9762549	-9.207568041e-11
7339	129.5273701	-6.332712132e-11
7340	128.8864299	-1.245510362e-10
7341	127.9906095	-1.309174991e-11
7342	126.7811779	-1.195239463e-10
7343	125.2136331	-3.034372753e-11
7344	123.2668153	-3.39461792e-11
7345	120.9495899	3.463895837e-12
7346	118.3040047	1.291056151e-11
7347	115.4042879	4.824940447e-11
7348	112.3516177	2.211564265e-11
7349	109.2651726	-3.762323786e-12
7350	106.2705009	3.5971226e-11
7351	103.4866453	-2.323474746e-12
7352	101.0136782	9.54756274e-11
7353	98.92230215	-7.453593298e-11
7354	97.2469562	4.508038387e-11
7355	95.98344876	-7.212008768e-12
7356	95.09157653	1.291340368e-10
7357	94.50254257	6.265921115e-11
7358	94.13034477	9.293898984e-12
7359	93.88574692	6.211209325e-11
7360	93.69104453	2.421174372e-11
7361	93.49365313	1.452526988e-10
7362	93.27660835	1.692015417e-10
7363	93.06437627	1.186890586e-10
7364	92.92289958	1.144364603e-10
7365	92.95349227	1.023323648e-10
7366	93.28096303	1.159925489e-10
7367	94.03710431	2.274092026e-10
7368	95.34133538	1.744382416e-11
7369	97.28075061	1.218403156e-10
7370	99.89203439	-7.020162229e-12
7371	103.1476261	6.357225857e-11
7372	106.9481503	9.261569289e-11
7373	111.1225001	5.165645689e-11
7374	115.4361443	-1.160316287e-11
7375	119.6072998	1.951150352e-11
7376	123.3296898	1.586712983e-10
7377	126.299789	1.787370252e-11
7378	128.2458424	3.928946057e-11
7379	128.9556197	2.027178425e-11
7380	128.2998637	3.824496275e-11
7381	126.2487378	3.313616048e-11
7382	122.8792298	1.779554282e-11
7383	118.3723741	-1.115765258e-10
7384	113.0002128	3.830535888e-11
7385	107.1035121	-9.715606097e-11
7386	101.0622702	2.640376806e-11
7387	95.26187073	-1.289137685e-10
7388	90.05826853	-1.591260457e-11
7389	85.74576644	8.710188126e-11
7390	82.53073587	-3.458566766e-11
7391	80.514059	8.996181577e-11
7392	79.68418746	-9.245226806e-11
7393	79.92161138	9.927347833e-11
7394	81.01433099	2.523137255e-11
7395	82.68275105	7.234390864e-11
7396	84.61140354	4.966693723e-11
7397	86.48415954	-6.495071148e-11
7398	88.01919988	-4.477840321e-11
7399	89.00002255	-7.684164416e-11
7400	89.29917422	-4.440536827e-11
7401	88.89216274	7.465317253e-11
7402	87.8600548	-6.676259545e-11
7403	86.38047569	4.56594762e-11
7404	84.70797576	-1.189803811e-10
7405	83.14587385	3.958433581e-11
7406	82.01260831	1.478070999e-10
7407	81.60621965	1.841726771e-11
7408	82.1707908	1.120277204e-10
7409	83.86845956	-3.586464459e-11
7410	86.76001583	1.18994592e-10
7411	90.79616914	1.221280854e-10
7412	95.8204221	4.374811624e-11
7413	101.5832368	-6.287237397e-11
7414	107.7659708	2.148325962e-11
7415	114.0120184	-1.563194019e-13
7416	119.9618319	2.972200264e-11
7417	125.2881027	4.494182804e-12
7418	129.7273845	4.624567396e-11
7419	133.1048513	-6.252776075e-11
7420	135.3496391	1.621813794e-11
7421	136.4992482	1.234248259e-10
7422	136.6926658	2.783551167e-11
7423	136.1530713	6.169642575e-11
7424	135.1620878	-6.172840017e-11
7425	134.0284168	1.91668903e-11
7426	133.0542501	6.6073369e-11
7427	132.5030396	5.679012816e-11
7428	132.572001	-7.203482255e-11
7429	133.372166	-6.291855925e-12
7430	134.9179428	5.3503868e-12
7431	137.1270938	4.611777626e-11
7432	139.8309133	1.609379296e-12
7433	142.7933076	-3.185363084e-11
7434	145.7365619	-9.127276712e-11
7435	148.3709254	-2.266631327e-12
7436	150.4248101	1.139994765e-10
7437	151.6724262	-2.409095146e-11
7438	151.9560388	4.376943252e-11
7439	151.2006938	-4.903100148e-11
7440	149.4201297	1.475797262e-11
7441	146.7135777	2.856026526e-11
7442	143.2541343	6.368239269e-11
7443	139.2702659	-3.558398021e-11
7444	135.0226712	-3.741007504e-11
7445	130.7791337	-4.452260782e-11
7446	126.7900844	-9.080736163e-12
7447	123.2673879	3.286260153e-12
7448	120.3683832	2.287592338e-11
7449	118.1865219	-1.033804153e-10
7450	116.7491443	1.694999696e-11
7451	116.022105	8.022738029e-11
7452	115.9202085	-2.948041811e-11
7453	116.3218214	2.220801321e-11
7454	117.0856576	-1.255529014e-11
7455	118.0676184	6.367883998e-11
7456	119.1357102	-2.077626959e-11
7457	120.1814414	3.15836246e-12
7458	121.1266466	-1.208952938e-10
7459	121.9253366	1.870148481e-11
7460	122.5608408	8.490985692e-13
7461	123.0391057	-2.506084229e-11
7462	123.379471	-2.793143494e-11
7463	123.6045113	-6.102496286e-11
7464	123.730571	-8.176925803e-11
7465	123.7604454	-3.1789682e-11
7466	123.6792926	-1.165290087e-12
7467	123.4543544	-3.740296961e-11
7468	123.0384922	6.472689051e-11
7469	122.3769791	-9.364597986e-11
7470	121.4165093	7.232969779e-11
7471	120.1150565	-7.549161296e-11
7472	118.4510708	-5.545786053e-12
7473	116.430576	-3.15303339e-11
7474	114.0909982	3.446132268e-13
7475	111.500993	-5.471534337e-11
7476	108.7560837	-3.482014677e-11
7477	105.9704994	4.053291036e-11
7478	103.2661456	1.094591084e-11
7479	100.7600594	-1.650590775e-11
7480	98.55196086	-7.460698725e-13
7481	96.7135497	5.870859354e-11
7482	95.28102639	1.575131137e-10
7483	94.25193481	6.701839084e-11
7484	93.58689034	1.200568533e-10
7485	93.21612862	1.099103031e-10
7486	93.05016922	8.186162859e-11
7487	92.99331655	-9.467981954e-12
7488	92.95829372	7.407763292e-11
7489	92.88008242	8.991207778e-11
7490	92.72706049	-1.718092335e-11
7491	92.50779239	1.29329436e-10
7492	92.27231412	-4.831690603e-13
7493	92.10740846	1.283595452e-10
7494	92.12611483	7.53210827e-11
7495	92.4524692	4.036593282e-11
7496	93.2031326	1.333688715e-10
7497	94.46805439	5.04130071e-11
7498	96.2925645	1.174136344e-10
7499	98.66325489	6.462741453e-11
7500	101.4996901	8.244427363e-11
7501	104.6534046	8.018119502e-11
7502	107.9148623	-2.465583293e-12
7503	111.0281523	9.265832546e-11
7504	113.7122824	5.156763905e-11
7505	115.6871064	-7.311484751e-11
7506	116.7012914	9.562128866e-11
7507	116.5593662	-7.257838774e-11
7508	115.1448561	6.114220241e-12
7509	112.4368024	-1.06425091e-10
7510	108.5175798	-3.616662525e-11
7511	103.5707912	3.327471632e-11
7512	97.86904749	-6.323475077e-11
7513	91.75253011	8.988010336e-11
7514	85.60025001	-7.259970403e-11
7515	79.79675508	7.779732414e-11
7516	74.69759829	9.366729614e-11
7517	70.59709028	5.494982247e-11
7518	67.70169495	7.992184692e-11
7519	66.11189405	-7.188560858e-11
7520	65.81449864	-9.213962926e-11
7521	66.6863093	1.339302003e-10
7522	68.50883733	-1.090363355e-10
7523	70.99262382	1.287574491e-10
7524	73.80866129	-1.286011297e-10
7525	76.62364772	-2.415845302e-12
7526	79.13537237	1.83007387e-10
7527	81.10449753	-2.892264206e-11
7528	82.37936659	6.889422366e-11
7529	82.91120129	-3.259259529e-11
7530	82.75807111	1.135447292e-10
7531	82.07721732	-2.958699952e-11
7532	81.10656306	2.200906124e-11
7533	80.13740375	1.30459199e-10
7534	79.48122251	2.813749234e-11
7535	79.43420868	-2.060218662e-11
7536	80.24330531	1.382005621e-11
7537	82.07744592	-5.136868708e-11
7538	85.00707965	1.787370252e-10
7539	88.99418818	-1.087840928e-11
7540	93.89386605	8.66435812e-11
7541	99.46729015	4.907718676e-11
7542	105.404681	5.410782933e-12
7543	111.3557908	1.850608555e-10
7544	116.9646543	2.167155344e-13
7545	121.9048989	1.348183787e-10
7546	125.9118687	5.561417993e-11
7547	128.8081821	3.426947615e-11
7548	130.5200685	5.397637892e-11
7549	131.0828355	1.325517474e-11
7550	130.6349926	-8.328981949e-11
7551	129.401772	2.112443553e-11
7552	127.6699091	-7.747402719e-11
7553	125.7564547	4.718003765e-11
7554	123.9749902	-2.601652227e-11
7555	122.602846	2.99209546e-11
7556	121.8527637	1.099209612e-11
7557	121.8519122	5.957190297e-11
7558	122.630337	2.534505938e-11
7559	124.1198778	9.748646335e-12
7560	126.163458	9.533707157e-11
7561	128.5335465	2.201971938e-11
7562	130.9576437	2.413358402e-11
7563	133.1479451	3.449684982e-12
7564	134.8319642	5.655209634e-11
7565	135.7808744	-4.870770454e-11
7566	135.8326645	2.754774187e-11
7567	134.907837	-6.938449815e-11
7568	133.0162429	-3.165467888e-12
7569	130.2546355	1.201527766e-11
7570	126.795531	3.240785418e-11
7571	122.8688663	1.69855241e-11
7572	118.73866	6.78923584e-12
7573	114.6773225	6.764722116e-11
7574	110.9403998	2.599165327e-11
7575	107.7443611	-2.202682481e-13
7576	105.2495793	4.725109193e-13
7577	103.5499819	1.212541179e-10
7578	102.6700361	1.55822022e-11
7579	102.568888	4.55564475e-11
7580	103.1506887	-1.006874584e-10
7581	104.2795068	1.881872436e-11
7582	105.7968108	-3.758771072e-12
7583	107.5393418	-2.387423592e-12
7584	109.3553062	-6.863132285e-11
7585	111.1171615	-4.067501891e-11
7586	112.7298042	7.507949817e-11
7587	114.1336221	-3.073452604e-11
7588	115.3025527	8.917311334e-12
7589	116.2379223	4.511946372e-12
7590	116.9593364	3.373301638e-11
7591	117.4942009	-3.640110435e-11
7592	117.867546	1.269455652e-10
7593	118.0936854	-2.739142246e-11
7594	118.1709087	-6.172484746e-11
7595	118.0799183	-1.024886842e-10
7596	117.7861503	2.814459776e-11
7597	117.2455441	-9.686829117e-11
7598	116.4128211	4.588684988e-11
7599	115.2509624	-4.481393034e-11
7600	113.7403964	-4.066080805e-11
7601	111.8864303	1.561950569e-10
7602	109.723693	-3.438316298e-11
7603	107.3167594	1.29602995e-11
7604	104.7566505	1.277378203e-10
7605	102.1534814	5.615774512e-11
7606	99.6260749	4.309086421e-11
7607	97.28980948	9.933387446e-12
7608	95.2442569	5.624656296e-11
7609	93.56225061	1.549338435e-10
7610	92.28189145	-1.560707119e-11
7611	91.40265899	1.357491897e-10
7612	90.88629156	-3.667821602e-11
7613	90.66248865	1.103757086e-10
7614	90.63885238	1.649382853e-10
7615	90.71390175	8.09556866e-11
7616	90.79154189	2.114433073e-10
7617	90.79511236	4.244427032e-11
7618	90.67911363	2.142925837e-10
7619	90.43693023	6.192379942e-11
7620	90.10331317	1.66156866e-10
7621	89.75100543	1.616022871e-10
7622	89.48162102	8.177636346e-11
7623	89.41163282	9.017853131e-11
7624	89.6549962	2.570033075e-11
7625	90.30444695	1.368150038e-11
7626	91.41379574	1.136264416e-10
7627	92.98355174	-8.12150347e-12
7628	94.95193468	5.403322234e-11
7629	97.19279804	-3.814903948e-11
7630	99.52124116	9.821121694e-11
7631	101.7068151	8.738254564e-11
7632	103.4933246	3.340261401e-11
7633	104.6234024	5.385913937e-11
7634	104.8653808	-5.48538992e-11
7635	104.0395924	4.351363714e-11
7636	102.0411524	3.670308502e-11
7637	98.85652498	-2.255973186e-11
7638	94.57174529	-3.755218358e-12
7639	89.37099629	-2.319566761e-11
7640	83.52524207	-3.683808814e-11
7641	77.37169038	-3.064570819e-11
7642	71.28587571	-4.634159723e-11
7643	65.64900752	9.352163488e-11
7644	60.81381475	-7.6955331e-11
7645	57.07236735	5.14503995e-11
7646	54.62923245	-5.455191854e-11
7647	53.58283154	2.557953849e-11
7648	53.9170543	2.215365669e-10
7649	55.50413527	-4.201083925e-11
7650	58.11862411	1.394973026e-10
7651	61.46110422	-8.723333167e-11
7652	65.18926696	1.004423211e-10
7653	68.95314574	1.277058459e-10
7654	72.43084575	-2.905764518e-11
7655	75.36102681	2.393818477e-11
7656	77.56872009	1.698197138e-11
7657	78.98175348	3.657163461e-11
7658	79.63605208	8.877165669e-11
7659	79.6692643	6.977529665e-12
7660	79.30341209	1.256132975e-10
7661	78.81844199	4.28030944e-11
7662	78.5195316	9.237410836e-11
7663	78.70167898	4.718003765e-12
7664	79.61539486	5.505995659e-11
7665	81.43719781	2.173727864e-10
7666	84.24809317	4.126121667e-11
7667	88.02235326	2.281943523e-10
7668	92.62780466	1.879740807e-11
7669	97.83758687	5.989519991e-11
7670	103.3521134	7.681677516e-11
7671	108.828872	6.775024985e-11
7672	113.9168684	3.741718047e-11
7673	118.2920289	2.45705678e-11
7674	121.6897957	4.702016554e-11
7675	123.9314656	6.400924235e-11
7676	124.9415174	8.571277021e-11
7677	124.7541529	2.658495646e-11
7678	123.5084447	4.784794783e-11
7679	121.4327059	7.863931728e-11
7680	118.8198384	1.144258022e-10
7681	115.9963609	-4.270361842e-12
7682	113.2884593	6.83080259e-11
7683	110.9886737	-2.119193709e-11
7684	109.3267211	9.191225558e-11
7685	108.4474563	-3.969091722e-11
7686	108.3981702	4.186162528e-11
7687	109.1263857	6.309619494e-12
7688	110.4881817	-4.815703392e-11
7689	112.2659465	1.166355901e-11
7690	114.193488	-1.019984097e-11
7691	115.985687	4.286704325e-11
7692	117.3694625	2.46735965e-11
7693	118.1127609	7.996092677e-11
7694	118.0485716	1.178079856e-11
7695	117.0915887	3.914735203e-11
7696	115.2459868	3.790745495e-12
7697	112.6037748	7.612044328e-11
7698	109.3342123	-6.032507827e-12
7699	105.6657085	3.827693718e-11
7700	101.8623777	-4.962430467e-11
7701	98.19790799	1.022648632e-10
7702	94.92958443	-8.992273592e-11
7703	92.27516295	4.45155024e-11
7704	90.39486461	3.561950734e-11
7705	89.38009362	-1.590905185e-11
7706	89.24967011	7.733191865e-11
7707	89.95350415	-1.169553343e-11
7708	91.38282169	3.863931397e-11
7709	93.38537851	4.353140071e-11
7710	95.78363556	1.520916726e-11
7711	98.39366439	3.22586402e-11
7712	101.0426172	-4.330757974e-11
7713	103.5829123	5.667644132e-11
7714	105.9018059	7.64899255e-11
7715	107.9256709	-1.583444487e-11
7716	109.6190028	1.014193174e-10
7717	110.9788293	-7.79962761e-11
7718	112.0257379	-5.165645689e-12
7719	112.7930927	-8.796519069e-12
7720	113.3161447	-6.611600156e-12
7721	113.6226489	1.104041303e-10
7722	113.726297	-2.991029646e-11
7723	113.6238079	6.702904898e-11
7724	113.2959548	-6.489386806e-11
7725	112.7122201	2.842526214e-11
7726	111.8382425	-1.661248916e-11
7727	110.6448147	4.715516866e-11
7728	109.1169681	9.254819133e-12
7729	107.2616623	-3.115019354e-11
7730	105.1127834	8.004263918e-12
7731	102.7325326	8.525091744e-11
7732	100.2087829	8.242295735e-13
7733	97.64855477	2.710009994e-11
7734	95.16831535	-8.000711205e-11
7735	92.88227706	5.552180937e-11
7736	90.89019239	1.561772933e-10
7737	89.2662656	-2.610534011e-11
7738	88.05071168	1.444853126e-10
7739	87.24519305	-2.859934511e-11
7740	86.81289184	1.539923744e-10
7741	86.68338629	1.297202346e-10
7742	86.76186922	9.816147895e-11
7743	86.9416553	8.205347513e-11
7744	87.11844887	4.474642878e-11
7745	87.20455247	9.143263924e-11
7746	87.14112891	8.72155681e-11
7747	86.9068046	2.167510615e-11
7748	86.52130403	1.6322943e-10
7749	86.04339165	-4.193978498e-11
7750	85.56310104	1.023501284e-10
7751	85.18896759	1.487130419e-10
7752	85.03165907	5.007905202e-11
7753	85.18593253	1.724345111e-10
7754	85.71316339	-4.176214929e-11
7755	86.62674677	1.732622934e-10
7756	87.88244446	-6.274092357e-12
7757	89.37526049	6.629363725e-12
7758	90.94372231	1.18522081e-10
7759	92.3816002	3.556266392e-11
7760	93.45620928	-1.730526833e-11
7761	93.931611	1.537969752e-11
7762	93.59436319	-2.529887411e-11
7763	92.27904475	7.310774208e-11
7764	89.89066045	-6.820499721e-11
7765	86.42123868	8.191847201e-11
7766	81.9584569	1.853805998e-11
7767	76.68491774	9.009681889e-12
7768	70.86767155	-3.351274813e-11
7769	64.83863452	-5.397993164e-11
7770	58.96756813	1.880309242e-10
7771	53.63015166	-5.768185929e-11
7772	49.17429229	6.413714004e-11
7773	45.88810292	-1.580282571e-10
7774	43.97289662	6.933831287e-11
7775	43.52409818	1.231725832e-10
7776	44.52219989	-3.437250484e-11
7777	46.83486888	6.986056178e-11
7778	50.23015359	-7.13207271e-11
7779	54.39956342	-2.277289468e-12
7780	58.98873484	1.832418661e-10
7781	63.63256788	6.993872148e-11
7782	67.99121251	1.134807803e-10
7783	71.78316303	-1.86730631e-11
7784	74.81199909	-1.810818162e-11
7785	76.98396682	2.195363891e-10
7786	78.31455491	7.127098911e-11
7787	78.92338715	1.021867035e-10
7788	79.01799816	-6.959766097e-11
7789	78.86824941	1.718696296e-10
7790	78.77414714	-9.722711525e-11
7791	79.03053381	3.373656909e-11
7792	79.8924613	1.205009426e-10
7793	81.54497995	3.489830647e-11
7794	84.08060062	6.642508765e-11
7795	87.48685744	3.048583608e-11
7796	91.64530848	1.94013694e-10
7797	96.34207727	1.333013699e-10
7798	101.2887953	1.214246481e-10
7799	106.1516887	6.313172207e-12
7800	110.5856829	9.371348142e-11
7801	114.2698694	8.092371218e-11
7802	116.9405482	1.330136001e-10
7803	118.4183348	-1.71667125e-11
7804	118.6264768	2.385647235e-11
7805	117.5984834	-6.840750189e-11
7806	115.474325	6.891553994e-11
7807	112.4856884	5.682565529e-11
7808	108.931938	-6.004086117e-13
7809	105.1494041	-2.480149419e-11
7810	101.4773064	6.531664098e-11
7811	98.22393758	1.001012606e-10
7812	95.63665602	-3.822719918e-11
7813	93.87878313	4.90096852e-11
7814	93.01571722	4.369127282e-11
7815	93.01155762	1.163478203e-10
7816	93.73639157	6.569678135e-11
7817	94.98325888	4.992983804e-11
7818	96.49279858	-1.433164698e-11
7819	97.98280615	5.620748311e-11
7820	99.17946833	-6.000178132e-11
7821	99.84694007	7.049294481e-11
7822	99.81218696	-9.659473221e-11
7823	98.98260152	4.193978498e-11
7824	97.3547403	5.371703082e-12
7825	95.01352351	2.239985974e-11
7826	92.12227629	1.675779515e-10
7827	88.90495585	-5.746159104e-11
7828	85.6226977	5.139000336e-11
7829	82.54734441	5.399414249e-11
7830	79.93484198	1.100843861e-10
7831	78.00128685	1.133635408e-10
7832	76.90400281	-2.440714297e-11
7833	76.72937778	3.983657848e-11
7834	77.48837628	-5.812950121e-11
7835	79.11976327	-4.941469456e-11
7836	81.50023045	8.613909586e-11
7837	84.45990165	-8.231637594e-12
7838	87.80118757	7.478462294e-11
7839	91.31870948	-7.768719001e-11
7840	94.81803717	7.1892714e-11
7841	98.13127243	1.566320407e-10
7842	101.1280107	-7.293365911e-11
7843	103.7208624	1.218651846e-10
7844	105.865426	-6.767564287e-11
7845	107.5552905	1.136761796e-10
7846	108.8132204	3.5971226e-11
7847	109.6800777	3.614886168e-11
7848	110.2032178	-2.696864954e-11
7849	110.4260454	3.197442311e-13
7850	110.3801498	-8.437339716e-11
7851	110.0809923	7.781153499e-11
7852	109.5275663	-2.541256094e-11
7853	108.7058502	3.634781365e-11
7854	107.5953297	-6.377831596e-11
7855	106.1774211	3.731059905e-11
7856	104.4443669	-3.657163461e-11
7857	102.4071079	7.389644452e-13
7858	100.100785	1.233857461e-10
7859	97.58686166	-7.545608582e-11
7860	94.9513322	1.182840492e-10
7861	92.29904641	3.552713679e-12
7862	89.74473655	7.72679698e-11
7863	87.40182656	4.210676252e-11
7864	85.37045356	8.130029983e-11
7865	83.72629585	6.673772646e-11
7866	82.51175297	-1.000799443e-11
7867	81.73076432	3.304378993e-11
7868	81.34811288	1.868514232e-10
7869	81.29349445	-4.023803513e-11
7870	81.47001046	1.240856307e-10
7871	81.76614475	1.192788091e-10
7872	82.06978982	3.786126967e-11
7873	82.2825633	2.600053506e-10
7874	82.33254761	2.271249855e-11
7875	82.18371654	2.120366105e-10
7876	81.84067195	-1.370281666e-11
7877	81.34786464	1.934274962e-10
7878	80.78315235	-1.71691994e-10
7879	80.24627328	3.063860277e-11
7880	79.84349703	1.00058628e-10
7881	79.67026826	-8.078870906e-12
7882	79.79400895	1.226254653e-10
7883	80.23934149	-4.229860906e-11
7884	80.97781483	-3.091571443e-11
7885	81.92377163	1.317310705e-10
7886	82.93732885	8.673239904e-11
7887	83.83462946	8.148859365e-11
7888	84.40465102	-1.245581416e-11
7889	84.43102988	5.453060226e-11
7890	83.71667724	1.800231075e-10
7891	82.10851126	-1.727684662e-11
7892	79.51947041	1.716742304e-10
7893	75.94513487	-1.390034754e-10
7894	71.47275956	7.361933285e-11
7895	66.28126941	1.237303593e-10
7896	60.63170806	-1.894306934e-11
7897	54.84866536	1.532747262e-10
7898	49.29422174	8.87467877e-12
7899	44.33682341	-4.991562719e-12
7900	40.31814045	-8.629541526e-11
7901	37.52128031	1.513313919e-10
7902	36.14368959	1.244124803e-10
7903	36.27767155	-5.609734899e-12
7904	37.900713	1.280682227e-10
7905	40.87682476	-4.7684523e-11
7906	44.96895942	1.598721155e-11
7907	49.86140034	1.682991524e-10
7908	55.18994501	-7.143796665e-11
7909	60.57685219	9.961098613e-11
7910	65.66698258	-1.259969906e-10
7911	70.16140041	5.933031844e-11
7912	73.84493976	1.703952535e-10
7913	76.60485488	1.026805307e-10
7914	78.43860344	1.465494393e-12
7915	79.44995857	1.313082976e-11
7916	79.83388575	1.659312687e-10
7917	79.85182116	1.411226691e-10
7918	79.80001661	1.711413233e-10
7919	79.97436221	1.347242318e-10
7920	80.63547739	5.518430157e-11
7921	81.97783224	1.186055698e-10
7922	84.10622719	3.132250015e-11
7923	87.02216415	-1.861977239e-11
7924	90.62157524	1.059596855e-10
7925	94.70414936	5.86197757e-12
7926	98.99324713	6.840039646e-11
7927	103.1642562	3.883116051e-12
7928	106.8783349	8.805756124e-11
7929	109.8179213	-3.479705413e-11
7930	111.7202061	3.385736136e-11
7931	112.4050004	8.284750663e-11
7932	111.7940485	1.964650664e-12
7933	109.9197635	4.16218171e-11
7934	106.9225124	3.508482393e-11
7935	103.0368012	5.636735523e-11
7936	98.56789801	3.755928901e-11
7937	93.86143387	-6.929568031e-12
7938	89.26924679	2.557243306e-11
7939	85.11509639	1.699902441e-10
7940	81.66384746	-5.612932341e-11
7941	79.09730264	6.809131037e-11
7942	77.49911154	-1.756461643e-11
7943	76.85017929	8.850520317e-11
7944	77.0348569	-1.358380075e-10
7945	77.8570427	7.425171589e-13
7946	79.06428564	2.122817477e-10
7947	80.37716724	-2.569144897e-11
7948	81.52073474	1.37383438e-10
7949	82.25461175	-8.803802132e-11
7950	82.39863359	1.039506259e-10
7951	81.85141046	6.897415972e-11
7952	80.60004437	8.935430174e-11
7953	78.72021894	7.845812888e-11
7954	76.36693237	-3.701572382e-11
7955	73.75713565	-1.560884755e-11
7956	71.14636343	1.702495922e-10
7957	68.80201784	3.106492841e-11
7958	66.97622956	1.455155996e-10
7959	65.88115673	-8.9475094e-11
7960	65.66920768	6.265388208e-11
7961	66.42003971	2.260964749e-10
7962	68.13537448	9.791811806e-11
7963	70.74177589	1.250892723e-10
7964	74.10066508	-4.80753215e-11
7965	78.02409494	1.484963263e-10
7966	82.29425586	-8.25650659e-11
7967	86.6843891	9.632294962e-11
7968	90.97876879	1.132232086e-10
7969	94.98966715	4.877875881e-12
7970	98.5697	4.044764523e-12
7971	101.6185937	-1.081446044e-11
7972	104.084137	-6.682476794e-11
7973	105.9577914	9.5344177e-11
7974	107.2660493	-7.773515165e-11
7975	108.0590705	3.148770134e-11
7976	108.3983636	5.239186862e-11
7977	108.3452653	1.262812077e-11
7978	107.9517469	9.147704816e-11
7979	107.2546514	-3.235456347e-11
7980	106.2739194	1.211954981e-10
7981	105.0147661	-6.143174858e-11
7982	103.4731933	4.291322853e-11
7983	101.6437545	9.900524844e-11
7984	99.52818266	6.96331881e-12
7985	97.14338114	-6.822808984e-11
7986	94.52738205	1.174882414e-11
7987	91.74217787	1.85451654e-12
7988	88.87278381	5.162092975e-12
7989	86.02243519	-9.825029679e-12
7990	83.30438897	3.660360903e-11
7991	80.831306	4.051869951e-12
7992	78.70357152	6.747491454e-11
7993	76.99811414	-5.545786053e-12
7994	75.75927642	6.270539643e-11
7995	74.99307241	2.057465309e-10
7996	74.66576246	2.770939034e-11
7997	74.70713338	1.646878189e-10
7998	75.01826119	2.478373062e-11
7999	75.48293183	1.468976052e-10
8000	75.98138203	1.124895732e-10
8001	76.40466734	2.672351229e-11
8002	76.66781663	4.595079872e-11
8003	76.72001979	1.938005312e-12
8004	76.55041187	7.549161296e-11
8005	76.18853094	1.671836003e-10
8006	75.69917982	7.607603436e-11
8007	75.17213453	9.908873722e-11
8008	74.70782826	9.635492404e-11
8009	74.40071131	9.023892744e-11
8010	74.32236887	-1.385558335e-13
8011	74.50661593	7.869971341e-11
8012	74.93865494	1.547437734e-10
8013	75.54998373	3.880629151e-11
8014	76.22011702	1.44337875e-10
8015	76.78540121	-1.153193097e-10
8016	77.05434819	4.271605292e-11
8017	76.82808961	4.527400677e-11
8018	75.92385705	2.889777306e-11
8019	74.1989148	3.861799769e-11
8020	71.57217442	-5.555911287e-11
8021	68.04083735	1.706457198e-10
8022	63.68984276	1.474216305e-10
8023	58.69260196	3.509725843e-11
8024	53.30240851	1.026094765e-10
8025	47.83492537	6.346745351e-11
8026	42.64315697	9.804246304e-11
8027	38.08719896	3.338129773e-10
8028	34.5017188	3.557865114e-11
8029	32.16447564	1.732747279e-10
8030	31.26918896	-8.935963081e-11
8031	31.90570419	1.1688428e-10
8032	34.04970938	-1.51565871e-10
8033	37.56330099	7.240963384e-11
8034	42.20657682	1.634230529e-10
8035	47.65927149	1.643662983e-11
8036	53.55037085	1.885496204e-10
8037	59.49276578	-2.168398794e-11
8038	65.11943305	9.481837537e-11
8039	70.11742737	1.551292428e-10
8040	74.25616237	8.547296204e-11
8041	77.40703255	6.149925014e-11
8042	79.55232524	5.588951524e-11
8043	80.78249654	6.276756892e-11
8044	81.28211853	1.232045577e-10
8045	81.30601246	-3.797318016e-11
8046	81.1481342	1.297362218e-10
8047	81.10655738	-5.958611382e-11
8048	81.44832153	1.134274896e-10
8049	82.37792903	1.653912562e-10
8050	84.01288329	9.019807123e-11
8051	86.3689025	2.161169022e-10
8052	89.35640008	-8.290257369e-12
8053	92.78860828	1.41874068e-10
8054	96.40046633	-2.514610742e-11
8055	99.87623617	1.210089806e-10
8056	102.8828721	5.090328159e-11
8057	105.1055582	1.514344206e-11
8058	106.2816021	4.373923446e-11
8059	106.229064	3.042011087e-11
8060	104.8670752	-3.447908625e-11
8061	102.2257071	7.545608582e-11
8062	98.44437818	6.762590488e-12
8063	93.7590192	1.345767942e-10
8064	88.47941512	-7.619860298e-11
8065	82.95917679	5.199574105e-11
8066	77.56155953	2.439204394e-10
8067	72.62475384	-6.052225388e-11
8068	68.43028829	1.620161783e-10
8069	65.17780733	-3.138822535e-11
8070	62.96876359	1.457092225e-10
8071	61.80057804	2.043272218e-10
8072	61.57168193	6.239275763e-11
8073	62.09668914	1.31464617e-10
8074	63.12988227	4.080469296e-11
8075	64.39434496	3.576694496e-11
8076	65.61352587	-8.739853286e-11
8077	66.54182958	-3.398525905e-11
8078	66.99101128	1.489794954e-10
8079	66.84967698	-2.309263891e-11
8080	66.09399564	1.11995746e-10
8081	64.78871923	3.474553978e-11
8082	63.0786686	1.188382726e-12
8083	61.1718599	2.313811365e-10
8084	59.31630662	-3.566213991e-11
8085	57.77314658	1.437125974e-10
8086	56.78905038	1.392663762e-11
8087	56.57084264	1.173638964e-10
8088	57.26492338	1.785664949e-10
8089	58.94346169	6.467537617e-11
8090	61.5985251	5.876010789e-11
8091	65.14440284	3.014477556e-11
8092	69.42748412	1.236717395e-10
8093	74.24226433	1.932676241e-10
8094	79.35145827	2.449596082e-11
8095	84.50785926	1.158610985e-10
8096	89.47552593	1.346478484e-10
8097	94.04809899	6.786926576e-11
8098	98.06251156	9.389822253e-12
8099	101.4069946	-1.455013887e-11
8100	104.02301	1.986961706e-10
8101	105.9014806	9.979572724e-12
8102	107.074332	1.293933849e-10
8103	107.6028571	-2.323830017e-11
8104	107.5646841	6.690115129e-11
8105	107.0411734	7.515765788e-12
8106	106.1068726	7.14361903e-11
8107	104.8222645	5.715605766e-11
8108	103.2305101	-6.380318496e-11
8109	101.3582836	3.982059127e-11
8110	99.22020519	1.367759239e-10
8111	96.82587747	5.561062721e-11
8112	94.1881798	4.426325972e-11
8113	91.33132409	4.527933584e-11
8114	88.29723424	-4.240163776e-12
8115	85.14907305	1.747828549e-10
8116	81.97116641	2.961364487e-11
8117	78.86510586	2.015010381e-10
8118	75.94237642	1.456434973e-11
8119	73.31437899	5.14503995e-11
8120	71.08112623	-9.360867637e-11
8121	69.32012997	4.44124737e-11
8122	68.07703402	1.149764728e-10
8123	67.35936917	-8.698819443e-12
8124	67.13443896	6.347278259e-11
8125	67.33182847	-4.437339385e-12
8126	67.85043097	1.242081993e-10
8127	68.56928407	1.530739979e-10
8128	69.3609777	5.074518583e-11
8129	70.1060122	6.617462134e-11
8130	70.70629925	6.396660979e-11
8131	71.0960422	3.656275283e-11
8132	71.24850622	2.007247701e-10
8133	71.17766492	8.284750663e-11
8134	70.93433519	1.191722276e-10
8135	70.5971099	1.677236128e-11
8136	70.25908486	1.088391599e-10
8137	70.01196329	1.634923308e-10
8138	69.92953242	7.510614353e-11
8139	70.05268321	1.376356806e-10
8140	70.37805674	2.119193709e-11
8141	70.85204873	1.530597871e-10
8142	71.37132125	-6.211031689e-11
8143	71.79022007	1.305622277e-10
8144	71.93466129	1.038227282e-10
8145	71.62123139	7.399947322e-11
8146	70.6795374	8.086153969e-11
8147	68.97533963	3.490541189e-11
8148	66.43176472	7.515410516e-11
8149	63.04596955	2.403979238e-10
8150	58.89901133	5.922373703e-12
8151	54.15733977	1.560387375e-10
8152	49.06520017	-1.146052142e-10
8153	43.92822531	1.406981198e-10
8154	39.08949188	1.907736191e-10
8155	34.90020892	6.472511416e-11
8156	31.68788759	2.41922038e-10
8157	29.72522964	-8.943779051e-11
8158	29.20301422	2.254356701e-10
8159	30.20994492	2.427960055e-10
8160	32.72176682	7.364420185e-11
8161	36.60104132	1.804103533e-10
8162	41.60787004	5.094769051e-11
8163	47.42070569	9.45910017e-11
8164	53.66530291	-1.085354029e-11
8165	59.94896667	2.546407529e-11
8166	65.89665065	2.026130375e-10
8167	71.18521516	-3.685229899e-11
8168	75.57230414	9.970868575e-11
8169	78.91683402	-7.163514226e-11
8170	81.18894962	9.070078022e-11
8171	82.46840355	2.614584105e-10
8172	82.93153909	4.593658787e-12
8173	82.82826941	1.722106902e-10
8174	82.45151712	-1.794120408e-12
8175	82.10238957	1.595292787e-10
8176	82.05482792	6.975575673e-11
8177	82.52352894	1.498392521e-10
8178	83.63859062	7.398703872e-11
8179	85.42961139	-1.555378049e-11
8180	87.82095565	7.806733038e-11
8181	90.63869628	1.73962178e-10
8182	93.62848642	-9.293721348e-11
8183	96.48243654	1.013251705e-10
8184	98.87210526	-5.729283714e-11
8185	100.4840584	6.059863722e-11
8186	101.0541814	7.934986002e-11
8187	100.3970732	2.574296332e-11
8188	98.42738765	1.132693939e-10
8189	95.17086403	1.75699455e-11
8190	90.76389906	9.308287474e-11
8191	85.44174575	-6.415845633e-11
8192	79.51663533	1.062137045e-10
8193	73.34818395	1.147277828e-10
8194	67.30924678	2.424371814e-11
8195	61.75083631	9.319300887e-11
8196	56.96978139	1.222133506e-12
8197	53.18246807	1.811883976e-11
8198	50.50731212	2.652260633e-10
8199	48.95764595	-7.412737091e-12
8200	48.44556818	1.973354813e-10
8201	48.79612783	9.42534939e-11
8202	49.77012467	9.336531548e-11
8203	51.09292133	-5.572964312e-11
8204	52.48607252	3.353228806e-11
8205	53.69834298	2.42001974e-10
8206	54.53282609	-3.982592034e-11
8207	54.86736782	1.014139883e-10
8208	54.66628472	-1.13782761e-10
8209	53.98234781	1.058744203e-10
8210	52.94907538	1.754809631e-10
8211	51.76441659	3.535305382e-11
8212	50.6678021	7.757883225e-11
8213	49.913193	1.717737064e-12
8214	49.74110893	5.314859663e-12
8215	50.3526312	2.210285288e-10
8216	51.88806437	1.103241942e-10
8217	54.41234504	1.450910503e-10
8218	57.90848338	3.783817704e-11
8219	62.27940909	8.76312356e-11
8220	67.35767292	2.575131219e-10
8221	72.92163212	5.328892883e-11
8222	78.71611222	1.70885528e-10
8223	84.47515281	-2.991917825e-11
8224	89.9443455	1.443734021e-10
8225	94.90045879	-5.195310848e-11
8226	99.16648289	3.525002512e-11
8227	102.6208571	-2.568967261e-11
8228	105.2003816	7.768541366e-11
8229	106.8970727	-4.883560223e-11
8230	107.7499037	3.267608406e-11
8231	107.8329098	1.195967769e-10
8232	107.2414549	-1.987743303e-12
8233	106.0785472	1.194440102e-10
8234	104.4429335	-4.636291351e-12
8235	102.420336	-4.189715241e-11
8236	100.0786751	6.245493012e-11
8237	97.46751683	1.618385426e-10
8238	94.62137382	-2.227729112e-11
8239	91.56595719	7.201350627e-11
8240	88.32608849	-7.161382598e-11
8241	84.93378147	1.240856307e-10
8242	81.43501913	8.170175647e-11
8243	77.89397294	1.393019033e-11
8244	74.39380731	5.856826135e-11
8245	71.03372734	-1.533706495e-11
8246	67.92249147	1.973585739e-10
8247	65.16914694	-1.535838123e-11
8248	62.87218138	7.01394498e-11
8249	61.10855973	5.48290302e-11
8250	59.92419287	1.176374553e-10
8251	59.32724997	9.909228993e-11
8252	59.28539499	6.496492233e-11
8253	59.72754067	7.023714943e-12
8254	60.55013066	1.606643707e-10
8255	61.62735886	-4.583355917e-11
8256	62.82419182	1.427693519e-10
8257	64.0106494	-7.431211202e-11
8258	65.07557627	9.048228833e-11
8259	65.93813837	8.744471813e-11
8260	66.55550925	6.263078944e-11
8261	66.92564882	2.12576623e-10
8262	67.08467259	-3.558753292e-11
8263	67.09899119	1.119584425e-10
8264	67.0530843	1.59859681e-10
8265	67.03437413	5.247535739e-11
8266	67.11710174	1.680664496e-10
8267	67.34732448	1.102851144e-10
8268	67.73110999	4.986766555e-11
8269	68.22769628	-1.527489246e-11
8270	68.74884773	1.552535878e-12
8271	69.16491969	2.121520737e-10
8272	69.31733135	-4.846789636e-11
8273	69.0363328	1.467750366e-10
8274	68.16223587	-1.003712669e-10
8275	66.5677498	1.05419673e-10
8276	64.17879213	2.882121208e-10
8277	60.99117456	3.378097801e-11
8278	57.08090137	1.920135162e-10
8279	52.60643501	-7.040235062e-11
8280	47.80211937	1.468887234e-10
8281	42.96291582	1.899920221e-10
8282	38.42159409	8.200018442e-11
8283	34.52041671	9.683276403e-11
8284	31.58005738	-2.222755313e-11
8285	29.86891342	8.106759708e-11
8286	29.57605523	2.538786958e-10
8287	30.79078227	-5.023359506e-11
8288	33.49114538	2.431441715e-10
8289	37.54290946	-8.77466988e-11
8290	42.70935963	6.716760481e-11
8291	48.67121206	1.988631482e-11
8292	55.05480291	-1.403677174e-11
8293	61.46581513	1.564934848e-10
8294	67.52516826	-2.391509213e-11
8295	72.90341375	1.18522081e-10
8296	77.35008614	-4.52189397e-11
8297	80.71495117	7.094413945e-11
8298	82.95891854	3.97779587e-11
8299	84.15346281	8.583178612e-11
8300	84.46860731	-1.002220529e-11
8301	84.15074147	-3.157296646e-11
8302	83.4926308	1.488764667e-11
8303	82.79882026	1.478657197e-10
8304	82.35013359	5.695000027e-12
8305	82.37107646	1.243183334e-10
8306	83.00364634	-6.875211511e-11
8307	84.29036889	9.356071473e-12
8308	86.16839111	2.708322455e-10
8309	88.47527341	-2.92832425e-11
8310	90.96586391	1.270183958e-10
8311	93.33844552	4.554756572e-11
8312	95.26734922	4.511235829e-11
8313	96.43853386	-8.868106249e-11
8314	96.58431787	7.069012042e-11
8315	95.51354589	1.025668439e-11
8316	93.13397129	7.918821154e-11
8317	89.46447847	6.014211351e-11
8318	84.6358643	-4.287237232e-11
8319	78.8801255	4.041567081e-11
8320	72.50942465	1.55424118e-10
8321	65.88699875	-3.559286199e-11
8322	59.39311391	1.301359021e-10
8323	53.38966763	1.419664386e-11
8324	48.18714692	1.796429672e-11
8325	44.01735687	3.400533188e-10
8326	41.01467695	1.417355122e-11
8327	39.20765711	2.019877599e-10
8328	38.52163752	-1.175219921e-10
8329	38.79189083	1.30762956e-10
8330	39.78567296	1.730651178e-10
8331	41.23064692	-2.235545082e-11
8332	42.84651296	1.180602283e-10
8333	44.37639938	1.754330015e-11
8334	45.61466712	6.691180943e-11
8335	46.4282399	-1.528199789e-11
8336	46.76933265	-4.154188105e-11
8337	46.67842599	1.59127822e-10
8338	46.27741141	-1.095656899e-11
8339	45.75389204	1.403890337e-10
8340	45.33854966	4.204636639e-12
8341	45.27818378	8.832756748e-11
8342	45.80742105	2.035172031e-10
8343	47.12214844	-7.764811016e-11
8344	49.35744484	1.266666771e-10
8345	52.57221275	-5.150013749e-11
8346	56.74191731	9.606182516e-11
8347	61.75991889	1.91997529e-10
8348	67.44694382	5.299938266e-11
8349	73.56738258	5.708677975e-11
8350	79.85042723	4.403588605e-11
8351	86.01363095	-1.126920779e-11
8352	91.78633106	9.540812584e-11
8353	96.93052709	9.097078646e-11
8354	101.2572204	1.414868223e-11
8355	104.6368402	1.10885523e-10
8356	107.003127	2.65050204e-11
8357	108.3506195	-1.188737997e-11
8358	108.7266105	-8.29434299e-11
8359	108.2190124	1.345803469e-10
8360	106.9419432	-8.610001601e-12
8361	105.0209756	-8.895995052e-12
8362	102.5798759	1.23634436e-12
8363	99.7303233	5.203126818e-11
8364	96.56559607	9.325873407e-13
8365	93.15860305	2.754241279e-11
8366	89.56401817	-4.24247304e-11
8367	85.82371246	-8.808243024e-11
8368	81.97425042	9.687717295e-11
8369	78.05497451	3.486633204e-11
8370	74.11517069	9.897682673e-11
8371	70.21898878	1.172164588e-10
8372	66.44715594	8.885336911e-12
8373	62.89501776	-3.362643497e-12
8374	59.66700125	2.653610665e-10
8375	56.86814116	-5.403855141e-11
8376	54.59377152	9.866063522e-11
8377	52.91879549	-5.594813501e-11
8378	51.88806494	1.370015212e-10
8379	51.50930973	-1.981153019e-10
8380	51.74976398	1.239239822e-10
8381	52.53717916	8.710898669e-11
8382	53.76534961	-5.651479285e-11
8383	55.30367761	2.435527335e-10
8384	57.00975125	-8.76436701e-11
8385	58.74347212	1.250199944e-10
8386	60.3810127	2.191118398e-10
8387	61.82684277	7.563016879e-11
8388	63.02225179	9.309175653e-11
8389	63.94919259	9.194423001e-12
8390	64.62883653	5.122657853e-11
8391	65.11489271	2.231548279e-10
8392	65.48242505	-8.036238341e-12
8393	65.81351244	2.18426166e-10
8394	66.18156098	-8.705747234e-11
8395	66.63632909	1.11413101e-10
8396	67.19172673	1.397086891e-10
8397	67.81819065	8.628653347e-11
8398	68.44094045	2.239470831e-10
8399	68.94473807	-5.366196376e-11
8400	69.18498341	2.456417292e-10
8401	69.00417295	-2.101785412e-11
8402	68.25202456	1.056097432e-10
8403	66.80702088	1.259330418e-10
8404	64.59681809	4.664357789e-11
8405	61.61495354	4.326494718e-11
8406	57.93157653	-5.605294007e-11
8407	53.69649942	2.903810525e-11
8408	49.13366384	2.074216354e-10
8409	44.52705502	-6.976641487e-11
8410	40.19907137	1.724824727e-10
8411	36.48325668	-1.580584552e-10
8412	33.69402101	1.293845031e-10
8413	32.09642767	2.827391654e-10
8414	31.87924607	-2.042810365e-12
8415	33.13424106	2.375220021e-10
8416	35.84410344	-1.251372339e-10
8417	39.88057827	1.559090634e-10
8418	45.01330424	2.479172423e-10
8419	50.92874942	2.939870569e-11
8420	57.25754044	4.584244095e-11
8421	63.60755276	1.218580792e-11
8422	69.59946631	1.022115725e-11
8423	74.90117117	-4.196820669e-11
8424	79.25747194	-2.952482703e-11
8425	82.51198862	1.069420108e-10
8426	84.61894062	-1.386943893e-10
8427	85.64354923	3.123190595e-11
8428	85.7509902	2.438049762e-11
8429	85.18504486	-1.183053655e-12
8430	84.23870103	2.199644911e-10
8431	83.21982558	-6.745182191e-11
8432	82.41556972	1.239151004e-10
8433	82.0593167	3.701927653e-12
8434	82.3037204	1.208810829e-10
8435	83.20273825	6.233769057e-11
8436	84.70460188	-8.803624496e-12
8437	86.65649658	4.711786517e-11
8438	88.82046297	6.706812883e-11
8439	90.89882748	4.986233648e-11
8440	92.56644324	1.376445624e-10
8441	93.50629142	-9.67599334e-11
8442	93.44463387	1.017070872e-10
8443	92.1819598	6.298073174e-11
8444	89.61642577	7.30615568e-11
8445	85.75729905	1.823430296e-11
8446	80.72698979	2.72457612e-11
8447	74.7514808	2.244284758e-10
8448	68.14020013	4.201794468e-11
8449	61.25749876	2.216289374e-10
8450	54.48877163	-1.068727329e-10
8451	48.20480311	9.358913644e-11
8452	42.72807054	1.652917803e-10
8453	38.30448955	1.055830978e-10
8454	35.08346332	1.118980464e-10
8455	33.10817549	1.228173119e-11
8456	32.31694776	1.925037907e-11
8457	32.55529159	2.966871193e-10
8458	33.59714872	1.542961314e-10
8459	35.17286135	1.831672591e-10
8460	37.00073946	-4.622080496e-12
8461	38.8187694	1.157829388e-10
8462	40.41306394	3.201598986e-10
8463	41.64007672	4.043876345e-11
8464	42.44034014	2.113793585e-10
8465	42.84244997	-9.383072097e-11
8466	42.95710085	1.498516866e-10
8467	42.96205533	-2.000355437e-10
8468	43.07988575	9.327649764e-11
8469	43.55106216	1.49022128e-10
8470	44.60539459	-1.163691365e-11
8471	46.43493418	6.014921894e-11
8472	49.1711938	-5.498534961e-11
8473	52.86899969	1.125997073e-10
8474	57.49850191	1.134026206e-10
8475	62.94594565	1.145874506e-10
8476	69.02284546	1.286455387e-10
8477	75.48231744	3.701927653e-12
8478	82.04060753	3.372946367e-11
8479	88.40138086	1.824886908e-10
8480	94.28015299	-6.921041518e-11
8481	99.42635766	6.341593917e-11
8482	103.6409343	-1.363122948e-10
8483	106.7879256	1.388418269e-10
8484	108.7993226	2.92832425e-11
8485	109.6731924	4.601652392e-11
8486	109.4658689	-4.693490041e-11
8487	108.2796081	-3.490896461e-11
8488	106.2475252	5.318945284e-11
8489	103.5178047	1.072031353e-11
8490	100.2391069	7.673861546e-12
8491	96.54878199	6.270006736e-11
8492	92.56502096	2.541966637e-12
8493	88.38346379	4.768097028e-11
8494	84.0781527	-2.050803971e-11
8495	79.70612637	-1.584865572e-11
8496	75.31448562	2.127009679e-10
8497	70.94847272	-1.140314509e-10
8498	66.65902975	1.797690885e-10
8499	62.50844033	-1.016466911e-10
8500	58.57299008	1.248015025e-10
8501	54.94205659	1.315747511e-10
8502	51.71359341	-1.496403002e-11
8503	48.9865289	2.155466916e-10
8504	46.85108423	-2.609645833e-11
8505	45.37836028	1.642277425e-10
8506	44.61070292	2.626894258e-10
8507	44.55430747	5.784883683e-11
8508	45.17527071	1.305249242e-10
8509	46.39987319	1.004707428e-10
8510	48.11933065	2.492228646e-11
8511	50.19866107	-8.128608897e-11
8512	52.48875079	-5.974065687e-11
8513	54.84024482	2.46103582e-10
8514	57.11759526	-3.227818013e-11
8515	59.21152022	1.341771139e-10
8516	61.04827049	-6.632205896e-11
8517	62.59445936	6.891376358e-11
8518	63.85674323	2.928217668e-10
8519	64.87628298	2.891198392e-11
8520	65.7185903	1.579998354e-10
8521	66.45998388	3.077005317e-11
8522	67.17236723	1.740687594e-10
8523	67.90832637	1.6678392e-10
8524	68.68858904	1.232276503e-10
8525	69.49367329	7.561418158e-11
8526	70.26109937	4.323652547e-11
8527	70.88889283	3.888445121e-11
8528	71.245341	1.857394238e-10
8529	71.18416939	3.666400517e-11
8530	70.5635754	2.105000618e-10
8531	69.26698491	-5.818456827e-11
8532	67.2230589	9.63318314e-11
8533	64.42242141	6.277822706e-11
8534	60.92882458	3.185185449e-11
8535	56.88299412	1.865796406e-10
8536	52.49815733	5.334221953e-11
8537	48.04716539	1.987920939e-10
8538	43.84208191	-5.939071457e-11
8539	40.20801032	7.22675253e-11
8540	37.45366819	1.469953048e-10
8541	35.84169718	1.912781045e-11
8542	35.5618589	5.21662713e-11
8543	36.71008246	-7.631584253e-11
8544	39.27580784	5.095124322e-11
8545	43.13926054	2.098463625e-10
8546	48.07927888	-6.727063351e-11
8547	53.79120446	1.231228453e-10
8548	59.91325881	-1.877609179e-11
8549	66.0588873	-1.161737373e-12
8550	71.85186091	1.232915992e-10
8551	76.96056983	4.385825036e-12
8552	81.12796535	1.617124212e-10
8553	84.19401154	-5.751488175e-11
8554	86.10825951	8.376588312e-11
8555	86.93117572	-1.066133848e-10
8556	86.82403576	5.275957449e-11
8557	86.02840925	6.048672674e-11
8558	84.83737752	-2.330935445e-11
8559	83.56152181	5.01128028e-11
8560	82.49329576	-2.428812707e-11
8561	81.87358702	-2.597211335e-11
8562	81.86405466	1.348361423e-10
8563	82.52822367	5.105249556e-11
8564	83.82338795	7.505818189e-11
8565	85.60421895	-4.084022009e-11
8566	87.63772243	3.226929834e-11
8567	89.62796713	1.455848775e-10
8568	91.24795799	2.516209463e-11
8569	92.17525816	1.070308286e-10
8570	92.12756088	-3.613287447e-11
8571	90.89441875	1.569659958e-10
8572	88.3617525	1.328892552e-10
8573	84.52653804	5.334399589e-12
8574	79.5001254	1.616076162e-10
8575	73.49985893	6.851941237e-11
8576	66.82991462	3.3880454e-11
8577	59.85341059	-9.501732734e-12
8578	52.95875879	2.332178894e-10
8579	46.52381236	1.580318099e-10
8580	40.88156225	6.933831287e-11
8581	36.29093135	1.422897355e-10
8582	32.91562918	3.623590317e-11
8583	30.81313381	8.060219159e-11
8584	29.93475979	3.384990066e-10
8585	30.13657451	1.572253439e-11
8586	31.19977184	1.960565044e-10
8587	32.85812565	-6.928502216e-11
8588	34.82943195	1.674482775e-10
8589	36.84747999	2.904805285e-10
8590	38.6911056	4.781064433e-11
8591	40.20726488	7.019096415e-11
8592	41.32577625	-4.711964152e-11
8593	42.06432928	2.084430406e-10
8594	42.52344192	2.149853628e-10
8595	42.872142	6.544631503e-11
8596	43.32613505	1.639790526e-10
8597	44.12099196	3.015188099e-11
8598	45.48336766	1.519371295e-10
8599	47.60340006	2.721378678e-11
8600	50.61123041	4.463096559e-11
8601	54.56006338	2.177262814e-10
8602	59.41741396	-6.041034339e-11
8603	65.06526078	1.135855854e-10
8604	71.30884872	-3.260680614e-11
8605	77.89296727	6.508393824e-11
8606	84.52377576	1.869082666e-11
8607	90.89372985	-4.988010005e-12
8608	96.70693658	1.265139105e-10
8609	101.7023417	-6.181188894e-11
8610	105.6725138	4.316191848e-11
8611	108.4763829	4.252243002e-11
8612	110.0450395	4.613909255e-11
8613	110.3805128	4.277822541e-11
8614	109.5482239	4.025224598e-12
8615	107.6644694	-4.318501112e-11
8616	104.880751	1.306226238e-10
8617	101.3669925	-7.274181257e-11
8618	97.29565062	9.822187508e-11
8619	92.8284557	1.772271219e-11
8620	88.107047	6.532374641e-11
8621	83.24816957	-1.367528313e-10
8622	78.34344969	1.100453062e-11
8623	73.46315122	1.446007758e-10
8624	68.66281098	-5.590727881e-11
8625	63.99131884	1.697824104e-10
8626	59.49888495	-9.730705131e-11
8627	55.24343242	7.288747383e-11
8628	51.29424976	1.720046328e-10
8629	47.73219029	5.805844694e-11
8630	44.64625092	1.476898603e-10
8631	42.12692653	4.083133831e-11
8632	40.25724071	4.370548368e-11
8633	39.1027328	2.905284902e-10
8634	38.70188096	6.398437336e-12
8635	39.05843663	2.218349948e-10
8636	40.13693383	-4.299494094e-11
8637	41.86224529	1.060111998e-10
8638	44.12353586	3.256133141e-10
8639	46.78237986	2.759392714e-11
8640	49.68423983	2.632170037e-10
8641	52.6720251	1.863043053e-11
8642	55.60012552	1.416324835e-10
8643	58.34719397	-2.821387568e-11
8644	60.82605354	1.397371108e-10
8645	62.98942233	1.888693646e-10
8646	64.83064734	1.341309286e-10
8647	66.37925888	6.99706959e-11
8648	67.69182204	4.885158944e-11
8649	68.83918954	9.314504723e-11
8650	69.89176727	2.217017681e-10
8651	70.90472408	-5.1866067e-11
8652	71.90516195	1.093365398e-10
8653	72.88309393	9.426059933e-11
8654	73.78766694	4.939337828e-11
8655	74.52945742	2.608793181e-10
8656	74.98892791	1.455546794e-11
8657	75.03034873	2.071622873e-10
8658	74.51975643	6.956213383e-12
8659	73.34492985	2.062527926e-10
8660	71.43499439	1.665956262e-10
8661	68.77716798	4.060041192e-11
8662	65.42836032	8.695799636e-11
8663	61.51981923	3.544187166e-11
8664	57.25373622	2.894928741e-11
8665	52.89160364	-5.242206669e-11
8666	48.7350594	-3.070788068e-11
8667	45.10085516	1.646895953e-10
8668	42.29233386	6.020783871e-11
8669	40.57031126	7.056399909e-11
8670	40.12645642	-8.917311334e-12
8671	41.06212568	1.102513636e-10
8672	43.37512858	2.291891121e-10
8673	46.9561358	-3.727507192e-11
8674	51.59545691	1.310791475e-10
8675	56.99982336	-1.038973352e-10
8676	62.81772899	7.312372929e-11
8677	68.67092673	1.237054903e-11
8678	74.18896524	1.065281197e-11
8679	79.04325704	-1.660893645e-11
8680	82.97714954	-1.583089215e-11
8681	85.82883314	-4.283151611e-11
8682	87.54463108	9.960032799e-11
8683	88.18120395	8.925127304e-11
8684	87.89636255	-3.954880867e-11
8685	86.92939193	1.357491897e-11
8686	85.57291624	9.709566484e-11
8687	84.13925365	-2.186695269e-11
8688	82.92482184	-5.226041822e-11
8689	82.17638658	8.307665667e-11
8690	82.06277174	-2.283684353e-11
8691	82.65508311	1.029292207e-10
8692	83.91760034	-4.986944191e-11
8693	85.71035712	1.126938542e-10
8694	87.80317977	2.847144742e-11
8695	89.89972628	1.27133859e-10
8696	91.66899238	1.056932319e-11
8697	92.78094721	1.539390837e-11
8698	92.94251535	1.692050944e-10
8699	91.93008261	3.032596396e-11
8700	89.6150751	1.320312748e-10
8701	85.97990322	1.605240385e-10
8702	81.12259324	8.202860613e-11
8703	75.24963737	7.006839553e-11
8704	68.65784604	3.771916113e-11
8705	61.70714882	6.455280754e-11
8706	54.78723669	2.619184869e-10
8707	48.2815677	5.536904268e-12
8708	42.53250413	2.361417728e-10
8709	37.81118847	-1.286455387e-10
8710	34.2952193	1.684608009e-10
8711	32.05631828	2.059472592e-10
8712	31.05908528	4.253841723e-11
8713	31.17073965	2.973550295e-10
8714	32.18057457	-9.885958718e-11
8715	33.82683479	1.525251037e-10
8716	35.82797373	2.33260522e-10
8717	37.91483355	4.746603111e-11
8718	39.86025968	1.286029061e-10
8719	41.50300779	1.296385221e-11
8720	42.76348241	1.008793049e-11
8721	43.64978107	3.037285978e-10
8722	44.25360068	-2.582112302e-11
8723	44.73667139	1.67938552e-10
8724	45.30939666	-5.985967277e-11
8725	46.20418658	1.266471372e-10
8726	47.64649152	-1.183959597e-10
8727	49.82672356	2.790301323e-11
8728	52.87608208	2.187707793e-10
8729	56.84880524	-5.630518274e-11
8730	61.71261293	1.224016444e-10
8731	67.34817938	-8.889244896e-11
8732	73.55748288	1.454516507e-10
8733	80.07993631	1.731770283e-11
8734	86.61440902	6.801315067e-11
8735	92.84469193	-3.861266862e-11
8736	98.46568668	-1.966604657e-11
8737	103.2076381	-4.687805699e-11
8738	106.8560608	8.18776158e-11
8739	109.2655876	-7.119282941e-11
8740	110.3667155	4.131806008e-11
8741	110.1652483	-8.95532537e-11
8742	108.7350466	4.465405823e-11
8743	106.2053855	1.044337949e-10
8744	102.744733	-1.479705247e-11
8745	98.54302934	7.834088933e-11
8746	93.79455734	-1.2569501e-11
8747	88.68325588	1.15122134e-10
8748	83.37187816	-1.254480964e-10
8749	77.99580473	1.215241241e-10
8750	72.66166116	5.293365746e-11
8751	67.4502511	2.317257497e-11
8752	62.42277478	5.383071766e-11
8753	57.62892669	-3.467270915e-11
8754	53.1152963	4.339639759e-11
8755	48.93254739	2.395186272e-10
8756	45.14011161	-4.297362466e-11
8757	41.80755962	1.711661923e-10
8758	39.01234865	1.897149104e-11
8759	36.83421383	1.099262903e-10
8760	35.34699557	2.670876853e-10
8761	34.60910571	7.075051656e-11
8762	34.6540763	2.401208121e-10
8763	35.4826735	-1.471374134e-10
8764	37.05788997	1.253148696e-10
8765	39.30377292	2.094378004e-10
8766	42.10854837	5.155698091e-11
8767	45.33192936	1.929443272e-10
8768	48.81592284	1.73887571e-11
8769	52.39795273	8.102496452e-11
8770	55.92476289	1.740829703e-11
8771	59.26540368	-4.515499086e-12
8772	62.32166447	1.655102722e-10
8773	65.03459109	8.810019381e-11
8774	67.38618979	7.451106399e-11
8775	69.39601504	3.463895837e-12
8776	71.1129929	8.717471189e-11
8777	72.6034626	1.864126631e-10
8778	73.93694559	-6.309264222e-11
8779	75.17150195	1.87114324e-10
8780	76.34065899	-7.26956273e-11
8781	77.44377289	1.532391991e-10
8782	78.44131707	1.296811547e-10
8783	79.25601993	3.177014207e-11
8784	79.78006189	7.427125581e-11
8785	79.88777142	5.365308198e-11
8786	79.45252547	3.183231456e-12
8787	78.36595216	1.875690714e-10
8788	76.55713281	8.296296983e-11
8789	74.00936314	3.15054649e-11
8790	70.77218563	6.302336431e-11
8791	66.96684136	8.826184228e-11
8792	62.7839671	-8.598988188e-11
8793	58.47321211	-4.466294001e-11
8794	54.32537489	1.565183538e-10
8795	50.64855704	-9.276313051e-11
8796	47.74059454	1.194937482e-10
8797	45.86056173	-9.641887289e-11
8798	45.20238172	9.894307595e-11
8799	45.87348079	1.212310252e-10
8800	47.88099391	1.492139745e-12
8801	51.12730187	9.940492873e-12
8802	55.41573203	-1.03533182e-10
8803	60.4661829	1.271658334e-10
8804	65.93935599	5.11004572e-11
8805	71.46731617	2.362021689e-11
8806	76.68736324	4.956213218e-11
8807	81.27577123	3.727507192e-11
8808	84.97789037	-1.14818377e-10
8809	87.63142537	1.565059193e-10
8810	89.180374	-1.032418595e-11
8811	89.67806462	3.049649422e-11
8812	89.2788713	-3.037214924e-11
8813	88.21938705	9.334755191e-11
8814	86.79096998	-1.596873744e-10
8815	85.30651921	9.709566484e-12
8816	84.06498123	2.873790095e-11
8817	83.31736028	-3.005595772e-12
8818	83.23787537	1.53283608e-10
8819	83.90338066	-6.396305707e-11
8820	85.28330153	7.424816317e-11
8821	87.24122544	1.360564994e-10
8822	89.54804449	1.068993782e-10
8823	91.90531063	-8.320455436e-12
8824	93.97636684	1.151203577e-10
8825	95.4219799	6.891553994e-11
8826	95.93671203	1.463362764e-10
8827	95.28218485	3.842615115e-11
8828	93.31371751	1.754774104e-10
8829	89.99752738	-2.680344835e-11
8830	85.41668797	1.717506137e-10
8831	79.76523625	1.768789559e-10
8832	73.33108012	1.01437081e-10
8833	66.4695391	2.640554442e-10
8834	59.57033106	3.046807251e-11
8835	53.02148896	1.628084334e-10
8836	47.17398461	9.39692768e-12
8837	42.3107208	1.930668958e-10
8838	38.62304663	1.236930558e-10
8839	36.19711015	3.953637417e-11
8840	35.01128301	1.171382991e-10
8841	34.94469264	-1.576694331e-11
8842	35.79571105	1.226219126e-10
8843	37.30820293	2.656914688e-10
8844	39.20254305	-6.185807422e-11
8845	41.20795538	1.883257994e-10
8846	43.09264953	-1.227835611e-10
8847	44.68853683	2.707523095e-11
8848	45.90795849	2.791544773e-10
8849	46.75077603	-2.949107625e-11
8850	47.30125343	1.496420765e-10
8851	47.71528197	-3.375433266e-11
8852	48.19953718	9.736567108e-11
8853	48.98500208	1.365858537e-10
8854	50.29785259	6.731504243e-11
8855	52.33092412	8.501999105e-11
8856	55.21884595	2.54019028e-11
8857	59.01946501	4.479794313e-11
8858	63.70344174	-6.572697941e-11
8859	69.15297662	-7.532818813e-11
8860	75.16962262	1.244035985e-10
8861	81.49017011	-1.049436094e-10
8862	87.80876174	5.126210567e-11
8863	93.80279358	-2.750688566e-11
8864	99.15984533	-1.898214919e-11
8865	103.6028806	1.016200457e-10
8866	106.9112602	-7.410960734e-12
8867	108.9356689	3.369038382e-11
8868	109.6058016	-2.853361991e-11
8869	108.9304897	9.314327087e-11
8870	106.9907854	3.317524033e-11
8871	103.9272489	-7.176481631e-13
8872	99.9232397	3.56088492e-11
8873	95.18632716	3.550937322e-11
8874	89.92998697	1.497468816e-11
8875	84.35754776	9.907807907e-11
8876	78.6499241	-2.81925594e-11
8877	72.95808706	1.368327673e-10
8878	67.40055648	1.067910205e-10
8879	62.06553625	1.244480075e-10
8880	57.01673846	-1.794298043e-11
8881	52.30152245	2.326316917e-11
8882	47.95975827	2.922107001e-10
8883	44.03183092	7.048406303e-11
8884	40.56442435	2.583053771e-10
8885	37.6131252	-1.270041849e-10
8886	35.24140994	1.476081479e-10
8887	33.5161504	1.999964638e-10
8888	32.50031612	3.255173908e-11
8889	32.24399331	1.685123152e-10
8890	32.77512075	-2.453148795e-11
8891	34.09142642	5.517719615e-11
8892	36.15492217	3.151825467e-10
8893	38.88999526	1.044515585e-10
8894	42.18566544	1.243236625e-10
8895	45.90201746	4.167333145e-11
8896	49.88024414	1.002469219e-10
8897	53.95522208	2.509565888e-10
8898	57.96915967	8.582645705e-11
8899	61.78465905	2.291962176e-10
8900	65.29555018	-7.342038089e-11
8901	68.43408937	1.05165654e-10
8902	71.17354141	-9.469225404e-11
8903	73.52573322	1.223661172e-10
8904	75.53380815	1.009041739e-10
8905	77.26104268	7.556977266e-11
8906	78.77712971	-1.520206183e-11
8907	80.14371277	4.627054295e-11
8908	81.4011189	1.604725242e-10
8909	82.55815759	8.882672375e-11
8910	83.58653014	8.953193742e-11
8911	84.42086058	7.703171434e-11
8912	84.96467554	5.639932965e-12
8913	85.1019058	6.927436402e-11
8914	84.71274802	1.449507181e-10
8915	83.69210263	-5.572431405e-11
8916	81.96837455	1.097077984e-10
8917	79.52024683	-1.087752111e-10
8918	76.38914427	6.814460107e-11
8919	72.68549427	8.570033572e-11
8920	68.58752774	5.031886019e-11
8921	64.33217899	2.141575806e-11
8922	60.19854947	-6.709655054e-11
8923	56.48529243	1.654480997e-10
8924	53.48404965	-9.731593309e-11
8925	51.45163175	9.447731486e-11
8926	50.58390885	1.683098105e-10
8927	50.99432612	2.43360887e-13
8928	52.69957431	9.203304785e-11
8929	55.61426231	-2.761169071e-11
8930	59.55552481	-5.901235056e-11
8931	64.25744968	2.301518975e-10
8932	69.39414168	-1.21822552e-10
8933	74.60926978	4.688871513e-11
8934	79.54918593	-5.302780437e-11
8935	83.8962437	5.308375961e-11
8936	87.39884302	3.490541189e-11
8937	89.89500154	-5.055511565e-12
8938	91.32688228	1.446363029e-10
8939	91.74462722	-6.986233814e-11
8940	91.2989626	1.720064091e-10
8941	90.22323455	1.292290719e-10
8942	88.8066732	3.041833452e-11
8943	87.36164468	1.362598923e-10
8944	86.18832646	9.125589173e-11
8945	85.54055338	3.046363162e-11
8946	85.59649379	5.958167293e-11
8947	86.43733064	-1.466649024e-11
8948	88.03629204	1.704822949e-10
8949	90.25928571	4.069811155e-11
8950	92.87715988	1.536273331e-10
8951	95.58837086	-2.398881094e-11
8952	98.04972058	4.387246122e-11
8953	99.91195688	2.251026032e-10
8954	100.8565006	1.116839954e-10
8955	100.629434	1.897904056e-10
8956	99.06917185	6.702283173e-11
8957	96.12490307	1.789173254e-10
8958	91.86387395	1.723172716e-10
8959	86.46676712	1.420703555e-10
8960	80.21169277	1.005169281e-10
8961	73.44850925	3.829203621e-11
8962	66.56620135	2.369038299e-11
8963	59.95675711	2.400737387e-10
8964	53.97932288	2.449951353e-11
8965	48.92834717	2.542908106e-10
8966	45.0089575	-4.722977565e-11
8967	42.32200459	1.397504334e-10
8968	40.86014563	-1.152145046e-11
8969	40.51514121	6.384581752e-11
8970	41.09534003	2.293658596e-10
8971	42.35125162	7.870948338e-11
8972	44.00627646	1.709263842e-10
8973	45.78916081	-9.391776246e-11
8974	47.46462142	1.393782867e-10
8975	48.85885096	1.222870694e-10
8976	49.87723256	-3.903632972e-11
8977	50.5124901	7.146550018e-11
8978	50.8425752	-2.955591327e-11
8979	51.01872315	2.705746738e-11
8980	51.24517304	2.016831147e-10
8981	51.75292646	-8.340972357e-11
8982	52.77052259	1.166986507e-10
8983	54.49507378	2.890132578e-12
8984	57.06671317	4.427214151e-11
8985	60.54917225	2.13786322e-10
8986	64.91848702	-4.863665026e-12
8987	70.06091257	1.564490759e-10
8988	75.78011319	-7.932410284e-11
8989	81.81270267	4.936229203e-11
8990	87.85034626	-1.20622623e-10
8991	93.5659935	5.124167757e-11
8992	98.64145372	6.875389147e-12
8993	102.7934851	-3.714983876e-11
8994	105.7958366	-2.462918758e-12
8995	107.4952214	-2.925748532e-11
8996	107.8199373	-4.931255404e-11
8997	106.7806972	2.821476386e-11
8998	104.4640899	8.199041446e-11
8999	101.0198567	1.436184505e-11
9000	96.64376738	2.898570273e-11
9001	91.55823828	5.837907935e-11
9002	85.99293105	2.313900183e-10
9003	80.16740278	2.163247359e-11
9004	74.27747474	1.939719496e-10
9005	68.4864113	-3.902300705e-11
9006	62.92132707	2.102575891e-10
9007	57.67455652	1.992210841e-10
9008	52.80911104	9.111644772e-11
9009	48.36688586	1.532720617e-10
9010	44.37801595	4.150368937e-11
9011	40.86974205	1.044764275e-10
9012	37.87333096	-9.118039657e-12
9013	35.427968	2.045279501e-10
9014	33.58104842	2.005480226e-10
9015	32.38486761	1.378923642e-10
9016	31.89026984	1.677582517e-10
9017	32.13828604	4.025224598e-12
9018	33.15111166	1.605302558e-10
9019	34.92390246	2.966915602e-10
9020	37.41878469	7.780442957e-12
9021	40.56219578	2.297833035e-10
9022	44.24623099	-4.31654712e-13
9023	48.33412843	1.565529928e-10
9024	52.66945132	1.806075289e-10
9025	57.08799939	1.145670225e-10
9026	61.43107241	1.193640742e-10
9027	65.55847374	-6.663114505e-12
9028	69.35961635	1.963993412e-10
9029	72.76128574	2.170965629e-10
9030	75.73100301	8.767120363e-11
9031	78.27547192	6.650502371e-11
9032	80.43421939	1.258353421e-10
9033	82.26917031	3.647215863e-11
9034	83.85145386	3.511679836e-11
9035	85.2471458	-2.644462427e-11
9036	86.50385159	1.596252019e-10
9037	87.63999786	-5.733813424e-11
9038	88.63842013	5.601741293e-12
9039	89.44534073	-3.35509398e-11
9040	89.97517701	1.833910801e-11
9041	90.1208825	4.239808504e-11
9042	89.76879156	4.95159469e-12
9043	88.81630291	1.596633936e-10
9044	87.1902809	-3.775202373e-11
9045	84.86383875	3.121147785e-11
9046	81.86923075	1.172528741e-10
9047	78.30492408	3.991473818e-12
9048	74.33551406	2.595790249e-11
9049	70.18392878	-1.246736048e-11
9050	66.11625348	2.551914235e-11
9051	62.42039071	2.177911185e-10
9052	59.38055528	-1.075761702e-11
9053	57.25018753	1.45671919e-10
9054	56.226179	-1.460698229e-11
9055	56.42729619	1.031139618e-10
9056	57.87935018	-1.532800553e-10
9057	60.50902067	3.729550002e-11
9058	64.1473658	2.378905961e-10
9059	68.54302598	-2.079758588e-11
9060	73.38407246	1.378221981e-10
9061	78.32647763	-1.101705394e-10
9062	83.02640531	3.24602567e-11
9063	87.17302815	2.669153787e-11
9064	90.51843659	-1.945377193e-11
9065	92.90143469	5.024070049e-11
9066	94.26260405	5.009859194e-11
9067	94.64890123	2.677857935e-11
9068	94.20714484	9.362555176e-11
9069	93.16692871	3.087397005e-11
9070	91.81464086	1.681339512e-10
9071	90.46124625	-5.040856621e-11
9072	89.40719698	5.723777008e-11
9073	88.90818469	2.671169952e-10
9074	89.14540368	7.932321466e-11
9075	90.20355119	1.718456488e-10
9076	92.05899567	4.652545016e-11
9077	94.57947962	1.22942545e-10
9078	97.53550301	3.015010464e-11
9079	100.622288	1.852411557e-10
9080	103.4900912	8.430767195e-11
9081	105.7797272	1.939524097e-10
9082	107.1596018	6.946532238e-11
9083	107.3603755	6.421441157e-11
9084	106.2036237	1.151905238e-10
9085	103.6214889	1.415694229e-10
9086	99.6652725	-2.64801514e-11
9087	94.50208597	1.417568285e-10
9088	88.39994308	7.760192489e-11
9089	81.70289124	1.01746167e-10
9090	74.7988222	2.862261539e-10
9091	68.08335444	3.891020839e-11
9092	61.9235639	1.734212773e-10
9093	56.62531757	1.196820421e-11
9094	52.40753881	1.508979608e-10
9095	49.38595604	2.325544202e-10
9096	47.56784234	9.859935091e-11
9097	46.85806057	1.342810307e-10
9098	47.0755155	1.791367055e-11
9099	47.97801559	7.380229761e-11
9100	49.29267785	-9.184830674e-11
9101	50.74846399	-3.554934125e-11
9102	52.10726792	1.363709146e-10
9103	53.19019773	4.13669099e-11
9104	53.89627965	4.639044704e-11
9105	54.21168722	-5.49693624e-11
9106	54.20866659	-4.268674303e-11
9107	54.0344682	2.205302607e-10
9108	53.89168003	-4.957723121e-11
9109	54.01227101	1.149693674e-10
9110	54.6282972	-1.119815352e-10
9111	55.94253366	6.818900999e-11
9112	58.10224275	6.224887272e-11
9113	61.17888975	-2.32658337e-11
9114	65.15591884	-4.209965709e-13
9115	69.92579169	-5.486544552e-11
9116	75.29647074	-5.285638593e-11
9117	81.00651592	1.16087584e-10
9118	86.74706716	4.411582211e-11
9119	92.18830275	2.403410804e-12
9120	97.00756271	-2.358024886e-11
9121	100.9162448	2.553246503e-11
9122	103.6828159	4.072298054e-12
9123	105.1497971	-5.716227491e-11
9124	105.243313	6.872191705e-11
9125	103.9746454	3.526512415e-11
9126	101.4341142	8.788969552e-11
9127	97.7784064	-1.015010298e-11
9128	93.21311097	1.037401276e-10
9129	87.9726259	5.281286519e-11
9130	82.29974041	5.37880851e-11
9131	76.42706431	6.054534651e-11
9132	70.56209906	5.57225377e-11
9133	64.87718027	1.642979086e-10
9134	59.50484364	2.487468009e-10
9135	54.53846321	1.168185548e-10
9136	50.037369	2.319406889e-10
9137	46.03514663	1.641220493e-10
9138	42.54951228	1.376108116e-10
9139	39.59207208	3.735882714e-10
9140	37.17641826	1.185282983e-10
9141	35.3233587	3.929381265e-10
9142	34.06256909	-1.604671951e-11
9143	33.4305298	1.995505983e-10
9144	33.46518398	-4.770850381e-11
9145	34.19825281	2.197113602e-10
9146	35.64650286	2.338769178e-10
9147	37.8034319	1.380495718e-11
9148	40.63280289	2.598108395e-10
9149	44.06521586	-2.801048282e-11
9150	47.99849804	1.831770291e-10
9151	52.30216751	2.433173663e-10
9152	56.82565608	8.21698265e-11
9153	61.40943838	1.105000536e-10
9154	65.89778015	1.00939701e-10
9155	70.15154849	4.064482084e-11
9156	74.05945938	3.070734778e-10
9157	77.54628704	-2.718980596e-11
9158	80.57690991	7.472245045e-11
9159	83.15557806	-7.390088541e-11
9160	85.32039486	4.179590007e-11
9161	87.1336332	9.330936024e-11
9162	88.66907489	2.72253331e-11
9163	89.99799298	1.530997551e-10
9164	91.17563386	-5.513722812e-11
9165	92.23005947	1.579723019e-10
9166	93.15497461	-3.403854976e-11
9167	93.90770954	-6.6879835e-12
9168	94.41290573	-7.998934848e-12
9169	94.57173381	2.304467728e-11
9170	94.27574551	-2.655742293e-11
9171	93.4238147	-2.861355597e-11
9172	91.94014133	-3.719424768e-11
9173	89.79104076	5.273292913e-11
9174	86.99826002	-8.887557357e-11
9175	83.64685979	8.503775462e-11
9176	79.88625136	-1.112248071e-10
9177	75.92372445	4.736655512e-11
9178	72.01066301	2.12666329e-10
9179	68.42252361	-3.096367607e-11
9180	65.43444084	1.348032796e-10
9181	63.29493103	-4.357225691e-11
9182	62.20051074	1.088471535e-10
9183	62.27408084	1.527018512e-10
9184	63.54963599	9.956213631e-11
9185	65.96526496	5.138467429e-11
9186	69.36556807	4.080646931e-11
9187	73.51362199	3.276579008e-11
9188	78.1115779	-6.352074422e-11
9189	82.82800234	2.713296254e-11
9190	87.3292745	1.672999517e-10
9191	91.3118317	-5.105693646e-11
9192	94.53187321	1.211057921e-10
9193	96.82931902	7.589218143e-11
9194	98.14336281	6.715428214e-11
9195	98.51780519	1.479811829e-10
9196	98.09541595	4.203037918e-11
9197	97.10174082	1.434878882e-10
9198	95.81991136	-6.902300953e-11
9199	94.55901068	1.319415688e-10
9200	93.61928136	9.607603602e-11
9201	93.25785003	4.054001579e-11
9202	93.65863995	1.267288496e-10
9203	94.90974187	7.139533409e-11
9204	96.99075544	6.795275453e-11
9205	99.77157571	1.547224571e-10
9206	103.0228927	1.402433725e-12
9207	106.4374262	1.517115322e-10
9208	109.659767	1.244266912e-10
9209	112.3217663	5.824141169e-11
9210	114.0798092	1.6275159e-10
9211	114.6500883	6.922284967e-11
9212	113.8381941	1.729940635e-10
9213	111.5599305	-4.50546267e-11
9214	107.851185	9.49489376e-11
9215	102.8658402	-4.236611062e-11
9216	96.8619724	1.599884669e-10
9217	90.17781769	1.143947159e-10
9218	83.20005023	1.138911188e-11
9219	76.32771366	3.135713911e-11
9220	69.93557313	9.868816875e-11
9221	64.34068031	6.564881971e-11
9222	59.77556074	1.963211815e-10
9223	56.37068851	1.08934195e-10
9224	54.14789032	9.677147972e-11
9225	53.02513328	4.671907305e-11
9226	52.83192822	1.181348352e-10
9227	53.33345643	-7.242295652e-11
9228	54.26062291	-8.157741149e-11
9229	55.34265018	1.85232274e-10
9230	56.33861259	-1.282582929e-10
9231	57.06449111	1.581996756e-10
9232	57.41287719	-1.084821122e-10
9233	57.36330677	-1.418776208e-11
9234	56.98226365	5.945288706e-11
9235	56.41303691	-9.197975714e-12
9236	55.85672265	-1.71622716e-11
9237	55.54660619	-9.378986476e-11
9238	55.71884567	9.301981407e-11
9239	56.58273188	8.257838857e-11
9240	58.29378913	6.3957728e-11
9241	60.932617	6.901323957e-11
9242	64.49169896	-3.921218905e-11
9243	68.87150333	-5.459011021e-11
9244	73.88617702	1.667954663e-10
9245	79.27810011	-7.271783176e-11
9246	84.73964205	6.441247535e-11
9247	89.93973783	-6.684253151e-11
9248	94.55245958	1.524913529e-11
9249	98.28463499	-7.757083864e-11
9250	100.8997648	1.037312458e-10
9251	102.2359835	1.9220181e-12
9252	102.2165263	-4.023448241e-13
9253	100.8520249	1.4207302e-10
9254	98.23485049	9.244160992e-12
9255	94.52655563	9.894574049e-11
9256	89.94014411	1.382884918e-10
9257	84.71934856	1.244471193e-10
9258	79.11727853	6.698730459e-11
9259	73.37670623	7.798295343e-11
9260	67.71390761	9.832579195e-11
9261	62.30742427	3.139479787e-10
9262	57.29243158	8.873790591e-11
9263	52.760678	2.578923741e-10
9264	48.76528743	-1.297539853e-11
9265	45.32917175	2.667368548e-10
9266	42.4554447	2.870939042e-10
9267	40.13809839	1.344195866e-10
9268	38.3713061	3.59438701e-10
9269	37.15602774	8.213607572e-11
9270	36.5030697	2.613234074e-10
9271	36.43232102	-8.680167696e-12
9272	36.96847545	1.601376809e-10
9273	38.13407538	1.714646203e-10
9274	39.94111062	8.513367789e-11
9275	42.38262087	1.731033095e-10
9276	45.42575926	-5.192379859e-11
9277	49.00757671	1.147677509e-10
9278	53.03441002	2.378257591e-10
9279	57.38525213	-5.788258761e-11
9280	61.91891981	1.878444067e-10
9281	66.48428556	-1.191011734e-10
9282	70.93238389	5.939426728e-11
9283	75.12889704	1.97085015e-10
9284	78.96541731	-2.389644038e-11
9285	82.3679888	1.273745553e-10
9286	85.30174176	-7.804779045e-11
9287	87.770911	8.693845643e-11
9288	89.81411725	-4.430322775e-11
9289	91.49541227	3.668532145e-11
9290	92.89216504	2.21795915e-11
9291	94.08132088	6.832756583e-12
9292	95.12583553	5.163069972e-11
9293	96.06313139	-9.730971584e-11
9294	96.89723021	-9.035883153e-11
9295	97.59580248	9.812062274e-11
9296	98.09278366	-7.510791988e-11
9297	98.2965093	-2.746070038e-11
9298	98.10260018	2.607070115e-11
9299	97.41017328	1.211208911e-11
9300	96.13944954	1.055369125e-10
9301	94.2485433	-2.171685054e-11
9302	91.74719422	6.072387038e-11
9303	88.70545393	-1.077902212e-10
9304	85.25584655	9.481038177e-11
9305	81.5882323	6.870592983e-11
9306	77.93744029	3.638067625e-11
9307	74.56460312	1.168949382e-10
9308	71.7339217	-2.630606843e-11
9309	69.68721539	-2.046363079e-11
9310	68.6189913	1.639204328e-10
9311	68.65484333	-7.123546197e-11
9312	69.83574683	1.43282719e-10
9313	72.11026636	5.637801337e-11
9314	75.33589413	1.014592854e-10
9315	79.28976964	3.868105836e-11
9316	83.6880018	-2.263256249e-11
9317	88.21183802	1.214175427e-10
9318	92.53811345	-3.062705645e-11
9319	96.37086294	1.023545693e-10
9320	99.4707578	-4.357847416e-11
9321	101.6791723	3.449152075e-11
9322	102.9341831	9.540546131e-11
9323	103.2766132	3.941380555e-11
9324	102.8452642	-4.436451206e-11
9325	101.8616323	4.993694347e-11
9326	100.605544	4.717115587e-12
9327	99.38415389	1.853059928e-10
9328	98.49750955	1.244817582e-10
9329	98.20430936	1.193338761e-10
9330	98.69152092	7.772449351e-11
9331	100.0511675	6.189715407e-11
9332	102.26687	1.965840823e-10
9333	105.2117239	3.807620885e-11
9334	108.6578984	1.628901458e-10
9335	112.2971033	-2.408118149e-11
9336	115.7699017	9.126566169e-11
9337	118.7008946	4.992539715e-11
9338	120.7361546	1.449684817e-10
9339	121.579031	-4.102851392e-11
9340	121.0205974	8.977441013e-11
9341	118.9615697	-5.140154968e-11
9342	115.4234116	5.345945908e-11
9343	110.5474829	1.141797767e-10
9344	104.5823437	1.004778483e-10
9345	97.8605699	6.421352339e-11
9346	90.7675325	4.934452846e-11
9347	83.70542079	8.544276398e-12
9348	77.05626344	1.203215305e-11
9349	71.14777226	1.922311199e-10
9350	66.22549275	-7.860379014e-13
9351	62.43403628	1.542099781e-10
9352	59.8091679	-9.39488487e-11
9353	58.281344	1.53144164e-10
9354	57.69006297	7.345768438e-11
9355	57.80724568	1.679456574e-11
9356	58.36692282	1.430056074e-11
9357	59.09787396	-5.019540339e-11
9358	59.75560299	1.086979395e-10
9359	60.1501709	-1.338609223e-10
9360	60.16691821	5.92823568e-11
9361	59.77793678	6.481659653e-11
9362	59.04319717	1.259614635e-11
9363	58.10138761	2.3804958e-11
9364	57.15164476	-4.842348744e-11
9365	56.42833395	-3.358646694e-11
9366	56.17176121	2.256612675e-10
9367	56.59809748	-1.467634902e-10
9368	57.87182835	9.556888614e-11
9369	60.08371393	-1.212914214e-10
9370	63.23659649	5.783817869e-11
9371	67.24050466	4.630607009e-11
9372	71.91747663	-1.233324554e-11
9373	77.01547481	1.818456496e-10
9374	82.22980787	-2.427569257e-11
9375	87.2297157	1.412505668e-10
9376	91.68728647	1.486224477e-10
9377	95.30570933	6.415667997e-11
9378	97.84403094	1.034052843e-10
9379	99.13604928	9.251710509e-11
9380	99.10168528	2.498090623e-11
9381	97.75003287	1.350821677e-10
9382	95.17420221	1.938271765e-11
9383	91.53893304	1.572688646e-10
9384	87.06267129	2.264499699e-11
9385	81.99629726	1.682414208e-10
9386	76.60091976	1.325162202e-11
9387	71.12709359	1.594733234e-10
9388	65.79749607	3.042268659e-10
9389	60.79456134	1.248015025e-10
9390	56.25389035	2.846465286e-10
9391	52.26351883	7.479261654e-11
9392	48.86842252	2.224647133e-10
9393	46.07905505	3.518887404e-10
9394	43.8823121	1.996118826e-10
9395	42.25313937	1.809059569e-10
9396	41.16506233	8.856915201e-11
9397	40.59819619	1.165223473e-10
9398	40.54375043	3.296256601e-10
9399	41.00460781	1.014841544e-10
9400	41.99215715	2.236797414e-10
9401	43.52011124	-2.239097796e-11
9402	45.59647496	1.664379745e-10
9403	48.21508908	9.128253708e-12
9404	51.34822986	1.145070705e-10
9405	54.94158958	2.002464861e-10
9406	58.91262138	-5.111466805e-13
9407	63.15275032	2.132369836e-10
9408	67.53339711	-9.008038759e-11
9409	71.91520622	1.243654069e-10
9410	76.15939152	7.934719548e-11
9411	80.13977516	3.877564936e-11
9412	83.75394647	-4.91784391e-12
9413	86.93203015	1.560884755e-11
9414	89.64182244	-4.435429801e-11
9415	91.88949854	9.565237491e-12
9416	93.71565952	-9.548672963e-11
9417	95.18710029	7.083222897e-12
9418	96.3852632	-3.136690907e-11
9419	97.39281661	3.16990878e-12
9420	98.28010035	4.745182025e-11
9421	99.09326446	-5.534728231e-11
9422	99.84577822	9.526512912e-11
9423	100.5146127	-1.004942796e-10
9424	101.0418433	1.601563326e-11
9425	101.3417444	-7.661160595e-11
9426	101.3127339	-1.985567266e-11
9427	100.852865	-4.227196371e-11
9428	99.87703584	1.35118583e-11
9429	98.333768	-7.580513994e-11
9430	96.21933928	1.418465345e-11
9431	93.58726181	-5.840750106e-11
9432	90.55155926	8.356959569e-11
9433	87.28297014	7.219602693e-11
9434	83.99801422	6.696065924e-11
9435	80.94171365	3.91278121e-11
9436	78.36555935	8.886713587e-11
9437	76.50295873	1.797633153e-10
9438	75.54481103	-2.876765492e-11
9439	75.61797529	1.954205686e-10
9440	76.76919719	-5.355360599e-11
9441	78.95655919	2.152464873e-10
9442	82.04975888	1.765987356e-10
9443	85.83958424	7.038991612e-11
9444	90.05594212	1.0620127e-10
9445	94.39282141	1.024540452e-10
9446	98.53774756	4.449862701e-11
9447	102.2027068	-4.429345779e-11
9448	105.153261	1.267062011e-10
9449	107.2326716	1.112185899e-10
9450	108.3783078	1.161390983e-10
9451	108.6283777	1.305733299e-10
9452	108.1180276	5.659650526e-11
9453	107.0649822	3.032551987e-11
9454	105.7460397	1.628821522e-10
9455	104.4667491	-2.432098967e-11
9456	103.5273873	2.197806381e-10
9457	103.1888077	-2.996713988e-12
9458	103.6418163	1.214806034e-10
9459	104.9834134	8.878497937e-11
9460	107.2025575	1.029514252e-10
9461	110.1771321	3.848210639e-11
9462	113.6826211	3.36459749e-11
9463	117.4117598	1.341446954e-10
9464	121.0032537	1.21235022e-10
9465	124.0766746	1.45941037e-10
9466	126.269967	-1.059863308e-11
9467	127.2756919	9.584333327e-12
9468	126.8722479	1.629896218e-11
9469	124.9468204	4.238209783e-11
9470	121.5076693	-8.144773744e-11
9471	116.6844829	8.656897421e-11
9472	110.7167775	-2.19859686e-11
9473	103.9315763	6.505906924e-11
9474	96.71271917	-2.284661349e-11
9475	89.46502203	6.022871091e-11
9476	82.57701846	8.051781464e-12
9477	76.38613577	2.543210087e-11
9478	71.14985845	1.760116497e-10
9479	67.02575957	-8.198997037e-11
9480	64.06230333	1.127129501e-10
9481	62.20115187	1.118416471e-10
9482	61.29047204	6.509459638e-12
9483	61.10757068	5.044942242e-11
9484	61.38821305	-3.964295558e-11
9485	61.8593052	-3.170574914e-11
9486	62.27131424	2.581064251e-10
9487	62.42689212	-3.066658039e-11
9488	62.20264228	1.061488675e-10
9489	61.56176792	-6.168932032e-11
9490	60.55637433	6.920153339e-11
9491	59.31934958	-1.902837887e-10
9492	58.046889	2.897371232e-11
9493	56.97373647	1.940243521e-10
9494	56.34397973	-3.935607396e-11
9495	56.38067928	1.47986956e-10
9496	57.25768665	-1.07057474e-10
9497	59.07671813	1.000337591e-10
9498	61.85213035	1.056470467e-10
9499	65.50497123	-2.406697064e-11
9500	69.86685286	9.837286541e-11
9501	74.69312868	3.760813883e-11
9502	79.68387309	8.899325721e-11
9503	84.5103638	1.638364999e-10
9504	88.84423857	5.218669941e-11
9505	92.38628997	1.592166399e-10
9506	94.8919886	-3.307443208e-11
9507	96.19126289	9.039036186e-11
9508	96.20075511	2.535402999e-10
9509	94.92763348	5.744027476e-11
9510	92.46496797	2.746869399e-10
9511	88.979568	6.27600194e-11
9512	84.69393336	2.087801043e-10
9513	79.86450828	1.639977043e-11
9514	74.75869787	2.370317276e-10
9515	69.63308839	1.558482232e-10
9516	64.71502039	2.518500963e-10
9517	60.1891433	1.902735747e-10
9518	56.18990156	6.592193458e-11
9519	52.80015178	1.813020845e-10
9520	50.05538141	2.508016017e-10
9521	47.95237564	6.428191313e-11
9522	46.46073348	2.345816874e-10
9523	45.53541097	1.320956677e-10
9524	45.12848786	1.962132679e-10
9525	45.1986004	3.713473973e-10
9526	45.71691785	-1.396482929e-11
9527	46.66909973	2.46855425e-10
9528	48.05327973	2.888445039e-11
9529	49.87469848	1.241962089e-10
9530	52.13807726	1.753055479e-10
9531	54.83912882	1.22056143e-10
9532	57.9567027	1.105311398e-10
9533	61.44695167	-3.889599753e-11
9534	65.24060052	1.522248994e-11
9535	69.24394171	-3.619948785e-11
9536	73.34363797	-7.840528227e-11
9537	77.41485208	7.017453285e-11
9538	81.3317262	1.104050185e-11
9539	84.97886418	3.651967617e-11
9540	88.26228129	-1.093347635e-11
9541	91.11830496	-8.265832463e-11
9542	93.51913739	3.093436618e-11
9543	95.47420057	-6.731903923e-11
9544	97.02692395	-2.679811928e-11
9545	98.24723828	-1.592934673e-10
9546	99.22062506	1.242295156e-11
9547	100.0350646	-3.575451046e-11
9548	100.7675583	-2.094013851e-11
9549	101.4720241	-8.392797568e-11
9550	102.1702571	-4.6947779e-11
9551	102.8473141	-1.152384854e-10
9552	103.4521611	4.058930969e-11
9553	103.9037686	2.480771144e-11
9554	104.1021404	-1.536104577e-11
9555	103.9430927	2.35624853e-11
9556	103.335058	-4.432942902e-11
9557	102.2158336	-5.411671111e-12
9558	100.5670906	1.545874539e-11
9559	98.42461947	7.241052202e-11
9560	95.88270476	-4.680433818e-11
9561	93.09165987	1.833440066e-10
9562	90.24833141	-6.995115598e-11
9563	87.5802257	1.74116721e-10
9564	85.32470899	9.89617277e-11
9565	83.70539552	2.151123724e-11
9566	82.90827834	9.544232071e-11
9567	83.0603164	2.932987186e-11
9568	84.2130395	2.112430231e-10
9569	86.33327698	2.051825376e-10
9570	89.30239821	1.558513318e-10
9571	92.92454925	3.710010077e-11
9572	96.94337628	1.31634259e-10
9573	101.0657558	4.979927581e-11
9574	104.9902146	1.381170733e-10
9575	108.4371197	9.549916413e-11
9576	111.1774215	1.748130529e-10
9577	113.0567918	-5.706102257e-12
9578	114.0124055	1.460618293e-10
9579	114.08034	4.07496259e-12
9580	113.3925395	1.512776571e-10
9581	112.1633957	3.923705805e-11
9582	110.6671353	5.995692831e-11
9583	109.2082236	2.014979295e-10
9584	108.0878078	-3.140243621e-11
9585	107.5697119	1.933200267e-10
9586	107.8496199	8.91295926e-11
9587	109.0308092	7.920863965e-11
9588	111.1091549	-2.343147898e-11
9589	113.9691823	6.778755335e-11
9590	117.3917898	2.830624624e-12
9591	121.073032	1.913122993e-10
9592	124.6521711	-7.003952973e-11
9593	127.7461973	3.561284601e-11
9594	129.9873084	-8.399503315e-11
9595	131.0594953	-1.095301627e-11
9596	130.7304432	-6.400568964e-11
9597	128.8754332	-2.158628831e-11
9598	125.4907519	5.878542098e-11
9599	120.6952132	-9.434675263e-12
9600	114.7196404	2.573319335e-11
9601	107.8854173	-6.31019681e-11
9602	100.5743601	2.114752817e-12
9603	93.19305755	-3.954658823e-11
9604	86.13538967	-2.444533465e-11
9605	79.74709576	8.268941087e-13
9606	74.29600871	5.85211879e-11
9607	69.95093686	-3.622391276e-11
9608	66.7712229	1.282907114e-10
9609	64.70785004	-1.198054989e-10
9610	63.61572467	1.427706842e-10
9611	63.27557751	-1.240634262e-10
9612	63.42291985	-5.762945676e-12
9613	63.78077532	1.952313866e-10
9614	64.09255536	-4.871658632e-12
9615	64.15149292	1.064526245e-10
9616	63.82348289	-2.327249504e-11
9617	63.06094886	5.322986496e-11
9618	61.90637401	3.447242491e-11
9619	60.48528559	6.932987517e-11
9620	58.98963958	3.464739606e-11
9621	57.65358795	2.166711255e-11
9622	56.72441416	6.873346337e-11
9623	56.43190887	-3.977929097e-11
9624	56.95957925	-3.814148997e-11
9625	58.42083413	1.843178943e-10
9626	60.84269908	-5.622213806e-11
9627	64.15875915	1.508597691e-10
9628	68.21200286	4.916245189e-11
9629	72.7671648	5.406741721e-11
9630	77.53115364	2.235167607e-10
9631	82.17931872	5.139533243e-11
9632	86.38473788	1.79398274e-10
9633	89.84745791	-5.698863603e-11
9634	92.32070754	1.668327698e-10
9635	93.63151035	7.127320956e-11
9636	93.69379961	1.842721531e-10
9637	92.51299367	1.394342419e-10
9638	90.18193107	1.288693596e-10
9639	86.86897976	5.841283013e-11
9640	82.79992452	2.553246503e-10
9641	78.23581697	7.926903578e-11
9642	73.44928566	2.624771511e-10
9643	68.70182516	1.615609868e-10
9644	64.22432159	1.779474346e-10
9645	60.20256998	1.030722174e-10
9646	56.76886373	1.623439161e-10
9647	53.99997492	3.707896212e-10
9648	51.92108821	-2.81223933e-11
9649	50.51459157	1.743738487e-10
9650	49.73213596	-2.616928896e-11
9651	49.50810768	2.236473229e-10
9652	49.77263151	2.576685532e-10
9653	50.46243513	1.164526253e-10
9654	51.5283163	9.782707977e-11
9655	52.93850681	5.185674112e-11
9656	54.67784296	5.115419199e-11
9657	56.74325177	2.550883949e-10
9658	59.13656674	8.163336673e-11
9659	61.85603461	7.802380964e-11
9660	64.88802236	3.884315092e-11
9661	68.20036804	9.008971347e-11
9662	71.73855165	2.074478367e-10
9663	75.42543266	-1.279665263e-10
9664	79.16476865	1.369233615e-10
9665	82.84816776	-1.726965237e-10
9666	86.36461188	9.228795506e-11
9667	89.61128842	-1.897162427e-10
9668	92.50424047	-6.15418827e-11
9669	94.98732043	-8.403144847e-11
9670	97.03811719	-1.120246118e-10
9671	98.6698992	-1.034865527e-10
9672	99.92912938	-9.948619706e-11
9673	100.8886971	1.223332546e-11
9674	101.6376002	-9.210410212e-12
9675	102.2683198	-4.358868821e-11
9676	102.8634904	-4.451816693e-11
9677	103.4836304	-3.586109187e-11
9678	104.1576326	-1.454560916e-10
9679	104.8774213	2.490274653e-11
9680	105.5977015	-1.730584565e-10
9681	106.2410947	6.758504867e-11
9682	106.7082714	-8.512168748e-11
9683	106.8920182	2.924926967e-11
9684	106.693618	5.396172398e-11
9685	106.0395395	8.523448614e-11
9686	104.8962846	2.163913493e-11
9687	103.2813628	7.436984362e-11
9688	101.2687296	1.348512413e-10
9689	98.98762871	2.439870528e-11
9690	96.61452297	1.887157097e-10
9691	94.35863104	1.746323086e-10
9692	92.44238048	1.19138921e-10
9693	91.07876803	3.760391998e-11
9694	90.44808645	1.248245951e-10
9695	90.67667512	-6.628919635e-12
9696	91.82024566	2.344420214e-10
9697	93.85392454	6.930500618e-11
9698	96.67047974	1.693809537e-10
9699	100.0873282	3.164934981e-11
9700	103.861948	1.211470924e-10
9701	107.7143549	1.108269032e-10
9702	111.3544553	1.349254042e-10
9703	114.5114606	1.866835575e-10
9704	116.9622177	8.29309954e-11
9705	118.555322	1.25610633e-10
9706	119.2282431	1.590421128e-10
9707	119.0153777	1.346980305e-10
9708	118.0458796	5.298872452e-12
9709	116.5312007	1.014344164e-10
9710	114.7434049	-1.356803558e-11
9711	112.9863465	1.316347031e-10
9712	111.5626345	6.481126746e-11
9713	110.7398303	1.282103312e-10
9714	110.7194875	2.722044812e-11
9715	111.6124144	2.970645951e-11
9716	113.4229369	-4.58157956e-11
9717	116.0440321	5.202505093e-12
9718	119.2640689	8.898393133e-11
9719	122.7846706	3.667732784e-12
9720	126.2480222	1.231792446e-11
9721	129.2709238	-1.515898518e-11
9722	131.4821434	3.443112462e-11
9723	132.5592391	-1.603930322e-10
9724	132.2610444	-6.828893007e-11
9725	130.4524372	-9.773137855e-11
9726	127.1188074	-3.707700813e-11
9727	122.3687046	-6.222156124e-11
9728	116.4243865	1.783062586e-11
9729	109.6012516	-8.641531934e-11
9730	102.2783021	2.687627898e-11
9731	94.86271385	-1.029694108e-10
9732	87.75219192	-1.090905144e-11
9733	81.29899516	-3.24273941e-11
9734	75.77930638	1.754751899e-11
9735	71.3710238	2.022089163e-10
9736	68.14212603	-5.115197155e-11
9737	66.05061635	1.011672968e-10
9738	64.95580879	-2.02869499e-10
9739	64.6395137	1.069107025e-10
9740	64.83464418	7.808576008e-11
9741	65.25800819	-3.60289576e-12
9742	65.64365303	1.137856476e-10
9743	65.7731293	-9.679368418e-12
9744	65.49943575	-2.056799175e-12
9745	64.76214625	1.505280345e-10
9746	63.59222173	-8.140732533e-11
9747	62.10615961	1.223923185e-10
9748	60.490304	3.549538441e-11
9749	58.97720297	1.034181629e-10
9750	57.81674087	1.799405069e-11
9751	57.24530368	3.751132738e-11
9752	57.45640217	1.700448671e-10
9753	58.57596797	-3.720890263e-11
9754	60.64498106	1.053788168e-10
9755	63.61125094	-4.777533924e-11
9756	67.33115478	1.033613195e-10
9757	71.5810489	2.054876269e-10
9758	76.07703617	9.713785332e-11
9759	80.50090302	9.288525504e-11
9760	84.52942779	7.567457772e-11
9761	87.86396802	1.467537203e-11
9762	90.25728252	1.865887445e-10
9763	91.53492065	1.902815683e-10
9764	91.60916535	1.490298995e-10
9765	90.48436861	1.568669639e-10
9766	88.25346736	1.521738291e-10
9767	85.08640667	2.220328366e-10
9768	81.21202103	6.498357408e-11
9769	76.89554599	2.326974169e-10
9770	72.4142886	1.643107872e-11
9771	68.03404682	1.900715141e-10
9772	63.98863834	4.859335156e-11
9773	60.46441761	2.044520109e-10
9774	57.59099017	1.666826677e-10
9775	55.43856254	5.504907641e-11
9776	54.02158585	1.549924633e-10
9777	53.30765632	3.743760857e-11
9778	53.23010127	1.899371771e-10
9779	53.70236464	1.904250091e-10
9780	54.63223724	1.465585431e-10
9781	55.9341524	1.377900016e-10
9782	57.5381554	4.597278114e-11
9783	59.39469642	3.881250876e-11
9784	61.47501956	2.073226035e-10
9785	63.76753997	-4.118994035e-11
9786	66.27114016	1.480224832e-10
9787	68.98670641	-6.9921402e-11
9788	71.90842122	1.481330614e-10
9789	75.01630774	5.753886256e-11
9790	78.27129409	-4.287592503e-11
9791	81.61366474	-4.400968479e-11
9792	84.96524906	-9.354805819e-11
9793	88.23513469	4.126454733e-11
9794	91.32816225	-9.387512989e-11
9795	94.15502989	3.2287506e-11
9796	96.64256986	-6.790390472e-11
9797	98.742691	6.693090526e-12
9798	100.4386224	-8.075162761e-11
9799	101.7474275	-1.429223406e-10
9800	102.7182434	-9.249112587e-11
9801	103.4262725	4.160094491e-11
9802	103.9631415	-1.263420479e-10
9803	104.4247652	3.218070255e-11
9804	104.8982403	-1.309279352e-10
9805	105.4494919	-6.816769371e-12
9806	106.1133722	-8.738898494e-11
9807	106.8876604	-4.169509182e-11
9808	107.7319671	-5.114864088e-11
9809	108.5719455	-2.758793194e-11
9810	109.3085396	1.272049133e-10
9811	109.83133	7.172484828e-11
9812	110.0344624	2.786260112e-11
9813	109.8332332	3.476197108e-11
9814	109.1792241	1.089572876e-10
9815	108.0719485	3.711475571e-12
9816	106.5653033	1.142699269e-10
9817	104.767675	5.303335548e-11
9818	102.8352698	2.039324265e-10
9819	100.9590478	1.865729793e-11
9820	99.34643319	1.20931043e-10
9821	98.19966575	8.14659451e-12
9822	97.69315398	1.687823215e-10
9823	97.95242617	1.21742838e-10
9824	99.03721465	1.409539152e-10
9825	100.9308461	2.374349606e-10
9826	103.5374794	1.254401027e-10
9827	106.6878962	1.508664305e-10
9828	110.1536016	2.195179594e-10
9829	113.6680319	1.507713954e-10
9830	116.952815	3.49935636e-11
9831	119.7463774	1.286812878e-10
9832	121.8318266	8.89399665e-11
9833	123.0610072	1.736708555e-10
9834	123.371949	8.610223645e-12
9835	122.7975638	1.358768653e-10
9836	121.4643466	-3.169353668e-11
9837	119.580901	4.419353772e-12
9838	117.4172191	-3.976663443e-11
9839	115.2766856	4.651634633e-11
9840	113.463622	1.000750594e-10
9841	112.2497474	7.347455977e-13
9842	111.8431282	8.696288134e-11
9843	112.3630097	-1.802824556e-11
9844	113.8233609	7.944667146e-11
9845	116.1270863	-6.920730655e-11
9846	119.0717585	2.713029801e-11
9847	122.3665074	-2.85733659e-11
9848	125.6585113	3.961897477e-11
9849	128.5664906	-7.617084741e-11
9850	130.7178323	-8.389267059e-11
9851	131.7855449	-1.585862552e-10
9852	131.5212273	-3.259303938e-11
9853	129.7806205	-1.457971521e-10
9854	126.5390638	-7.625056142e-11
9855	121.8952257	3.085753875e-12
9856	116.0627005	-7.805889268e-11
9857	109.3503294	4.687583655e-11
9858	102.133285	-3.432787388e-11
9859	94.81792087	2.909139596e-11
9860	87.80402464	-2.114353137e-10
9861	81.448369	6.851585965e-11
9862	76.03328628	6.358247262e-12
9863	71.74343352	7.028710947e-11
9864	68.65301838	6.91722235e-11
9865	66.72462494	-9.326162065e-11
9866	65.81953494	-7.763345522e-11
9867	65.7182192	7.303779803e-11
9868	66.14860859	-8.314460231e-11
9869	66.81895772	1.204873978e-10
9870	67.45167094	-2.60027555e-11
9871	67.81441496	4.611333537e-11
9872	67.74519488	2.201940852e-10
9873	67.16877903	-1.457056698e-11
9874	66.10283994	1.529913973e-10
9875	64.6533253	-5.565548022e-11
9876	62.99975488	1.806013117e-10
9877	61.37222876	1.325877186e-10
9878	60.02281052	1.637563418e-10
9879	59.19452376	1.483193568e-10
9880	59.09141212	5.662714742e-11
9881	59.85294628	9.532841183e-11
9882	61.53553846	4.132316711e-11
9883	64.10311099	7.078093667e-11
9884	67.42765365	2.486395534e-10
9885	71.29961003	1.184590204e-10
9886	75.44687699	1.684321571e-10
9887	79.5602994	9.531087031e-11
9888	83.32288909	6.75951517e-11
9889	86.43965959	2.972447843e-10
9890	88.66497576	5.46224177e-11
9891	89.82466063	2.243909503e-10
9892	89.83073408	1.999211907e-11
9893	88.68750234	2.528097731e-10
9894	86.48867355	1.558705387e-10
9895	83.40613451	1.681058626e-10
9896	79.67188048	1.21080368e-10
9897	75.55525112	6.593070534e-11
9898	71.33802529	6.782374662e-11
9899	67.29002898	3.176309216e-10
9900	63.6477149	1.792647142e-10
9901	60.59771176	2.478975913e-10
9902	58.26668006	1.013719109e-10
9903	56.71803222	1.14877996e-10
9904	55.9552735	1.547661999e-11
9905	55.93099051	5.704403616e-11
9906	56.55993782	2.535712751e-10
9907	57.73431229	1.822053619e-11
9908	59.33919198	1.496210933e-10
9909	61.26625523	-8.530753881e-11
9910	63.4242564	1.242884684e-10
9911	65.74526543	3.982014718e-11
9912	68.18630405	-4.1626258e-11
9913	70.72665108	8.416822794e-12
9914	73.36166004	-8.667988549e-11
9915	76.09436447	5.063882647e-11
9916	78.92638808	8.574296828e-11
9917	81.849703	-6.425804333e-11
9918	84.84059238	-4.533617926e-11
9919	87.85680327	-4.825428945e-11
9920	90.83837555	-1.612142642e-10
9921	93.712072	1.030621144e-10
9922	96.39878979	-1.232443037e-10
9923	98.82287837	8.637368598e-11
9924	100.9219846	-1.058708676e-10
9925	102.655935	-7.974376715e-11
9926	104.0132608	-1.033962915e-10
9927	105.0142682	-6.763689608e-11
9928	105.7100077	-7.374245659e-11
9929	106.1770554	-7.588962792e-11
9930	106.5085983	4.681000032e-11
9931	106.8028544	-5.107814172e-11
9932	107.1502673	4.63394878e-11
9933	107.6211499	-2.761124662e-11
9934	108.2554686	5.505818024e-12
9935	109.0562524	-3.336952936e-11
9936	109.9877012	1.151390094e-10
9937	110.9784994	3.634470502e-11
9938	111.930183	1.87442506e-10
9939	112.7297438	5.004197057e-11
9940	113.2650631	8.416534136e-11
9941	113.4413356	5.879519094e-12
9942	113.1964205	8.782707894e-11
9943	112.513087	7.37674366e-11
9944	111.4264087	1.40206069e-10
9945	110.0250726	2.070150718e-10
9946	108.4460617	9.57494084e-11
9947	106.8629565	2.442412939e-10
9948	105.4688913	2.04816164e-11
9949	104.4559025	1.232978164e-10
9950	103.9929279	1.466817778e-10
9951	104.204987	2.061792959e-10
9952	105.156058	1.390731974e-10
9953	106.8378476	7.949685354e-11
9954	109.1660661	1.286208917e-10
9955	111.9850185	1.502304947e-10
9956	115.0803969	5.558886684e-12
9957	118.1992137	1.4884316e-10
9958	121.0749517	2.059685755e-12
9959	123.4553399	9.205414209e-11
9960	125.1297611	1.472257871e-10
9961	125.9532299	4.124189878e-11
9962	125.8641478	8.654343908e-11
9963	124.893641	-1.461342158e-11
9964	123.1651486	1.015529882e-10
9965	120.8839604	-2.488320661e-11
9966	118.3175093	5.194400465e-11
9967	115.7682583	3.420774775e-11
9968	113.5418905	-1.776356839e-12
9969	111.9140974	5.632383449e-12
9970	111.0994996	-4.043032575e-11
9971	111.2260947	-1.372495451e-10
9972	112.3181103	2.654765296e-12
9973	114.289301	-1.289564011e-10
9974	116.9476504	-3.327249587e-11
9975	120.0112413	-5.374634071e-11
9976	123.1338597	-5.90105742e-11
9977	125.9378421	-3.241895641e-11
9978	128.0508709	-1.198656729e-10
9979	129.1429586	-8.295941711e-11
9980	128.9598016	-1.388578141e-10
9981	127.3490253	-2.232658503e-11
9982	124.2765617	9.013678692e-12
9983	119.8314175	-3.521938297e-11
9984	114.2182975	-6.515632478e-11
9985	107.7388209	-1.012856465e-11
9986	100.7632569	-7.156231163e-11
9987	93.69570125	3.582023567e-11
9988	86.93629033	-9.575051862e-11
9989	80.84434725	7.662226409e-11
9990	75.7062312	-1.255973103e-11
9991	71.71114136	-1.181810205e-11
9992	68.9372597	-3.035838247e-11
9993	67.34950234	4.635558604e-11
9994	66.80890727	1.96283656e-10
9995	67.09245165	-4.311262458e-11
9996	67.92099888	1.954267859e-10
9997	68.99224085	-6.782086004e-11
9998	70.01501256	2.453699466e-10
9999	70.74126481	1.794713267e-10
10000	70.99229094	-1.079869527e-11
10001	70.67647887	9.703127191e-11
10002	69.79682125	-1.487743262e-11
10003	68.4475568	5.98832095e-11
10004	66.8005086	2.215463368e-10
10005	65.08279854	1.421769369e-10
10006	63.54853195	1.505373604e-10
10007	62.44766428	1.082356427e-10
10008	61.99552063	2.062749971e-10
10009	62.3463147	2.989817283e-10
10010	63.57352748	1.045703524e-10
10011	65.65921551	3.495004286e-10
10012	68.49331685	4.318501112e-11
10013	71.88292259	2.919535724e-10
10014	75.57040583	4.370770412e-11
10015	79.25836554	9.854828065e-11
10016	82.63864986	1.101021496e-10
10017	85.42234204	8.414047237e-11
10018	87.36755843	8.790568273e-11
10019	88.30221577	7.626077547e-11
10020	88.13953418	2.213660366e-10
10021	86.88487528	1.783262427e-10
10022	84.6334766	1.455908727e-10
10023	81.55962167	1.762627821e-10
10024	77.89867278	4.401079501e-11
10025	73.92409374	1.364943714e-10
10026	69.92203217	2.994207104e-10
10027	66.16617323	-8.612666136e-12
10028	62.89541555	2.136375521e-10
10029	60.29648303	-1.522759696e-11
10030	58.4929349	1.193294352e-10
10031	57.54125218	2.037647828e-10
10032	57.43385767	1.951350193e-11
10033	58.10816398	9.135470158e-11
10034	59.46012735	-1.383337889e-11
10035	61.36037803	1.868558641e-10
10036	63.67084151	-9.193756867e-11
10037	66.25986482	3.804290216e-11
10038	69.01419625	7.313505357e-11
10039	71.84668331	3.105427027e-11
10040	74.69918167	-1.297628671e-12
10041	77.54082477	-4.764189043e-12
10042	80.36240547	-9.492384656e-11
10043	83.16809413	1.491131663e-10
10044	85.96600619	-8.972111942e-11
10045	88.75920474	1.148103834e-11
10046	91.53857876	-1.749267398e-10
10047	94.27869935	-5.91464655e-11
10048	96.93727506	-8.162093224e-11
10049	99.45827074	-8.662848217e-11
10050	101.7781972	1.016298157e-10
10051	103.8345986	-9.731770945e-11
10052	105.5754231	-1.963940122e-11
10053	106.9678083	-5.145217585e-11
10054	108.0048651	-5.801314984e-11
10055	108.7092968	-7.035039218e-11
10056	109.1331142	-1.426947449e-11
10057	109.3532393	-2.089883822e-12
10058	109.463372	-5.657874169e-11
10059	109.5630335	-3.978861685e-11
10060	109.7451399	1.065885158e-10
10061	110.0837226	-8.416245478e-11
10062	110.6234715	8.30753244e-11
10063	111.3726144	-5.791545021e-11
10064	112.3002714	5.012390503e-11
10065	113.3388895	2.064917126e-10
10066	114.3917212	3.964961692e-11
10067	115.3446533	1.637694425e-10
10068	116.0810911	5.279332527e-12
10069	116.4981453	1.116764459e-10
10070	116.5221127	8.041212141e-11
10071	116.1212304	1.871631738e-10
10072	115.3139224	1.112656633e-10
10073	114.1712333	2.015316802e-10
10074	112.8127979	1.01372688e-10
10075	111.3964644	1.652473713e-10
10076	110.10247	9.569678383e-11
10077	109.1137802	1.770148472e-10
10078	108.5947437	7.959899406e-11
10079	108.6705254	7.822542614e-11
10080	109.4098051	1.580939823e-10
10081	110.8129596	1.893911694e-10
10082	112.8074036	2.133564436e-10
10083	115.2510022	1.459321552e-11
10084	117.9435675	1.291238227e-10
10085	120.6455182	-4.606537374e-11
10086	123.1019119	1.63204561e-10
10087	125.0693756	2.798605792e-11
10088	126.3430239	1.34795286e-10
10089	126.7803445	-2.97357694e-11
10090	126.3192557	3.759392797e-11
10091	124.9880938	-4.103117845e-11
10092	122.9061077	2.933164822e-11
10093	120.2740495	-6.673772646e-11
10094	117.3555312	-6.982858736e-12
10095	114.4508606	2.984013037e-11
10096	111.8659491	4.701217193e-11
10097	109.8795018	9.901146569e-11
10098	108.7119765	-1.347957301e-10
10099	108.4997035	-8.232525772e-12
10100	109.2770831	-1.915481107e-10
10101	110.9689797	2.938982391e-11
10102	113.3943808	-1.236140079e-10
10103	116.2812077	-7.590950091e-11
10104	119.2909693	-1.593178922e-10
10105	122.0508794	-7.050093842e-11
10106	124.1902265	-1.460547239e-10
10107	125.3772864	-1.020912244e-10
10108	125.3529618	-1.850262166e-10
10109	123.9576336	-1.145585848e-10
10110	121.1483887	-4.011191379e-11
10111	117.0047768	-6.095701721e-11
10112	111.7224399	-5.342926102e-11
10113	105.5952244	-1.247846271e-10
10114	98.98759533	9.147660407e-11
10115	92.3001854	-1.37229339e-10
10116	85.93202966	1.197340005e-10
10117	80.24337349	-5.445777163e-11
10118	75.52286489	8.773737292e-11
10119	71.96245989	7.806022495e-11
10120	69.64253524	6.460298962e-11
10121	68.52860572	3.024913653e-11
10122	68.47980514	1.800382066e-11
10123	69.2680438	6.11346529e-11
10124	70.60563607	2.190114756e-11
10125	72.17831982	1.463851262e-10
10126	73.68005731	2.14981366e-10
10127	74.84586873	1.201341249e-10
10128	75.47921812	7.72226727e-11
10129	75.471111	8.778311411e-11
10130	74.80900277	5.21209742e-11
10131	73.5747497	2.510214259e-10
10132	71.93203464	1.59172675e-10
10133	70.10483653	2.401394639e-10
10134	68.34946214	-6.93534119e-12
10135	66.92332008	2.5208724e-10
10136	66.0539222	2.709308333e-10
10137	65.91151799	1.844222552e-10
10138	66.58831857	1.911111269e-10
10139	68.0865028	7.424993953e-11
10140	70.31620821	2.61441091e-10
10141	73.10360574	2.86351387e-10
10142	76.20806342	2.644116037e-10
10143	79.34643901	1.331565969e-10
10144	82.22180894	1.347228995e-10
10145	84.55351637	5.783862278e-11
10146	86.10534456	1.591544674e-10
10147	86.70889362	6.718359202e-11
10148	86.27982106	2.929976262e-10
10149	84.82542787	1.024336171e-11
10150	82.44303472	1.279594208e-10
10151	79.30958848	-2.439293212e-11
10152	75.66385528	3.060396381e-11
10153	71.78329498	1.539826044e-10
10154	67.95819581	8.482103908e-12
10155	64.46583222	1.864544075e-10
10156	61.54728278	1.947197958e-11
10157	59.38913369	1.494200319e-10
10158	58.11165365	6.278266795e-11
10159	57.76423916	6.611688974e-11
10160	58.32809005	3.836975182e-11
10161	59.72528235	1.09561249e-11
10162	61.83274819	3.330669074e-11
10163	64.49922143	1.925517523e-10
10164	67.56300581	-4.045341839e-11
10165	70.86848408	4.291056399e-11
10166	74.27959122	-1.721076615e-10
10167	77.6889762	4.650502206e-11
10168	81.0222043	-1.869953081e-10
10169	84.23702469	-2.846434199e-11
10170	87.31835867	8.621325875e-11
10171	90.27017729	-6.797140628e-11
10172	93.10577132	6.306954958e-11
10173	95.83803666	-2.270157395e-10
10174	98.47129564	-3.266009685e-11
10175	100.9958703	-5.956568572e-11
10176	103.3861634	-3.50164342e-11
10177	105.6024515	-2.210809313e-11
10178	107.5960281	-5.866640507e-11
10179	109.3168295	-4.985789559e-11
10180	110.7223	2.877964533e-11
10181	111.786055	-1.385966897e-10
10182	112.5049084	2.643352204e-11
10183	112.9030429	-1.335616062e-10
10184	113.0324878	2.437028357e-11
10185	112.9695852	9.46651646e-11
10186	112.8076903	5.758815647e-11
10187	112.6469087	9.874678852e-11
10188	112.5821229	-9.580158888e-11
10189	112.6908655	1.367608249e-10
10190	113.0226916	-3.299582829e-11
10191	113.5915825	5.543698833e-11
10192	114.3725821	9.068967799e-11
10193	115.3033607	1.618714052e-10
10194	116.2907889	3.288569417e-11
10195	117.2219464	1.327529198e-10
10196	117.9783865	2.273381483e-11
10197	118.4519981	1.218278811e-10
10198	118.5605142	7.866285401e-11
10199	118.2606668	1.508455583e-10
10200	117.5571813	1.839168817e-10
10201	116.5062379	1.750448675e-10
10202	115.2126492	2.085402961e-10
10203	113.8207441	3.470113086e-12
10204	112.4997252	2.388764742e-10
10205	111.4249814	7.104539179e-11
10206	110.7574016	7.726441709e-11
10207	110.623079	2.60166555e-10
10208	111.0958598	1.943036843e-10
10209	112.1849708	5.337730258e-11
10210	113.8294597	1.642366243e-10
10211	115.9004561	7.013056802e-12
10212	118.2113938	5.851896745e-11
10213	120.5354063	-8.119283024e-12
10214	122.6282462	6.272182773e-11
10215	124.2543665	1.181921228e-10
10216	125.2133449	1.523803306e-11
10217	125.3636749	1.066511324e-10
10218	124.6411311	-9.278178226e-11
10219	123.0694217	6.877787229e-11
10220	120.7616219	-1.225375357e-10
10221	117.9118622	-4.681277588e-11
10222	114.7778116	-4.443778678e-11
10223	111.6555348	7.209699504e-11
10224	108.8491992	-8.750422609e-11
10225	106.6387476	-1.077431477e-10
10226	105.2489725	-9.796075062e-11
10227	104.8233707	-1.368167801e-10
10228	105.4057309	-1.382178816e-10
10229	106.9316451	-6.601741376e-11
10230	109.2311203	-2.863176363e-11
10231	112.0422973	-4.636291351e-13
10232	115.0350964	-1.137889782e-10
10233	117.8425274	-1.646576209e-10
10234	120.096542	-9.877787477e-11
10235	121.464775	-1.455418008e-10
10236	121.6843722	-1.061479793e-10
10237	120.5893592	-6.406253306e-11
10238	118.1286474	1.791233828e-11
10239	114.3727287	-1.609343769e-10
10240	109.5082833	-6.783862361e-11
10241	103.8211877	-3.552980132e-11
10242	97.66962693	9.221956532e-12
10243	91.45005835	-2.940314658e-11
10244	85.5595205	-4.802647169e-11
10245	80.35816512	1.096358559e-10
10246	76.13585441	2.352731343e-10
10247	73.08622501	1.34894762e-10
10248	71.29081717	1.175828324e-10
10249	70.71479124	4.881028914e-11
10250	71.21452062	6.094058591e-11
10251	72.55609428	4.8207216e-11
10252	74.44261894	1.436366581e-10
10253	76.54730274	2.45496512e-10
10254	78.54872723	5.27591304e-11
10255	80.16452976	1.734159483e-10
10256	81.17994336	4.333555736e-11
10257	81.46824515	1.47523771e-10
10258	81.00107996	1.315010323e-10
10259	79.847749	1.763980073e-10
10260	78.16376009	2.524171983e-10
10261	76.17009414	1.53597135e-10
10262	74.12562573	2.778408614e-10
10263	72.29584012	2.127582555e-10
10264	70.92134041	2.262838805e-10
10265	70.189605	1.892566104e-10
10266	70.21304475	1.244711001e-10
10267	71.01567367	1.685691586e-10
10268	72.52973129	3.489164513e-10
10269	74.60249006	7.352074505e-11
10270	77.01237098	2.075779548e-10
10271	79.49249656	-1.443734021e-11
10272	81.75903857	1.380584536e-10
10273	83.54125045	-7.742073649e-11
10274	84.60995385	1.267812522e-10
10275	84.80148322	1.684128392e-10
10276	84.03464647	8.305356403e-11
10277	82.31906601	1.99420036e-10
10278	79.75422701	-3.907718593e-11
10279	76.51956976	1.605737765e-10
10280	72.85690596	5.570743866e-11
10281	69.04721432	-5.339639841e-11
10282	65.38439633	1.370965563e-10
10283	62.14879907	2.795275122e-11
10284	59.58322216	2.859046333e-11
10285	57.87374204	1.389635074e-10
10286	57.13706068	-8.149214636e-11
10287	57.41529876	1.061106758e-10
10288	58.67829836	-1.64867231e-10
10289	60.83267904	3.276046101e-11
10290	63.73619494	1.923154969e-10
10291	67.21544524	-3.519851077e-11
10292	71.0847443	1.473718925e-10
10293	75.16397894	-5.224087829e-11
10294	79.29355519	6.288480847e-11
10295	83.34502044	-2.375539765e-10
10296	87.22657279	3.570477247e-12
10297	90.88335504	2.246203223e-12
10298	94.29308941	2.878586258e-11
10299	97.458161	-1.037685493e-10
10300	100.3956376	-1.314344189e-10
10301	103.1268812	-1.284101714e-10
10302	105.6683463	-2.013855749e-11
10303	108.0248933	-1.187254739e-10
10304	110.1865032	-2.579358949e-11
10305	112.1287417	3.550493233e-11
10306	113.8167408	3.36459749e-11
10307	115.2119427	5.735056874e-11
10308	116.280437	-2.397726462e-11
10309	117.001484	1.940847483e-11
10310	117.3747767	-9.990674954e-11
10311	117.4251676	3.676614568e-11
10312	117.2039314	-2.557953849e-13
10313	116.7861314	1.404476535e-10
10314	116.2642097	4.655920094e-11
10315	115.7384825	4.043165802e-11
10316	115.3056932	1.529176785e-11
10317	115.0471109	5.435474293e-11
10318	115.0177955	1.305977548e-11
10319	115.2385762	1.299049757e-10
10320	115.6919962	1.658992943e-10
10321	116.3230102	1.463282828e-10
10322	117.0446261	1.709059561e-10
10323	117.74804	1.402380434e-10
10324	118.3162027	1.773727831e-10
10325	118.6392553	1.468869471e-11
10326	118.6299528	1.6370727e-10
10327	118.2370984	2.446753911e-11
10328	117.4551687	2.088818007e-10
10329	116.3286947	1.685158679e-10
10330	114.9505549	1.442694852e-10
10331	113.4540493	8.320988343e-11
10332	111.9993914	6.135181252e-11
10333	110.7559708	6.618972037e-11
10334	109.8823246	2.093569762e-10
10335	109.5061284	1.989128862e-10
10336	109.7066262	1.034976549e-10
10337	110.5017399	1.139275341e-10
10338	111.8416474	6.475975312e-11
10339	113.6099294	8.581046984e-11
10340	115.632546	-6.709299782e-12
10341	117.6939916	3.315658859e-11
10342	119.5591138	-4.614797433e-11
10343	120.998356	1.313065212e-10
10344	121.8136926	-5.571632045e-11
10345	121.8623349	2.722000403e-11
10346	121.0754186	-4.681055543e-11
10347	119.4693465	-1.143414252e-10
10348	117.1481996	-8.021849851e-11
10349	114.2965772	-8.249934069e-11
10350	111.1632734	5.901945599e-11
10351	108.0372368	3.269207127e-11
10352	105.2181624	-4.570832601e-11
10353	102.984737	-1.164250918e-10
10354	101.5639108	-1.017141926e-11
10355	101.1045581	-1.588711385e-10
10356	101.6585076	-1.072342215e-10
10357	103.1712005	-1.000257654e-10
10358	105.4832561	7.33990646e-12
10359	108.3430732	-1.399467209e-10
10360	111.4294179	-5.404565684e-11
10361	114.3818524	-1.69626091e-10
10362	116.835981	-1.324496068e-10
10363	118.4599236	-1.394191429e-10
10364	118.9882337	-9.983214255e-11
10365	118.2496959	4.404476783e-11
10366	116.1860341	-5.67634828e-11
10367	112.85949	6.212808046e-11
10368	108.4483766	-5.212719145e-11
10369	103.2309741	2.629629847e-11
10370	97.55935699	-5.469491526e-11
10371	91.82580403	3.73869824e-11
10372	86.42522976	6.961720089e-11
10373	81.71749439	2.281277389e-10
10374	77.99346056	2.129318943e-11
10375	75.44826458	1.972235708e-10
10376	74.16449993	-5.874056797e-11
10377	74.10695653	1.144719874e-10
10378	75.12933388	2.152358292e-10
10379	76.99208224	1.292583818e-10
10380	79.38936077	3.000675264e-10
10381	81.98215927	1.473541289e-10
10382	84.43401202	2.628066653e-10
10383	86.44550242	3.310773877e-11
10384	87.78393723	1.758877488e-10
10385	88.30513721	1.80911286e-10
10386	87.96518015	1.410391803e-10
10387	86.8210444	1.81598736e-10
10388	85.02031213	1.741753408e-10
10389	82.7812687	1.772733071e-10
10390	80.36575101	3.118021397e-10
10391	78.04784337	6.823341892e-11
10392	76.08191819	2.715658809e-10
10393	74.67353058	3.355005163e-11
10394	73.95630598	1.835243069e-10
10395	73.97725403	2.971249913e-10
10396	74.69198254	1.297308927e-10
10397	75.97018183	2.420854628e-10
10398	77.61062531	2.970956814e-11
10399	79.3639101	1.202398181e-10
10400	80.9603526	9.116085664e-11
10401	82.13994238	9.219824904e-11
10402	82.68109385	1.01581854e-10
10403	82.4251304	3.610978183e-11
10404	81.29395953	7.441247618e-11
10405	79.29918684	2.027000789e-11
10406	76.54187626	-7.07363057e-11
10407	73.20318611	6.976641487e-11
10408	69.52707897	-8.546141572e-11
10409	65.79711402	8.667200291e-11
10410	62.3098975	-7.161116145e-11
10411	59.34803471	-5.211919785e-11
10412	57.15537506	1.888338375e-10
10413	55.91698616	-1.306723618e-10
10414	55.74568371	9.128253708e-11
10415	56.67615769	-1.737712196e-10
10416	58.66686818	4.054534486e-12
10417	61.60903533	1.210072043e-10
10418	65.34131516	3.024336337e-11
10419	69.66821401	-6.767919558e-12
10420	74.38000363	-2.795097487e-12
10421	79.27187992	-8.795186801e-11
10422	84.16035108	3.243805224e-11
10423	88.89530558	-1.009254902e-10
10424	93.36683204	7.116085499e-12
10425	97.50655981	-9.796607969e-12
10426	101.2839741	-5.00346431e-11
10427	104.6987477	1.803712735e-11
10428	107.7705573	-9.560974235e-11
10429	110.5280646	1.046256415e-10
10430	112.9987306	-9.532463707e-11
10431	115.2008945	-1.040012521e-10
10432	117.1391392	1.961133478e-10
10433	118.8034281	-2.500222251e-11
10434	120.1719185	-1.607611821e-10
10435	121.2168096	-1.069846434e-10
10436	121.9121353	1.313971154e-11
10437	122.2421344	4.658762265e-11
10438	122.2087439	-9.258105393e-11
10439	121.836888	2.035029922e-10
10440	121.1765498	1.725766197e-10
10441	120.3010761	-6.724043544e-11
10442	119.3017098	5.185540886e-11
10443	118.2789078	2.741131766e-10
10444	117.3314908	1.544986361e-10
10445	116.5450344	1.371551761e-10
10446	115.9810894	1.402353789e-10
10447	115.668778	1.202753452e-10
10448	115.6000727	5.046452145e-11
10449	115.7296232	9.872103135e-12
10450	115.9794355	-6.662581598e-11
10451	116.2480732	8.347278424e-11
10452	116.4234398	1.535287453e-10
10453	116.3976815	4.640909879e-11
10454	116.0824032	2.105737806e-10
10455	115.4222562	3.038280738e-10
10456	114.4050663	8.993428224e-11
10457	113.0670198	1.44417811e-12
10458	111.4919721	2.343636396e-10
10459	109.8046359	2.086579798e-10
10460	108.1581551	1.201332367e-10
10461	106.7172909	1.100097791e-11
10462	105.6390487	1.654365533e-10
10463	105.0529745	4.313704949e-11
10464	105.0434974	-9.42161904e-11
10465	105.6365658	-1.919771009e-10
10466	106.792408	1.22564181e-10
10467	108.4056111	6.133760166e-11
10468	110.3128911	-1.518127846e-10
10469	112.3080401	2.627844609e-10
10470	114.1626702	7.471534502e-11
10471	115.6506353	-1.130811e-10
10472	116.5734947	-9.633627229e-11
10473	116.7841498	1.152002937e-10
10474	116.2058762	2.772981844e-11
10475	114.8443886	-1.211617473e-10
10476	112.7912739	-1.93356442e-12
10477	110.2180402	-8.10995715e-11
10478	107.3610608	-1.903277536e-10
10479	104.4987179	-1.013171769e-10
10480	101.9229715	-1.840483321e-10
10481	99.90826923	-9.508305254e-11
10482	98.68110393	-2.44371634e-10
10483	98.39355631	-9.74020864e-11
10484	99.10382462	6.148059839e-11
10485	100.7660651	-5.646683121e-11
10486	103.2309185	-5.712408324e-11
10487	106.2569748	-1.816173878e-10
10488	109.5322558	1.23634436e-12
10489	112.7036939	7.488409892e-11
10490	115.4116859	-1.62323488e-11
10491	117.3262023	-1.330100474e-10
10492	118.1806982	-1.199662591e-10
10493	117.8002473	-1.660893645e-11
10494	116.1208749	-1.469668831e-10
10495	113.1979586	-1.475957134e-10
10496	109.2026919	1.359987678e-10
10497	104.4068531	5.092815059e-11
10498	99.15735362	-1.647482151e-10
10499	93.8431215	3.340296928e-10
10500	88.85769375	2.818367761e-10
10501	84.56134988	8.211653579e-11
10502	81.24667404	-9.509459886e-11
10503	79.11107276	3.931406312e-10
10504	78.23904099	2.911644259e-10
10505	78.59593744	4.937206199e-11
10506	80.03381487	2.409681343e-10
10507	82.30858148	2.853202119e-10
10508	85.10658365	9.829648207e-11
10509	88.07772581	-1.601669908e-10
10510	90.87158292	8.994938128e-11
10511	93.17268625	1.922888515e-10
10512	94.7312987	5.776001899e-11
10513	95.38652575	1.500861657e-10
10514	95.07947036	2.918092434e-10
10515	93.85523893	2.645030861e-10
10516	91.85381861	3.270468341e-10
10517	89.29104153	2.497113627e-10
10518	86.43189858	3.192699438e-10
10519	83.55925277	1.518216663e-10
10520	80.94144691	3.545430616e-10
10521	78.80235881	1.223900981e-10
10522	77.29712888	6.460432189e-11
10523	76.49611034	3.094875467e-10
10524	76.37865166	-3.973621432e-11
10525	76.83722019	-8.388845174e-12
10526	77.69123917	-4.349232086e-11
10527	78.70896249	1.558051466e-10
10528	79.63486538	-1.535456207e-10
10529	80.21947477	2.865085946e-11
10530	80.24835477	3.086810807e-10
10531	79.56711723	6.160405519e-11
10532	78.09981981	-9.068479301e-11
10533	75.85888322	3.598774612e-10
10534	72.94561427	2.330935445e-10
10535	69.54145303	5.615596876e-11
10536	65.89105445	-3.465796539e-10
10537	62.27915951	2.282067868e-10
10538	59.00381876	-9.097345099e-11
10539	56.34884088	-3.520641556e-10
10540	54.55832604	1.311386555e-10
10541	53.81581842	9.388934075e-11
10542	54.23002144	-1.217204115e-10
10543	55.8282375	7.354650222e-11
10544	58.5578154	2.113296205e-10
10545	62.29501572	1.054853982e-10
10546	66.8599357	-1.794298043e-10
10547	72.03555381	9.854250749e-11
10548	77.58861904	1.543902783e-10
10549	83.29004971	2.348077288e-11
10550	88.93271632	1.888960099e-10
10551	94.34492664	-5.014122451e-11
10552	99.39854658	5.532463376e-12
10553	104.0113965	-2.243130126e-10
10554	108.144271	-1.200088917e-10
10555	111.7935549	-1.683515549e-10
10556	114.9808773	-1.209432554e-11
10557	117.741505	-2.186339998e-11
10558	120.1132096	-9.994671757e-11
10559	122.1271419	-1.672146865e-10
10560	123.8018658	1.510498393e-10
10561	125.1411749	1.196394095e-10
10562	126.1357356	3.846345464e-11
10563	126.7680283	1.93486116e-10
10564	127.0195846	2.090860818e-10
10565	126.8791945	1.487965307e-10
10566	126.3506272	8.409095642e-11
10567	125.4584922	1.300479724e-10
10568	124.2511426	1.232978164e-10
10569	122.7999549	-2.071942617e-11
10570	121.1948568	-4.741451676e-11
10571	119.5365289	3.053752806e-10
10572	117.9262186	1.522533211e-10
10573	116.4544924	2.059152848e-11
10574	115.1904673	5.911893197e-11
10575	114.1730713	2.167341862e-10
10576	113.4056761	1.73733028e-10
10577	112.8550516	2.234195051e-10
10578	112.4550486	3.420037586e-10
10579	112.1148061	2.726459059e-10
10580	111.7306612	9.402167933e-11
10581	111.2004107	1.710329656e-10
10582	110.4381959	1.497628688e-10
10583	109.388112	1.155431306e-10
10584	108.0347123	1.2615331e-10
10585	106.4088787	-3.748290567e-11
10586	104.5880462	1.873239341e-10
10587	102.6904256	2.103242025e-10
10588	100.8636063	5.194689123e-11
10589	99.26864194	-6.349232251e-11
10590	98.06133088	3.418954009e-11
10591	97.37283968	1.546514028e-10
10592	97.29199845	6.11262152e-11
10593	97.85151056	1.634523628e-10
10594	99.01995319	2.92812885e-10
10595	100.7008402	8.80344686e-11
10596	102.7392364	-4.917133367e-11
10597	104.9355384	-1.406572636e-10
10598	107.0651783	1.447393316e-10
10599	108.9022519	-8.640288485e-11
10600	110.2445332	-2.036140145e-10
10601	110.9370649	1.959925555e-10
10602	110.8915617	-1.279083506e-10
10603	110.099232	-2.424762613e-10
10604	108.6352778	-9.411316171e-11
10605	106.6542134	3.37694317e-11
10606	104.3761462	-1.546069939e-10
10607	102.0651899	-2.270414967e-10
10608	100.0021001	1.951878659e-10
10609	98.45394156	8.03836997e-11
10610	97.64401976	-1.029798469e-10
10611	97.72538335	-2.426681078e-11
10612	98.76091358	9.821476965e-12
10613	100.7123834	7.195133378e-12
10614	103.4399564	-3.076596755e-10
10615	106.7124984	-1.717008757e-10
10616	110.2279108	9.232792308e-11
10617	113.6415926	-2.043485381e-10
10618	116.6002183	-1.873869948e-10
10619	118.7773868	-1.729691945e-10
10620	119.9074273	1.116644555e-10
10621	119.8137756	3.70370401e-12
10622	118.42885	-5.804956515e-11
10623	115.803211	2.271169919e-10
10624	112.1028905	1.245261672e-10
10625	107.5950134	7.226397258e-11
10626	102.6230679	2.878586258e-11
10627	97.57428056	3.199751575e-11
10628	92.84240106	2.133440091e-10
10629	88.78969668	8.083933523e-11
10630	85.71205727	-5.048228502e-11
10631	83.81079059	4.365112716e-10
10632	83.1739898	2.472333449e-10
10633	83.76934865	6.282263598e-11
10634	85.44909576	-1.126272409e-10
10635	87.96644674	4.877112048e-10
10636	91.00176863	2.146780531e-10
10637	94.19564549	5.812950121e-11
10638	97.18533377	5.324620744e-10
10639	99.64077547	3.918785296e-10
10640	101.2964287	7.44488915e-11
10641	101.9756658	9.205880502e-11
10642	101.6053227	2.392663845e-10
10643	100.2190667	1.300675123e-10
10644	97.94946408	-3.625189038e-11
10645	95.00983827	7.803890867e-11
10646	91.66808842	1.818190043e-10
10647	88.21546306	4.334044235e-11
10648	84.93377637	2.628608442e-10
10649	82.06465884	4.76063633e-11
10650	79.78414854	1.764650648e-10
10651	78.18528769	-5.038369721e-11
10652	77.27046898	1.492068691e-10
10653	76.95418061	1.731716992e-10
10654	77.07565196	1.464872668e-11
10655	77.41982916	2.134168398e-10
10656	77.74422825	8.95781227e-11
10657	77.80861587	-9.745360074e-11
10658	77.40421465	-1.828048823e-10
10659	76.37924326	-2.017053191e-11
10660	74.65805982	-1.1808865e-10
10661	72.25192529	-2.129585397e-10
10662	69.2603508	1.750803946e-10
10663	65.86303217	2.324007653e-11
10664	62.30338854	-3.19395177e-10
10665	58.86559988	3.946212246e-10
10666	55.84768545	6.216183124e-11
10667	53.53351818	-2.245617026e-10
10668	52.16669633	-8.518075134e-11
10669	51.92890056	1.607975975e-10
10670	52.92479454	-6.281286602e-11
10671	55.17475175	-2.081321782e-10
10672	58.61580421	1.789244308e-10
10673	63.11031357	3.526956505e-12
10674	68.46106234	-2.011546485e-10
10675	74.43084007	1.604139044e-10
10676	80.76422004	1.568114527e-10
10677	87.2091201	-9.950440472e-11
10678	93.53591667	-1.668905014e-10
10679	99.55230185	-2.631317386e-11
10680	105.1126806	1.82424742e-10
10681	110.1216178	-5.024070049e-11
10682	114.5315755	-9.043432669e-11
10683	118.3358396	2.12278195e-10
10684	121.5580458	2.536300059e-10
10685	124.2400231	5.297984274e-11
10686	126.4297482	-2.555289313e-11
10687	128.1710451	9.986056426e-11
10688	129.4963051	2.277085187e-10
10689	130.422994	-8.285638842e-11
10690	130.954123	-1.092459456e-11
10691	131.0822772	1.117763659e-10
10692	130.7962873	1.756550461e-11
10693	130.0892654	3.707967267e-11
10694	128.9665528	-4.470557258e-11
10695	127.4521622	2.28421726e-10
10696	125.5925349	7.897682508e-11
10697	123.4568343	1.639897107e-10
10698	121.1335188	2.71471734e-10
10699	118.72349	2.253424114e-10
10700	116.330638	2.737232663e-10
10701	114.0510212	-1.441335939e-11
10702	111.9621699	1.295061836e-10
10703	110.1140551	2.577857927e-10
10704	108.5231009	-8.473222124e-13
10705	107.1702637	-1.295479279e-10
10706	106.0036914	3.472377941e-10
10707	104.9458779	2.372910757e-10
10708	103.9046167	-1.678266415e-10
10709	102.7865161	5.41664491e-11
10710	101.5114312	2.662714493e-10
10711	100.0259689	6.512923534e-11
10712	98.31423985	5.049827223e-11
10713	96.40429898	3.373052948e-10
10714	94.36918538	1.618625234e-10
10715	92.3221036	7.129230539e-11
10716	90.40600693	1.416733397e-10
10717	88.77855816	7.124434376e-11
10718	87.59406973	-1.725606324e-10
10719	86.98448045	9.451994742e-11
10720	87.04164812	-7.622347198e-11
10721	87.8031904	9.83568782e-12
10722	89.24378629	-1.689706153e-10
10723	91.27328573	-1.695941165e-10
10724	93.74222446	-1.541256012e-10
10725	96.45448881	1.173958708e-10
10726	99.18601799	7.922551504e-11
10727	101.7076717	-5.382183588e-11
10728	103.8098213	-2.753530737e-11
10729	105.3259187	-3.035971474e-11
10730	106.1522963	5.504929845e-11
10731	106.2617782	-5.15285592e-11
10732	105.7092895	-1.806430561e-10
10733	104.6284983	-3.396571913e-11
10734	103.2195013	-2.2665958e-10
10735	101.7285834	-1.864375321e-10
10736	100.4220055	1.096900348e-10
10737	99.55651839	1.03632658e-11
10738	99.34975305	-1.668105654e-10
10739	99.95375739	-2.652189579e-10
10740	101.4347045	8.241407556e-11
10741	103.7612076	-6.565059607e-11
10742	106.8028027	-1.148592332e-10
10743	110.3390918	1.104005776e-10
10744	114.0788851	1.435669361e-10
10745	117.6875816	2.315125869e-11
10746	120.8200868	-1.222932866e-10
10747	123.1559072	2.380318165e-11
10748	124.4327511	-8.758860304e-11
10749	124.4750537	-8.66435812e-11
10750	123.2143103	-5.148592663e-11
10751	120.6989279	6.0657257e-11
10752	117.0923725	1.140207928e-10
10753	112.6596182	7.097611388e-11
10754	107.7431339	4.977351864e-12
10755	102.730764	2.305693414e-10
10756	98.01872898	-3.217692779e-11
10757	93.97351434	2.875744087e-10
10758	90.89654879	2.584705783e-10
10759	88.99530188	1.000550753e-10
10760	88.36376538	4.293276845e-10
10761	88.97430485	1.637019409e-10
10762	90.68167707	1.973230468e-10
10763	93.2387349	9.942979773e-11
10764	96.32212133	1.399378391e-10
10765	99.56521894	8.78248585e-11
10766	102.594882	2.270184041e-10
10767	105.0681132	1.617692647e-10
10768	106.7048938	8.681411146e-11
10769	107.3138267	-7.131362167e-11
10770	106.8080551	3.469811105e-10
10771	105.2099862	1.337561173e-10
10772	102.6445613	1.04966702e-10
10773	99.32203771	9.398526402e-11
10774	95.51235313	2.890683248e-10
10775	91.51400916	1.661231153e-10
10776	87.62094702	-1.319051535e-10
10777	84.09104097	2.576090452e-10
10778	81.11959222	1.670397154e-10
10779	78.82059933	-1.018491957e-10
10780	77.21768311	8.433609366e-11
10781	76.24545537	2.65025335e-10
10782	75.76096587	-7.247358269e-11
10783	75.56376593	-2.78550516e-10
10784	75.42221074	-1.756816914e-11
10785	75.10298251	1.073203748e-10
10786	74.40051857	-1.742073152e-10
10787	73.16309845	7.99307287e-11
10788	71.31276812	4.805578158e-11
10789	68.85700308	5.792522018e-11
10790	65.89095016	-2.652331688e-10
10791	62.5901325	2.905942154e-11
10792	59.19453566	1.892530577e-11
10793	55.98590192	-1.779252301e-10
10794	53.26074714	1.075086686e-10
10795	51.30200963	-1.517754811e-10
10796	50.35230769	2.2167157e-11
10797	50.59152319	2.342037675e-10
10798	52.120881	-6.976641487e-11
10799	54.95492794	-2.127258369e-10
10800	59.02192179	-2.255404752e-10
10801	64.17222577	1.302886687e-10
10802	70.19346882	5.732303521e-12
10803	76.8305687	-1.958611051e-11
10804	83.80829208	2.476436833e-10
10805	90.85388144	1.762501256e-11
10806	97.71741855	-2.887823314e-11
10807	104.187991	-4.298783551e-11
10808	110.1043242	-4.696687483e-11
10809	115.3592597	-2.55830912e-11
10810	119.8982093	-1.159179419e-10
10811	123.7124078	2.135287502e-10
10812	126.8283371	5.648992385e-11
10813	129.2950517	-1.423252627e-10
10814	131.1712515	-8.216005654e-11
10815	132.513833	2.389128895e-10
10816	133.3693159	1.246220904e-10
10817	133.7690497	1.859135068e-11
10818	133.7285148	2.897380114e-10
10819	133.2504339	2.78550516e-10
10820	132.3308698	8.797584883e-11
10821	130.9670848	6.278533249e-11
10822	129.165715	2.188365045e-10
10823	126.9498049	1.497593161e-10
10824	124.3634415	-5.044853424e-12
10825	121.4731004	-4.030020762e-11
10826	118.3653152	1.927169535e-10
10827	115.1408356	2.621902695e-11
10828	111.9059734	4.355804606e-11
10829	108.7622799	-1.64135372e-11
10830	105.7959854	1.033377828e-10
10831	103.0687264	2.50942378e-10
10832	100.6109679	1.259721216e-10
10833	98.41921462	1.671160987e-10
10834	96.4576236	1.690168006e-10
10835	94.6640569	1.073097167e-10
10836	92.96000366	3.139355442e-11
10837	91.26324996	7.144151937e-11
10838	89.50174709	2.500595286e-10
10839	87.62688931	-1.544524508e-10
10840	85.62439603	-1.565627628e-10
10841	83.52121125	2.246345332e-10
10842	81.38726564	1.25520927e-10
10843	79.3315461	-6.727951529e-11
10844	77.49261443	-2.947722066e-10
10845	76.02442746	2.431210788e-10
10846	75.07894567	1.186393206e-10
10847	74.78749653	-2.372306795e-10
10848	75.24311487	3.502229617e-10
10849	76.48607772	9.299228054e-11
10850	78.49457471	-1.77262649e-10
10851	81.18193186	-2.291269396e-10
10852	84.40108904	7.310951844e-11
10853	87.95620095	-1.415418893e-10
10854	91.62038109	-2.712869929e-10
10855	95.1578406	-1.271285299e-10
10856	98.3480813	2.161471002e-11
10857	101.0094621	-1.286259987e-10
10858	103.0194174	-4.122568953e-11
10859	104.3288819	-1.633164715e-10
10860	104.9690435	4.657252362e-11
10861	105.0493519	5.705658168e-12
10862	104.7466659	-1.40609302e-10
10863	104.2864268	4.815881027e-11
10864	103.9176743	8.851586131e-11
10865	103.8844859	-8.173017818e-11
10866	104.3969031	1.268318783e-12
10867	105.6045719	-6.190958857e-11
10868	107.5761239	1.483755341e-10
10869	110.2867811	-7.731237872e-11
10870	113.6158334	-1.775823932e-10
10871	117.3545967	-1.021227547e-11
10872	121.224324	4.500222417e-11
10873	124.9024404	3.766409407e-11
10874	128.0545186	-9.848477589e-11
10875	130.3687249	1.830784413e-10
10876	131.5891185	8.815348451e-11
10877	131.544228	-4.632738637e-11
10878	130.1677604	2.239630703e-10
10879	127.5090734	2.981508374e-10
10880	123.7320937	8.89812668e-11
10881	119.1025646	6.141043229e-11
10882	113.9647438	2.618723016e-10
10883	108.7097976	3.214726263e-10
10884	103.7390431	5.178080187e-12
10885	99.42575826	2.196181015e-10
10886	96.07946301	2.759250606e-10
10887	93.91634068	2.055493553e-10
10888	93.03884251	-3.249489566e-11
10889	93.42656854	1.286064588e-10
10890	94.93934295	2.92155633e-10
10891	97.33212901	1.094431212e-10
10892	100.2801948	2.902318386e-10
10893	103.4118782	3.415134842e-10
10894	106.3455228	1.959286067e-10
10895	108.7267471	1.5300472e-10
10896	110.2622117	2.068034632e-11
10897	110.7464579	1.56280322e-10
10898	110.0791661	2.114042275e-11
10899	108.2712248	2.958167045e-11
10900	105.4392144	-1.031121855e-10
10901	101.7891426	1.381934567e-10
10902	97.59140037	9.969092218e-11
10903	93.14981052	-1.241389214e-10
10904	88.7682237	-1.132409722e-10
10905	84.71831415	8.054534817e-11
10906	81.21202988	1.718536424e-10
10907	78.38158122	-5.488054455e-11
10908	76.26897672	-1.527489246e-11
10909	74.82603693	2.262474652e-10
10910	73.92465409	1.319584442e-10
10911	73.3759491	-2.514717323e-10
10912	72.95602708	2.620836881e-10
10913	72.43535078	7.785061484e-11
10914	71.608408	-3.481446242e-10
10915	70.32037533	-4.211866411e-10
10916	68.48786819	2.287663392e-10
10917	66.11156492	-7.908163013e-11
10918	63.27941888	-4.436593315e-10
10919	60.16022069	2.826183731e-11
10920	56.98832396	2.242988018e-10
10921	54.0412873	-2.920863551e-11
10922	51.61291139	-3.55635521e-10
10923	49.98458797	2.52809329e-10
10924	49.39798626	4.855316149e-11
10925	50.03187845	-2.407620769e-10
10926	51.98538341	2.097859664e-10
10927	55.26915279	1.561666352e-10
10928	59.80512765	-2.361684182e-10
10929	65.43456047	1.352837842e-10
10930	71.93313209	-2.558131484e-11
10931	79.03129077	7.601030916e-11
10932	86.43747426	4.962608102e-11
10933	93.86168891	2.807531985e-11
10934	101.0370232	-6.0229155e-11
10935	107.7370436	1.61143987e-10
10936	113.7876041	2.73308487e-10
10937	119.0723209	5.809042136e-11
10938	123.5317307	1.68700609e-10
10939	127.1568742	1.985824838e-10
10940	129.9786373	7.322142892e-11
10941	132.0545833	1.7630164e-10
10942	133.4551734	3.367279788e-10
10943	134.2511941	1.135553873e-10
10944	134.5039107	6.554579102e-11
10945	134.2589843	6.980371836e-11
10946	133.5446082	1.790692039e-10
10947	132.3736988	2.831903601e-10
10948	130.7494163	1.086135626e-10
10949	128.6728431	-5.423039795e-11
10950	126.1513887	2.780815578e-10
10951	123.2064283	2.508002694e-10
10952	119.8788406	1.727347154e-10
10953	116.2314453	2.725375481e-10
10954	112.3478254	3.002824656e-10
10955	108.3275594	1.193249943e-10
10956	104.278443	2.20182983e-10
10957	100.3067386	3.338929133e-10
10958	96.5068206	2.003588406e-10
10959	92.95171947	-7.021583315e-11
10960	89.68599377	1.963211815e-10
10961	86.72208859	2.760529583e-10
10962	84.04089219	-9.567102666e-11
10963	81.59664821	2.010160927e-10
10964	79.32578229	-7.016609516e-13
10965	77.15864118	4.002131959e-12
10966	75.03269476	-2.391917775e-10
10967	72.90547782	1.478976941e-10
10968	70.76549198	1.227924429e-10
10969	68.63946304	1.361577517e-11
10970	66.59474031	2.089652895e-10
10971	64.73619073	-8.071054935e-11
10972	63.19761533	-2.544808808e-11
10973	62.12841784	2.893365547e-10
10974	61.67689713	-2.657429832e-12
10975	61.97203492	-2.293170098e-10
10976	63.10593939	-1.395026317e-10
10977	65.11914056	-1.669953065e-11
10978	67.9907012	-1.944613359e-10
10979	71.63462439	-2.80870438e-10
10980	75.90335657	1.575202191e-10
10981	80.59837686	-6.816947007e-11
10982	85.48702285	6.657074891e-11
10983	90.32392841	-4.495248618e-11
10984	94.87483623	9.186607031e-11
10985	98.94017377	-1.50262025e-11
10986	102.3756989	-1.401208038e-10
10987	105.107751	1.769997482e-10
10988	107.1411656	3.96589428e-11
10989	108.5586797	-1.275726191e-10
10990	109.511582	-8.360956372e-11
10991	110.2023503	2.240305719e-10
10992	110.8609593	-9.928236011e-11
10993	111.7173096	-2.540847532e-10
10994	112.9727577	-9.351985852e-11
10995	114.7739192	7.316103279e-11
10996	117.1917705	-3.647571134e-11
10997	120.2085735	7.068479135e-11
10998	123.7143552	2.840945257e-10
10999	127.5136655	2.216502537e-10
11000	131.3422169	6.613376513e-12
11001	134.8919117	-4.662581432e-11
11002	137.8417967	2.791438192e-10
11003	139.8917704	4.469846715e-11
11004	140.7954854	5.426414873e-11
11005	140.3888863	-1.222932866e-10
11006	138.6112103	2.123421439e-10
11007	135.5160165	6.306599687e-11
11008	131.2708269	-9.545075841e-11
11009	126.1451482	4.727951364e-11
11010	120.4878737	2.236237862e-10
11011	114.6962052	2.022435552e-10
11012	109.1791595	7.505107646e-11
11013	104.3193308	1.855049447e-10
11014	100.4368056	3.938058768e-10
11015	97.75893035	1.947721984e-10
11016	96.39904941	7.857359208e-11
11017	96.34640892	4.693951894e-10
11018	97.46826465	2.98756575e-10
11019	99.52396303	-3.747047117e-11
11020	102.1895188	-1.24639854e-10
11021	105.0901244	2.678461897e-10
11022	107.8372126	2.241673513e-10
11023	110.0662431	-3.097611057e-11
11024	111.4713389	-3.324274189e-11
11025	111.8332683	1.31061384e-10
11026	111.0380071	1.98419059e-11
11027	109.084142	-1.266471372e-10
11028	106.0785773	2.907558638e-10
11029	102.2212547	6.022560228e-11
11030	97.78074935	-1.765947388e-10
11031	93.06354575	1.744933087e-10
11032	88.38042243	1.320987764e-10
11033	84.01362023	-1.737756605e-10
11034	80.1883153	1.23883126e-10
11035	77.05138398	-4.371436546e-11
11036	74.65959769	5.897504707e-12
11037	72.97831834	-1.074820233e-10
11038	71.89059765	-8.44746495e-11
11039	71.21544761	-2.154880718e-10
11040	70.73306653	2.454925152e-11
11041	70.21408231	1.551647699e-10
11042	69.44948536	-6.193090485e-11
11043	68.2779064	-2.582822844e-12
11044	66.60724276	2.818953959e-10
11045	64.42830817	2.875921723e-11
11046	61.81909254	-1.57360347e-10
11047	58.93926812	-1.510365166e-10
11048	56.0156453	2.580939906e-10
11049	53.32025	-1.795221749e-10
11050	51.1434585	-2.383693243e-10
11051	49.76510661	3.710134422e-10
11052	49.42664126	-1.135571637e-10
11053	50.30719546	-1.028208629e-10
11054	52.50597242	-3.298232798e-10
11055	56.03258358	1.34411593e-10
11056	60.80608831	9.998046835e-11
11057	66.66253461	-2.137667821e-10
11058	73.36990613	3.661426717e-10
11059	80.64864108	3.507008017e-10
11060	88.19537904	-1.42426515e-10
11061	95.70736233	1.760245283e-10
11062	102.9049842	2.769695584e-10
11063	109.550319	2.369748842e-10
11064	115.4600371	-6.035349998e-11
11065	120.5118292	6.271960729e-11
11066	124.6442452	1.052065102e-10
11067	127.8506052	1.328359645e-11
11068	130.1682691	8.504841276e-11
11069	131.6649986	1.839950414e-11
11070	132.4243512	2.185487347e-10
11071	132.5320103	1.363211766e-10
11072	132.0646859	9.483613894e-11
11073	131.082758	3.404370119e-10
11074	129.6272548	2.13841389e-10
11075	127.721126	2.014495237e-10
11076	125.3741849	7.239364663e-11
11077	122.5906076	3.093454382e-10
11078	119.3775733	2.515392339e-10
11079	115.7535242	8.88373819e-11
11080	111.7546342	-4.935429843e-11
11081	107.4383839	1.883897482e-10
11082	102.8835904	1.49654511e-10
11083	98.18678728	3.762501422e-11
11084	93.45539874	-9.490186414e-11
11085	88.79864376	2.755964346e-10
11086	84.31746555	1.186304388e-10
11087	80.09495904	-5.950262505e-11
11088	76.1887439	4.355147354e-10
11089	72.62649847	2.125126741e-10
11090	69.40546267	5.152500648e-11
11091	66.49618577	-2.461959525e-10
11092	63.85020722	3.413642702e-10
11093	61.41079321	3.270272941e-11
11094	59.12538392	-2.444995317e-10
11095	56.95810192	9.453238192e-11
11096	54.90057561	1.485211953e-10
11097	52.97946343	-1.031423835e-10
11098	51.25941401	-4.773053064e-10
11099	49.84072924	-3.248601388e-11
11100	48.85164711	1.553281948e-10
11101	48.43585348	-1.894164825e-10
11102	48.7364778	1.922320081e-10
11103	49.87834644	1.441868847e-10
11104	51.95058725	-5.561240357e-11
11105	54.99175367	4.299298695e-10
11106	58.97944745	3.874589538e-11
11107	63.82597864	9.188028116e-11
11108	69.38095403	-2.500257779e-10
11109	75.44090255	-9.758771569e-11
11110	81.76521567	-1.993853971e-10
11111	88.09690311	-8.611067415e-11
11112	94.18603117	1.157562934e-10
11113	99.81330599	-2.921662912e-10
11114	104.8111401	-2.014850509e-10
11115	109.0797241	2.430766699e-11
11116	112.5961042	1.901412361e-11
11117	115.4149936	3.401900983e-11
11118	117.6609459	8.923528583e-11
11119	119.5124927	1.34566136e-10
11120	121.1797834	6.057376822e-12
11121	122.8780579	-1.021405183e-12
11122	124.7998304	2.366160601e-10
11123	127.0889065	5.279865434e-11
11124	129.8192441	1.727684662e-11
11125	132.9812229	-1.268389838e-10
11126	136.4771325	9.229239595e-11
11127	140.1267131	2.307523062e-10
11128	143.6824864	-1.703703845e-11
11129	146.8535176	-5.753619803e-11
11130	149.3352755	2.1691271e-10
11131	150.8425161	1.297220109e-10
11132	151.1417005	-2.735234261e-11
11133	150.0794086	3.001012772e-10
11134	147.6035576	1.543227768e-10
11135	143.7749276	9.746514706e-11
11136	138.7674861	1.146851503e-10
11137	132.857164	2.231494989e-10
11138	126.3999633	1.638351677e-10
11139	119.8014246	4.186517799e-11
11140	113.4804281	6.38262776e-11
11141	107.8309468	2.669935384e-10
11142	103.1856294	2.470024185e-11
11143	99.78494431	1.248849912e-10
11144	97.75506629	2.206235195e-11
11145	97.09680106	1.306155184e-10
11146	97.68670404	1.777742398e-10
11147	99.29028628	1.660183102e-11
11148	101.5859454	1.729478782e-10
11149	104.1971479	3.600000298e-10
11150	106.7295414	-5.078426568e-11
11151	108.8091805	-1.666400351e-11
11152	110.1179619	6.954437026e-11
11153	110.4226941	1.143192208e-10
11154	109.5949262	-3.408118232e-11
11155	107.6196696	-2.141220534e-10
11156	104.592337	1.326441179e-10
11157	100.7044774	7.906564292e-12
11158	96.22006318	-1.004334393e-10
11159	91.44505775	-2.617550621e-10
11160	86.6936641	7.910827549e-11
11161	82.25494329	-1.592344034e-10
11162	78.36338569	-1.453877019e-10
11163	75.17652072	2.483382389e-10
11164	72.76182964	5.057287922e-11
11165	71.09417021	-1.282263185e-10
11166	70.06375329	1.195061827e-10
11167	69.49355629	6.02948802e-11
11168	69.16404552	-9.458744898e-11
11169	68.84231519	-2.621050044e-10
11170	68.31231702	-5.950795412e-11
11171	67.40279167	2.832578616e-11
11172	66.00982273	-2.026911972e-10
11173	64.11157558	-4.295230838e-11
11174	61.77367959	-2.354774153e-10
11175	59.14476052	-1.120010751e-10
11176	56.4427117	1.867697108e-10
11177	53.93328834	1.593978283e-10
11178	51.90341088	7.854161765e-11
11179	50.63208705	-1.74241066e-10
11180	50.36205691	2.413234057e-10
11181	51.27511646	7.12674364e-11
11182	53.47360947	-1.159605745e-11
11183	56.9698523	2.450786241e-10
11184	61.68436206	2.792468479e-10
11185	67.4527959	-8.013323338e-11
11186	74.04058997	-4.819256105e-12
11187	81.16350974	1.656292881e-10
11188	88.51177181	-5.55413493e-11
11189	95.77512503	-3.587530273e-11
11190	102.6663059	3.625189038e-10
11191	108.9405959	4.138911436e-12
11192	114.4097603	2.14264162e-11
11193	118.949366	2.699813706e-10
11194	122.4992703	2.411599809e-10
11195	125.0578509	1.104876191e-10
11196	126.671214	-9.205081142e-12
11197	127.4191062	2.090576601e-10
11198	127.3995105	1.72907022e-10
11199	126.7139076	1.031033037e-10
11200	125.454949	-5.772093914e-11
11201	123.6978467	2.030215995e-10
11202	121.4962059	9.479883545e-11
11203	118.8823888	-1.074962341e-10
11204	115.8718819	1.705480202e-11
11205	112.4706218	2.319247017e-10
11206	108.6838818	3.955946681e-11
11207	104.5251718	4.687272792e-11
11208	100.0236717	1.735553923e-10
11209	95.22898914	1.159374818e-10
11210	90.21246081	1.247730808e-10
11211	85.064753	1.070858957e-10
11212	79.89007342	1.601065946e-10
11213	74.79781847	-4.31406022e-11
11214	69.89287243	6.195932656e-11
11215	65.26599626	-1.157083318e-10
11216	60.98576251	-3.771738477e-11
11217	57.09330585	3.107061275e-10
11218	53.60078812	-8.308020938e-11
11219	50.49397134	-2.525624154e-10
11220	47.73871715	4.522462405e-10
11221	45.29066281	1.333368971e-10
11222	43.10683884	-2.082565231e-10
11223	41.1576592	-1.876827582e-10
11224	39.43757935	1.571081043e-10
11225	37.97280608	-1.037623321e-10
11226	36.82475069	-2.262297016e-10
11227	36.08841185	4.477076487e-10
11228	35.8854989	7.429612481e-11
11229	36.35278508	-2.93713498e-10
11230	37.62682851	-5.323048669e-10
11231	39.82673338	2.527897891e-10
11232	43.03697295	-7.727507523e-11
11233	47.29240876	-3.394973191e-10
11234	52.56749369	7.653255807e-11
11235	58.77124799	8.509104532e-11
11236	65.74898679	-1.201243549e-10
11237	73.29102032	1.416715634e-10
11238	81.14773165	1.106794656e-10
11239	89.04965587	8.811440466e-11
11240	96.73053568	-2.348876649e-10
11241	103.9508923	-2.556355128e-11
11242	110.5194872	1.405631167e-10
11243	116.3101888	8.527578643e-11
11244	121.2721911	-1.417372886e-10
11245	125.4322187	-1.279474304e-10
11246	128.8882238	3.20490301e-11
11247	131.7950348	-1.390887405e-11
11248	134.3433552	-2.246025588e-11
11249	136.7343108	-2.048938796e-10
11250	139.1523292	1.051319032e-10
11251	141.7394064	1.902478175e-11
11252	144.5737603	1.525179982e-11
11253	147.6554659	1.783941883e-10
11254	150.9009556	1.421760487e-10
11255	154.1473298	-9.937295431e-11
11256	157.1663457	1.014299755e-12
11257	159.686863	3.296722895e-10
11258	161.4235436	-2.102851226e-11
11259	162.1088378	2.131450572e-11
11260	161.524839	5.744560383e-11
11261	159.5314999	-9.462652883e-11
11262	156.088004	3.321076747e-11
11263	151.26474	1.034266006e-10
11264	145.2442797	-2.826183731e-12
11265	138.3108999	1.03881348e-10
11266	130.8294081	1.307860487e-10
11267	123.2151831	-9.668710277e-12
11268	115.8983129	2.970281798e-10
11269	109.2853848	1.780513514e-10
11270	103.7227832	-5.879741138e-11
11271	99.46524735	5.72946135e-11
11272	96.65293145	2.504716434e-10
11273	95.29935589	3.646860591e-12
11274	95.29152175	-5.315214935e-11
11275	96.40220554	-6.465050717e-11
11276	98.31318882	2.373212737e-11
11277	100.6470446	-1.064837107e-10
11278	103.0042214	3.734257348e-11
11279	105.00163	-7.649703093e-11
11280	106.3088061	-1.361399882e-11
11281	106.6780066	1.336886157e-11
11282	105.9652655	-1.10333076e-10
11283	104.1404154	3.998579245e-11
11284	101.2852641	-1.086188917e-10
11285	97.58037405	9.989165051e-11
11286	93.28208925	-2.179625369e-10
11287	88.69246206	1.209699008e-11
11288	84.12544095	1.10965459e-10
11289	79.8730208	-1.481890166e-10
11290	76.17499228	-2.998508108e-10
11291	73.19547057	-2.920224063e-10
11292	71.00859034	1.478479561e-10
11293	69.59471331	-2.070663641e-10
11294	68.84732447	-3.421902761e-10
11295	68.58962254	2.759410478e-10
11296	68.59876671	-1.306403874e-10
11297	68.63493859	-2.170210678e-10
11298	68.47189873	3.148326044e-10
11299	67.92560896	1.031139618e-10
11300	66.87776115	1.010747042e-11
11301	65.29166307	-3.312372598e-10
11302	63.21881074	3.462350406e-10
11303	60.79552197	2.527755782e-12
11304	58.23010009	-2.052331638e-10
11305	55.78201838	1.643378766e-10
11306	53.73545433	1.081250645e-10
11307	52.37006918	1.508233538e-10
11308	51.93216692	-4.028439804e-10
11309	52.60925807	1.08162368e-10
11310	54.51061879	2.022542134e-10
11311	57.6557305	-8.216893832e-11
11312	61.97159395	3.258460168e-10
11313	67.29893992	2.615720973e-10
11314	73.40641421	6.827605148e-11
11315	80.01100322	3.692797179e-10
11316	86.80237338	2.356994599e-10
11317	93.46848206	2.865050419e-10
11318	99.7198054	3.399236448e-11
11319	105.3098102	1.415099149e-10
11320	110.0498292	8.012790431e-11
11321	113.8172126	1.005879824e-10
11322	116.5564345	3.247606628e-10
11323	118.2736322	4.827604982e-11
11324	119.025764	-6.716049938e-11
11325	118.9060959	3.650590941e-10
11326	118.0280303	2.76942913e-10
11327	116.5093337	6.445688427e-11
11328	114.4586146	2.240589936e-10
11329	111.9654852	3.613536137e-10
11330	109.0952691	9.918110777e-11
11331	105.8884694	-4.579447932e-12
11332	102.3645727	2.896456408e-10
11333	98.52921094	1.815543271e-10
11334	94.38330946	-1.91295868e-11
11335	89.93265047	-9.97602001e-11
11336	85.19630645	2.050306591e-10
11337	80.21262964	-1.003428451e-10
11338	75.04188964	-1.267643768e-10
11339	69.76517261	1.510738201e-10
11340	64.4797189	7.521094858e-11
11341	59.29140669	-1.062598898e-10
11342	54.30551381	2.467999138e-10
11343	49.61715285	3.063718168e-10
11344	45.30283921	1.612647793e-10
11345	41.41450963	-3.460804976e-10
11346	37.97697737	1.537809879e-10
11347	34.98933292	9.477751917e-11
11348	32.43023927	-2.399538346e-10
11349	30.26650221	2.194511239e-10
11350	28.46379579	-3.583267016e-11
11351	26.99806077	-1.444515618e-10
11352	25.86592023	-3.404743154e-10
11353	25.09250249	6.656541984e-11
11354	24.73532606	-3.030997675e-10
11355	24.88335846	-2.789892761e-10
11356	25.65095728	2.024034274e-10
11357	27.16706504	8.692246922e-11
11358	29.56067755	-9.727507688e-11
11359	32.94415387	3.17214699e-10
11360	37.39631255	6.108713535e-11
11361	42.94740811	-2.52734722e-10
11362	49.56797707	-2.17166729e-10
11363	57.16318659	1.965805296e-10
11364	65.57374514	-3.695532769e-11
11365	74.58370573	-1.629540947e-10
11366	83.9346902	2.518589781e-10
11367	93.34528267	-1.253042115e-11
11368	102.5336763	-1.408757555e-10
11369	111.241193	4.655831276e-12
11370	119.2540943	4.460964931e-11
11371	126.4211946	-6.183498158e-12
11372	132.6651768	9.38253919e-11
11373	137.9861559	1.568949415e-10
11374	142.4568765	1.265281213e-10
11375	146.2098646	1.523421389e-10
11376	149.4177898	-8.195044643e-11
11377	152.2691067	1.118891646e-10
11378	154.941653	-2.830269352e-11
11379	157.5771963	1.452278298e-10
11380	160.259906	-6.267519836e-11
11381	163.0013712	1.327187249e-10
11382	165.7341209	1.547988404e-10
11383	168.3146944	-1.567759256e-10
11384	170.5362628	-2.697220225e-11
11385	172.1497172	2.573052882e-10
11386	172.8911543	-1.266116101e-10
11387	172.5129036	4.451905511e-11
11388	170.814755	1.801492289e-10
11389	167.671918	2.627746909e-10
11390	163.0564972	-3.958433581e-11
11391	157.0498812	-4.909495033e-11
11392	149.8443592	2.497664298e-10
11393	141.7333952	1.310311859e-10
11394	133.0911961	-2.597211335e-11
11395	124.3433692	-6.033040734e-11
11396	115.9314507	-4.192557412e-11
11397	108.2747931	1.297788543e-10
11398	101.7336366	-1.641318192e-10
11399	96.57713095	-2.318252257e-10
11400	92.95960419	2.725677462e-10
11401	90.90755627	7.777600786e-11
11402	90.31876292	-1.378772652e-10
11403	90.97363014	2.642330799e-10
11404	92.55767272	1.326974086e-10
11405	94.6928388	-1.816058415e-10
11406	96.9744895	-1.418207773e-10
11407	99.01026754	1.56957114e-10
11408	100.4569123	-1.317541631e-10
11409	101.0513202	-1.912887626e-10
11410	100.6327818	-6.615508141e-11
11411	99.15427924	-4.883737859e-11
11412	96.6819014	-4.302513901e-11
11413	93.38269116	-3.409894589e-11
11414	89.5024584	-1.074731415e-10
11415	85.33612731	-2.486899575e-13
11416	81.19393847	-1.237019376e-10
11417	77.36721057	-1.317808085e-10
11418	74.0973475	8.065370594e-11
11419	71.55136008	-8.124345641e-11
11420	69.80640818	-7.978506744e-11
11421	68.84484459	-2.501288066e-11
11422	68.5600732	8.940581608e-11
11423	68.77234853	-1.5038637e-10
11424	69.2525727	-6.084732718e-11
11425	69.75130321	-1.958380125e-10
11426	70.02966091	-5.143263593e-11
11427	69.88867359	4.688516242e-11
11428	69.19381819	6.160050248e-11
11429	67.89210225	-1.340154654e-10
11430	66.01988443	2.769802165e-10
11431	63.70067398	1.739586253e-10
11432	61.13325417	-8.926015482e-11
11433	58.57152078	1.609024025e-11
11434	56.29830109	4.524824959e-10
11435	54.59602798	-5.523759228e-11
11436	53.71742666	-1.484128376e-10
11437	53.85930472	5.429807715e-10
11438	55.14213391	3.56237706e-10
11439	57.59742827	9.752199048e-12
11440	61.16403909	-1.873665667e-10
11441	65.69350694	3.437286011e-10
11442	70.96364468	1.866418131e-10
11443	76.69868028	1.232081104e-11
11444	82.59365478	1.918696313e-10
11445	88.34041175	2.119247e-10
11446	93.65246234	4.953193411e-11
11447	98.28625842	3.214246647e-10
11448	102.056918	3.811386762e-10
11449	104.847153	1.875228861e-10
11450	106.6089627	-2.232170004e-11
11451	107.3584796	9.115908028e-11
11452	107.1650913	3.025704132e-10
11453	106.1365339	1.56250124e-10
11454	104.4019941	2.06309636e-10
11455	102.095345	1.021760454e-11
11456	99.34046983	1.057784971e-10
11457	96.24023052	2.312017244e-10
11458	92.87007891	2.489706219e-10
11459	89.27665009	-4.525446684e-11
11460	85.48101895	-1.643130076e-11
11461	81.48571409	3.027178508e-10
11462	77.28414465	-1.806199634e-11
11463	72.87085277	1.431956775e-10
11464	68.25098288	4.101270434e-10
11465	63.44755331	-8.606448887e-12
11466	58.50549421	-1.296296404e-10
11467	53.49192368	-8.041922683e-11
11468	48.49270039	1.992024323e-10
11469	43.60583893	6.323830348e-12
11470	38.93283021	-2.968842949e-10
11471	34.56921275	1.769500102e-10
11472	30.59585131	9.590905847e-11
11473	27.07228277	-1.513704717e-10
11474	24.03319828	2.603304239e-10
11475	21.48868389	3.183515673e-10
11476	19.42829917	-1.8459545e-10
11477	17.82850696	-4.888729421e-10
11478	16.6624539	4.00696365e-10
11479	15.91071251	5.400657699e-11
11480	15.57138527	-1.909263858e-10
11481	15.66797422	2.264926025e-10
11482	16.25364131	2.689404255e-10
11483	17.41090245	-1.060840304e-11
11484	19.24636497	-4.160511935e-10
11485	21.88076421	6.82547352e-11
11486	25.4351995	-3.171507501e-11
11487	30.01503084	-1.515054748e-10
11488	35.69329854	3.231370727e-10
11489	42.49571329	-1.183764198e-11
11490	50.38920061	-9.913136978e-11
11491	59.27566968	2.164153301e-10
11492	68.99214133	4.063949177e-11
11493	79.31767015	2.45476528e-10
11494	89.98671094	-1.092388402e-10
11495	100.7078014	2.183906389e-10
11496	111.1857569	1.803002192e-12
11497	121.1450808	1.868514232e-10
11498	130.352058	1.752944456e-10
11499	138.6330451	9.764278275e-11
11500	145.8868167	-4.842348744e-11
11501	152.0894309	5.860201213e-11
11502	157.2908836	1.906865776e-10
11503	161.6037356	-3.675282301e-11
11504	165.1848267	4.214228966e-11
11505	168.2120141	2.209610273e-10
11506	170.8585045	3.796607473e-11
11507	173.2677015	9.852207938e-11
11508	175.5315189	1.065316724e-10
11509	177.674801	-9.949374657e-12
11510	179.6478713	2.143227817e-10
11511	181.3283632	1.406270655e-10
11512	182.5324569	8.56061888e-11
11513	183.0345836	1.426396778e-10
11514	182.5936573	6.425793231e-11
11515	180.9830979	-2.28167707e-10
11516	178.021385	1.129372151e-10
11517	173.5997174	5.839595474e-11
11518	167.703561	-2.367706031e-10
11519	160.4254357	-1.27810651e-10
11520	151.967173	1.332374211e-10
11521	142.6309637	-3.510436386e-11
11522	132.799711	-4.081890381e-11
11523	122.9083626	1.501891944e-10
11524	113.4088994	9.93694016e-11
11525	104.7323943	5.136868708e-11
11526	97.25193025	-2.852829084e-11
11527	91.25014891	1.597832977e-10
11528	86.89477522	-1.608526645e-10
11529	84.2246798	7.882761111e-11
11530	83.14797462	-1.421938123e-10
11531	83.45240505	-1.413731354e-10
11532	84.82703264	9.188738659e-11
11533	86.89303458	-1.207727252e-10
11534	89.24050339	-3.537170556e-10
11535	91.46751637	9.558931424e-11
11536	93.21752461	-8.064482415e-11
11537	94.21130923	-1.620286127e-10
11538	94.27034705	-5.725553365e-11
11539	93.32935361	3.835154416e-11
11540	91.43692781	-1.097486546e-10
11541	88.74448386	-2.871942684e-10
11542	85.48488739	1.028102048e-10
11543	81.94327877	-1.785238624e-11
11544	78.42335716	-1.51521462e-10
11545	75.21282766	1.309388153e-10
11546	72.55174055	3.98028277e-11
11547	70.60707538	-7.203659891e-11
11548	69.45619044	-2.019842071e-10
11549	69.08075178	-5.948841419e-11
11550	69.37159003	-2.954081424e-11
11551	70.14373537	-2.031512736e-10
11552	71.15978302	2.350581951e-10
11553	72.15886142	2.942925903e-10
11554	72.88790688	-8.776979143e-12
11555	73.13174806	-1.700737329e-10
11556	72.73868901	3.708677809e-11
11557	71.63882326	1.738342803e-10
11558	69.85314869	-9.331202477e-11
11559	67.4925865	2.210231997e-10
11560	64.74712121	2.268762955e-11
11561	61.86634803	2.894040563e-11
11562	59.1336229	4.039524271e-10
11563	56.83666225	2.504094709e-10
11564	55.23776766	8.837375276e-12
11565	54.54682595	3.797850923e-12
11566	54.89986849	2.374633823e-10
11567	56.34531283	2.917683872e-10
11568	58.83913563	2.43590037e-10
11569	62.24923933	5.001759007e-10
11570	66.36828903	3.605791221e-10
11571	70.93341922	8.744827085e-11
11572	75.65053616	6.042633061e-11
11573	80.22054013	3.797246961e-10
11574	84.36469795	2.317062098e-10
11575	87.84661075	-5.431211036e-11
11576	90.48870992	3.619007316e-10
11577	92.18191069	2.973514768e-10
11578	92.88787148	-5.110223356e-11
11579	92.63414994	1.329443222e-10
11580	91.50331591	3.076561228e-10
11581	89.61769195	-5.643485679e-11
11582	87.12177942	7.389644452e-13
11583	84.16455573	3.984776953e-10
11584	80.88369361	1.814814965e-10
11585	77.39338189	-2.646061148e-11
11586	73.77687496	2.598952165e-10
11587	70.08423919	1.948006201e-10
11588	66.33508316	1.428883678e-10
11589	62.52544099	3.2429881e-10
11590	58.63749687	7.681322245e-11
11591	54.65055058	1.070414868e-10
11592	50.55155642	1.114308645e-11
11593	46.34372336	1.192344001e-10
11594	42.05201366	-4.813749399e-11
11595	37.72487021	-1.020339369e-10
11596	33.43206964	2.786730846e-10
11597	29.25916221	1.455191523e-11
11598	25.29944546	-1.763211799e-11
11599	21.64476183	-3.911004853e-10
11600	18.37656728	8.863842993e-11
11601	15.55866722	1.745625866e-11
11602	13.23276748	-2.566320489e-10
11603	11.41757303	3.475868482e-10
11604	10.11164424	-7.442935157e-12
11605	9.299658119	-3.542535154e-10
11606	8.961198049	5.434479533e-10
11607	9.0807811	6.187761414e-11
11608	9.657586689	-1.217816958e-10
11609	10.71331083	-6.009308606e-10
11610	12.29674809	3.495976841e-10
11611	14.48408147	1.612203704e-10
11612	17.37439499	-3.152358374e-10
11613	21.08055031	4.994493707e-10
11614	25.71620814	3.27668559e-10
11615	31.38034527	-2.304521018e-10
11616	38.14104284	-2.749533934e-10
11617	46.02054004	3.447162555e-10
11618	54.98352504	1.376587733e-10
11619	64.93036325	-1.448032805e-10
11620	75.69646681	1.774722591e-10
11621	87.05834054	1.032205432e-10
11622	98.74607342	4.931521858e-11
11623	110.4612717	1.75221615e-10
11624	121.8987421	-3.190336884e-11
11625	132.7697191	8.088463233e-11
11626	142.8241551	7.177725081e-11
11627	151.8695998	-7.502265476e-11
11628	159.7844918	1.957598528e-10
11629	166.5242505	2.363282903e-10
11630	172.1193252	-1.852793474e-10
11631	176.6652537	1.76729742e-11
11632	180.3057031	1.863913468e-10
11633	183.2102968	3.202771381e-12
11634	185.5496872	-4.158984268e-11
11635	187.4707219	1.703348573e-11
11636	189.0746193	2.702904567e-10
11637	190.4008146	-9.430323189e-11
11638	191.4185545	4.326672354e-11
11639	192.0274948	3.054623221e-11
11640	192.0675538	-2.279367806e-10
11641	191.3372166	1.612807665e-10
11642	189.6184937	-2.181366199e-11
11643	186.7059105	3.1313796e-10
11644	182.4363606	-6.351363879e-11
11645	176.7164417	-1.057038901e-10
11646	169.5440626	-9.414691249e-12
11647	161.0216292	2.289723966e-11
11648	151.358963	5.909939205e-11
11649	140.8651615	-1.182556275e-10
11650	129.9297935	-6.110845163e-11
11651	118.9949791	4.290079403e-11
11652	108.5209228	-5.585931717e-11
11653	98.94823248	-5.235101241e-11
11654	90.66076894	1.61293201e-12
11655	83.95279675	-2.073186067e-11
11656	79.00382285	-1.652988857e-10
11657	75.86376338	1.061923882e-10
11658	74.45004142	6.967937338e-11
11659	74.55700041	-4.422950894e-11
11660	75.87675035	-3.162625717e-10
11661	78.02938036	-5.145217585e-11
11662	80.59950182	-5.01128028e-11
11663	83.1754347	-1.124913496e-10
11664	85.38708659	1.012754325e-10
11665	86.93872899	-2.620179629e-10
11666	87.63343078	-1.870059663e-10
11667	87.386805	2.418740763e-10
11668	86.22886496	-3.851852171e-11
11669	84.29404538	-2.145821298e-10
11670	81.8006882	-8.284928299e-11
11671	79.02238667	7.462830354e-11
11672	76.2544089	-2.735411897e-11
11673	73.77889506	-5.929834401e-11
11674	71.83259423	1.849365105e-10
11675	70.58057173	-1.980104969e-11
11676	70.09861773	-8.919975869e-11
11677	70.3661018	4.620552829e-10
11678	71.26985627	2.394227039e-10
11679	72.61846334	8.40216785e-12
11680	74.16519719	-2.395967869e-10
11681	75.63695613	2.50564014e-10
11682	76.76590702	1.368327673e-10
11683	77.32031787	1.031530417e-11
11684	77.13119638	1.87133864e-10
11685	76.11186091	2.320099668e-10
11686	74.26838383	8.562928144e-11
11687	71.69987248	-1.407318706e-10
11688	68.5886731	3.641087432e-10
11689	65.18167425	3.895728184e-11
11690	61.76482883	5.348610443e-12
11691	58.63370783	4.091962325e-10
11692	56.06327246	4.042490787e-10
11693	54.28007023	1.10786047e-10
11694	53.43973085	4.560938294e-10
11695	53.61200277	2.518802944e-10
11696	54.77470902	1.761097934e-10
11697	56.81701112	2.076205874e-11
11698	59.55136625	4.167919343e-10
11699	62.73265531	1.261195592e-10
11700	66.08224726	1.25172761e-10
11701	69.31431992	4.236255791e-10
11702	72.16162247	1.108997338e-10
11703	74.39804303	2.007105593e-10
11704	75.85580774	-1.80389037e-11
11705	76.43582213	3.317239816e-10
11706	76.11048732	8.293810083e-11
11707	74.9191833	1.255422433e-10
11708	72.95741111	3.231441781e-10
11709	70.36123437	1.312212561e-10
11710	67.28909118	-1.516653469e-10
11711	63.90321688	4.291464961e-10
11712	60.35281964	1.649045345e-10
11713	56.76080529	-7.257483503e-11
11714	53.21530788	-3.222293543e-10
11715	49.76662053	3.270947957e-10
11716	46.42942239	5.122124946e-11
11717	43.18954839	-2.35425901e-10
11718	40.01402733	4.420712685e-10
11719	36.86277948	2.019344691e-10
11720	33.70025202	-2.413678146e-10
11721	30.50538588	3.757918421e-10
11722	27.27862649	3.494733392e-10
11723	24.0451673	-5.181277629e-11
11724	20.85418004	-2.928288723e-10
11725	17.77436411	2.137703348e-10
11726	14.88666152	7.753087061e-11
11727	12.27536618	-1.475495282e-10
11728	10.01905863	3.428155537e-10
11729	8.182793748	1.784528081e-11
11730	6.812762657	-6.016342979e-11
11731	5.934269696	-3.727294029e-10
11732	5.553363463	2.143814015e-10
11733	5.661905418	1.924060911e-10
11734	6.245326599	-2.416111755e-10
11735	7.291885645	2.948308264e-10
11736	8.801961332	6.853362322e-11
11737	10.79583164	-3.411670946e-11
11738	13.31852517	4.527507258e-10
11739	16.44066766	2.409379363e-10
11740	20.25474765	-9.963940784e-11
11741	24.86682981	-1.507736158e-10
11742	30.38437663	3.402824689e-10
11743	36.90141615	1.540065853e-10
11744	44.4827395	-1.905711144e-10
11745	53.14906338	3.338840315e-10
11746	62.86510965	2.221156592e-10
11747	73.53232564	2.237499075e-11
11748	84.98751203	1.446807119e-10
11749	97.00798884	2.957349921e-10
11750	109.3231855	6.252776075e-12
11751	121.6317746	-7.922551504e-12
11752	133.6227724	2.723119508e-10
11753	144.9984952	3.215205879e-11
11754	155.4969476	1.092104185e-10
11755	164.9111872	-3.100453227e-11
11756	173.1034629	1.422897355e-10
11757	180.0124412	2.216040684e-10
11758	185.6525762	2.658140374e-10
11759	190.105543	-2.071942617e-10
11760	193.5045693	2.237570129e-10
11761	196.0133362	1.590194643e-11
11762	197.8017941	-1.654107962e-10
11763	199.0216624	1.549267381e-10
11764	199.7844945	1.121271964e-10
11765	200.1449757	-2.121822718e-10
11766	200.0915909	-1.726796484e-10
11767	199.5460115	6.24886809e-11
11768	198.3715744	2.66080491e-10
11769	196.3901936	-1.414015571e-10
11770	193.4060384	-8.463274526e-11
11771	189.2334824	7.493383691e-11
11772	183.7262455	1.043787279e-11
11773	176.8044019	-1.355573431e-10
11774	168.4760498	-1.914273184e-10
11775	158.8509163	1.387654436e-10
11776	148.1439707	-2.550066824e-10
11777	136.6681528	-3.650768576e-11
11778	124.8164816	9.2800434e-11
11779	113.0349696	-9.346479146e-11
11780	101.7887972	-5.844569273e-11
11781	91.52499112	-8.567724308e-11
11782	82.63530168	1.528945859e-10
11783	75.42304077	-6.966871524e-12
11784	70.07730086	-1.541522465e-11
11785	66.65726938	-4.148965616e-10
11786	65.08834429	2.637143837e-10
11787	65.17055675	7.428724302e-12
11788	66.59854143	-3.200781862e-10
11789	68.99110017	8.215650382e-11
11790	71.92740938	1.23151267e-10
11791	74.98623409	-9.284661928e-11
11792	77.78420625	-3.456328557e-10
11793	80.0093363	1.847482167e-10
11794	81.44644267	-5.450573326e-11
11795	81.99204935	-3.032276652e-10
11796	81.65742226	1.15569776e-10
11797	80.55967133	1.14589227e-10
11798	78.9020996	-6.019362786e-11
11799	76.94609999	1.720863452e-10
11800	74.97776367	-1.427125085e-11
11801	73.27288027	1.580851006e-10
11802	72.06412659	-2.172093616e-10
11803	71.51394722	1.866524713e-10
11804	71.69596384	-5.804068337e-11
11805	72.58678494	-2.064481919e-11
11806	74.06893312	2.570921254e-10
11807	75.94438973	-2.321343118e-11
11808	77.95711019	2.251425713e-10
11809	79.82191134	9.489298236e-11
11810	81.25647606	1.944044925e-11
11811	82.0129283	6.241407391e-11
11812	81.90552901	7.795009083e-11
11813	80.83151578	3.872564491e-10
11814	78.78289771	2.079296735e-10
11815	75.84803107	-3.72963882e-11
11816	72.2029268	5.31080957e-10
11817	68.09335182	3.413092031e-10
11818	63.80976158	1.41142209e-10
11819	59.65783645	-2.150066791e-10
11820	55.9278143	3.728040099e-10
11821	52.86587493	4.419788979e-10
11822	50.65054062	-9.863043715e-11
11823	49.37645035	5.978471052e-10
11824	49.04701689	3.176765517e-10
11825	49.57648553	-1.256736937e-10
11826	50.80089373	4.607407789e-10
11827	52.49649486	3.603375376e-10
11828	54.40345877	1.629665292e-10
11829	56.25217428	-1.970583696e-10
11830	57.78930079	3.048121755e-10
11831	58.80085751	3.086846334e-10
11832	59.13007451	-8.341771718e-12
11833	58.68839968	3.623021883e-10
11834	57.45887783	2.43609577e-11
11835	55.4919929	4.16591206e-11
11836	52.89489151	5.733369335e-11
11837	49.81559217	1.711377706e-10
11838	46.42425675	2.418154565e-10
11839	42.89381317	-4.356692784e-11
11840	39.38215616	2.181046455e-10
11841	36.01783497	1.684341555e-11
11842	32.89061109	1.61293201e-12
11843	30.04760644	3.736886356e-10
11844	27.49504808	1.444355746e-10
11845	25.20493689	-3.950617611e-12
11846	23.12540759	-2.803446364e-10
11847	21.19316754	3.626929868e-10
11848	19.34624359	-2.78426171e-11
11849	17.53534012	-4.060893843e-10
11850	15.73239895	5.204334741e-10
11851	13.9354091	1.495266133e-10
11852	12.16907662	-1.503934755e-10
11853	10.48155498	-2.934115173e-10
11854	8.937977442	2.743156813e-10
11855	7.611953233	-9.790923627e-11
11856	6.576436835	-3.854161434e-10
11857	5.895423147	4.998561565e-10
11858	5.617758974	1.927240589e-10
11859	5.774016528	-2.366178364e-10
11860	6.376896191	3.742393062e-10
11861	7.425079103	2.105693397e-10
11862	8.909910391	7.952394299e-11
11863	10.82383518	-1.754898449e-10
11864	13.16919618	1.912390246e-10
11865	15.96587938	2.172590996e-10
11866	19.25638372	-1.324558241e-10
11867	23.10718552	3.342641719e-10
11868	27.60573484	3.070965704e-10
11869	32.85300152	5.925926416e-11
11870	38.95211052	4.027214118e-10
11871	45.99418889	1.983728737e-10
11872	54.04301119	2.737152727e-10
11873	63.12031316	2.370370566e-11
11874	73.19369961	3.070006471e-10
11875	84.16888607	1.318305465e-10
11876	95.88759802	5.523403956e-11
11877	108.1318491	3.086064737e-10
11878	120.634598	2.338822469e-10
11879	133.0960262	-1.730171562e-12
11880	145.2039792	3.109299485e-10
11881	156.6565546	-5.095301958e-11
11882	167.1844811	-9.148237723e-12
11883	176.5708566	3.641140722e-10
11884	184.6660218	-1.452562515e-10
11885	191.3958228	4.394706821e-11
11886	196.7622162	1.305124897e-10
11887	200.8360142	-1.381295078e-11
11888	203.7424654	3.573319418e-11
11889	205.6412096	5.80477888e-11
11890	206.7028386	1.019984097e-10
11891	207.0847475	1.66231473e-11
11892	206.9091179	-1.36104461e-11
11893	206.2457037	2.286313361e-10
11894	205.1016096	-3.997513431e-10
11895	203.4194986	1.431743613e-12
11896	201.0847262	2.016236067e-10
11897	197.9408765	5.104183742e-11
11898	193.8121739	-6.156142263e-11
11899	188.5303993	7.536726798e-11
11900	181.9633273	5.639222422e-11
11901	174.0414179	-2.514894959e-10
11902	164.7795686	1.163478203e-10
11903	154.2911697	-3.526778869e-11
11904	142.792461	-1.358237967e-10
11905	130.5961934	-1.480024991e-10
11906	118.0947331	1.97388772e-11
11907	105.7339057	-2.17291074e-10
11908	93.97991657	-3.476685606e-11
11909	83.28249608	-2.45123033e-10
11910	74.03790812	-1.642384007e-10
11911	66.55556514	2.869313676e-10
11912	61.03169965	-1.333759769e-10
11913	57.53287319	-8.015277331e-11
11914	55.99112851	2.117026554e-10
11915	56.21141042	7.780087685e-11
11916	57.8906208	-1.305480168e-10
11917	60.64646904	-1.106812419e-10
11918	64.05326022	8.947864671e-11
11919	67.68104163	-1.072208988e-11
11920	71.13418138	-1.882476397e-10
11921	74.08552053	2.170565949e-10
11922	76.30271574	1.299937935e-10
11923	77.66422192	-1.268034566e-10
11924	78.16346467	-2.796305409e-10
11925	77.9010015	1.597442179e-10
11926	77.06573428	1.297806307e-10
11927	75.90737736	-1.813091899e-10
11928	74.70328339	3.893489975e-10
11929	73.72328731	2.334985538e-10
11930	73.19638967	-2.844302571e-11
11931	73.28284963	2.295763579e-10
11932	74.05462557	2.777653663e-10
11933	75.48615922	2.056665949e-11
11934	77.45635332	5.374545253e-11
11935	79.76136848	2.413003131e-10
11936	82.13669678	2.309619163e-10
11937	84.28598374	7.575451377e-11
11938	85.9133719	2.947011524e-10
11939	86.75580035	1.660396265e-10
11940	86.61174834	3.303739504e-10
11941	85.36334482	-9.939782331e-11
11942	82.98952812	2.002238375e-10
11943	79.56894137	3.588915831e-10
11944	75.27237797	1.359907742e-10
11945	70.34572002	4.141327281e-10
11946	65.0853203	1.484963263e-10
11947	59.80855379	1.584119502e-10
11948	54.82273072	5.986287022e-10
11949	50.39567176	4.009592658e-10
11950	46.73099454	1.777138436e-10
11951	43.95058386	2.077271688e-11
11952	42.08588607	5.391562752e-10
11953	41.07867953	2.688409495e-10
11954	40.7909392	-1.794759896e-10
11955	41.02245124	5.952038862e-10
11956	41.53404518	1.052313792e-11
11957	42.07378174	6.703970712e-12
11958	42.40321294	6.639560013e-10
11959	42.32093421	2.889848361e-10
11960	41.6810547	5.244160661e-11
11961	40.40486491	-2.493685258e-10
11962	38.48480108	3.531539505e-10
11963	35.98069313	1.651976334e-10
11964	33.00913536	-8.918732419e-11
11965	29.72754193	2.323936599e-10
11966	26.31496213	2.826929801e-10
11967	22.95198563	6.50359766e-11
11968	19.80204315	-4.069669046e-10
11969	16.99611901	9.680078961e-11
11970	14.62238251	1.72473591e-10
11971	12.7215835	-3.588773723e-10
11972	11.28832978	2.87037949e-10
11973	10.2776582	2.367919194e-10
11974	9.615712563	-2.923989939e-10
11975	9.212917997	6.024620802e-10
11976	8.977836936	3.075868449e-10
11977	8.829924227	-7.323208706e-11
11978	8.709653399	-3.519389224e-10
11979	8.584923062	4.02209821e-10
11980	8.453209144	-4.294520295e-11
11981	8.339529559	-1.164153218e-10
11982	8.290853644	4.078195559e-10
11983	8.36804617	2.757261086e-11
11984	8.636727561	-2.372750885e-10
11985	9.158523	-2.325677428e-10
11986	9.984055252	9.963585512e-11
11987	11.1487285	-2.393463205e-11
11988	12.67189731	-2.014388656e-11
11989	14.559479	4.001030618e-10
11990	16.80952334	1.964011176e-10
11991	19.41977509	-1.961488749e-10
11992	22.39591952	4.89215779e-10
11993	25.75903839	3.115658842e-10
11994	29.55084842	1.357030044e-10
11995	33.83554673	-2.073221594e-10
11996	38.69751687	4.294484768e-10
11997	44.23470465	1.025810548e-10
11998	50.54808192	-6.695444199e-11
11999	57.72820217	2.668834043e-10
12000	65.84033358	2.376623343e-10
12001	74.90996765	2.176676617e-10
12002	84.91059588	1.881268474e-10
12003	95.75550332	3.738307441e-10
12004	107.2949531	2.628901541e-10
12005	119.3195695	5.312372764e-11
12006	131.5700294	1.023074958e-10
12007	143.7524282	1.385842552e-10
12008	155.5579807	1.90688354e-10
12009	166.6851436	1.161737373e-12
12010	176.8618734	-4.000710874e-11
12011	185.8656211	3.188596054e-10
12012	193.5388269	2.966800139e-10
12013	199.7981134	-6.845368716e-11
12014	204.6360384	-1.188027454e-10
12015	208.1150829	2.296509649e-10
12016	210.3544373	4.353850613e-11
12017	211.5109903	-1.601456745e-10
12018	211.7566368	3.046096708e-10
12019	211.2545023	-3.108411306e-10
12020	210.136879	-2.491375994e-10
12021	208.4875444	-4.809308507e-11
12022	206.3306957	2.124913578e-10
12023	203.6280246	-2.217106498e-10
12024	200.2845462	-2.152731327e-10
12025	196.1627926	4.74784656e-11
12026	191.1039852	-1.501625491e-10
12027	184.953939	-1.099138558e-10
12028	177.5908162	-5.645617307e-11
12029	168.9515236	-1.496118784e-10
12030	159.0535772	-1.218900536e-10
12031	148.0096492	-1.169269126e-10
12032	136.032725	-2.465299076e-10
12033	123.4307683	8.03836997e-11
12034	110.5909084	-4.964206823e-11
12035	97.95431425	-1.552606932e-10
12036	85.9839682	5.778133527e-11
12037	75.12838881	6.04387651e-11
12038	65.78487489	-7.212719311e-11
12039	58.26599077	-3.568594309e-10
12040	52.77276309	1.059348165e-10
12041	49.37743218	6.610179071e-11
12042	48.01765952	-4.461853109e-11
12043	48.50293493	2.136637534e-10
12044	50.53267459	-9.823253322e-11
12045	53.72429038	1.539035566e-11
12046	57.64847042	2.248441433e-10
12047	61.86815619	6.58388899e-11
12048	65.97731429	3.592148801e-11
12049	69.63562506	-1.661533133e-10
12050	72.59564465	5.584510632e-11
12051	74.7197957	-8.151346265e-11
12052	75.98561932	-3.304023721e-11
12053	76.47896146	3.673790161e-10
12054	76.37603655	3.935696213e-11
12055	75.91647381	-2.546229894e-11
12056	75.37038188	-1.013589213e-11
12057	75.00306661	2.937454724e-10
12058	75.04124186	1.92226679e-10
12059	75.64436434	-1.157900442e-10
12060	76.88412702	3.73770348e-10
12061	78.7342279	2.169926461e-10
12062	81.07139545	4.427391787e-11
12063	83.68742302	4.955538202e-10
12064	86.31077618	1.868940558e-10
12065	88.63531902	1.367759239e-10
12066	90.35296495	1.285584972e-10
12067	91.18667318	3.777209656e-10
12068	90.92022055	1.328963606e-10
12069	89.42157334	2.173052849e-10
12070	86.6574178	3.035047769e-10
12071	82.69739505	2.328377491e-10
12072	77.70771561	1.166711172e-10
12073	71.93497431	1.306617037e-10
12074	65.68202335	2.551061584e-10
12075	59.27857791	3.562909967e-10
12076	53.0497393	2.471622906e-11
12077	47.2857763	3.451177122e-10
12078	42.21629477	3.37625039e-10
12079	37.99138056	-8.207834412e-11
12080	34.67148784	4.720526192e-10
12081	32.22685979	3.097255785e-10
12082	30.54622366	1.733226895e-10
12083	29.4535143	-1.590407805e-10
12084	28.73055632	4.423412747e-10
12085	28.14306323	4.749978189e-12
12086	27.46704668	5.339728659e-12
12087	26.51279295	3.946922789e-10
12088	25.14393832	3.151470196e-10
12089	23.2898098	-2.362270379e-10
12090	20.95001277	5.268070424e-10
12091	18.19114482	2.649613862e-10
12092	15.13639161	-9.12159237e-11
12093	11.94951685	-1.380833226e-10
12094	8.815313336	3.671090099e-10
12095	5.918878359	6.332712132e-11
12096	3.42609153	-2.187690029e-10
12097	1.467413781	5.656701774e-10
12098	0.1266350278	1.754791867e-10
12099	-0.5644596843	-2.598454785e-11
12100	-0.6252752842	-3.723421571e-10
12101	-0.1199435873	3.67975872e-10
12102	0.8536521932	1.395186189e-10
12103	2.177762266	-3.196163334e-10
12104	3.729711704	2.596216575e-10
12105	5.396035472	2.006181887e-10
12106	7.084164519	-9.229594866e-11
12107	8.730435181	4.633911033e-10
12108	10.3037436	3.933742221e-10
12109	11.80477616	-5.923084245e-11
12110	13.26133589	-2.731077586e-10
12111	14.72077795	3.170192997e-10
12112	16.24090279	1.923154969e-10
12113	17.88079418	-2.219735507e-10
12114	19.69301663	4.564419953e-10
12115	21.71831763	2.933866483e-10
12116	23.98355401	9.968914583e-11
12117	26.50303884	-1.307824959e-10
12118	29.28295806	3.406590565e-10
12119	32.32800985	-3.723243935e-11
12120	35.64904386	6.210143511e-11
12121	39.27027431	5.507203582e-10
12122	43.23464163	1.327400412e-10
12123	47.60610555	2.315090342e-10
12124	52.46804414	6.079226011e-10
12125	57.91746046	2.949143152e-10
12126	64.05529394	1.50262025e-10
12127	70.97371867	5.36601874e-11
12128	78.74180882	2.429594304e-10
12129	87.39129105	1.703277519e-10
12130	96.90423633	8.857270473e-11
12131	107.2044415	3.111750857e-10
12132	118.153919	2.818794087e-10
12133	129.5553825	8.442313515e-11
12134	141.1609466	-3.346656285e-11
12135	152.6865286	2.581792558e-10
12136	163.8307332	-8.877520941e-11
12137	174.2964128	2.008242461e-10
12138	183.8126954	8.392575523e-11
12139	192.1551193	2.671640686e-12
12140	199.1616345	1.015045825e-10
12141	204.7426211	-3.348290534e-10
12142	208.8836994	-4.013855914e-11
12143	211.6408937	1.309317099e-10
12144	213.1285788	1.450608522e-10
12145	213.501485	-2.324611614e-10
12146	212.9327562	1.671551786e-11
12147	211.5905741	2.524345177e-10
12148	209.6160868	-3.117470726e-10
12149	207.1053113	-2.080895456e-10
12150	204.0972795	9.810108281e-11
12151	200.5700338	-5.359552802e-10
12152	196.4452015	-2.71700884e-10
12153	191.6008891	-1.879740807e-11
12154	185.8916515	-6.499334404e-11
12155	179.1734155	-3.398064052e-10
12156	171.3305772	-1.523901005e-10
12157	162.3021348	-5.487521548e-11
12158	152.1037007	-2.684394929e-10
12159	140.8425846	-1.080522338e-10
12160	128.723808	-2.573337099e-10
12161	116.0458451	-1.265298977e-10
12162	103.1859792	7.438316629e-11
12163	90.57630451	-1.659756776e-10
12164	78.67245953	-3.536975157e-10
12165	67.91803481	2.303117697e-10
12166	58.70815519	-3.074056565e-10
12167	51.35592538	-2.16410001e-10
12168	46.0652228	2.932765142e-10
12169	42.91273694	-3.888445121e-11
12170	41.84124865	-7.608491615e-11
12171	42.66500894	-4.218350114e-10
12172	45.08683542	2.760671691e-10
12173	48.72532887	-8.178346889e-12
12174	53.14955293	-6.970068966e-11
12175	57.91773439	1.97587724e-10
12176	62.61611423	1.943902816e-10
12177	66.89406097	4.298783551e-12
12178	70.49195005	1.733866384e-10
12179	73.25907643	9.449863114e-11
12180	75.15992034	2.280842182e-10
12181	76.26831542	-1.703561736e-10
12182	76.7503422	1.51924695e-10
12183	76.83795077	2.435989188e-10
12184	76.79627747	1.215205714e-10
12185	76.88825913	3.207460963e-10
12186	77.34039713	1.978897046e-10
12187	78.31335726	1.526672122e-10
12188	79.88053134	1.772448854e-11
12189	82.01679474	4.246416552e-10
12190	84.59857098	1.004707428e-10
12191	87.41508237	2.281446143e-10
12192	90.18945985	4.065547898e-10
12193	92.60733586	1.576552222e-10
12194	94.34976319	9.837464177e-12
12195	95.12687303	4.886757665e-10
12196	94.70864814	4.589715275e-10
12197	92.94954278	-2.486899575e-12
12198	89.8043847	2.018154532e-10
12199	85.33396553	3.257980552e-10
12200	79.69985433	1.213109613e-10
12201	73.14912943	9.510614518e-12
12202	65.99078908	4.629221451e-10
12203	58.56645742	2.518056874e-10
12204	51.21855849	1.205897604e-10
12205	44.25933325	-1.278621653e-10
12206	37.94390617	4.50974369e-10
12207	32.45009704	1.533244642e-10
12208	27.86688078	-9.406164736e-11
12209	24.19241969	2.653059994e-10
12210	21.34153739	1.918891712e-10
12211	19.16149265	2.681908029e-10
12212	17.45405272	3.879705446e-10
12213	16.00125138	4.467111125e-10
12214	14.59190877	1.009539119e-10
12215	13.04601233	-4.414637544e-10
12216	11.23440042	2.897095897e-10
12217	9.09180359	1.497966196e-10
12218	6.622106563	-2.379607622e-10
12219	3.895599498	3.26160432e-10
12220	1.038885468	2.124380671e-10
12221	-1.781099859	8.200018442e-11
12222	-4.376905679	6.552483001e-10
12223	-6.561831044	3.151008343e-10
12224	-8.170194055	-8.359180015e-11
12225	-9.074389126	-2.928040033e-10
12226	-9.196987633	5.588276508e-10
12227	-8.516788809	3.403854976e-11
12228	-7.068476469	-5.543299153e-11
12229	-4.936291215	5.540172765e-10
12230	-2.242797835	9.434231174e-11
12231	0.8656625854	-1.723030607e-10
12232	4.234951426	-2.300417634e-10
12233	7.718604633	4.83421303e-10
12234	11.19104578	-3.13740145e-11
12235	14.55717878	-2.602718041e-10
12236	17.75753911	5.247713375e-10
12237	20.76879802	3.011066951e-10
12238	23.60002475	-1.464428578e-11
12239	26.28563878	3.304201357e-10
12240	28.87636283	3.330882237e-10
12241	31.42967297	1.771738312e-11
12242	34.00121534	-1.985718256e-10
12243	36.63842949	5.260609726e-10
12244	39.37722083	1.650235504e-10
12245	42.24201666	-1.135624927e-10
12246	45.24899217	3.99442257e-10
12247	48.41174065	3.527418357e-10
12248	51.74825671	1.161701846e-10
12249	55.28785909	-1.180247011e-10
12250	59.07663601	2.266276056e-10
12251	63.18015934	2.738751448e-10
12252	67.68256666	1.624940182e-10
12253	72.68160756	3.31372263e-10
12254	78.27982916	1.069118127e-10
12255	84.57265959	2.172839686e-10
12256	91.63465904	3.544187166e-10
12257	99.50557411	1.526530014e-10
12258	108.1780006	3.008437943e-10
12259	117.5883992	4.075673132e-11
12260	127.6129203	1.572928454e-10
12261	138.0690001	8.564526865e-11
12262	148.7230519	2.612488004e-10
12263	159.3038599	3.37649908e-11
12264	169.5205796	3.257127901e-11
12265	179.0836477	-2.468425464e-11
12266	187.7264754	-1.158184659e-10
12267	195.2256118	-1.222240087e-10
12268	201.4171396	1.441051722e-10
12269	206.2074168	6.718181567e-11
12270	209.5768561	-1.027551377e-10
12271	211.5761963	9.941913959e-11
12272	212.3155674	-5.965006267e-11
12273	211.9474928	-1.83206339e-10
12274	210.6457071	-1.065352251e-10
12275	208.5822046	-1.054836218e-10
12276	205.9052083	5.811529036e-11
12277	202.7207097	-2.291393741e-10
12278	199.0798874	-1.98802752e-10
12279	194.9740845	7.063505336e-11
12280	190.3381835	-4.150386701e-10
12281	185.0622508	-1.24007471e-10
12282	179.0103437	-1.446629483e-10
12283	172.0444871	-2.674553912e-10
12284	164.0511457	-3.978080088e-10
12285	154.9671205	-1.287858709e-10
12286	144.8017428	1.039026643e-10
12287	133.6525351	-2.42753373e-10
12288	121.712135	-7.978329108e-11
12289	109.2651782	-1.37916345e-10
12290	96.67490387	-4.911626661e-11
12291	84.36037431	-9.4512842e-11
12292	72.76626656	-3.50119933e-11
12293	62.32806564	-3.194031706e-10
12294	53.43608086	1.153424023e-10
12295	46.40193599	-6.533440455e-11
12296	41.43102384	-1.526601068e-10
12297	38.60387498	2.81143997e-10
12298	37.86852161	7.03330727e-11
12299	39.04483045	-2.285958089e-10
12300	41.84055012	4.505658069e-10
12301	45.87760039	3.825952888e-10
12302	50.72605507	-1.531468286e-10
12303	55.94245448	-6.316724921e-11
12304	61.10861824	3.621494216e-10
12305	65.86706729	4.196820669e-11
12306	69.94951383	-1.313935627e-10
12307	73.19560472	4.108748897e-10
12308	75.56013017	3.779376812e-11
12309	77.10812537	9.589840033e-11
12310	77.99856785	1.524114168e-11
12311	78.45857052	3.544933236e-10
12312	78.75095992	1.867235255e-10
12313	79.13880655	-8.384404282e-12
12314	79.8507654	8.232348137e-11
12315	81.05096173	4.207585391e-10
12316	82.81663406	7.527489743e-11
12317	85.12588247	3.710205476e-10
12318	87.85676091	4.012861154e-10
12319	90.79771978	1.827977769e-10
12320	93.66818305	4.248335017e-11
12321	96.14696538	1.507984848e-10
12322	97.90541487	3.239222224e-10
12323	98.64169159	1.44716239e-10
12324	98.11250994	2.96257241e-10
12325	96.15898726	1.446487374e-10
12326	92.72391375	1.946176553e-10
12327	87.85871174	5.756675137e-10
12328	81.71947748	1.963549323e-10
12329	74.55267215	-1.882227707e-11
12330	66.67212097	4.833111689e-11
12331	58.4298735	4.393250208e-10
12332	50.18407974	9.431033732e-11
12333	42.26728558	1.077111733e-10
12334	34.95842661	5.08585174e-10
12335	28.46132291	6.124878382e-12
12336	22.89170817	-8.114398042e-11
12337	18.27385542	-1.394333538e-10
12338	14.54679983	2.184172843e-10
12339	11.57912561	4.159517175e-11
12340	9.190391934	-3.017213146e-10
12341	7.176617331	5.430607075e-10
12342	5.336889001	1.804956185e-10
12343	3.498144587	-2.168292212e-10
12344	1.535481171	4.389448804e-10
12345	-0.614063523	3.456221975e-10
12346	-2.945514069	-1.105178171e-10
12347	-5.38808964	-3.880202826e-10
12348	-7.814893088	4.529141506e-10
12349	-10.05876366	1.332622901e-11
12350	-11.93226648	-3.216129585e-10
12351	-13.2494107	4.32336833e-10
12352	-13.84659438	2.576037161e-10
12353	-13.60046826	-1.768327706e-10
12354	-12.44085961	-3.160884887e-10
12355	-10.35754107	2.238955688e-10
12356	-7.400384386	7.46958051e-11
12357	-3.67321425	-2.243005781e-10
12358	0.6776193864	4.760245531e-10
12359	5.47838104	6.811262665e-11
12360	10.54489228	-4.135003451e-11
12361	15.6992716	3.961879713e-10
12362	20.78461494	2.402984478e-10
12363	25.67612579	1.28896005e-10
12364	30.28773281	-1.951896422e-10
12365	34.57385296	2.855919945e-10
12366	38.52658782	4.604316928e-11
12367	42.1692006	-8.87219187e-11
12368	45.5471419	4.454356883e-10
12369	48.71812463	3.900240131e-10
12370	51.74276787	-8.142819752e-12
12371	54.67714036	5.84361004e-10
12372	57.56816728	3.043894026e-10
12373	60.45237211	1.40211398e-10
12374	63.35787878	-9.137224311e-11
12375	66.30907261	4.190425784e-10
12376	69.3328853	1.994457932e-10
12377	72.46538832	-8.773071158e-11
12378	75.75729132	5.108660162e-10
12379	79.27706035	3.083329148e-10
12380	83.1106829	5.690381499e-11
12381	87.3575726	-1.109512482e-11
12382	92.1226664	3.352482736e-10
12383	97.50534665	1.476578859e-10
12384	103.5863427	2.98776115e-10
12385	110.4141576	1.220925583e-10
12386	117.9927704	2.685922595e-10
12387	126.2723448	2.816911149e-10
12388	135.1444323	-8.839151633e-12
12389	144.4427002	-1.198117161e-10
12390	153.9496095	1.226112545e-10
12391	163.4087696	1.567848074e-10
12392	172.5419981	-1.013304995e-10
12393	181.0694999	1.407833849e-10
12394	188.731131	9.859846273e-11
12395	195.3064848	-3.161240159e-10
12396	200.6315781	-1.983089248e-10
12397	204.6102139	6.047429224e-11
12398	207.2186467	7.317879636e-11
12399	208.5028962	-2.440074809e-10
12400	208.5688887	-2.771116669e-11
12401	207.5664408	1.564757213e-10
12402	205.6688429	-3.309423846e-10
12403	203.050364	-2.106013142e-10
12404	199.8643044	-1.303313013e-10
12405	196.224231	-3.308713303e-10
12406	192.1907308	-2.05652384e-10
12407	187.7654319	-1.862758836e-10
12408	182.8932356	1.676454531e-10
12409	177.4727611	-1.567208585e-10
12410	171.3740302	-2.080113859e-10
12411	164.4615296	-2.186872905e-10
12412	156.6200832	-1.575628517e-10
12413	147.7805382	-1.597513233e-10
12414	137.942166	-1.774083103e-10
12415	127.1889327	-1.460591648e-10
12416	115.6973761	5.904254863e-11
12417	103.7346851	1.310951347e-12
12418	91.6466199	-1.8318147e-10
12419	79.83603022	-1.175237685e-10
12420	68.73379045	8.019185316e-11
12421	58.76486846	-1.439559583e-10
12422	50.31286219	2.526761023e-10
12423	43.68661043	3.739302201e-10
12424	39.09236823	-9.179856875e-11
12425	36.61454135	-2.851621161e-10
12426	36.20714396	1.427729046e-10
12427	37.69706588	1.146318596e-10
12428	40.79902208	1.281108553e-11
12429	45.14083994	2.673736788e-10
12430	50.29664912	2.033928581e-10
12431	55.82469571	1.836930608e-10
12432	61.30599954	4.797406916e-10
12433	66.37996911	3.711093655e-10
12434	70.77339547	1.907096703e-11
12435	74.31993564	1.158930729e-10
12436	76.96819362	3.088551637e-10
12437	78.77770761	1.092317348e-10
12438	79.90342607	2.087361395e-10
12439	80.57046613	2.598810056e-10
12440	81.04196459	3.551114958e-10
12441	81.58354572	1.200959332e-10
12442	82.42826365	1.282067785e-10
12443	83.7457971	3.190976372e-10
12444	85.61918913	7.414158176e-11
12445	88.03158954	1.386055715e-10
12446	90.86436454	4.977174228e-10
12447	93.9067069	2.476632233e-10
12448	96.87564397	1.792272997e-10
12449	99.44423473	2.893543183e-10
12450	101.2748888	3.28455485e-10
12451	102.0542205	1.278870343e-10
12452	101.5257238	1.007620654e-10
12453	99.51682571	3.67926134e-10
12454	95.95751632	8.097345017e-11
12455	90.88868765	7.275957614e-12
12456	84.45943139	2.546052258e-10
12457	76.91373193	2.133013766e-10
12458	68.56810786	8.199663171e-11
12459	59.78268623	3.913314117e-10
12460	50.92884032	8.012079888e-11
12461	42.35681742	1.693543084e-10
12462	34.36670321	-1.678728268e-10
12463	27.18562925	3.827516082e-10
12464	20.95338568	5.673683745e-12
12465	15.71764036	-1.102407055e-10
12466	11.43889837	5.651799029e-10
12467	8.004282309	6.746248005e-11
12468	5.248289427	5.053024665e-11
12469	2.977984981	-2.502176244e-10
12470	0.999694206	1.884004064e-10
12471	-0.8558067618	-2.089350915e-11
12472	-2.712329381	-1.756710333e-10
12473	-4.633704255	3.114166702e-10
12474	-6.6169824	1.433093644e-10
12475	-8.593868536	-2.494857654e-10
12476	-10.43991332	5.736886521e-10
12477	-11.99014106	3.304982954e-10
12478	-13.05911744	-5.45945511e-11
12479	-13.46303839	-4.946372201e-10
12480	-13.04128652	4.700595468e-10
12481	-11.67506089	2.77768919e-10
12482	-9.301111099	-3.492210965e-10
12483	-5.919239224	6.549925047e-10
12484	-1.592992812	2.070308369e-10
12485	3.556234073	-8.863310086e-11
12486	9.360740298	-3.145643745e-10
12487	15.62215503	4.426397027e-10
12488	22.12924631	-4.174438573e-11
12489	28.67583461	-2.468389937e-10
12490	35.07685628	4.501075068e-10
12491	41.18096109	3.424389661e-10
12492	46.87854326	-9.369571785e-11
12493	52.10472803	5.40449463e-10
12494	56.83748267	1.42954093e-10
12495	61.09161168	1.379376613e-10
12496	64.90985706	1.845137376e-10
12497	68.35260324	3.08851611e-10
12498	71.48775191	2.777653663e-10
12499	74.38218423	1.357527424e-10
12500	77.09589239	3.976374785e-10
12501	79.67938903	1.634319347e-10
12502	82.17445936	2.401989718e-10
12503	84.61778156	2.979270164e-10
12504	87.04648112	1.375894954e-10
12505	89.50436647	2.126299137e-10
12506	92.04746108	2.695408341e-10
12507	94.74752024	3.411351202e-10
12508	97.69249095	1.550901629e-10
12509	100.983306	-3.085887101e-11
12510	104.7269424	3.536051452e-10
12511	109.0262486	1.520881199e-10
12512	113.9675746	1.229594204e-10
12513	119.6076549	1.029398788e-10
12514	125.9614329	4.879652238e-11
12515	132.9925365	-1.622169066e-11
12516	140.6079163	4.6828319e-11
12517	148.6577417	6.806644137e-11
12518	156.9410752	-2.245315045e-12
12519	165.2171694	-1.42904355e-10
12520	173.2215416	-1.653184256e-10
12521	180.685354	1.529443239e-11
12522	187.3561613	1.65449876e-11
12523	193.0178228	4.577671575e-11
12524	197.5073771	-3.696314366e-10
12525	200.7269331	-8.665068663e-11
12526	202.6491366	-6.132339081e-11
12527	203.3154627	-4.242295404e-10
12528	202.8273924	-5.094591415e-11
12529	201.3313601	-7.456435469e-11
12530	198.9991104	-1.620108492e-10
12531	196.0056859	-3.418740846e-10
12532	192.507608	-8.594014389e-11
12533	188.6238638	-1.322320031e-10
12534	184.422054	-3.731024378e-10
12535	179.9115164	-3.291660278e-10
12536	175.0444697	-1.038635844e-10
12537	169.725303	-2.493685258e-10
12538	163.8271728	-2.047499947e-10
12539	157.2141759	-1.922835224e-10
12540	149.7666398	-2.534150667e-11
12541	141.4066107	-3.48581608e-10
12542	132.1204758	-1.411208927e-10
12543	121.9758622	3.204547738e-12
12544	111.1304938	-5.445599527e-11
12545	99.83150568	-7.054268281e-11
12546	88.40473208	-1.79532833e-10
12547	77.23458442	2.616822314e-10
12548	66.73620356	1.557189933e-10
12549	57.32248004	6.707523426e-12
12550	49.36918616	-2.167901414e-10
12551	43.18177425	4.438724943e-10
12552	38.96732528	2.1547919e-10
12553	36.81468082	-1.103046543e-10
12554	36.68500187	4.785469798e-10
12555	38.41395028	3.090292466e-10
12556	41.72549344	-1.961808493e-11
12557	46.25611758	-1.075406431e-10
12558	51.58713265	4.84760676e-10
12559	57.28188236	2.467892557e-10
12560	62.92413406	-1.790567694e-10
12561	68.15377633	3.028759465e-10
12562	72.69621602	2.461533199e-10
12563	76.38251651	7.915446076e-11
12564	79.15828645	4.33217906e-10
12565	81.08051065	2.332569693e-10
12566	82.30278585	2.380602382e-10
12567	83.05064596	2.542748234e-10
12568	83.58970358	3.065707688e-10
12569	84.19008316	1.734932198e-10
12570	85.09099734	2.51525023e-10
12571	86.46927997	3.806412963e-10
12572	88.41524354	2.343867322e-10
12573	90.91842406	1.867483945e-10
12574	93.86470141	4.995115432e-12
12575	97.04505502	1.727116228e-10
12576	100.1749673	1.569269159e-10
12577	102.9223555	1.772804126e-11
12578	104.9410172	1.63154823e-10
12579	105.9060114	2.018474277e-10
12580	105.5472246	4.214584237e-11
12581	103.6776001	3.724878184e-10
12582	100.2131158	2.203002225e-10
12583	95.1825083	1.004707428e-11
12584	88.72585062	-1.70761183e-10
12585	81.08228882	2.042206404e-10
12586	72.56837969	8.082423619e-11
12587	63.5494411	-2.0550317e-10
12588	54.4070158	3.208135979e-10
12589	45.50589261	1.477964418e-10
12590	37.16409408	-1.666471405e-10
12591	29.62883741	3.524007752e-10
12592	23.0607575	1.698978735e-10
12593	17.52773248	-1.357634005e-10
12594	13.0085812	-3.420517203e-10
12595	9.405830478	2.678532951e-10
12596	6.565794055	2.403837129e-10
12597	4.303468801	-2.808633326e-10
12598	2.429311786	3.552607097e-10
12599	0.7748564102	9.620748642e-11
12600	-0.7856406669	-1.17690746e-10
12601	-2.319792649	-5.207247966e-10
12602	-3.829413638	2.698996582e-10
12603	-5.251170129	1.624158585e-10
12604	-6.465184541	-2.978843838e-10
12605	-7.310343758	3.448477059e-10
12606	-7.604356165	2.241762331e-12
12607	-7.166135281	-1.025597385e-10
12608	-5.837911752	6.50782539e-10
12609	-3.504598775	2.151026024e-10
12610	-0.1083350075	-2.39737119e-11
12611	4.343251421	-1.258868565e-10
12612	9.775752902	4.776659068e-10
12613	16.05355121	1.283382289e-10
12614	22.99136653	-2.307487534e-10
12615	30.37027805	5.257270175e-10
12616	37.95627984	3.179820851e-10
12617	45.51925247	-7.219469467e-11
12618	52.85030412	-1.881517164e-11
12619	59.77574536	1.826805374e-10
12620	66.16646218	8.573053378e-11
12621	71.94207429	-9.615419572e-11
12622	77.06992785	3.676383642e-10
12623	81.55959179	2.352251727e-10
12624	85.45402733	-4.514078e-11
12625	88.81892448	2.613234074e-10
12626	91.73181137	4.267732834e-10
12627	94.2724365	3.322213615e-10
12628	96.51562119	6.879119496e-11
12629	98.52732623	2.368878427e-10
12630	100.3641374	2.848814518e-10
12631	102.0758252	1.463469346e-10
12632	103.7101478	2.663824716e-10
12633	105.3187131	3.678373162e-10
12634	106.9625379	-1.891109491e-11
12635	108.71597	3.507167889e-10
12636	110.6678675	6.450306955e-11
12637	112.9193256	2.218598638e-10
12638	115.5777588	1.62422964e-10
12639	118.7477118	2.092548357e-12
12640	122.5193096	-4.177991286e-11
12641	126.9556936	2.398010679e-10
12642	132.0810641	5.967137895e-11
12643	137.8710106	5.062616992e-11
12644	144.2466566	-6.622258297e-11
12645	151.0737729	1.581099696e-10
12646	158.1674712	-5.58664226e-11
12647	165.3024394	-7.577227734e-11
12648	172.2279962	8.454392741e-11
12649	178.6866158	-2.395097454e-10
12650	184.4340802	-2.572484448e-10
12651	189.259128	-1.34864564e-10
12652	193.0004214	-2.585451853e-10
12653	195.5588736	-2.980229397e-10
12654	196.9038356	-1.538644767e-10
12655	197.0723031	-6.759748317e-11
12656	196.1610849	-2.770796925e-10
12657	194.3126955	-8.917666605e-11
12658	191.6964875	-4.109423912e-11
12659	188.4871463	-4.982219082e-10
12660	184.8430399	-2.648690156e-10
12661	180.8870066	-1.11164411e-11
12662	176.6919517	-9.407585821e-11
12663	172.2731279	-2.258637721e-10
12664	167.5882371	-1.273612327e-10
12665	162.5456009	-2.208118133e-10
12666	157.0196958	-2.880042871e-10
12667	150.8724508	-6.572520306e-11
12668	143.9779603	-1.732693988e-10
12669	136.2477734	-1.321538434e-10
12670	127.6537354	-1.427906682e-10
12671	118.2455169	-2.003730515e-11
12672	108.1604602	-1.040483255e-10
12673	97.6241493	1.203801503e-10
12674	86.94109864	-8.119727113e-11
12675	76.4760376	-7.127809454e-11
12676	66.62733581	4.330971137e-10
12677	57.7950378	4.76063633e-11
12678	50.34665413	1.453344112e-10
12679	44.58420562	4.737295001e-10
12680	40.71599173	2.374811459e-10
12681	38.83614938	3.801403636e-12
12682	38.91432006	1.658762017e-11
12683	40.79672847	3.157580863e-10
12684	44.21880027	1.166320374e-10
12685	48.82823659	1.713473807e-11
12686	54.21635047	5.132072545e-10
12687	59.95457651	2.337863236e-10
12688	65.63249175	2.489528583e-10
12689	70.89349647	-1.815720907e-10
12690	75.46452455	2.797655441e-10
12691	79.17676264	2.09958273e-10
12692	81.975293	5.639577694e-11
12693	83.91673741	4.575824164e-10
12694	85.15524459	2.203748295e-10
12695	85.91839482	1.133066974e-10
12696	86.4756603	2.612914329e-10
12697	87.10284241	4.145839227e-10
12698	88.04632392	1.444604436e-10
12699	89.49097895	-7.380052125e-11
12700	91.53517746	1.843289965e-10
12701	94.17554801	2.604636506e-10
12702	97.30310754	1.610480638e-10
12703	100.7111442	2.508251384e-10
12704	104.1139822	2.266631327e-12
12705	107.1746033	1.332800537e-10
12706	109.5381658	6.124878382e-12
12707	110.8678607	5.434230843e-11
12708	110.8793214	9.166356563e-11
12709	109.3699932	-4.636646622e-11
12710	106.2404394	6.863487556e-11
12711	101.5054485	-1.28846267e-10
12712	95.29391075	-1.053379606e-11
12713	87.83763337	8.065370594e-11
12714	79.45042508	-1.951505624e-11
12715	70.49978285	-1.177440367e-10
12716	61.37424651	-1.171684971e-10
12717	52.44987691	2.320277304e-10
12718	44.05932402	-5.088907074e-11
12719	36.46658805	-3.346798394e-10
12720	29.8498872	4.395452891e-10
12721	24.29411059	2.360067697e-11
12722	19.79326355	-1.277840056e-10
12723	16.26222336	5.003926162e-10
12724	13.55613834	1.454196763e-10
12725	11.49502701	-3.810640692e-11
12726	9.890647837	-4.410409815e-10
12727	8.572560106	4.075744187e-10
12728	7.410491148	-7.734257679e-12
12729	6.330633221	-2.831868073e-10
12730	5.324250179	3.934594872e-10
12731	4.44788816	2.108961894e-10
12732	3.815448967	-5.709921425e-11
12733	3.583290185	-3.938822601e-10
12734	3.930262005	3.151860994e-10
12735	5.035098041	1.318305465e-10
12736	7.053796019	-2.694235945e-10
12737	10.09953832	3.712905539e-10
12738	14.22733157	2.8202507e-10
12739	19.42494053	-1.57385216e-11
12740	25.61093083	4.393925224e-10
12741	32.63981134	2.413607092e-10
12742	40.31347588	1.409823369e-10
12743	48.39747724	-7.237233035e-11
12744	56.64019556	3.989235609e-10
12745	64.79273656	1.436539776e-10
12746	72.62742936	3.532107939e-11
12747	79.95307382	4.092406414e-10
12748	86.6255712	2.726210369e-10
12749	92.55319145	7.683098602e-11
12750	97.6964065	1.327222776e-10
12751	102.062865	2.882742933e-10
12752	105.6986236	1.151363449e-10
12753	108.6771165	2.454392245e-10
12754	111.0875072	2.848814518e-10
12755	113.0239978	-5.437073014e-11
12756	114.5774071	1.046416287e-10
12757	115.8298939	2.997992965e-10
12758	116.8531721	1.763424962e-10
12759	117.7100005	1.120845639e-10
12760	118.4582279	3.963052109e-11
12761	119.1562774	2.284394895e-10
12762	119.8687385	2.127400478e-10
12763	120.670714	9.044143212e-11
12764	121.6497542	3.833378059e-12
12765	122.9045709	1.657660675e-10
12766	124.5402166	3.909050861e-11
12767	126.6599686	-7.297273896e-12
12768	129.3547003	1.464570687e-10
12769	132.6909795	-1.981348419e-11
12770	136.6994354	-1.54493307e-10
12771	141.3650423	-1.803854843e-10
12772	146.6208546	-1.252260518e-10
12773	152.3463979	-1.213287248e-10
12774	158.3714164	-1.137543393e-10
12775	164.4850514	-1.364206526e-10
12776	170.449853	2.660982545e-12
12777	176.0193993	3.244338131e-11
12778	180.9577832	-4.021423194e-10
12779	185.0589116	-2.819326994e-10
12780	188.1634744	-1.487521217e-11
12781	190.1716162	-4.097309159e-10
12782	191.0497629	-3.179998487e-10
12783	190.8306766	-8.660094863e-11
12784	189.6065708	-4.859828096e-10
12785	187.5159224	-4.536993004e-10
12786	184.7253792	-3.160778306e-10
12787	181.4087798	-8.403944207e-11
12788	177.7257042	-3.719513586e-10
12789	173.8021062	-1.379696357e-10
12790	169.7154071	-7.574740835e-11
12791	165.4859762	-1.762501256e-10
12792	161.0762287	-1.58973279e-10
12793	156.3977045	-1.309210518e-10
12794	151.3255546	-1.52905244e-10
12795	145.7189645	-8.277112329e-11
12796	139.4452802	-8.878942026e-11
12797	132.4050822	-1.156266194e-10
12798	124.5552266	3.334577059e-11
12799	115.9269882	1.689670626e-11
12800	106.6368865	-1.167137498e-10
12801	96.88851373	-2.511768571e-11
12802	86.96463917	1.883897482e-10
12803	77.20992907	9.406520007e-11
12804	68.00568604	-1.059703436e-10
12805	59.7389479	3.417071071e-10
12806	52.76899148	2.180158276e-10
12807	47.39467421	3.113953539e-11
12808	43.82606551	4.623075256e-10
12809	42.16346144	2.529283449e-10
12810	42.38617071	1.462012733e-10
12811	44.35247948	2.669153787e-11
12812	47.81104894	3.050821817e-10
12813	52.42279731	2.492726026e-10
12814	57.79119688	-1.919175929e-11
12815	63.49800131	3.953886107e-10
12816	69.14081049	1.152749007e-10
12817	74.36865048	2.348343742e-10
12818	78.91192286	3.578719543e-10
12819	82.60364617	1.291766694e-10
12820	85.3898146	1.382858272e-10
12821	87.32783908	1.729745236e-10
12822	88.57329299	2.303401914e-10
12823	89.35642271	1.864961519e-10
12824	89.95096886	1.111253312e-10
12825	90.63865924	2.976641156e-10
12826	91.67319091	1.496474056e-10
12827	93.2475667	1.326192489e-10
12828	95.46828564	4.160121136e-10
12829	98.33914682	9.067591122e-11
12830	101.7563931	6.268408015e-11
12831	105.5157065	-1.705835473e-10
12832	109.3303017	2.445510461e-10
12833	112.8581898	1.293258833e-10
12834	115.7357158	-1.186428733e-10
12835	117.6138303	-5.830003147e-12
12836	118.1932883	1.467839184e-10
12837	117.2551138	1.229238933e-11
12838	114.6832045	-8.342126989e-11
12839	110.4768099	-7.965184068e-12
12840	104.7517147	1.580602316e-11
12841	97.73015896	-2.102176211e-10
12842	89.72071217	8.569145393e-12
12843	81.09035022	7.980105465e-11
12844	72.23176154	-1.317879139e-10
12845	63.52934348	7.412381819e-11
12846	55.32740758	-7.784350942e-11
12847	47.90378914	-2.554756406e-11
12848	41.4513961	-2.893258966e-10
12849	36.06931418	1.256630355e-10
12850	31.76401327	-4.593658787e-11
12851	28.4600971	-1.460591648e-10
12852	26.01902378	4.60019578e-10
12853	24.26341056	9.901057751e-11
12854	23.0040051	-1.056932319e-10
12855	22.06621084	-2.394315857e-10
12856	21.31320846	2.67618816e-10
12857	20.66319214	-1.943689654e-11
12858	20.09897849	-1.214424117e-10
12859	19.66915587	3.203837196e-10
12860	19.48091852	3.325340003e-11
12861	19.6856599	-2.328590654e-10
12862	20.45918126	5.545039983e-10
12863	21.97892068	2.203215388e-10
12864	24.40086878	3.274180926e-11
12865	27.83879066	-1.961133478e-10
12866	32.34803275	4.327738168e-10
12867	37.91560726	1.846345299e-11
12868	44.45748974	5.281464155e-11
12869	51.82322998	3.233964208e-10
12870	59.80716056	3.351914302e-10
12871	68.16478481	3.625189038e-11
12872	76.63241323	3.504965207e-10
12873	84.94784721	3.668532145e-10
12874	92.86990326	2.045190683e-10
12875	100.1948201	6.635048067e-11
12876	106.7680557	1.498712265e-10
12877	112.4905956	2.265672094e-10
12878	117.3195827	9.69038183e-11
12879	121.2637475	2.390407872e-10
12880	124.3746944	1.890363421e-10
12881	126.7355129	2.959197332e-10
12882	128.4483835	9.249490063e-11
12883	129.6228314	2.871978211e-10
12884	130.3660454	6.476241765e-11
12885	130.7762699	1.351558865e-10
12886	130.939755	9.131539969e-11
12887	130.9311832	1.280007211e-10
12888	130.8169596	1.265334504e-10
12889	130.6603269	-8.73967565e-12
12890	130.527007	2.045439373e-10
12891	130.490001	-1.029150098e-10
12892	130.6323232	1.293507523e-10
12893	131.0467645	1.4776802e-10
12894	131.8322485	-1.33002942e-10
12895	133.0868852	-8.284928299e-12
12896	134.8983727	6.138378694e-11
12897	137.3328705	-1.389572901e-10
12898	140.4238071	9.79945014e-11
12899	144.1622222	-1.857536347e-10
12900	148.4901822	-9.518075217e-11
12901	153.2985181	-1.484679046e-10
12902	158.4296688	-1.62422964e-10
12903	163.685815	-1.080096013e-10
12904	168.8418324	-3.171294338e-10
12905	173.6619597	1.738342803e-11
12906	177.9185558	-5.517755142e-10
12907	181.4109662	-1.93331573e-10
12908	183.9824038	-2.855635728e-10
12909	185.532875	-1.845066322e-10
12910	186.0265628	-2.634941154e-10
12911	185.4926612	-8.715517197e-11
12912	184.0193858	-1.523616788e-10
12913	181.7416779	-3.757811839e-10
12914	178.8238782	-2.67011302e-10
12915	175.4392821	2.831512802e-11
12916	171.7489195	-4.175078061e-10
12917	167.8820656	-1.350031198e-10
12918	163.9208706	-2.874500638e-11
12919	159.8910773	-1.182272058e-10
12920	155.7601425	-4.393285735e-11
12921	151.4432395	-2.718287817e-10
12922	146.8166993	3.059952292e-11
12923	141.7375464	-4.970601708e-11
12924	136.0670151	-4.381917051e-11
12925	129.6953748	-5.768185929e-11
12926	122.5651358	1.013980011e-10
12927	114.6897714	1.604760769e-10
12928	106.1654973	5.407230219e-12
12929	97.17434051	-4.80220308e-11
12930	87.97765792	3.835651796e-10
12931	78.90030472	1.075193268e-10
12932	70.30671526	3.787192782e-11
12933	62.57110481	5.457714281e-10
12934	56.04473169	3.302531582e-10
12935	51.02358303	-7.617373399e-11
12936	47.71991137	-9.311662552e-11
12937	46.24073692	5.097078315e-10
12938	46.57576903	1.946318662e-10
12939	48.59625538	3.118927339e-11
12940	52.0651384	4.60850913e-10
12941	56.65770506	4.03289846e-10
12942	61.99079005	2.740669913e-10
12943	67.65765561	-6.66204869e-11
12944	73.26503181	1.953601725e-10
12945	78.46852987	2.678710587e-10
12946	83.00277439	-9.753975405e-11
12947	86.70312673	3.572750984e-10
12948	89.51673882	2.083027084e-10
12949	91.50179259	8.006040275e-11
12950	92.81502687	2.142712674e-10
12951	93.68889601	4.053646308e-11
12952	94.40080865	1.332196575e-10
12953	95.23774137	-8.036238341e-12
12954	96.46001705	1.248814385e-10
12955	98.26812844	5.388400837e-11
12956	100.7761625	3.52962104e-11
12957	103.9946758	2.41847431e-10
12958	107.8248616	1.273647854e-11
12959	112.0646452	-1.051887466e-10
12960	116.4260736	5.307754236e-11
12961	120.562171	-1.365911828e-10
12962	124.1004331	-1.873701194e-11
12963	126.6794481	3.861799769e-11
12964	127.9848183	-6.192024671e-11
12965	127.7806642	-1.897362267e-10
12966	125.9334829	-2.850306657e-10
12967	122.4259732	-6.0204286e-11
12968	117.3595192	-1.429114604e-10
12969	110.945229	2.397015919e-11
12970	103.4846287	-1.649951287e-10
12971	95.34217437	6.581757361e-11
12972	86.91256115	-2.656364018e-11
12973	78.58629302	-1.309672371e-10
12974	70.71707746	1.374900194e-11
12975	63.59432856	7.355893672e-11
12976	57.42343249	-2.783693276e-10
12977	52.31552869	3.475335575e-10
12978	48.28749107	2.587974279e-10
12979	45.27167699	-1.185505027e-10
12980	43.13397086	-2.792290843e-10
12981	41.69779647	1.856541587e-10
12982	40.77119749	1.665867444e-11
12983	40.1738452	-1.27766242e-10
12984	39.76094524	3.809894622e-10
12985	39.44145955	1.054054621e-10
12986	39.1887781	8.465406154e-11
12987	39.04287943	-1.182307585e-10
12988	39.10400524	3.248743496e-10
12989	39.51882766	-3.321432018e-11
12990	40.46090404	-6.926015317e-11
12991	42.10780461	3.599254228e-10
12992	44.6176029	2.405471378e-10
12993	48.10741193	1.099031977e-10
12994	52.63634079	3.841975627e-10
12995	58.19468006	2.943245647e-10
12996	64.70037382	1.431743613e-12
12997	72.00299159	-4.641975693e-11
12998	79.89457495	3.188418418e-10
12999	88.1259969	1.628102098e-10
13000	96.42691872	1.15644383e-10
13001	104.5271148	3.514379898e-10
13002	112.1768905	2.293916168e-10
13003	119.1645341	1.609414824e-10
13004	125.3291875	1.313438247e-10
13005	130.5681288	2.354099138e-10
13006	134.8381562	2.227906748e-10
13007	138.1514541	1.979323372e-10
13008	140.5669353	2.431761459e-10
13009	142.1785062	6.984279821e-11
13010	143.1019519	2.178559555e-10
13011	143.4621599	-6.050271395e-12
13012	143.3822061	1.150013418e-10
13013	142.9754384	1.766267133e-10
13014	142.3411817	-4.671463216e-11
13015	141.5641159	1.535127581e-11
13016	140.7168257	1.72224901e-10
13017	139.8645638	-4.847677815e-11
13018	139.0709645	6.928857488e-11
13019	138.4033321	8.698464171e-11
13020	137.9362224	9.938005974e-11
13021	137.7523216	-1.242028702e-11
13022	137.9400617	9.293898984e-12
13023	138.5879411	-6.81765755e-12
13024	139.7760654	-8.785150385e-11
13025	141.565914	-2.025721813e-10
13026	143.9897014	-2.267626087e-10
13027	147.0408875	-7.439737715e-11
13028	150.6673664	-1.530722216e-10
13029	154.7686227	-2.595470505e-10
13030	159.1977162	-1.510116476e-10
13031	163.7683878	-2.507150043e-11
13032	168.2669398	-9.220713082e-11
13033	172.4679141	-1.542943551e-10
13034	176.1520535	-5.084643817e-11
13035	179.1246564	-2.595683668e-10
13036	181.2322782	-1.203233069e-10
13037	182.375821	-7.562306337e-11
13038	182.5183883	-4.62687666e-10
13039	181.6868258	-3.424673878e-10
13040	179.966574	-2.176783198e-10
13041	177.4902293	-1.495230606e-10
13042	174.4209709	-2.721805004e-10
13043	170.9326571	-1.75351289e-10
13044	167.1888518	-1.718554188e-10
13045	163.3232455	-2.350297734e-10
13046	159.4238505	-1.1713297e-11
13047	155.5229848	-2.82582846e-11
13048	151.594437	-3.761613243e-11
13049	147.5583998	-9.871570228e-11
13050	143.2938572	-2.536637567e-12
13051	138.6572108	-1.49071866e-11
13052	133.5051494	9.191936101e-11
13053	127.7191804	1.821369722e-10
13054	121.2289496	3.925748615e-12
13055	114.0314932	1.390034754e-10
13056	106.2039267	5.376676881e-11
13057	97.90772494	1.708926334e-10
13058	89.38363701	-3.478817234e-11
13059	80.93730362	3.550191252e-10
13060	72.91669556	2.41524134e-10
13061	65.68344853	1.563407181e-10
13062	59.58092358	4.639666429e-10
13063	54.90228185	4.492228811e-10
13064	51.86196992	5.013234272e-11
13065	50.57374656	7.027800564e-10
13066	51.03776452	3.377067515e-10
13067	53.13831413	2.752287287e-10
13068	56.65273152	1.348325895e-10
13069	61.2707932	2.880788941e-10
13070	66.62278857	1.453130949e-10
13071	72.3135066	-7.87991894e-12
13072	77.95870231	4.191029745e-10
13073	83.22029741	2.287308121e-10
13074	87.83665882	1.321431853e-10
13075	91.64478226	-5.914557732e-11
13076	94.59203846	2.119726616e-10
13077	96.73622919	1.074269562e-10
13078	98.2339343	1.601705435e-10
13079	99.31837529	5.655920177e-11
13080	100.2691421	9.86162263e-11
13081	101.3770048	9.277556501e-11
13082	102.9075657	1.602558086e-10
13083	105.0676398	1.139000005e-11
13084	107.9779681	-1.070041833e-10
13085	111.6552009	2.053468506e-11
13086	116.0051	-1.072031353e-10
13087	120.8277222	-5.291056482e-11
13088	125.8340692	-6.770761729e-11
13089	130.6724803	-2.324220816e-10
13090	134.9620139	-8.62279137e-11
13091	138.3293389	-3.280575811e-11
13092	140.4453035	-2.601510118e-10
13093	141.057405	-9.382361554e-11
13094	140.0148447	-1.407975958e-10
13095	137.2836575	-5.532641012e-11
13096	132.9504727	-6.718892109e-11
13097	127.2146708	-4.725819736e-11
13098	120.3699122	-1.712869846e-10
13099	112.7771151	-1.711093489e-10
13100	104.8318093	1.275921591e-10
13101	96.92932411	-1.778168723e-10
13102	89.43141778	-6.83861856e-11
13103	82.63771358	3.217337508e-11
13104	76.76471302	-1.297166818e-10
13105	71.93427426	-1.809468131e-10
13106	68.17237941	3.101838786e-10
13107	65.41788661	-1.018918283e-11
13108	63.53989624	-4.561684364e-11
13109	62.36147096	3.751026156e-10
13110	61.68683075	1.241460268e-10
13111	61.32885789	-1.128697136e-11
13112	61.13381706	-6.176392731e-11
13113	61.00060571	2.549924716e-10
13114	60.89254572	5.32445199e-11
13115	60.84062466	-5.221068022e-11
13116	60.93808783	2.969997581e-10
13117	61.32725822	3.140563365e-10
13118	62.18031081	3.547384608e-11
13119	63.67635925	-8.521183759e-11
13120	65.97756132	2.249009867e-10
13121	69.20698402	2.143956124e-10
13122	73.43069447	1.291979856e-10
13123	78.64599974	3.25279359e-10
13124	84.77701601	1.457571841e-10
13125	91.67789732	1.704094643e-10
13126	99.14319455	2.770583762e-10
13127	106.9240471	2.971951574e-10
13128	114.7483151	2.989501979e-10
13129	122.3424046	1.674997918e-10
13130	129.4524486	-3.39710482e-11
13131	135.8626929	7.938538715e-11
13132	141.4093521	2.738360649e-10
13133	145.9888045	6.389555551e-11
13134	149.5596926	-1.783817538e-11
13135	152.1392142	-2.743405503e-11
13136	153.7945276	6.874500968e-11
13137	154.630695	2.223075057e-10
13138	154.7768787	7.596767659e-11
13139	154.3725731	4.058620107e-11
13140	153.5554941	-6.814104836e-12
13141	152.4523876	-1.01820774e-11
13142	151.1735176	9.559997238e-11
13143	149.8110191	6.402345321e-11
13144	148.4407282	-3.515054914e-11
13145	147.1266146	-2.354774153e-10
13146	145.9265934	-7.077005648e-11
13147	144.8983367	2.942002197e-11
13148	144.1037503	-1.330917598e-10
13149	143.61103	-7.624478826e-11
13150	143.4936151	-1.987352505e-10
13151	143.8258687	-9.125500355e-11
13152	144.6758628	-9.317346894e-11
13153	146.0961483	-1.338875677e-10
13154	148.113782	-3.257625281e-10
13155	150.7211101	-8.647305094e-11
13156	153.86882	-1.770104063e-10
13157	157.4625856	-2.582822844e-10
13158	161.3642383	-4.026645684e-11
13159	165.3978611	-1.582343145e-10
13160	169.3605833	-4.642117801e-10
13161	173.0372284	-2.33384867e-10
13162	176.2174165	-1.714219877e-10
13163	178.7133266	-1.795363858e-10
13164	180.3761281	-2.646487474e-10
13165	181.1091419	-2.839684043e-10
13166	180.876079	-3.394262649e-11
13167	179.7032143	-2.760636164e-10
13168	177.6750227	-3.706546181e-11
13169	174.9235597	-2.224211926e-10
13170	171.6126241	-2.214015637e-10
13171	167.9183966	-2.547615452e-10
13172	164.0087291	-4.013500643e-11
13173	160.0234992	9.076117635e-11
13174	156.0583993	-1.848263764e-10
13175	152.1542105	7.111111699e-11
13176	148.2930258	-1.296740493e-10
13177	144.402116	-5.658051805e-11
13178	140.3652477	1.318163356e-10
13179	136.0403712	3.606004384e-11
13180	131.2817961	9.43849443e-11
13181	125.9643749	2.849169789e-10
13182	120.0068741	1.707398667e-10
13183	113.3916955	1.179429887e-10
13184	106.1784195	1.693614138e-10
13185	98.50925173	2.068958338e-10
13186	90.60530705	2.778541841e-10
13187	82.75366492	4.325180214e-10
13188	75.28617317	3.993960718e-10
13189	68.55193982	1.015401097e-10
13190	62.88622849	1.334683475e-10
13191	58.57896677	3.27649019e-10
13192	55.84622701	2.444444647e-10
13193	54.80782074	2.901501261e-11
13194	55.47357561	4.633733397e-10
13195	57.73999565	2.815703226e-10
13196	61.39792929	2.365823093e-10
13197	66.15070252	4.103419826e-10
13198	71.64104211	2.623146145e-10
13199	77.48414229	1.927986659e-10
13200	83.30352735	-3.810640692e-11
13201	88.76601248	3.185007813e-10
13202	93.61211016	1.671018879e-10
13203	97.67866972	1.288853468e-10
13204	100.9113294	1.949977957e-10
13205	103.3654225	1.057856025e-10
13206	105.195197	-1.210516132e-10
13207	106.6324538	-4.827782618e-11
13208	107.9568426	1.727364918e-10
13209	109.4609595	-1.281925677e-10
13210	111.4139578	-2.172626523e-10
13211	114.0275616	1.503650537e-10
13212	117.4281292	-8.411049635e-11
13213	121.6377811	-3.034728024e-11
13214	126.5666514	-9.152145708e-11
13215	132.0171443	-1.871924837e-11
13216	137.6998052	3.615951982e-11
13217	143.2591867	-8.813572094e-11
13218	148.3070384	-2.682298827e-11
13219	152.4593798	-1.762892055e-10
13220	155.3736223	-3.686153605e-10
13221	156.7819186	-2.055955406e-10
13222	156.5173374	-8.347100788e-11
13223	154.5302378	-1.207816069e-10
13224	150.8932684	-3.23666427e-10
13225	145.7946214	-3.37749384e-10
13226	139.5203977	1.500666258e-11
13227	132.4280669	4.005329401e-11
13228	124.9138933	-6.686562415e-11
13229	117.377779	-1.44641632e-10
13230	110.1891626	-6.054534651e-11
13231	103.6574227	1.518856152e-10
13232	98.00966424	1.189803811e-10
13233	93.3779117	1.396216476e-11
13234	89.79667096	-1.854623122e-10
13235	87.21068588	8.442668786e-11
13236	85.49162449	-6.283329412e-11
13237	84.46150468	-1.184297105e-10
13238	83.92000666	1.907061176e-10
13239	83.67248768	8.863665357e-11
13240	83.55554071	-5.437783557e-11
13241	83.45731334	4.416946808e-10
13242	83.33047441	1.407691741e-10
13243	83.19660352	1.497006963e-10
13244	83.1417768	9.691802916e-12
13245	83.30411857	3.698801265e-10
13246	83.85496994	1.617905809e-10
13247	84.97599779	1.130935345e-10
13248	86.83495991	4.117595154e-10
13249	89.56291903	2.390727616e-10
13250	93.23545952	-1.136513106e-11
13251	97.85994216	6.462386182e-11
13252	103.3701014	3.322959685e-10
13253	109.6284347	1.32729383e-10
13254	116.4359571	1.962767726e-10
13255	123.5480939	7.766942645e-11
13256	130.6948515	2.008988531e-10
13257	137.6030096	1.854161269e-10
13258	144.0179438	1.932498606e-10
13259	149.7228408	-2.32454056e-11
13260	154.5534602	1.447340026e-10
13261	158.4071861	1.77188042e-10
13262	161.2458178	1.241424741e-10
13263	163.0922812	1.344133693e-10
13264	164.0221153	9.692158187e-11
13265	164.1511259	-4.785860597e-11
13266	163.6209359	-1.304165664e-10
13267	162.5842721	1.642952441e-10
13268	161.191703	-1.636024649e-11
13269	159.5812134	-1.135553873e-10
13270	157.8715102	-1.266151628e-10
13271	156.1593769	5.111999712e-11
13272	154.520807	-2.167013236e-10
13273	153.0151271	4.287770139e-11
13274	151.6909298	-1.431388341e-10
13275	150.5924376	-8.209610769e-11
13276	149.7649158	-4.438405199e-11
13277	149.2579596	-7.168665661e-11
13278	149.125853	-3.954170325e-11
13279	149.4246922	-1.786197856e-10
13280	150.2065078	-3.748112931e-12
13281	151.5111385	-2.03282724e-10
13282	153.357027	-1.706546016e-10
13283	155.7323704	-1.829505436e-10
13284	158.5881204	-2.654623188e-10
13285	161.8341816	-3.602913523e-10
13286	165.3398092	-1.012914197e-10
13287	168.9387045	-3.608988663e-10
13288	172.4387107	3.514344371e-11
13289	175.6353884	-2.982609715e-10
13290	178.3281963	-2.85449886e-10
13291	180.3375799	-4.073896775e-11
13292	181.5210433	-3.149622785e-10
13293	181.7862886	-2.653095521e-10
13294	181.0997521	-1.359445889e-10
13295	179.4893351	8.179767974e-11
13296	177.0407659	-3.388471725e-10
13297	173.8877615	-1.994848731e-11
13298	170.1969085	7.447198414e-11
13299	166.1488437	-3.271480864e-10
13300	161.917822	-1.691518037e-10
13301	157.652028	7.666045576e-11
13302	153.4569873	-2.210249761e-10
13303	149.3841529	9.304557125e-11
13304	145.4262004	4.476419235e-12
13305	141.5198267	1.882405343e-10
13306	137.555983	1.369890867e-10
13307	133.3965876	6.080824733e-11
13308	128.8959609	1.44716239e-10
13309	123.9245977	1.987636722e-10
13310	118.3925214	1.465707555e-10
13311	112.2694054	9.999823192e-11
13312	105.5989069	1.389857118e-10
13313	98.50522763	1.849862485e-10
13314	91.19072955	1.254782944e-10
13315	83.92441045	-2.114930453e-11
13316	77.02207406	4.658566866e-10
13317	70.81999845	3.412061744e-10
13318	65.64470121	7.666756119e-12
13319	61.78192672	4.810871701e-10
13320	59.44817302	4.242401985e-10
13321	58.76790366	-2.039257652e-12
13322	59.75906403	7.305089866e-11
13323	62.32869241	3.429434514e-10
13324	66.27936982	1.152891116e-10
13325	71.32610087	-2.223998763e-12
13326	77.12208552	2.172200197e-10
13327	83.29085575	1.997761956e-10
13328	89.46152092	1.866240495e-11
13329	95.30347775	1.794830951e-10
13330	100.5569416	-7.480949193e-11
13331	105.0560518	5.414335646e-12
13332	108.7420557	-2.403766075e-11
13333	111.6651099	8.60218563e-11
13334	113.9744352	-1.019273554e-11
13335	115.8978073	-9.111289501e-11
13336	117.7125113	-7.884182196e-11
13337	119.7108175	-2.631495022e-11
13338	122.1636414	-8.850875588e-11
13339	125.2862704	5.3503868e-12
13340	129.2098379	-1.831637064e-10
13341	133.9616354	-1.688817974e-10
13342	139.4564227	-8.325429235e-11
13343	145.49974	-1.888693646e-10
13344	151.8029524	-2.173550229e-11
13345	158.0085196	-1.935234195e-10
13346	163.7229022	-2.098907714e-10
13347	168.5537138	-1.292974616e-10
13348	172.1472899	-1.243805059e-10
13349	174.2228126	-1.543867256e-10
13350	174.5995118	-2.162501289e-10
13351	173.2142079	-3.044391406e-10
13352	170.1274924	-6.320277635e-11
13353	165.5180427	-1.506990088e-10
13354	159.6658097	-1.326085908e-10
13355	152.9259616	-1.185043175e-10
13356	145.6964007	-1.646860426e-10
13357	138.3822848	-3.866063025e-11
13358	131.3612261	5.59197133e-11
13359	124.9526877	-1.088551471e-10
13360	119.3945659	3.29585248e-11
13361	114.8291121	9.078604535e-11
13362	111.2992954	2.953726153e-11
13363	108.7555642	2.806501698e-10
13364	107.0718475	3.195310683e-11
13365	106.0686837	1.023146012e-10
13366	105.5406514	4.0984105e-11
13367	105.284905	1.169802033e-10
13368	105.1275953	1.526103688e-10
13369	104.9452961	8.473222124e-12
13370	104.6791993	3.057216702e-10
13371	104.3407204	7.367617627e-11
13372	104.008155	4.232703077e-11
13373	103.8150432	3.142446303e-10
13374	103.9318112	1.96507699e-10
13375	104.542971	1.39380063e-10
13376	105.822597	1.85899296e-10
13377	107.9109174	2.198916604e-10
13378	110.8946578	1.394155902e-10
13379	114.7932825	-3.264943871e-11
13380	119.5525622	2.496882701e-10
13381	125.0460404	2.189075587e-10
13382	131.0840777	1.498712265e-10
13383	137.4293264	1.737276989e-10
13384	143.8168164	5.705658168e-12
13385	149.9763899	2.681410649e-10
13386	155.655056	-1.634248292e-11
13387	160.6369413	-7.170797289e-11
13388	164.7588862	5.078959475e-11
13389	167.9203093	1.12777343e-10
13390	170.0866697	-1.760511736e-10
13391	171.2866036	-2.525979426e-12
13392	171.6035193	-1.027693486e-10
13393	171.1630021	6.727063351e-11
13394	170.1177697	-1.212825396e-10
13395	168.632066	-4.622435767e-11
13396	166.8673002	-3.015898642e-11
13397	164.9704317	-1.728039933e-10
13398	163.0661293	-8.023448572e-11
13399	161.2531555	-4.74251749e-11
13400	159.6048234	-2.455635695e-11
13401	158.1728243	-1.782254344e-10
13402	156.9932976	-1.462723276e-10
13403	156.0937661	-9.974598925e-11
13404	155.4995119	-2.179660896e-10
13405	155.238133	-2.686775247e-10
13406	155.3413611	-1.599076427e-11
13407	155.8436922	-2.129638688e-10
13408	156.7779247	-1.726832011e-10
13409	158.168221	-1.695710239e-10
13410	160.0217601	-1.290061391e-10
13411	162.320338	-1.313082976e-10
13412	165.0133898	-1.31191058e-10
13413	168.013796	-1.450928266e-11
13414	171.1975415	-3.592361963e-10
13415	174.4078228	-2.191846704e-10
13416	177.4636261	-1.852775711e-10
13417	180.1721896	-4.072369109e-10
13418	182.3441986	-2.543707467e-10
13419	183.8101213	-2.164881607e-10
13420	184.4358327	2.554401135e-12
13421	184.1356412	-2.083879735e-10
13422	182.8810382	-1.683702067e-10
13423	180.7039135	6.462386182e-11
13424	177.6935879	-2.96939362e-10
13425	173.9877211	-1.049116349e-11
13426	169.7578955	9.855938288e-11
13427	165.1913437	1.390887405e-10
13428	160.4708139	2.331645987e-11
13429	155.7548674	-4.374101081e-11
13430	151.1609426	9.982770166e-11
13431	146.7532822	1.708500008e-11
13432	142.5373185	7.439027172e-11
13433	138.4614076	9.606537787e-11
13434	134.4259626	1.068158895e-10
13435	130.2991594	6.862066471e-11
13436	125.9375803	2.767848173e-10
13437	121.2095115	1.356426083e-10
13438	116.0182101	2.996607407e-10
13439	110.32235	1.432951535e-10
13440	104.1510783	1.572537656e-10
13441	97.61162994	2.592344117e-10
13442	90.88823332	2.36102693e-10
13443	84.23198085	2.420321721e-10
13444	77.94236221	-1.930544613e-11
13445	72.34212534	2.664819476e-10
13446	67.74794453	1.917968007e-10
13447	64.4399326	6.906830663e-11
13448	62.63326728	4.144204979e-10
13449	62.45507601	2.097557683e-10
13450	63.92924334	4.303402079e-11
13451	66.97101685	3.859241815e-10
13452	71.39227204	1.982591868e-10
13453	76.91716241	2.484696893e-10
13454	83.20675076	-1.99758432e-10
13455	89.89021876	2.164632917e-10
13456	96.59949449	4.695266398e-11
13457	103.0037125	-2.721023407e-11
13458	108.8398776	2.598099513e-11
13459	113.9364551	-6.998845947e-11
13460	118.2273219	8.510525618e-11
13461	121.7545132	-6.21511731e-11
13462	124.6593814	-9.850964489e-11
13463	127.1630217	-6.166089861e-11
13464	129.5379764	-1.460662702e-10
13465	132.0741836	-1.553317475e-10
13466	135.0427786	-1.352162826e-11
13467	138.6616113	-2.887929895e-10
13468	143.0661928	-1.319122589e-10
13469	148.289226	-1.792166415e-10
13470	154.2509824	-8.784795114e-11
13471	160.7616445	-6.701839084e-11
13472	167.5354718	-2.240305719e-10
13473	174.2153926	-2.496101104e-10
13474	180.4055269	-1.964970409e-10
13475	185.7083029	-1.948379236e-10
13476	189.762351	-2.681446176e-10
13477	192.2772876	-6.213340953e-11
13478	193.0618334	-3.918287916e-10
13479	192.0424328	-3.560067796e-10
13480	189.2705435	-1.582236564e-10
13481	184.9179633	7.987921435e-11
13482	179.260811	-5.473772546e-10
13483	172.6539478	-4.156675004e-11
13484	165.4985908	1.444746545e-10
13485	158.2065317	-1.288498197e-10
13486	151.1646594	-5.282174698e-11
13487	144.7033727	1.539319783e-10
13488	139.0719782	-8.096634474e-11
13489	134.4233548	-8.918021877e-11
13490	130.809123	2.856168635e-10
13491	128.1854108	3.372591095e-11
13492	126.4281678	1.17715615e-10
13493	125.3559926	1.892601631e-10
13494	124.7576839	-9.797318512e-11
13495	124.421307	5.96074301e-11
13496	124.1615003	2.916671349e-10
13497	123.8420469	-3.237232704e-11
13498	123.3913531	1.636095703e-10
13499	122.8093375	1.256523774e-10
13500	122.165237	1.309352626e-10
13501	121.5868688	9.550760183e-11
13502	121.2428282	3.025917295e-10
13503	121.319854	3.672795401e-11
13504	121.9980765	5.773159728e-11
13505	123.4270249	1.782396453e-10
13506	125.7051102	4.960298838e-11
13507	128.8648378	1.356070811e-10
13508	132.8653008	4.915534646e-11
13509	137.5926528	-1.837463515e-11
13510	142.8683526	6.673417374e-11
13511	148.4641142	1.544790962e-10
13512	154.1217953	4.803979436e-11
13513	159.5759673	-5.299938266e-11
13514	164.5766998	6.388845009e-11
13515	168.910166	1.876685474e-10
13516	172.4150126	-1.487805434e-10
13517	174.9930024	6.688338772e-11
13518	176.6131372	3.640110435e-11
13519	177.309236	-2.322728676e-10
13520	177.1716698	-1.079953904e-10
13521	176.3345673	-1.110969094e-10
13522	174.9602304	-2.225348794e-10
13523	173.222694	-2.23209895e-10
13524	171.2923191	-8.526512829e-12
13525	169.3230336	-4.273559284e-11
13526	167.44338	-1.500559677e-10
13527	165.7519522	-7.801759239e-11
13528	164.317188	-1.494377955e-10
13529	163.1809074	-2.560973655e-10
13530	162.3645212	-1.260964666e-10
13531	161.8765407	-2.56960675e-10
13532	161.7199271	8.441247701e-12
13533	161.8979376	-1.615738654e-10
13534	162.4174328	-1.415969564e-10
13535	163.2890619	-1.236557523e-10
13536	164.5242721	-2.958806533e-10
13537	166.1296261	-1.292086438e-10
13538	168.0993792	-1.192148602e-10
13539	170.4076004	-2.30517827e-10
13540	173.0012743	-3.002682547e-10
13541	175.7957632	-1.189093268e-10
13542	178.6737541	1.03000275e-10
13543	181.4883813	-2.354951789e-10
13544	184.0706685	-2.189750603e-10
13545	186.2408357	9.03845887e-11
13546	187.8224474	-3.960565209e-10
13547	188.6579189	-9.922018762e-11
13548	188.6236073	-1.754685286e-11
13549	187.6426422	-3.050004693e-10
13550	185.6938079	-2.652100761e-11
13551	182.8151789	-9.655209965e-11
13552	179.1017739	1.557260987e-10
13553	174.6971823	-2.98427949e-11
13554	169.7798442	-1.139177641e-10
13555	164.5453371	1.036717379e-10
13556	159.186566	2.734168447e-11
13557	153.8740845	6.623679383e-11
13558	148.7388518	1.397317817e-10
13559	143.8595368	1.367084224e-11
13560	139.2560193	1.460271903e-10
13561	134.8900711	1.771098823e-10
13562	130.6733807	1.870290589e-10
13563	126.4822251	2.714273251e-10
13564	122.177275	1.729993926e-10
13565	117.6263565	2.114575182e-10
13566	112.7275582	1.889830514e-10
13567	107.429928	2.395807996e-10
13568	101.7491771	1.834905561e-10
13569	95.77628831	9.715961369e-11
13570	89.67766092	2.883950856e-10
13571	83.68634881	2.513296238e-10
13572	78.08494788	9.069722751e-11
13573	73.181662	4.351683458e-10
13574	69.28190485	2.555893275e-10
13575	66.65838214	2.243858432e-10
13576	65.52287225	-1.562128205e-10
13577	66.0028422	3.451425812e-10
13578	68.12560273	-4.497735517e-11
13579	71.81195935	-1.197903998e-10
13580	76.88033308	2.99134939e-10
13581	83.06120942	5.644196222e-11
13582	90.0206487	2.977174063e-12
13583	97.3905797	9.918466048e-11
13584	104.8028166	8.823519693e-11
13585	111.9232764	-9.247713706e-11
13586	118.4827888	-1.48290269e-11
13587	124.3011942	-1.785593895e-11
13588	129.3020993	-1.382858272e-10
13589	133.5166225	-1.831494956e-10
13590	137.0756246	-5.235278877e-11
13591	140.1911507	-4.854427971e-11
13592	143.1289746	-5.908162848e-11
13593	146.175114	-2.041176117e-10
13594	149.5998602	-2.346638439e-10
13595	153.6231637	-2.302620317e-10
13596	158.385109	-9.442402416e-11
13597	163.9246964	-2.459117354e-10
13598	170.1692856	-3.105888879e-10
13599	176.9359412	-5.135802894e-11
13600	183.9446576	-3.9699799e-10
13601	190.8421871	-2.110951414e-10
13602	197.2340695	6.867395541e-12
13603	202.7215873	-3.871747367e-11
13604	206.9398565	-3.65456998e-10
13605	209.593137	-3.775468826e-11
13606	210.4837513	1.506137437e-10
13607	209.5316756	-3.495586043e-10
13608	206.7828558	-9.52660173e-11
13609	202.4054872	-1.065458832e-11
13610	196.6747527	-2.254445519e-10
13611	189.9477058	-1.374758085e-10
13612	182.6309839	3.490896461e-11
13613	175.144739	4.409272947e-11
13614	167.8865048	4.671107945e-11
13615	161.19865	-7.613820685e-11
13616	155.3426122	9.477574281e-11
13617	150.4823192	4.717293223e-11
13618	146.6781747	5.372768896e-11
13619	143.8918299	3.545608251e-12
13620	142.0008092	1.613287282e-10
13621	140.821034	1.656630388e-10
13622	140.1344971	9.442402416e-11
13623	139.7188711	2.621511896e-10
13624	139.3757232	4.347455729e-11
13625	138.954271	2.803801635e-11
13626	138.3681982	1.797175742e-10
13627	137.6038959	1.548130513e-10
13628	136.7194993	1.009929917e-10
13629	135.8351341	1.587423526e-10
13630	135.115758	5.428546501e-11
13631	134.7487744	2.079048045e-10
13632	134.9191187	2.341522531e-10
13633	135.7847304	1.549196327e-10
13634	137.4551992	6.238209949e-11
13635	139.9759452	1.490256807e-10
13636	143.319607	1.034194952e-11
13637	147.3854664	4.739320048e-11
13638	152.0068134	1.275317629e-10
13639	156.9652826	-8.785150385e-11
13640	162.0104453	1.422542084e-10
13641	166.8824165	-2.089812767e-10
13642	171.3349836	-8.569145393e-11
13643	175.1567926	5.377032153e-11
13644	178.1884428	-3.681606131e-10
13645	180.3338794	-1.940492211e-10
13646	181.5651767	8.165912391e-11
13647	181.9205767	5.94759797e-11
13648	181.4964044	-1.680753314e-10
13649	180.4341261	-2.589750636e-10
13650	178.9042841	6.335554303e-11
13651	177.0892814	-9.702105785e-11
13652	175.1669825	-2.156852474e-10
13653	173.2968533	-9.252332234e-11
13654	171.6099262	-3.525570946e-10
13655	170.2033051	-1.971045549e-10
13656	169.1392953	-3.894840006e-11
13657	168.4486445	-7.868905527e-11
13658	168.1368762	-2.64343214e-10
13659	168.1923592	-1.747508804e-10
13660	168.5946191	-1.452207243e-10
13661	169.3214718	-2.181543834e-10
13662	170.3538309	-2.602469351e-10
13663	171.6774688	-1.335003219e-10
13664	173.2815341	-4.990852176e-11
13665	175.1541687	-1.187103749e-10
13666	177.276063	-8.241940463e-11
13667	179.6131484	-3.430145057e-11
13668	182.1098268	-1.951896422e-10
13669	184.6841254	-1.608455591e-10
13670	187.2259509	-5.478284493e-12
13671	189.5992295	-2.941895616e-10
13672	191.6481936	-2.331574933e-10
13673	193.2074926	2.756550543e-11
13674	194.1152366	6.490097348e-11
13675	194.2276036	-3.028404194e-10
13676	193.4333215	1.443467568e-11
13677	191.6662243	-2.009699074e-10
13678	188.9142001	-1.524256277e-10
13679	185.2231892	-1.610160894e-10
13680	180.6954229	8.844835975e-11
13681	175.4817518	-9.509903975e-11
13682	169.7686261	-1.127986593e-11
13683	163.7609669	-3.986500019e-11
13684	157.6627209	1.355537904e-10
13685	151.657254	8.415668162e-11
13686	145.8898551	1.149729201e-10
13687	140.454465	2.145448263e-10
13688	135.3863323	9.152500979e-11
13689	130.6616618	9.478640095e-11
13690	126.2045333	1.061906119e-10
13691	121.9005192	2.106368413e-10
13692	117.6156113	1.87537097e-10
13693	113.21839	1.985114295e-10
13694	108.602901	9.154277336e-11
13695	103.7095276	3.04471115e-10
13696	98.5412693	2.188933479e-10
13697	93.1732752	2.599271909e-10
13698	87.75417782	2.708304692e-10
13699	82.49866302	2.299884727e-10
13700	77.67169838	1.912816572e-10
13701	73.56581152	-7.029399285e-11
13702	70.47365203	3.163727058e-10
13703	68.65868611	2.637179364e-11
13704	68.32718411	6.538414254e-11
13705	69.60462572	2.347455563e-10
13706	72.51926036	1.366338154e-10
13707	76.99485571	8.487432979e-12
13708	82.85371792	-1.868762922e-10
13709	89.82997279	1.295106244e-10
13710	97.59197779	9.587353134e-11
13711	105.7717142	-1.604796296e-10
13712	113.9982027	2.625455409e-11
13713	121.9314872	-4.849454172e-11
13714	129.2936032	-2.419042744e-11
13715	135.8932074	-1.24838806e-10
13716	141.641171	-1.267252969e-10
13717	146.5553736	-8.785150385e-11
13718	150.7540705	-2.105871033e-10
13719	154.4384263	-1.368789526e-10
13720	157.8659853	-2.436273405e-10
13721	161.3178406	-1.079349943e-10
13722	165.0629748	-8.26183566e-11
13723	169.3235858	-3.044071661e-10
13724	174.2451416	-2.958664425e-10
13725	179.8744397	-2.419291434e-10
13726	186.1481167	-4.238565054e-10
13727	192.892961	-1.829931762e-10
13728	199.838134	3.398525905e-11
13729	206.638141	-3.857252295e-10
13730	212.9042522	-3.288249673e-10
13731	218.2411681	-6.529177199e-11
13732	222.2851682	-3.718909625e-10
13733	224.7398142	-2.341700167e-10
13734	225.4055418	-6.127720553e-11
13735	224.2001149	9.607958873e-11
13736	221.1678798	-2.619415795e-10
13737	216.4769337	5.734079878e-11
13738	210.4045803	1.378808179e-10
13739	203.312658	-3.027622597e-10
13740	195.6153543	-2.776090469e-11
13741	187.7428649	1.609770095e-10
13742	180.1046288	-1.855084975e-10
13743	173.0558488	8.220979453e-12
13744	166.8705869	1.461266663e-10
13745	161.7239622	8.095923931e-11
13746	157.684965	4.815703392e-11
13747	154.7202415	1.896474089e-10
13748	152.7080327	1.982733977e-10
13749	151.4603957	9.234213394e-11
13750	150.7510048	4.383693408e-11
13751	150.3453134	1.852704656e-10
13752	150.0297008	1.835971375e-10
13753	149.6364491	1.938360583e-11
13754	149.0619491	6.572520306e-11
13755	148.2763625	1.411883943e-10
13756	147.3239698	3.606714927e-11
13757	146.3144894	1.056967847e-10
13758	145.4066539	3.969091722e-11
13759	144.7861564	7.597122931e-11
13760	144.6406507	9.687184388e-11
13761	145.1347431	3.353406441e-11
13762	146.3878356	9.791989442e-11
13763	148.4572806	7.176481631e-13
13764	151.3286454	8.818901165e-11
13765	154.9140436	-2.873434823e-11
13766	159.0585577	-9.072920193e-11
13767	163.5538814	-1.690771967e-10
13768	168.1575287	2.464517479e-11
13769	172.615393	-2.05826467e-10
13770	176.6851406	-1.599964605e-10
13771	180.1579165	-2.356728146e-10
13772	182.8761202	-2.632560836e-12
13773	184.7455293	-2.740101479e-10
13774	185.740746	-2.137952038e-10
13775	185.9037221	-1.028546137e-10
13776	185.335897	-2.959303913e-10
13777	184.1851633	-3.733724441e-10
13778	182.6293811	-2.006999011e-10
13779	180.8584458	5.081091103e-11
13780	179.0569472	-2.87794677e-10
13781	177.3892467	-5.694289484e-11
13782	175.9883829	-7.666756119e-11
13783	174.9496494	-3.365236978e-10
13784	174.3290531	-2.043414327e-10
13785	174.146234	-2.566480362e-11
13786	174.390892	-4.158877687e-10
13787	175.0313817	-8.235190307e-11
13788	176.0239539	-6.249933904e-11
13789	177.3211512	-1.675246608e-10
13790	178.8781018	-1.4327739e-10
13791	180.6558565	-1.799662641e-10
13792	182.621426	-8.961720255e-11
13793	184.744725	-3.477076405e-10
13794	186.9931365	1.181277298e-11
13795	189.3248149	-1.078461764e-10
13796	191.682078	9.722000982e-11
13797	193.9862814	-1.038991115e-10
13798	196.1353973	-7.371170341e-11
13799	198.0051707	-1.442401754e-11
13800	199.4542324	-2.760636164e-10
13801	200.3329789	-1.34864564e-10
13802	200.4954615	1.57893254e-10
13803	199.8130325	-2.283044864e-10
13804	198.1881519	-1.108091396e-10
13805	195.5666057	9.693224001e-11
13806	191.9464618	1.112283599e-10
13807	187.3823889	-1.007265382e-10
13808	181.9844564	1.609379296e-12
13809	175.9111617	3.016928929e-10
13810	169.3571313	-1.188631416e-10
13811	162.5366149	1.645581449e-10
13812	155.6644597	1.812630046e-10
13813	148.9366426	-1.625721779e-11
13814	142.5125867	8.481748637e-11
13815	136.5013797	1.587672216e-10
13816	130.9536351	5.312728035e-11
13817	125.8601427	9.979927995e-11
13818	121.1576948	3.264020165e-10
13819	116.7416386	5.118749868e-11
13820	112.4838931	1.738236222e-10
13821	108.2544724	1.723350351e-10
13822	103.944067	1.589697263e-10
13823	99.48501569	-1.095301627e-11
13824	94.86808251	1.685442896e-10
13825	90.15284652	8.893152881e-11
13826	85.47016565	1.013589213e-11
13827	81.01603851	3.627214085e-10
13828	77.03715323	2.29686492e-10
13829	73.8093784	-4.63344918e-11
13830	71.61130522	4.083666738e-10
13831	70.69559065	2.055493553e-10
13832	71.26119978	6.691536214e-11
13833	73.42965423	5.478284493e-12
13834	77.22805246	1.03458575e-10
13835	82.58096601	2.497273499e-10
13836	89.31240133	-1.136903904e-10
13837	97.15794498	6.084732718e-11
13838	105.7860988	-3.609557098e-11
13839	114.8267829	-1.861728549e-10
13840	123.9041565	-6.789591112e-11
13841	132.6703734	-6.89048818e-11
13842	140.8367181	-1.910187564e-10
13843	148.1987816	-1.152855589e-10
13844	154.6529221	-2.765858653e-10
13845	160.2021492	-3.724309749e-11
13846	164.9506822	-1.510080949e-10
13847	169.0876464	-3.176943153e-10
13848	172.8615449	-1.821405249e-10
13849	176.5481624	-2.554436662e-10
13850	180.4152943	3.513278557e-11
13851	184.6880772	-3.269136073e-10
13852	189.5186725	-3.185007813e-10
13853	194.9636262	-2.859934511e-11
13854	200.97144	-3.634674783e-10
13855	207.3818157	-2.196536286e-10
13856	213.936806	-9.25126642e-12
13857	220.3028355	-4.200373382e-11
13858	226.1013975	-2.685851541e-10
13859	230.9452988	-8.764899917e-11
13860	234.4767281	1.572537656e-10
13861	236.4032168	-5.305338391e-10
13862	236.5277769	-1.238049663e-10
13863	234.7701094	6.917133533e-11
13864	231.1767089	-5.394582558e-10
13865	225.9188581	-2.495106344e-10
13866	219.2787642	4.587619173e-11
13867	211.6253178	1.886490963e-10
13868	203.3820158	-1.130473493e-10
13869	194.990369	-1.728395205e-11
13870	186.8725366	1.166569064e-10
13871	179.3969475	-3.846878371e-11
13872	172.8502886	-1.31116451e-10
13873	167.4185066	1.740687594e-10
13874	163.17847	-6.840394917e-11
13875	160.1007781	5.807621051e-11
13876	158.0630197	1.650768411e-10
13877	156.8716948	2.250324371e-10
13878	156.2901483	-2.854605441e-11
13879	156.0692952	6.686207144e-11
13880	155.9777212	1.258477766e-10
13881	155.8279157	3.709388352e-11
13882	155.4959172	8.611777957e-11
13883	154.932462	4.355982242e-11
13884	154.16472	1.902407121e-10
13885	153.2887737	-5.164579875e-11
13886	152.4540185	8.686029673e-11
13887	151.8415291	1.421796014e-11
13888	151.6390488	-2.830446988e-11
13889	152.0155629	3.350208999e-11
13890	153.0983776	5.260858416e-11
13891	154.9552639	-2.559019663e-11
13892	157.583589	-2.141220534e-11
13893	160.9075193	-9.98632288e-11
13894	164.7834463	-2.775379926e-11
13895	169.012865	-2.895461648e-12
13896	173.3611232	-8.146372465e-11
13897	177.5798555	1.298872121e-11
13898	181.4305719	-3.008011618e-10
13899	184.7068277	-1.561843987e-10
13900	187.2526433	-1.311768472e-10
13901	188.9753448	9.997336292e-11
13902	189.8516814	-3.180709029e-10
13903	189.9268646	-2.106830266e-10
13904	189.3069745	-5.492495347e-11
13905	188.1458877	-2.456239656e-10
13906	186.6284305	-2.924558373e-10
13907	184.9517868	-7.907985378e-11
13908	183.3072633	-3.027409434e-10
13909	181.8643361	-2.477023031e-10
13910	180.7585118	-8.851941402e-11
13911	180.0839743	7.167599847e-11
13912	179.8913484	-2.625206719e-10
13913	180.1902614	-2.624744866e-10
13914	180.9558138	-1.196198696e-11
13915	182.1376468	-2.629256812e-10
13916	183.67006	-1.884465917e-10
13917	185.4816233	7.656808521e-11
13918	187.5029213	-3.324878151e-10
13919	189.6714435	-2.149924683e-10
13920	191.9331363	3.053557407e-11
13921	194.2406783	5.86197757e-12
13922	196.5490737	-2.737507998e-10
13923	198.8095885	-8.637357496e-11
13924	200.9633321	-3.23616689e-11
13925	202.9358728	-4.04529743e-10
13926	204.6341545	-8.880718383e-11
13927	205.9466702	-7.102585187e-11
13928	206.7473877	1.865494426e-10
13929	206.9033706	-1.634248292e-10
13930	206.2854713	-7.010214631e-11
13931	204.7809676	9.82538495e-11
13932	202.3066404	-6.399858421e-11
13933	198.8206029	-1.018634066e-10
13934	194.331224	1.256417193e-10
13935	188.9017403	-8.258993489e-11
13936	182.6496088	-9.106670973e-11
13937	175.7402469	5.610800713e-11
13938	168.3754903	2.874571692e-10
13939	160.7777637	-1.769251412e-11
13940	153.1715472	1.626077051e-11
13941	145.7641264	1.229594204e-10
13942	138.727806	1.992290777e-10
13943	132.1856946	1.3234569e-10
13944	126.2028374	1.031672525e-10
13945	120.7839165	2.243183417e-11
13946	115.8780078	1.567208585e-10
13947	111.3900689	7.298694982e-11
13948	107.1980203	5.564260164e-11
13949	103.173576	3.149907002e-10
13950	99.20446501	6.575007205e-11
13951	95.21542777	-7.73461295e-11
13952	91.18541427	3.08851611e-10
13953	87.15875434	6.460609825e-11
13954	83.24868828	-1.239186531e-11
13955	79.63247218	-1.574171904e-10
13956	76.538218	2.122675369e-10
13957	74.22458869	1.031850161e-10
13958	72.95533141	-6.188827228e-12
13959	72.97129684	2.339604066e-10
13960	74.46297621	1.630979796e-10
13961	77.54663975	8.553868724e-11
13962	82.24686502	1.560565011e-10
13963	88.48762532	1.353761547e-10
13964	96.09322993	-5.195843755e-11
13965	104.79936	-3.164757345e-11
13966	114.2733428	-1.93232097e-11
13967	124.1417722	-4.925126973e-11
13968	134.022735	-1.003286343e-10
13969	143.5593358	-1.523368098e-10
13970	152.4510004	-1.506563763e-10
13971	160.4792066	-1.491251567e-10
13972	167.524829	-4.967759537e-11
13973	173.5751454	-2.365645457e-10
13974	178.719633	-5.453415497e-11
13975	183.1348846	-8.884626368e-11
13976	187.0601508	-1.935838156e-10
13977	190.7660509	-1.533173588e-10
13978	194.5197601	-1.393765103e-10
13979	198.5504058	-3.154703165e-10
13980	203.0184242	-2.391971066e-10
13981	207.9922434	-1.123261484e-10
13982	213.4349099	1.844853159e-10
13983	219.2022317	-3.711306817e-10
13984	225.0527955	-2.324647141e-10
13985	230.6689475	2.07997175e-10
13986	235.686655	-4.585523072e-10
13987	239.7312049	-3.267217608e-10
13988	242.4550589	1.57136526e-11
13989	243.5739415	4.799929343e-10
13990	242.897404	-4.353211125e-10
13991	240.3506822	4.735412062e-11
13992	235.9855721	2.744862115e-10
13993	229.9791935	-3.611901889e-10
13994	222.620778	-4.45687931e-11
13995	214.2878534	1.239790492e-10
13996	205.4142898	-2.867537319e-10
13997	196.4534873	-2.604494398e-11
13998	187.8404492	1.905995362e-10
13999	179.9565475	1.949231887e-10
14000	173.1004458	-5.10880227e-12
14001	167.4679397	1.024140772e-10
14002	163.1424933	1.237765446e-10
14003	160.0970901	-4.250111374e-11
14004	158.2068204	3.300968388e-10
14005	157.2705095	6.476597036e-11
14006	157.0387866	8.879297297e-11
14007	157.2453833	2.069029392e-10
14008	157.638204	3.469580179e-11
14009	158.0068435	6.055955737e-11
14010	158.2037156	-2.240696517e-11
14011	158.156745	-5.170264217e-11
14012	157.8725624	6.894751436e-11
14013	157.4302233	3.104361213e-11
14014	156.9665172	-6.886935466e-11
14015	156.654836	4.156675004e-12
14016	156.6802292	3.685229899e-11
14017	157.2136175	-5.503153488e-11
14018	158.3881495	-1.364952595e-10
14019	160.2803541	-1.165574304e-10
14020	162.8981325	-1.435829233e-10
14021	166.1768047	-1.741895517e-11
14022	169.9834906	-2.523847797e-11
14023	174.1291625	-3.318945119e-10
14024	178.3868643	-3.574491814e-10
14025	182.513949	-1.018634066e-10
14026	186.2757998	1.404885097e-10
14027	189.4684128	-2.830624624e-10
14028	191.9374297	-2.136211208e-10
14029	193.591684	-2.028919255e-10
14030	194.4099993	-3.987743469e-10
14031	194.4407748	-1.699902441e-10
14032	193.7947045	-1.097895108e-10
14033	192.6317243	-1.751843115e-11
14034	191.1438629	-3.263735948e-10
14035	189.5360454	-2.16633822e-10
14036	188.0070075	8.262901474e-11
14037	186.7323414	-3.808082738e-10
14038	185.8513201	-1.433839714e-10
14039	185.458601	-9.858425187e-11
14040	185.601261	-2.570033075e-10
14041	186.2809501	-1.881481637e-10
14042	187.4603429	-1.529905092e-10
14043	189.0726077	1.647713077e-10
14044	191.0323308	-3.662599113e-10
14045	193.246279	-8.705214327e-11
14046	195.6225394	7.053913009e-11
14047	198.0769242	-2.430340373e-10
14048	200.5360109	-1.089297541e-10
14049	202.9367417	-6.114930784e-11
14050	205.22305	-3.118501013e-10
14051	207.3404442	-9.136869039e-11
14052	209.2297983	-1.389608428e-10
14053	210.8217272	3.286153571e-10
14054	212.032855	-2.979234637e-10
14055	212.7650103	3.250022473e-11
14056	212.907958	1.738484912e-10
14057	212.3457419	-2.072084726e-10
14058	210.9661527	-9.112710586e-11
14059	208.6723186	-6.05169248e-11
14060	205.3950146	1.994919785e-10
14061	201.1040683	-1.424709239e-10
14062	195.8172226	6.181721801e-12
14063	189.6050316	1.379980574e-10
14064	182.5907726	-7.614175956e-11
14065	174.9449286	-3.316813491e-11
14066	166.8744523	1.972537689e-10
14067	158.6076861	-9.127276712e-11
14068	150.3764045	-8.554934539e-12
14069	142.3968781	7.736034036e-11
14070	134.8520816	8.12683254e-11
14071	127.8771368	4.489209005e-11
14072	121.5497947	1.616236034e-10
14073	115.8872445	4.952127597e-11
14074	110.8498358	6.501466032e-12
14075	106.3515098	1.770565916e-10
14076	102.2759252	7.552358738e-11
14077	98.49655339	-1.356994517e-10
14078	94.89847692	1.299191865e-10
14079	91.39933503	1.79657178e-10
14080	87.96685998	-1.0524559e-10
14081	84.63074836	3.348823441e-10
14082	81.48718649	-6.760814131e-12
14083	78.69514173	-1.017887996e-10
14084	76.46445479	1.464925958e-10
14085	75.03671948	1.303739339e-10
14086	74.66080724	-5.491074262e-11
14087	75.56557943	-8.188294487e-11
14088	77.93274884	1.544080419e-10
14089	81.87294541	-1.204973898e-10
14090	87.40779194	1.587707743e-11
14091	94.46022089	8.094147574e-11
14092	102.8544218	2.620126338e-11
14093	112.3257869	-1.243840586e-10
14094	122.5401325	-2.467004379e-11
14095	133.1204352	-1.506812453e-10
14096	143.6784551	-6.853539958e-11
14097	153.8480179	-7.735323493e-11
14098	163.3164764	-2.594617854e-10
14099	171.8509905	-2.735021098e-10
14100	179.3167651	-1.239506275e-10
14101	185.6851977	-4.142250987e-10
14102	191.0309471	-1.642845859e-10
14103	195.518118	-1.174846886e-10
14104	199.3769331	-2.732747362e-11
14105	202.8733144	-2.893116857e-10
14106	206.2745946	-1.944755468e-10
14107	209.815036	1.429256713e-11
14108	213.6649034	-4.450200208e-10
14109	217.906494	-2.836060276e-10
14110	222.5198177	-4.305178436e-11
14111	227.3796105	-4.696154576e-10
14112	232.2641611	-2.551914235e-10
14113	236.8751714	-1.199289557e-10
14114	240.8666801	1.258797511e-10
14115	243.880099	-4.079261373e-10
14116	245.5817342	-4.984812563e-11
14117	245.6988804	1.468656308e-10
14118	244.0507016	-4.111413432e-10
14119	240.5706474	-1.786446546e-10
14120	235.3180281	1.449222964e-10
14121	228.4775058	2.879971817e-10
14122	220.3465138	-1.398738902e-10
14123	211.3118753	-9.276135415e-12
14124	201.817999	2.183178083e-10
14125	192.3298896	-1.891926615e-10
14126	183.2947116	9.776357501e-11
14127	175.1057537	2.269118227e-10
14128	168.072337	-1.420445983e-10
14129	162.3985381	2.184918912e-12
14130	158.1726329	1.365307867e-10
14131	155.3680114	3.187849984e-11
14132	153.8551052	6.050271395e-11
14133	153.4227265	1.159001783e-10
14134	153.8062734	8.812861552e-11
14135	154.7196035	-1.273221528e-10
14136	155.8870832	-3.87245791e-13
14137	157.0724086	6.213340953e-11
14138	158.1012493	-1.027871122e-10
14139	158.8755295	3.449329711e-11
14140	159.3781411	1.061550847e-11
14141	159.6679711	5.322320362e-11
14142	159.8661942	-1.780549042e-10
14143	160.135719	5.047340323e-11
14144	160.6563754	7.791101098e-12
14145	161.5988268	-1.938111893e-10
14146	163.1002424	-1.293081198e-10
14147	165.2444765	-1.207141054e-10
14148	168.0489167	-4.127542752e-11
14149	171.459349	-2.036486535e-10
14150	175.3532495	-3.470361776e-10
14151	179.5509525	-4.632028094e-11
14152	183.8332743	-3.355111744e-10
14153	187.9634887	-2.490381235e-10
14154	191.7111209	-4.356337513e-11
14155	194.8748967	-4.436806478e-10
14156	197.3023598	-2.772679863e-10
14157	198.9041157	-2.132551913e-10
14158	199.6613253	-4.133582365e-11
14159	199.625868	-3.996092346e-10
14160	198.913423	-2.738467231e-10
14161	197.6904923	-7.874234598e-11
14162	196.1570097	-2.785576214e-10
14163	194.5265939	-2.031299573e-10
14164	193.0066564	-8.672884633e-11
14165	191.7804716	1.596234256e-11
14166	190.9929695	-3.130580239e-10
14167	190.7414774	-1.174136344e-10
14168	191.0719871	-3.819167205e-12
14169	191.9808398	-5.310951678e-11
14170	193.4210848	-9.953993185e-11
14171	195.312267	2.212274808e-11
14172	197.5520734	-3.280113958e-10
14173	200.028166	-2.282654066e-10
14174	202.6286483	2.050626335e-11
14175	205.2499284	1.645616976e-10
14176	207.8012112	-2.605169414e-10
14177	210.2054004	-5.234568334e-11
14178	212.3967536	1.246718284e-10
14179	214.3161219	-2.514717323e-10
14180	215.9049636	-6.521361229e-11
14181	217.0994989	1.786304438e-11
14182	217.8263455	-4.034248491e-10
14183	218.0007458	-2.765290219e-10
14184	217.5281056	2.546087785e-10
14185	216.3090505	2.305000635e-10
14186	214.2476516	-2.177600322e-10
14187	211.2619459	-1.174171871e-11
14188	207.295454	6.267697472e-11
14189	202.32814	-3.015543371e-10
14190	196.385204	-9.235989751e-11
14191	189.5422627	-1.382716164e-11
14192	181.9258435	1.233075864e-10
14193	173.7086518	1.213997791e-10
14194	165.0997049	2.925304443e-11
14195	156.3300842	-1.351914136e-10
14196	147.6356518	-7.972644767e-11
14197	139.2385355	7.82023335e-11
14198	131.3294392	-1.130402438e-10
14199	124.0528461	1.370636937e-10
14200	117.4969396	1.620676926e-10
14201	111.6895874	-7.588596418e-12
14202	106.6010715	2.640021535e-11
14203	102.1534758	7.16831039e-11
14204	98.23584218	-1.74544823e-11
14205	94.72348858	-3.26991767e-11
14206	91.49932143	1.531716975e-10
14207	88.47465142	9.389466982e-11
14208	85.60698145	-1.669775429e-12
14209	82.91249153	-2.07439399e-10
14210	80.47147872	5.974953865e-11
14211	78.425767	-4.905587048e-11
14212	76.96800142	-2.251248077e-10
14213	76.32368178	1.028830354e-10
14214	76.72766671	4.116174068e-11
14215	78.3975846	-1.45423229e-10
14216	81.50703828	1.275957118e-10
14217	86.16162498	-3.652544933e-11
14218	92.38058896	-1.097397728e-10
14219	100.0863938	-2.209787908e-10
14220	109.1036972	-1.441335939e-11
14221	119.1682165	-6.119549312e-11
14222	129.9448964	-1.511644143e-10
14223	141.0537508	-7.408829106e-11
14224	152.1008639	-2.267377397e-10
14225	162.711408	-2.473612426e-10
14226	172.561241	-2.897131424e-10
14227	181.4037225	-2.572662083e-10
14228	189.088838	-1.440199071e-10
14229	195.5724969	4.600764214e-12
14230	200.9148985	-3.928093406e-10
14231	205.2680226	-1.435083163e-10
14232	208.8534817	-1.800479765e-10
14233	211.9330328	-3.531077652e-10
14234	214.7748716	-2.362092744e-10
14235	217.6193313	-1.357776114e-10
14236	220.6477161	-9.16813292e-11
14237	223.957705	-3.33059802e-10
14238	227.5480915	-7.781864042e-11
14239	231.3146465	-6.45421494e-11
14240	235.0577104	-4.725926317e-10
14241	238.5008624	-2.250004627e-10
14242	241.3188198	9.584510963e-11
14243	243.1717095	-5.3171334e-10
14244	243.7421489	-2.671143307e-10
14245	242.7712413	4.442668455e-11
14246	240.0896809	2.061675275e-10
14247	235.6406486	-4.552624944e-10
14248	229.4920342	-7.386091738e-12
14249	221.8366236	1.40634171e-10
14250	212.9801491	-2.085123185e-10
14251	203.3183609	-1.657767257e-10
14252	193.3054151	1.470397137e-10
14253	183.4167622	1.964899354e-10
14254	174.1102656	-6.140155051e-11
14255	165.7894304	9.502088005e-11
14256	158.7723574	5.523048685e-11
14257	153.2694002	-1.873701194e-11
14258	149.3715543	6.010481002e-11
14259	147.05046	2.471303162e-10
14260	146.1696811	4.725109193e-12
14261	146.5057548	3.888800393e-11
14262	147.776528	-5.009681558e-11
14263	149.6735988	-5.296740824e-11
14264	151.8953411	2.988542747e-11
14265	154.1770336	-1.626077051e-11
14266	156.315035	-1.794155935e-10
14267	158.1826841	-1.273861017e-10
14268	159.7365728	-9.32161015e-11
14269	161.0129358	-6.989608892e-11
14270	162.1149868	-1.278621653e-11
14271	163.1930034	-3.222986322e-10
14272	164.4197052	-1.167741459e-10
14273	165.963912	-5.608669085e-11
14274	167.9655643	-1.832916041e-10
14275	170.5149449	-1.694360208e-10
14276	173.6383762	-4.710543067e-11
14277	177.2918795	-5.91434457e-10
14278	181.3633333	-2.373141683e-10
14279	185.6827024	-1.628848167e-10
14280	190.0390034	-8.927258932e-11
14281	194.2019562	-6.032294664e-10
14282	197.9457942	-2.669473531e-10
14283	201.0725393	-3.106848112e-11
14284	203.4321777	-4.599769454e-10
14285	204.9375981	-1.873488031e-10
14286	205.5727971	-1.57843516e-10
14287	205.3936569	-5.802966996e-10
14288	204.521439	-2.868425497e-10
14289	203.1299442	-1.654569814e-10
14290	201.4279423	2.419753287e-11
14291	199.6389319	-2.93589153e-10
14292	197.9804876	-3.240749891e-10
14293	196.6453802	-5.940137271e-12
14294	195.7863428	-3.398170634e-10
14295	195.5058311	-1.936761862e-10
14296	195.8514789	-1.173177111e-10
14297	196.8172489	9.810108281e-11
14298	198.3496186	-1.708144737e-10
14299	200.3575957	-3.829114803e-11
14300	202.7249916	2.623465889e-10
14301	205.3232355	-2.964775092e-10
14302	208.0230873	-1.826663265e-10
14303	210.7038941	9.897505038e-11
14304	213.2594864	-4.119762309e-10
14305	215.6003548	-9.13189524e-11
14306	217.6523226	2.640021535e-11
14307	219.3524439	1.644764325e-10
14308	220.643256	-2.532907217e-10
14309	221.4667323	-1.080557865e-10
14310	221.7593049	1.497859614e-10
14311	221.4491408	-3.006803695e-10
14312	220.4564973	-1.355644486e-10
14313	218.6974932	1.102336e-10
14314	216.0910866	-3.725943998e-10
14315	212.5685148	-1.098356961e-10
14316	208.0840071	1.390887405e-11
14317	202.625291	2.049773684e-10
14318	196.2223144	-3.044142716e-10
14319	188.952725	3.072742061e-11
14320	180.9429791	1.136548633e-10
14321	172.3644455	-1.126494453e-10
14322	163.4244827	-5.712763596e-12
14323	154.3531142	4.089173444e-12
14324	145.3865254	7.099032473e-11
14325	136.7490837	1.007833816e-10
14326	128.6358674	-1.136264416e-10
14327	121.1977379	-1.104538683e-11
14328	114.530793	7.283773584e-11
14329	108.6715992	1.765343427e-11
14330	103.5989765	-1.042188558e-10
14331	99.24235804	1.366196045e-10
14332	95.49596368	1.177795639e-10
14333	92.2372997	-9.985612337e-11
14334	89.34791988	-1.287681073e-10
14335	86.73402932	1.993996079e-10
14336	84.34443154	3.872813181e-11
14337	82.18353266	-1.330668908e-10
14338	80.31760661	2.380637909e-10
14339	78.87324637	2.687983169e-11
14340	78.02779901	-9.145395552e-11
14341	77.99251142	-1.575166664e-10
14342	78.98999129	1.521414106e-10
14343	81.22831153	-5.585931717e-11
14344	84.87456662	-4.19184687e-11
14345	90.0308642	5.083933274e-11
14346	96.71557548	-3.072031518e-11
14347	104.8521816	-3.154809747e-12
14348	114.2672881	2.578559588e-11
14349	124.6984129	6.871303526e-11
14350	135.8110923	-3.917577374e-11
14351	147.223809	-9.840306348e-11
14352	158.5383441	-1.419202533e-10
14353	169.3724996	-2.319886505e-10
14354	179.3918012	4.57625049e-11
14355	188.336824	-3.068727494e-10
14356	196.0431885	-3.472955257e-10
14357	202.4520077	3.486633204e-11
14358	207.6095634	6.480505021e-11
14359	211.6561335	-1.666826677e-10
14360	214.8050679	-2.174971314e-11
14361	217.3142841	6.995293234e-12
14362	219.4532032	-3.782680835e-10
14363	221.4686846	-1.830144924e-10
14364	223.5536678	2.500328833e-10
14365	225.8219842	-3.090292466e-10
14366	228.2921702	-2.193303317e-10
14367	230.8821715	-1.174740305e-10
14368	233.4156676	3.01319858e-10
14369	235.6394981	-2.56537902e-10
14370	237.2504648	-5.436717743e-11
14371	237.9287552	-2.820854661e-12
14372	237.3744932	-3.231903634e-10
14373	235.3435507	2.863131954e-11
14374	231.6787979	1.614779421e-10
14375	226.3334225	-3.56820351e-10
14376	219.3837584	-2.593516513e-10
14377	211.0301587	-1.248565695e-10
14378	201.5856873	1.324131915e-10
14379	191.4536807	4.90096852e-11
14380	181.0963824	3.930722414e-11
14381	170.9977786	1.119850879e-10
14382	161.624347	-5.190159413e-11
14383	153.387624	-3.831246431e-11
14384	146.6122748	9.575629178e-11
14385	141.512739	9.334755191e-11
14386	138.180607	-1.187316911e-10
14387	136.583734	1.441620157e-10
14388	136.5768778	1.452704623e-10
14389	137.9224525	2.361844054e-11
14390	140.3189804	2.616218353e-11
14391	143.4340803	-1.846345299e-11
14392	146.9384485	-7.136691238e-11
14393	150.5372823	-1.471320843e-10
14394	153.9959838	1.456612608e-12
14395	157.1576873	6.264855301e-11
14396	159.9511157	-1.669242522e-10
14397	162.3883646	-8.139267038e-11
14398	164.5533245	-1.146531758e-10
14399	166.5824501	-2.394635601e-10
14400	168.6403729	-1.22344801e-10
14401	170.8933405	-6.027178756e-11
14402	173.4836117	1.772804126e-12
14403	176.5077256	-1.459312671e-10
14404	180.0010421	-1.56653357e-10
14405	183.9301652	-8.33715319e-11
14406	188.1939274	-3.397531145e-10
14407	192.6326247	-3.608420229e-10
14408	197.0442651	-1.556017537e-10
14409	201.2058362	-3.843574348e-10
14410	204.8970821	-4.225171324e-10
14411	207.9240642	-1.6464341e-10
14412	210.1398771	-5.552536209e-11
14413	211.4602804	-3.815898708e-10
14414	211.87264	-2.602149607e-10
14415	211.4373596	-7.151612635e-11
14416	210.2818455	-4.377476159e-10
14417	208.5878687	-1.820623652e-10
14418	206.5738833	-4.153477562e-11
14419	204.4743575	-3.433768825e-10
14420	202.5184079	-2.248157216e-10
14421	200.9100039	-1.321573961e-10
14422	199.8117135	1.137614447e-10
14423	199.3334652	-2.388382825e-10
14424	199.5271494	-8.512657246e-11
14425	200.3871711	1.352198353e-10
14426	201.8563788	-2.71217715e-10
14427	203.8362134	-3.05252712e-10
14428	206.199511	2.234443741e-10
14429	208.8042015	2.142606093e-10
14430	211.5061814	-1.253361859e-10
14431	214.1698925	-4.289901767e-11
14432	216.6755683	2.729976245e-10
14433	218.9226518	-2.598170568e-10
14434	220.8294708	-4.884626037e-11
14435	222.3297968	1.147490991e-10
14436	223.3673496	-3.394404757e-10
14437	223.8895704	-2.150102318e-10
14438	223.8420561	1.645759085e-10
14439	223.1649064	2.343085725e-10
14440	221.7919138	-2.13791651e-10
14441	219.6530597	5.761435773e-11
14442	216.6802484	-1.802291649e-11
14443	212.815664	-3.151932049e-10
14444	208.0216767	-2.950173439e-11
14445	202.2908947	7.91899879e-11
14446	195.6548239	8.026646015e-11
14447	188.1896688	-8.07212075e-11
14448	180.018092	-2.186695269e-11
14449	171.3062132	3.245759217e-11
14450	162.2557059	5.436717743e-11
14451	153.0914903	-5.554667837e-11
14452	144.04612	-1.01820774e-10
14453	135.3424537	-2.447819725e-11
14454	127.1765197	8.120437656e-11
14455	119.7025691	4.970246437e-11
14456	113.0221571	-7.621281384e-11
14457	107.1786982	-1.413305029e-10
14458	102.1583529	-6.194156299e-11
14459	97.89737802	-7.089440146e-11
14460	94.29530267	1.03632658e-10
14461	91.23256759	-1.56255453e-10
14462	88.59066724	-6.148326293e-11
14463	86.27245521	1.579785192e-10
14464	84.22015296	3.683808814e-11
14465	82.42877201	1.281357243e-10
14466	80.95310791	-2.380211583e-10
14467	79.90714697	8.024159115e-11
14468	79.45557252	9.123368727e-12
14469	79.79797163	3.874234267e-11
14470	81.1472216	1.606892397e-10
14471	83.70427409	5.127986924e-11
14472	87.63206397	-1.605222621e-10
14473	93.03148278	-2.25803376e-10
14474	99.92224121	8.529710271e-11
14475	108.2310025	-5.179501272e-11
14476	117.7884432	-2.143885069e-10
14477	128.3359611	1.085069812e-10
14478	139.5417052	-2.809130706e-11
14479	151.0245653	2.483702133e-11
14480	162.3838417	-9.829648207e-11
14481	173.2316331	-1.899032043e-10
14482	183.2246059	-4.390088293e-11
14483	192.0917964	9.812595181e-11
14484	199.6554534	-3.21755067e-10
14485	205.8426246	-2.423661272e-11
14486	210.6861488	8.787992556e-11
14487	214.3148429	-4.827356292e-10
14488	216.93384	-1.934807869e-10
14489	218.7971185	1.863398325e-11
14490	220.1751371	2.076205874e-10
14491	221.321064	-1.650128922e-10
14492	222.4392799	2.852829084e-12
14493	223.6596384	6.053113566e-11
14494	225.020377	-3.051070507e-10
14495	226.4616671	8.170530919e-11
14496	227.8306551	1.093702906e-10
14497	228.8976077	-3.595843623e-10
14498	229.3815628	-2.052757964e-10
14499	228.9828406	-1.924860271e-11
14500	227.4189933	2.421138845e-10
14501	224.4603647	-3.716245089e-10
14502	219.9614296	-1.024922369e-10
14503	213.8844918	1.918643022e-10
14504	206.3131019	-2.627515983e-10
14505	197.4536162	-6.097522487e-11
14506	187.6245596	5.880451681e-11
14507	177.2347253	-1.756461643e-10
14508	166.7521247	1.758238e-11
14509	156.6668489	5.75290926e-11
14510	147.451533	6.515321616e-11
14511	139.523345	5.57633939e-11
14512	133.211244	5.983835649e-11
14513	128.7316753	-3.541344995e-11
14514	126.1749724	1.53029589e-10
14515	125.5036047	9.402967294e-11
14516	126.562173	-1.848121656e-11
14517	129.0978521	-6.554756737e-12
14518	132.7889273	9.071499107e-11
14519	137.2782949	-8.587619504e-11
14520	142.2083587	-1.811883976e-12
14521	147.2537161	-4.188294156e-11
14522	152.1483632	-1.213500411e-10
14523	156.7048369	-1.535838123e-11
14524	160.8236523	-2.040607683e-10
14525	164.4924948	-3.153921568e-10
14526	167.7757484	-8.965983511e-11
14527	170.7959765	8.637002225e-11
14528	173.7097971	-2.917666109e-10
14529	176.6811274	-1.119495607e-10
14530	179.8549662	-8.762413017e-11
14531	183.3347145	-3.694680117e-10
14532	187.1655425	-1.835473995e-10
14533	191.3255502	-1.350173306e-10
14534	195.7255351	1.956834694e-11
14535	200.2171813	-4.12185841e-10
14536	204.6085347	-1.902584756e-10
14537	208.6848329	5.772449185e-11
14538	212.2322021	-3.317737196e-10
14539	215.061472	-1.801083727e-10
14540	217.0294177	-1.697877394e-10
14541	218.0550935	-4.320526159e-10
14542	218.1295375	-2.154720846e-10
14543	217.3179079	-4.696332212e-11
14544	215.7539821	2.64851252e-10
14545	213.6277958	-3.257696335e-10
14546	211.1679272	-7.305445138e-11
14547	208.6204695	-1.609734568e-11
14548	206.2270129	-3.108091562e-10
14549	204.2039702	-1.104538683e-10
14550	202.7253199	-7.795009083e-11
14551	201.9103578	-2.961790813e-10
14552	201.8174068	-1.46155088e-10
14553	202.44371	4.29842828e-11
14554	203.7310221	2.00937933e-10
14555	205.5757978	-2.701803226e-10
14556	207.842424	-5.070432962e-11
14557	210.3777044	7.860023743e-11
14558	213.0248033	-3.079776434e-10
14559	215.6350709	-8.985523436e-11
14560	218.0765833	8.083489433e-11
14561	220.2387647	2.871587412e-10
14562	222.0330482	-2.747562178e-10
14563	223.3900972	-5.038458539e-11
14564	224.2545761	1.52024171e-10
14565	224.5787678	-3.723350517e-10
14566	224.3164478	-1.895088531e-10
14567	223.4183293	1.853130982e-10
14568	221.8301104	-2.32628139e-10
14569	219.4937129	-1.47743151e-10
14570	216.3517809	5.320544005e-11
14571	212.3549607	1.375219938e-10
14572	207.4710022	-2.969500201e-10
14573	201.6943614	-1.28721922e-10
14574	195.0548089	1.204618627e-10
14575	187.6235744	-1.924078674e-10
14576	179.5157969	-1.269917504e-10
14577	170.8884738	-1.367475022e-10
14578	161.9336531	-2.709654723e-11
14579	152.8672369	-1.300435315e-10
14580	143.9143627	-5.97637495e-11
14581	135.2928421	-1.625686252e-10
14582	127.1964762	2.949818168e-11
14583	119.7801979	1.135624927e-10
14584	113.1488758	2.791011866e-11
14585	107.3512661	9.894307595e-11
14586	102.3800467	5.762501587e-11
14587	98.17817331	-1.569340213e-10
14588	94.65104503	-2.491837847e-10
14589	91.68323675	1.439666164e-10
14590	89.15795304	-2.509992214e-11
14591	86.97694543	-9.913847521e-11
14592	85.07848112	1.007123274e-10
14593	83.45107762	1.502229452e-10
14594	82.14112342	-1.659579141e-10
14595	81.25314885	1.015081352e-10
14596	80.9423279	1.802256122e-10
14597	81.39968933	-1.938005312e-11
14598	82.83139173	6.792788554e-11
14599	85.43416903	1.050608489e-10
14600	89.36958825	-4.514433272e-11
14601	94.74001192	-5.206146625e-11
14602	101.569084	1.431317287e-10
14603	109.7891613	-3.87245791e-11
14604	119.237425	2.032045643e-10
14605	129.661504	-7.990053064e-12
14606	140.7344127	-6.669864661e-11
14607	152.0775744	-1.111217784e-10
14608	163.2897715	2.043734071e-10
14609	173.9791555	-2.290256873e-10
14610	183.7950386	-1.075441958e-10
14611	192.4561315	1.095905588e-10
14612	199.7722022	-3.254250203e-10
14613	205.6567838	-3.042899266e-11
14614	210.129482	-1.736566446e-11
14615	213.3075383	9.553247082e-12
14616	215.3874638	-1.890185786e-10
14617	216.6186491	4.450484425e-11
14618	217.271756	8.388312267e-11
14619	217.6052999	-3.318483266e-10
14620	217.8340726	-1.140811889e-10
14621	218.1028998	1.244515602e-10
14622	218.4686845	1.56479274e-10
14623	218.89282	-1.605755529e-10
14624	219.244945	-1.250306525e-10
14625	219.3177871	1.225402002e-10
14626	218.8516271	-1.857216603e-10
14627	217.5658486	1.109867753e-11
14628	215.1942352	8.495248949e-11
14629	211.5202285	-3.317666142e-10
14630	206.4083143	-2.513438346e-10
14631	199.8280762	2.685851541e-11
14632	191.8681943	1.567919128e-10
14633	182.7387095	-8.972378396e-11
14634	172.7610965	-6.226485993e-11
14635	162.3469633	3.833733331e-11
14636	151.9673931	6.192379942e-12
14637	142.115921	-1.861231169e-10
14638	133.2688041	-8.040146326e-11
14639	125.8465204	8.093792303e-11
14640	120.18029	1.430322527e-11
14641	116.4868789	-7.192824114e-11
14642	114.8540655	1.870148481e-11
14643	115.2380341	-2.546229894e-11
14644	117.4727214	6.405542763e-11
14645	121.289918	8.512657246e-11
14646	126.3478464	-1.009574646e-10
14647	132.265116	-8.254374961e-11
14648	138.6564798	-1.680078299e-11
14649	145.1667233	-1.278621653e-11
14650	151.4993233	-5.555023108e-11
14651	157.4371662	-8.841993804e-11
14652	162.8535427	-2.841922253e-10
14653	167.7127357	-2.083773154e-10
14654	172.0606558	-1.801616634e-10
14655	176.0070428	-1.124007554e-10
14656	179.7016148	-5.308038453e-10
14657	183.3071296	-2.306030922e-10
14658	186.9725595	-6.722444823e-11
14659	190.8094578	8.333600476e-11
14660	194.8741364	-5.077893661e-10
14661	199.1575337	-2.862101667e-10
14662	203.5837245	-1.496971436e-10
14663	208.0170157	-3.897113743e-10
14664	212.2765967	-1.516013981e-10
14665	216.1568838	-1.183622089e-10
14666	219.4510974	1.829221219e-10
14667	221.9753066	-5.077716025e-10
14668	223.5901914	-2.624922502e-10
14669	224.2180949	6.302514066e-11
14670	223.853529	-4.204032678e-10
14671	222.566074	-3.699369699e-10
14672	220.4954869	7.390354995e-11
14673	217.8397015	-3.67851527e-10
14674	214.8371665	-2.591278303e-10
14675	211.7455416	2.896172191e-11
14676	208.8190968	1.355182633e-10
14677	206.2872097	-2.121751663e-10
14678	204.3361303	-6.507505645e-11
14679	203.0957214	1.177262732e-10
14680	202.6322474	-1.776925274e-10
14681	202.947552	-6.730260793e-11
14682	203.9842374	-1.317381759e-10
14683	205.6358003	-2.317612768e-10
14684	207.7601959	-1.041691178e-10
14685	210.1950115	-2.458122594e-11
14686	212.7723896	2.403588439e-10
14687	215.3320237	-2.710862645e-10
14688	217.7309334	-4.28279634e-11
14689	219.8492518	2.734203974e-10
14690	221.5918543	-2.593516513e-10
14691	222.8862412	-1.021476237e-10
14692	223.6775911	7.202416441e-11
14693	223.9222464	3.127986758e-10
14694	223.5810572	-2.126689935e-10
14695	222.6139553	-1.172928421e-10
14696	220.9768832	1.728288623e-10
14697	218.6217962	-4.662581432e-10
14698	215.4999387	-1.11946008e-11
14699	211.568053	2.480859962e-11
14700	206.7966794	-3.793374503e-10
14701	201.1793136	-2.265565513e-10
14702	194.7409734	-1.097468783e-10
14703	187.5447061	1.08794751e-10
14704	179.6947636	-1.921343085e-10
14705	171.3355516	-8.276401786e-11
14706	162.6459867	-9.023892744e-12
14707	153.8294947	-1.32853728e-10
14708	145.1004865	-5.056222108e-11
14709	136.6686697	-1.438991148e-10
14710	128.7229245	-7.580780448e-11
14711	121.4166382	-8.693490372e-11
14712	114.8563209	-5.440625728e-11
14713	109.0950234	2.484767947e-11
14714	104.1315614	-7.737810392e-12
14715	99.9158932	-6.339107017e-11
14716	96.36025525	-1.318909426e-10
14717	93.35494381	6.492939519e-11
14718	90.78700846	-4.100897399e-11
14719	88.55969066	-3.469580179e-11
14720	86.61024923	-1.884998824e-10
14721	84.92390024	2.373212737e-11
14722	83.54196051	-1.476152534e-11
14723	82.56288945	-8.835598919e-11
14724	82.13570914	2.734097393e-10
14725	82.44616174	6.720668466e-11
14726	83.69683544	-1.077680167e-10
14727	86.08325247	3.338023191e-10
14728	89.76847301	-8.064660051e-12
14729	94.85905429	7.095835031e-11
14730	101.3851734	-6.312106393e-11
14731	109.2873692	-1.927347171e-11
14732	118.4117119	9.15534315e-12
14733	128.5143385	3.864286668e-11
14734	139.2752841	5.162448247e-11
14735	150.3205113	1.023181539e-12
14736	161.2501029	-2.124167509e-11
14737	171.6698496	9.6150643e-11
14738	181.2230158	-5.538325354e-11
14739	189.6189675	1.092601565e-10
14740	196.6556119	2.19859686e-10
14741	202.2332025	-2.353637285e-10
14742	206.357955	-6.554756737e-11
14743	209.134998	1.340794142e-10
14744	210.7513311	-2.774598329e-10
14745	211.4505604	-2.69864131e-10
14746	211.5021017	-4.63096228e-11
14747	211.1681782	1.667110894e-10
14748	210.672224	-1.668958305e-10
14749	210.1721932	-4.309441692e-12
14750	209.7417797	8.425971032e-11
14751	209.3617205	-2.771898266e-10
14752	208.9222756	-1.211937217e-10
14753	208.2367635	5.003286674e-11
14754	207.0648161	2.994546833e-10
14755	205.1429367	-1.497184599e-10
14756	202.2191066	-1.115196824e-11
14757	198.0877067	9.21502874e-11
14758	192.620925	-2.413607092e-10
14759	185.7931522	-3.348787914e-11
14760	177.6955694	-6.221512194e-11
14761	168.5391459	-2.410018851e-10
14762	158.6454707	5.736922049e-11
14763	148.426123	2.605560212e-11
14764	138.3524898	6.745537462e-11
14765	128.9189509	7.359091114e-11
14766	120.6030508	3.196731768e-11
14767	113.8265954	-1.80055082e-10
14768	108.9215137	7.108269529e-11
14769	106.1038259	3.958788852e-11
14770	105.4582066	1.907807246e-11
14771	106.9345314	1.537756589e-10
14772	110.3565559	-1.870148481e-11
14773	115.4416334	-6.852118872e-11
14774	121.8292732	-8.30340241e-11
14775	129.1154786	-1.060058707e-10
14776	136.8892819	-5.147882121e-11
14777	144.7677592	-7.219469467e-11
14778	152.4260701	-1.129336624e-10
14779	159.6196911	-1.383497761e-10
14780	166.1969204	-6.097877758e-11
14781	172.1008295	-3.63087338e-12
14782	177.3609874	-3.022186945e-10
14783	182.0763734	-3.086668698e-10
14784	186.3918	1.081055245e-10
14785	190.4707906	-2.816875622e-10
14786	194.4681442	-2.65881539e-10
14787	198.5053387	-3.779376812e-11
14788	202.6515012	-2.530669008e-10
14789	206.9119548	-3.622417921e-10
14790	211.2254339	-1.77287518e-10
14791	215.4700437	1.362252533e-10
14792	219.4770418	-3.684945682e-10
14793	223.0506564	-1.309210518e-10
14794	225.9915132	9.703526871e-11
14795	228.1208951	-4.40874004e-10
14796	229.303028	-2.578559588e-10
14797	229.4628773	-2.135536192e-11
14798	228.5975039	3.27773364e-11
14799	226.7797954	-1.12095222e-10
14800	224.1542693	2.335553972e-11
14801	220.9255309	2.509281671e-11
14802	217.340764	-2.307807279e-10
14803	213.6682451	5.250200275e-11
14804	210.1742418	3.552713679e-12
14805	207.1007433	-4.143068111e-10
14806	204.6462847	-1.239897074e-11
14807	202.9516845	-2.965094836e-11
14808	202.0918914	2.318358838e-10
14809	202.074402	-9.915623878e-11
14810	202.8439556	-2.761915141e-10
14811	204.2925346	1.106208458e-10
14812	206.2731638	-2.363940155e-10
14813	208.6156765	-1.527880045e-10
14814	211.1425281	1.5869972e-10
14815	213.6828841	-3.211759747e-10
14816	216.0835701	-2.278461864e-10
14817	218.2159843	-2.926725529e-11
14818	219.9786734	1.535127581e-10
14819	221.2958769	-2.316156156e-10
14820	222.1128745	-1.734115074e-10
14821	222.3893661	1.086739587e-10
14822	222.0923143	-4.044089508e-10
14823	221.1896769	-9.962519698e-11
14824	219.6462456	-1.151398976e-10
14825	217.4224301	2.387423592e-10
14826	214.4763234	-2.330118321e-10
14827	210.7688459	-2.340634353e-10
14828	206.2712433	9.841727433e-11
14829	200.973799	-2.56985544e-10
14830	194.8943618	-5.22568655e-11
14831	188.0852283	-1.676774275e-10
14832	180.6370665	-4.393427844e-10
14833	172.6789068	-1.163407148e-10
14834	164.3737202	-9.09565756e-11
14835	155.9096857	-1.338165134e-10
14836	147.4878485	-1.918252224e-10
14837	139.3074011	-1.344062639e-10
14838	131.5502193	-3.697309126e-11
14839	124.3664828	-6.980016565e-11
14840	117.8631869	-1.096580604e-10
14841	112.0970891	-1.178293019e-10
14842	107.0731652	-2.756515016e-10
14843	102.7490178	8.48778825e-11
14844	99.04496638	-1.328928079e-10
14845	95.85883156	-8.033396171e-11
14846	93.08379799	1.647038061e-10
14847	90.62728493	-1.929514326e-10
14848	88.42852741	-6.811617936e-11
14849	86.47261603	2.424727086e-10
14850	84.79906208	1.132249849e-10
14851	83.50351969	-2.049524994e-10
14852	82.7320499	1.99733563e-11
14853	82.66816976	2.488214079e-10
14854	83.51379532	7.36584127e-11
14855	85.46595804	1.826450102e-11
14856	88.69175697	2.20591545e-10
14857	93.30432825	-6.810196851e-11
14858	99.34262421	4.508038387e-11
14859	106.7574844	-9.622524999e-11
14860	115.4058766	1.918039061e-10
14861	125.0543468	7.1061379e-11
14862	135.3917334	-7.68771713e-11
14863	146.0501793	3.335287602e-11
14864	156.6325311	8.084199976e-11
14865	166.7434586	5.415401461e-11
14866	176.0211459	-1.980851039e-10
14867	184.1662626	-4.706635082e-11
14868	190.9651411	3.36868311e-11
14869	196.304651	2.063273996e-10
14870	200.1771105	-4.295230838e-11
14871	202.6746289	3.614530897e-11
14872	203.9734126	-1.430322527e-11
14873	204.3096661	-1.593321031e-10
14874	203.9496589	1.027373742e-10
14875	203.1571995	9.297806969e-11
14876	202.1620811	-3.16383364e-10
14877	201.1330022	-2.278675026e-10
14878	200.1580103	1.257021154e-10
14879	199.2347326	2.050519754e-10
14880	198.2716005	-1.963442742e-10
14881	197.1000802	-7.133849067e-11
14882	195.4967105	-4.387601393e-12
14883	193.2126469	-2.774989127e-10
14884	190.007555	-1.397353344e-10
14885	185.6841709	1.001438932e-10
14886	180.1197149	5.554312565e-11
14887	173.2906267	-2.050057901e-10
14888	165.2877576	-1.434230512e-11
14889	156.320137	-4.977351864e-12
14890	146.7066197	-2.333777616e-11
14891	136.8560004	3.048228336e-12
14892	127.2373959	-1.382538528e-10
14893	118.3437345	1.614886003e-10
14894	110.6519255	1.079918377e-10
14895	104.5836428	-9.299938597e-11
14896	100.4706014	-5.805134151e-11
14897	98.52774133	9.127631984e-11
14898	98.83691524	-5.965716809e-11
14899	101.3425871	-1.10382814e-10
14900	105.8598131	1.108233505e-10
14901	112.0935216	-2.536637567e-12
14902	119.6669766	3.304023721e-12
14903	128.1564067	-1.297841834e-10
14904	137.1282221	-1.027409269e-10
14905	146.1750553	-1.903543989e-11
14906	154.9470896	-1.145181727e-10
14907	163.175726	-2.145306155e-10
14908	170.6875314	-8.767031545e-11
14909	177.4075033	1.314077736e-10
14910	183.3518472	-2.873576932e-10
14911	188.61158	-1.66181735e-10
14912	193.3292132	2.472333449e-11
14913	197.6714401	1.588063014e-12
14914	201.8010833	-2.938840282e-10
14915	205.8515252	9.804423939e-11
14916	209.9064529	2.2595259e-12
14917	213.9870608	-4.90977925e-10
14918	218.0479404	-1.45497836e-10
14919	221.981868	-6.433609201e-11
14920	225.6326822	-3.604547771e-10
14921	228.8145446	-2.647233543e-10
14922	231.3351973	-6.653877449e-11
14923	233.0204309	5.114131341e-11
14924	233.7369087	-3.252331737e-10
14925	233.4107444	-1.531503813e-10
14926	232.0397666	2.716404879e-11
14927	229.6981619	-3.581526187e-10
14928	226.5330688	-2.108926367e-10
14929	222.7536014	-6.092193416e-11
14930	218.6136027	2.556390655e-10
14931	214.3900838	-2.76514811e-10
14932	210.3597139	-5.114841883e-11
14933	206.7758584	1.483648759e-10
14934	203.8485099	-1.746585099e-10
14935	201.729042	3.478106692e-11
14936	200.5011051	8.733280765e-11
14937	200.1782429	-1.828972529e-10
14938	200.708042	-5.611511256e-11
14939	201.981915	1.103899194e-10
14940	203.8490432	1.376498915e-10
14941	206.1326418	-2.584457093e-10
14942	208.6465731	8.318679079e-11
14943	211.2104492	1.075726175e-10
14944	213.6616941	-2.739533045e-10
14945	215.8635392	-1.658087001e-10
14946	217.7085245	-4.797584552e-11
14947	219.1176988	1.738662547e-10
14948	220.0362744	-2.59937849e-10
14949	220.4269227	-5.298517181e-11
14950	220.2621439	2.447606562e-10
14951	219.5171856	-2.364330953e-10
14952	218.1648161	-1.947988437e-10
14953	216.1729062	1.43884904e-11
14954	213.5052934	-3.871285514e-10
14955	210.1258601	-2.962181611e-10
14956	206.005224	-6.416556175e-11
14957	201.1289965	1.866595767e-10
14958	195.5062651	-2.410018851e-10
14959	189.1768518	-1.506244018e-10
14960	182.215997	2.767208684e-11
14961	174.7354184	-1.753690526e-10
14962	166.880154	-1.449045328e-10
14963	158.821159	-1.165787467e-10
14964	150.7442194	-1.616093925e-10
14965	142.8362875	-5.530864655e-11
14966	135.2707649	-9.701039971e-11
14967	128.1934961	-1.134630168e-10
14968	121.7112508	1.399058647e-10
14969	115.8842593	-1.606572653e-10
14970	110.7239358	-1.558575491e-10
14971	106.1963302	1.232685065e-10
14972	102.2311553	-2.475886163e-11
14973	98.7355304	1.550404249e-10
14974	95.61094755	-1.044355713e-10
14975	92.77148927	1.338946731e-10
14976	90.16107005	2.842170943e-14
14977	87.76747708	-1.200852751e-10
14978	85.63126233	-3.094058343e-11
14979	83.84806165	2.13010054e-10
14980	82.56363602	3.19211324e-11
14981	81.96176586	1.660396265e-10
14982	82.24598567	1.740474431e-10
14983	83.61692381	8.220624181e-11
14984	86.24761444	-1.063895638e-10
14985	90.25950099	1.562199259e-10
14986	95.70190053	1.196944766e-10
14987	102.5374329	1.925570814e-12
14988	110.6353547	2.229292306e-10
14989	119.7739354	1.146815976e-10
14990	129.6520511	-4.427036515e-11
14991	139.9091603	1.019522244e-10
14992	150.1518776	1.244480075e-10
14993	159.9845815	-1.274038652e-10
14994	169.0409801	1.445243925e-10
14995	177.0133749	4.601119485e-11
14996	183.6765307	-9.283951385e-11
14997	188.9035835	1.356070811e-10
14998	192.6722266	-1.476863076e-10
14999	195.0604433	-1.515374493e-10
15000	196.2321758	7.659650691e-11
15001	196.4144247	3.31830563e-10
15002	195.8682272	-1.185540555e-10
15003	194.8566636	7.089084875e-11
15004	193.6134064	1.30359723e-10
15005	192.3153093	-2.320312831e-10
15006	191.0621284	-9.961453884e-11
15007	189.8657183	-1.301359021e-11
15008	188.6500273	-3.85284693e-10
15009	187.2620354	-1.094591084e-10
15010	185.4925712	-3.234390533e-11
15011	183.1048314	-9.904965736e-12
15012	179.8675438	-1.888693646e-10
15013	175.5891507	-1.277555839e-10
15014	170.1492199	-5.029221484e-11
15015	163.5235236	-2.074500571e-10
15016	155.7998554	-1.978506248e-11
15017	147.1826044	-8.517631045e-11
15018	137.9852789	2.50111043e-12
15019	128.6114399	-1.038671371e-10
15020	119.5257382	4.243361218e-11
15021	111.2178037	-1.022506524e-10
15022	104.1625089	2.110311925e-12
15023	98.78052596	9.353939845e-11
15024	95.40308898	-4.389022479e-11
15025	94.24444287	1.538680294e-10
15026	95.38467631	4.621725225e-11
15027	98.76456387	-1.344027112e-10
15028	104.1928109	-3.189271069e-11
15029	111.3648306	1.807975991e-11
15030	119.8910232	-1.405737748e-10
15031	129.3315936	-8.591172218e-11
15032	139.2343343	-7.968736782e-12
15033	149.1715799	5.350742072e-11
15034	158.7727132	-1.114983661e-10
15035	167.7491688	-2.68300937e-11
15036	175.9097428	-1.994173715e-10
15037	183.1651054	-1.830002816e-10
15038	189.5215851	9.746159435e-11
15039	195.065431	-3.841336138e-10
15040	199.939738	-6.875922054e-11
15041	204.3169319	-8.625988812e-12
15042	208.3700926	-5.474127818e-10
15043	212.2464022	-2.879048111e-10
15044	216.0456536	3.986144748e-12
15045	219.8060909	1.650093395e-10
15046	223.4989505	-5.143760973e-10
15047	227.0320516	-6.192379942e-11
15048	230.261744	1.603162048e-10
15049	233.0115914	-4.216893501e-10
15050	235.0954481	-1.230340274e-10
15051	236.3421413	8.221334724e-11
15052	236.6188577	-6.078408887e-10
15053	235.8505477	-2.556284073e-10
15054	234.0331669	-7.476330666e-11
15055	231.2393198	2.354063611e-10
15056	227.6157508	-3.432560902e-10
15057	223.3730486	-1.759588031e-10
15058	218.7687839	1.826450102e-10
15059	214.0859882	-3.557474315e-10
15060	209.6093389	-7.406342206e-11
15061	205.601588	5.82822679e-11
15062	202.2826572	7.953460113e-11
15063	199.8134366	-1.097575364e-10
15064	198.2857253	-2.182076742e-11
15065	197.7190168	9.002576462e-11
15066	198.0640454	-1.525997106e-10
15067	199.2122743	-2.685212053e-10
15068	201.0098946	1.454836251e-10
15069	203.2744942	-2.885336414e-10
15070	205.8123821	-2.019255874e-10
15071	208.4346246	5.698197469e-11
15072	210.970157	5.897859978e-11
15073	213.2748152	-1.77287518e-10
15074	215.2357361	-7.466383067e-11
15075	216.7712078	6.214406767e-11
15076	217.826639	-4.092974848e-10
15077	218.367789	-2.392965825e-10
15078	218.3726891	-1.374900194e-12
15079	217.8237734	1.888871282e-10
15080	216.7016054	-2.886935135e-10
15081	214.9812713	-1.536655247e-10
15082	212.6320457	2.918554287e-11
15083	209.6203971	-3.181561681e-10
15084	205.915857	-2.642401853e-10
15085	201.4988057	1.05444542e-11
15086	196.368892	-3.892139944e-10
15087	190.5526549	-2.990567793e-10
15088	184.108965	-5.737632591e-12
15089	177.1311639	-1.776356839e-14
15090	169.7451995	-2.85425017e-10
15091	162.1035963	1.959676865e-11
15092	154.3756845	-1.444142583e-10
15093	146.7350598	-2.400213361e-10
15094	139.3456913	-8.90842955e-11
15095	132.3483631	-6.508216188e-11
15096	125.8491966	-6.549782938e-11
15097	119.9118294	2.26485497e-11
15098	114.5544414	6.066613878e-11
15099	109.7522613	-6.366818184e-11
15100	105.4455178	1.21922028e-10
15101	101.5521046	2.074784788e-11
15102	97.98358981	-1.28039801e-10
15103	94.66270539	1.019344609e-10
15104	91.54016202	1.286117879e-10
15105	88.60860211	-7.485922993e-11
15106	85.91173478	-9.453060557e-11
15107	83.54717944	9.266543088e-11
15108	81.66222915	4.878586424e-11
15109	80.44255525	9.263345646e-11
15110	80.09472069	3.744915489e-10
15111	80.82415025	8.214584568e-11
15112	82.81082675	3.403854976e-11
15113	86.18536433	3.067874843e-10
15114	91.00820002	2.61042743e-10
15115	97.25442135	2.099902474e-10
15116	104.806227	-7.034017813e-11
15117	113.4542497	2.458833137e-10
15118	122.9080344	2.045510428e-10
15119	132.8149667	1.788542647e-10
15120	142.7859912	3.806377435e-11
15121	152.4256663	3.787192782e-12
15122	161.363554	1.115694204e-10
15123	169.2837207	2.031939061e-10
15124	175.9492495	-3.268141313e-11
15125	181.2191381	-1.974598263e-11
15126	185.0557309	1.017816942e-10
15127	187.5218289	-1.054658583e-10
15128	188.7677278	-7.849010331e-11
15129	189.0095398	4.176214929e-11
15130	188.5011207	-1.097220093e-10
15131	187.5026592	-1.540918504e-10
15132	186.2493836	6.083666904e-11
15133	184.9238753	1.452420406e-10
15134	183.635116	-1.580779951e-10
15135	182.4066898	-1.306013075e-10
15136	181.1755766	-5.388045565e-11
15137	179.8018108	-6.365041827e-11
15138	178.0880799	-7.698730542e-11
15139	175.8072109	2.33235653e-11
15140	172.7345898	-2.484092931e-10
15141	168.6819579	-1.60412128e-10
15142	163.5288124	-1.523119408e-10
15143	157.2478367	8.984102351e-11
15144	149.9213637	-1.976516728e-10
15145	141.7467997	-5.224620736e-11
15146	133.0300818	-4.666844688e-11
15147	124.1675086	-8.067502222e-11
15148	115.6175197	7.288747383e-11
15149	107.8650807	-6.736300406e-11
15150	101.3821338	-2.262581233e-10
15151	96.58801514	1.020410423e-10
15152	93.81376953	-1.321822651e-10
15153	93.273911	-1.736211175e-11
15154	95.04841791	1.606750288e-10
15155	99.07670503	-4.611422355e-12
15156	105.1640882	1.437072683e-11
15157	112.9999854	-1.330491273e-11
15158	122.1859152	-3.323208375e-11
15159	132.2703881	4.371614182e-11
15160	142.787133	4.476419235e-12
15161	153.2928371	-7.475975394e-11
15162	163.4007113	-1.469508959e-10
15163	172.8067204	1.234710112e-10
15164	181.306162	-2.359357154e-10
15165	188.7993545	-2.27217356e-10
15166	195.2863736	-5.525535585e-11
15167	200.851938	4.505196216e-11
15168	205.6425548	-2.022986223e-10
15169	209.8387918	-4.870059911e-11
15170	213.6259721	2.101465668e-10
15171	217.1666357	-3.540350235e-10
15172	220.5778078	-2.031228519e-10
15173	223.9154661	2.761169071e-11
15174	227.167722	-2.76887846e-10
15175	230.2571979	-2.214513017e-10
15176	233.052029	-5.390177193e-11
15177	235.3839608	1.017568252e-10
15178	237.0712432	-2.419398015e-10
15179	237.9435404	-7.922906775e-11
15180	237.8659134	4.35811387e-11
15181	236.7591025	-3.984759189e-10
15182	234.6138215	-2.341700167e-10
15183	231.4974963	1.043112263e-10
15184	227.5527644	-3.996092346e-10
15185	222.9879836	-2.736157967e-10
15186	218.0608781	-5.632472266e-11
15187	213.0571806	4.513722729e-11
15188	208.2666203	-3.837818952e-10
15189	203.958833	-7.084466347e-11
15190	200.3616831	8.089529047e-11
15191	197.6441415	-4.706492973e-10
15192	195.9052744	-1.1642598e-10
15193	195.1701694	-4.772005013e-11
15194	195.3928262	8.452616385e-11
15195	196.465275	-2.671391997e-10
15196	198.2315438	4.654054919e-13
15197	200.5046387	5.234213063e-11
15198	203.0844867	-2.204139093e-10
15199	205.7748249	-1.563940089e-10
15200	208.3972933	-4.899547434e-11
15201	210.801455	-4.023483768e-10
15202	212.870066	-2.356763673e-10
15203	214.5195639	-2.647233543e-10
15204	215.6963569	1.481197387e-10
15205	216.370004	-2.594084947e-10
15206	216.5247092	-2.707167823e-10
15207	216.1506848	-4.297717737e-11
15208	215.236849	-3.670379556e-10
15209	213.766038	-3.14472004e-10
15210	211.7134706	-2.004867383e-10
15211	209.0486673	1.068514166e-10
15212	205.7404761	-2.379252351e-10
15213	201.7643568	-9.416822877e-11
15214	197.1107093	-1.09476872e-10
15215	191.7928317	-3.740510124e-10
15216	185.8531043	-1.784528081e-10
15217	179.3662047	-2.15678142e-10
15218	172.438548	-3.128484138e-10
15219	165.2036602	-2.375983854e-10
15220	157.8137674	9.766409903e-12
15221	150.4284386	-3.530686854e-11
15222	143.2015833	-1.986499854e-10
15223	136.2684097	5.570655048e-12
15224	129.7340504	-3.707256724e-11
15225	123.6654363	-2.501820973e-11
15226	118.0876613	-7.574385563e-12
15227	112.9855583	1.081694734e-10
15228	108.3105662	1.930402505e-10
15229	103.992286	4.431655043e-11
15230	99.95348358	8.331468848e-11
15231	96.12678509	-1.056008614e-10
15232	92.47099122	9.700329429e-11
15233	88.98486642	1.979003628e-10
15234	85.71644608	-9.779199672e-11
15235	82.76634631	3.560600703e-10
15236	80.28420808	2.706634916e-10
15237	78.4581918	-4.283506883e-11
15238	77.49827059	1.749356215e-11
15239	77.61485268	3.637268264e-10
15240	78.99490038	1.089368595e-10
15241	81.77812354	-1.870859023e-11
15242	86.03595344	2.631743712e-10
15243	91.75582251	3.502478307e-10
15244	98.83279666	8.717648825e-11
15245	107.069876	4.188649427e-10
15246	116.1873717	1.538822403e-10
15247	125.8407797	-3.635136636e-11
15248	135.6456204	2.090558837e-10
15249	145.2068982	8.815348451e-11
15250	154.1502625	1.804174588e-10
15251	162.1516876	1.071462918e-10
15252	168.9625675	-2.353104378e-10
15253	174.4275522	5.75539616e-11
15254	178.493186	8.665423934e-11
15255	181.2063696	8.297718068e-11
15256	182.7027614	-2.119193709e-10
15257	183.186332	-4.16342516e-11
15258	182.9022684	2.043556435e-10
15259	182.1061836	-1.334612421e-10
15260	181.0330291	-3.191757969e-11
15261	179.8691793	-7.789680012e-11
15262	178.73085	-3.68782338e-10
15263	177.6513431	-1.642028735e-10
15264	176.5786639	-1.072919531e-12
15265	175.383914	1.156053031e-10
15266	173.8796726	-3.753548583e-10
15267	171.8464444	-2.175752911e-10
15268	169.0643236	4.295586109e-11
15269	165.3463904	-1.659579141e-10
15270	160.5700992	-1.782360926e-10
15271	154.7030637	-1.297593144e-10
15272	147.8201905	-1.836575336e-10
15273	140.1099914	-2.214406436e-11
15274	131.8690334	-9.124789813e-11
15275	123.484741	-2.158913048e-10
15276	115.4080051	4.636646622e-11
15277	108.1181578	-2.239985974e-11
15278	102.0837024	-7.720046824e-11
15279	97.72267407	8.780887129e-11
15280	95.36657598	1.041300379e-10
15281	95.23149439	-1.160316287e-10
15282	97.39927195	-2.871054505e-10
15283	101.8105943	5.407585491e-11
15284	108.2706274	1.260431759e-10
15285	116.4665665	-1.825029017e-11
15286	125.9952532	4.593658787e-11
15287	136.3980209	-7.350919873e-11
15288	147.1992357	-1.058992893e-10
15289	157.9446897	-1.06474829e-10
15290	168.2360992	-1.36353151e-11
15291	177.758447	2.332711802e-11
15292	186.2977339	-3.343103572e-11
15293	193.7477645	-2.393107934e-10
15294	200.1057804	-1.230304747e-10
15295	205.4579331	1.075939338e-10
15296	209.9566302	-4.03090894e-10
15297	213.7925884	-2.561080237e-10
15298	217.1648988	9.446665672e-12
15299	220.2525087	3.569624596e-10
15300	223.1902506	-3.57367469e-10
15301	226.0519398	-8.904521565e-11
15302	228.8421911	1.498072777e-10
15303	231.4975774	-3.59413832e-10
15304	233.896682	-1.969482355e-10
15305	235.877606	1.999715948e-10
15306	237.2606884	-4.883737859e-10
15307	237.8736637	-2.462137161e-10
15308	237.5762759	-1.752198386e-11
15309	236.2814973	1.674962391e-10
15310	233.9709521	-2.482423156e-10
15311	230.7028472	-1.751629952e-10
15312	226.6115927	9.283596114e-11
15313	221.8992382	-3.031424001e-10
15314	216.819756	-3.973354978e-11
15315	211.6579674	-4.194689041e-11
15316	206.705448	-3.893170231e-10
15317	202.2360077	-6.349054615e-11
15318	198.4833083	-7.56585905e-11
15319	195.6228559	5.916689361e-11
15320	193.7600434	-1.982911613e-10
15321	192.9251929	-7.097256116e-11
15322	193.0757378	-6.035349998e-11
15323	194.1048992	-2.56488164e-10
15324	195.8555328	-2.607514205e-10
15325	198.1373263	9.613643215e-12
15326	200.745269	1.082689494e-10
15327	203.4773092	-2.686952882e-10
15328	206.1493581	-1.001616567e-10
15329	208.6062469	2.120117415e-10
15330	210.7278336	-4.844409318e-10
15331	212.4301157	-2.857802883e-10
15332	213.6618416	8.583711519e-11
15333	214.3976528	-3.896509781e-10
15334	214.6291699	-3.842792751e-10
15335	214.3556072	-1.195807897e-10
15336	213.5754547	3.282707439e-11
15337	212.2805136	-5.075264653e-10
15338	210.4531522	-1.393409832e-10
15339	208.0671205	-4.163780432e-12
15340	205.0917015	-3.534310622e-10
15341	201.4984588	-3.000089066e-10
15342	197.2694319	-1.364632851e-10
15343	192.4053949	2.148645706e-10
15344	186.9327521	-6.443201528e-11
15345	180.9078124	-1.187387966e-10
15346	174.4175318	-1.808686534e-11
15347	167.5763062	-2.87062818e-10
15348	160.5189521	-1.187672183e-11
15349	153.3905791	2.08046913e-11
15350	146.3345338	-2.500328833e-10
15351	139.4799358	-6.414424547e-11
15352	132.9304652	-1.318092302e-10
15353	126.7559828	-8.655476336e-11
15354	120.988271	1.432098884e-10
15355	115.6216977	5.297806638e-11
15356	110.6189993	-7.12674364e-12
15357	105.9217065	5.636380251e-11
15358	101.4641019	1.285869189e-10
15359	97.18906795	1.600319877e-10
15360	93.063841	1.659294924e-10
15361	89.09357479	1.025135532e-10
15362	85.33076419	1.404636407e-10
15363	81.87897774	-1.180211484e-11
15364	78.88995662	2.828741685e-10
15365	76.5538937	1.502691305e-10
15366	75.083523	9.997691564e-11
15367	74.69343063	3.225650858e-10
15368	75.57664951	1.472990618e-10
15369	77.88103698	7.811706837e-11
15370	81.6880996	1.588347232e-10
15371	86.99679059	1.931930171e-10
15372	93.71436992	7.431566473e-11
15373	101.6557235	1.068514166e-10
15374	110.5516588	2.080398076e-10
15375	120.0657242	9.413625435e-11
15376	129.8181455	5.377387424e-11
15377	139.41465	1.05977449e-11
15378	148.4773419	1.119566662e-10
15379	156.6744954	1.094946356e-11
15380	163.7461653	1.304414354e-10
15381	169.5228984	-2.392752663e-11
15382	173.9355247	-1.02801323e-10
15383	177.0149332	-1.163158458e-11
15384	178.8818157	-1.388364979e-10
15385	179.7274503	-2.052757964e-11
15386	179.7875962	9.59943236e-12
15387	179.3123502	-1.260147542e-11
15388	178.5352993	-1.896118818e-10
15389	177.6454157	-4.037659096e-11
15390	176.7648829	-8.584777333e-11
15391	175.9354149	-1.444071529e-10
15392	175.1147172	-8.448353128e-12
15393	174.1836262	-2.337685601e-12
15394	172.9632726	-2.522639875e-10
15395	171.2404823	-1.134274896e-10
15396	168.7986728	-3.826272632e-11
15397	165.4508381	-1.824318474e-11
15398	161.0709172	-2.794209308e-10
15399	155.6199407	-8.691714015e-11
15400	149.1638533	9.158895864e-12
15401	141.8807529	-2.384084041e-10
15402	134.05639	-4.730793535e-11
15403	126.0680132	8.858691558e-11
15404	118.3578946	-1.744417943e-10
15405	111.3989847	-1.2877166e-10
15406	105.6560157	5.029221484e-11
15407	101.5458885	6.584244261e-11
15408	99.40129828	1.888587065e-10
15409	99.4412489	7.480238651e-11
15410	101.7514218	-1.532143301e-10
15411	106.2763626	1.028794827e-10
15412	112.8242462	-4.79971618e-12
15413	121.0836972	-1.005133754e-10
15414	130.6509261	-5.33475486e-11
15415	141.0644098	1.411848416e-11
15416	151.8436166	-3.209876809e-11
15417	162.527921	-3.905498147e-11
15418	172.7119068	-1.466737842e-10
15419	182.0737074	-7.499068033e-11
15420	190.3938324	-9.276135415e-11
15421	197.5629754	-2.133901944e-10
15422	203.5784905	-8.6124885e-11
15423	208.5304192	7.936051816e-11
15424	212.5790233	1.688391649e-10
15425	215.9266182	-2.671960431e-10
15426	218.7870183	1.150013418e-11
15427	221.356051	8.689582387e-11
15428	223.786361	-3.659437198e-10
15429	226.1691475	-2.470130767e-10
15430	228.5246246	6.788170026e-11
15431	230.8019643	2.930633514e-10
15432	232.8884006	-3.699973661e-10
15433	234.6261525	-1.762145985e-11
15434	235.8349808	7.611689057e-11
15435	236.3376162	-4.653273322e-10
15436	235.985042	-1.28189015e-10
15437	234.6787062	-2.928501885e-11
15438	232.3871483	-2.982645242e-10
15439	229.1552169	-3.343352262e-10
15440	225.1049201	-5.571720862e-11
15441	220.4279085	1.642810332e-10
15442	215.3705189	-4.998774727e-10
15443	210.2131065	-3.369748924e-11
15444	205.2459725	1.021582818e-10
15445	200.744507	-2.788986819e-10
15446	196.9461647	-1.94695815e-10
15447	194.0316082	-1.780584569e-10
15448	192.1118094	1.779376646e-10
15449	191.2221819	-2.160369661e-10
15450	191.3240028	-1.017284035e-10
15451	192.312573	-1.162447916e-11
15452	194.0308552	-2.788667075e-10
15453	196.2867933	5.434586114e-11
15454	198.8722137	-4.870059911e-11
15455	201.5811654	-3.880700206e-10
15456	204.2257638	-2.439577429e-10
15457	206.64803	-8.492762049e-11
15458	208.7268009	1.333226862e-10
15459	210.3794516	-3.608597865e-10
15460	211.5588274	-1.669313576e-10
15461	212.2463629	-9.819700608e-12
15462	212.4427769	-5.238582901e-10
15463	212.1579568	-2.052011894e-10
15464	211.401638	-4.578737389e-11
15465	210.1762663	-4.701554701e-10
15466	208.4730363	-2.796767262e-10
15467	206.2715785	-1.94038563e-10
15468	203.5432032	1.832916041e-10
15469	200.2570664	-2.792184262e-10
15470	196.388186	-2.092477303e-10
15471	191.925953	1.174207398e-10
15472	186.8816997	-3.906563961e-10
15473	181.2940025	-1.457607368e-10
15474	175.2307147	8.288481013e-11
15475	168.7871805	4.289191224e-11
15476	162.0806298	-2.000746235e-10
15477	155.2413156	-1.398063887e-10
15478	148.4014541	2.330224902e-11
15479	141.683393	5.013944815e-11
15480	135.1886173	-7.628386811e-11
15481	128.9891672	-5.542233339e-13
15482	123.122794	1.673043926e-10
15483	117.5927389	1.152677953e-10
15484	112.3724368	1.855937626e-11
15485	107.4148028	1.112603343e-10
15486	102.6651164	1.02676978e-10
15487	98.07598342	4.233768891e-11
15488	93.62248301	4.119016239e-11
15489	89.31545794	1.70711445e-10
15490	85.21101423	2.561506562e-10
15491	81.41464755	-4.941824727e-11
15492	78.0789854	-1.785132042e-10
15493	75.39485941	3.947455696e-10
15494	73.57622081	1.57768909e-10
15495	72.84018972	-9.530509715e-11
15496	73.38419114	3.977440599e-10
15497	75.36259312	2.885656158e-10
15498	78.86546206	5.167422046e-11
15499	83.90195405	2.392148701e-10
15500	90.39046752	2.066684601e-10
15501	98.15702885	4.758504701e-11
15502	106.942533	2.768985041e-11
15503	116.4185096	1.565076957e-10
15504	126.2101359	-1.07256426e-11
15505	135.9243796	1.1713297e-10
15506	145.1805282	-1.810818162e-11
15507	153.6400225	-2.556888035e-11
15508	161.0325042	1.043751752e-10
15509	167.1753284	-5.479705578e-11
15510	171.9844386	-1.950262174e-10
15511	175.4754048	-8.817124808e-11
15512	177.7544708	1.93963956e-10
15513	179.0005498	-9.169909276e-11
15514	179.4401062	-1.611617506e-10
15515	179.3176733	4.210320981e-11
15516	178.8652677	-2.143565325e-10
15517	178.274124	-3.026627837e-10
15518	177.6719568	-8.805756124e-11
15519	177.1083777	-3.582201202e-11
15520	176.5502181	-2.039435287e-10
15521	175.8874199	-1.362892021e-10
15522	174.9489799	-2.287947609e-12
15523	173.5272932	-1.457536314e-10
15524	171.4082666	-8.958522812e-11
15525	168.4038799	-1.641566882e-10
15526	164.3835256	-2.270965638e-10
15527	159.3005205	-2.083382356e-10
15528	153.2106354	1.540811922e-11
15529	146.2802963	-9.061906781e-11
15530	138.7831874	-6.342659731e-11
15531	131.0852116	-3.909050861e-11
15532	123.6190156	-1.406519345e-10
15533	116.8504185	1.432809427e-11
15534	111.2399795	1.705693364e-10
15535	107.2034974	-7.630163168e-11
15536	105.0753956	-1.171684971e-10
15537	105.0786848	4.251177188e-11
15538	107.3045479	-6.96331881e-12
15539	111.7036175	8.156320064e-11
15540	118.0898272	-1.104112357e-10
15541	126.1564341	-9.912071164e-12
15542	135.5025776	2.872013738e-11
15543	145.6676806	-4.375877438e-11
15544	156.1702329	-4.412470389e-12
15545	166.5470988	-1.362181479e-10
15546	176.3895012	7.801759239e-12
15547	185.3722496	-2.292850354e-10
15548	193.2735482	-1.361009083e-10
15549	199.9837547	1.285265228e-10
15550	205.5026519	-2.08878248e-10
15551	209.9260017	-2.422062551e-10
15552	213.4232582	-2.525268883e-11
15553	216.2091887	-3.019344774e-10
15554	218.5127171	-1.24863675e-10
15555	220.5464924	-1.606892397e-10
15556	222.4804911	1.725979359e-10
15557	224.4224143	-2.658744336e-10
15558	226.4068053	-9.837464177e-11
15559	228.3937882	1.065245669e-10
15560	230.2772307	-5.672617931e-10
15561	231.9010904	-1.400195515e-10
15562	233.0818197	-3.628031209e-11
15563	233.6340853	1.097468783e-10
15564	233.3967547	-3.469580179e-10
15565	232.2561495	-6.530598284e-11
15566	230.1639454	-9.411138535e-12
15567	227.1477605	-4.81001905e-10
15568	223.3133356	-2.096705032e-10
15569	218.8381746	8.398615137e-11
15570	213.9574637	-4.839009193e-10
15571	208.943919	-2.803659527e-10
15572	204.0838406	-1.013198414e-10
15573	199.6519985	1.412558959e-10
15574	195.8880287	-1.797353377e-10
15575	192.9767571	-1.969766572e-10
15576	191.0343629	1.123723337e-11
15577	190.1015731	-3.411386729e-10
15578	190.14427	-3.956266426e-10
15579	191.0610601	-4.554934208e-11
15580	192.6966141	1.5371171e-10
15581	194.8590118	-3.813553917e-10
15582	197.3389809	-2.740669913e-10
15583	199.9288328	9.966782955e-11
15584	202.439075	-3.757421041e-10
15585	204.7110787	-3.260751669e-10
15586	206.6247594	-3.904077062e-11
15587	208.1008937	-3.101838786e-10
15588	209.0983769	-2.544133793e-10
15589	209.6073313	-3.08020276e-11
15590	209.6394325	3.009503757e-11
15591	209.2170846	-3.587956598e-10
15592	208.3631128	-2.053823778e-10
15593	207.0924588	-1.839808306e-10
15594	205.4069932	-3.066631393e-10
15595	203.2940544	-9.459810713e-11
15596	200.728748	-1.813837969e-10
15597	197.6794862	-3.652473879e-10
15598	194.1157713	-1.249915726e-10
15599	190.0169074	-7.916156619e-11
15600	185.3801905	-6.647482564e-11
15601	180.2272041	-1.253184223e-10
15602	174.6071172	3.524291969e-11
15603	168.5963134	3.098321599e-11
15604	162.2942111	-1.010853623e-10
15605	155.8156952	-1.41564982e-10
15606	149.2810942	-5.319478191e-11
15607	142.8050324	-3.295141937e-11
15608	136.485708	-1.117044235e-10
15609	130.3961599	-7.850076145e-11
15610	124.5788818	7.253930789e-11
15611	119.0447456	8.335021562e-11
15612	113.7766425	2.255262643e-11
15613	108.7376271	2.422950729e-11
15614	103.8827134	1.531432758e-10
15615	99.17292303	-1.630340307e-11
15616	94.58979069	5.259792601e-11
15617	90.14834778	-7.923617318e-11
15618	85.90666937	3.782929525e-10
15619	81.97037827	3.964473194e-11
15620	78.491031	-1.164828234e-10
15621	75.65800361	3.245652636e-10
15622	73.68427421	-4.914113561e-11
15623	72.78727064	9.039879956e-11
15624	73.16662355	-5.411493476e-11
15625	74.98115026	2.309974434e-10
15626	78.32762905	3.853983799e-11
15627	83.2238676	-1.43685952e-10
15628	89.59821978	3.389253322e-10
15629	97.28709	1.452882259e-10
15630	106.0411482	-1.516582415e-10
15631	115.5400462	3.332445431e-12
15632	125.4144826	4.382627594e-11
15633	135.2736177	1.369215852e-10
15634	144.7351894	-2.876632266e-11
15635	153.4553042	-1.807727301e-10
15636	161.1548352	-5.965716809e-11
15637	167.639645	-1.038742425e-10
15638	172.8124656	-1.148201534e-10
15639	176.6751277	-1.551789808e-10
15640	179.3208613	-4.291678124e-12
15641	180.9174671	-4.030056289e-10
15642	181.6831705	-3.475122412e-10
15643	181.8577992	-2.165023716e-11
15644	181.6724707	1.267359551e-10
15645	181.3211851	-2.470414984e-10
15646	180.9375435	-3.331130927e-10
15647	180.5792803	-4.149569577e-11
15648	180.2224596	-1.091002844e-10
15649	179.7661218	-1.907025649e-10
15650	179.0470027	-1.651123682e-10
15651	177.8628076	9.532641343e-11
15652	176.0015278	-3.005737881e-10
15653	173.2735613	-1.357776114e-10
15654	169.543016	-2.03108641e-11
15655	164.754587	-9.963940784e-11
15656	158.9528095	-2.699209745e-10
15657	152.2912576	-1.610516165e-10
15658	145.0303019	-1.359978796e-10
15659	137.523256	4.452616054e-11
15660	130.1919849	-5.294964467e-11
15661	123.4941995	-1.811280015e-10
15662	117.8855833	-7.850786687e-11
15663	113.7804923	1.783817538e-10
15664	111.5151741	-6.568967592e-12
15665	111.3172315	5.451994411e-11
15666	113.284452	-1.149302875e-11
15667	117.3751725	-1.324700349e-10
15668	123.4111839	-1.451461173e-10
15669	131.0928925	9.745093621e-11
15670	140.0252141	9.619327557e-11
15671	149.7515884	-1.958539997e-10
15672	159.7927028	-1.435971342e-10
15673	169.6860704	-2.131628207e-11
15674	179.0225795	1.270556993e-10
15675	187.476504	-3.240501201e-10
15676	194.8262073	-2.679989564e-10
15677	200.9637879	6.384226481e-11
15678	205.8931041	1.469473432e-10
15679	209.7168383	-2.615934136e-10
15680	212.6143894	4.291322853e-11
15681	214.8132994	2.206235195e-12
15682	216.5575207	-4.275513277e-10
15683	218.0760703	-1.375362046e-10
15684	219.5554613	7.823075521e-12
15685	221.1187865	-3.701288165e-10
15686	222.8135145	-3.774367485e-10
15687	224.6090376	-2.134399324e-10
15688	226.4039023	2.874820382e-10
15689	228.0415853	-2.737507998e-10
15690	229.3327562	-2.901856533e-10
15691	230.0813022	6.689049314e-11
15692	230.1110437	-3.671623006e-10
15693	229.2900699	-2.208366823e-10
15694	227.5499664	-2.989253289e-11
15695	224.8978462	1.401367911e-10
15696	221.419946	-3.841442719e-10
15697	217.2765214	-2.607620786e-10
15698	212.6887406	6.247091733e-11
15699	207.9191492	-4.806821607e-10
15700	203.2479384	-1.407975958e-10
15701	198.9476502	-1.084892176e-10
15702	195.2590433	-4.336619952e-10
15703	192.370626	-1.552677986e-10
15704	190.4038764	2.405897703e-11
15705	189.40547	-7.464961982e-11
15706	189.3470164	-3.069118293e-10
15707	190.1319614	-9.950440472e-11
15708	191.6085391	7.775113886e-11
15709	193.5870469	-4.041851298e-10
15710	195.8593281	-5.542943882e-11
15711	198.2182198	-1.1048229e-10
15712	200.4748631	-1.537898697e-10
15713	202.4721502	-3.181845898e-10
15714	204.0931448	-2.000497545e-10
15715	205.2639849	1.110542769e-10
15716	205.9514735	-5.223590449e-10
15717	206.156197	-2.604600979e-10
15718	205.9025101	2.414068945e-11
15719	205.2270308	-2.14015472e-10
15720	204.1673677	-4.194689041e-10
15721	202.7526598	-1.059703436e-10
15722	200.9971623	-2.022915169e-11
15723	198.8976166	-1.692548324e-10
15724	196.4345739	-1.613145173e-10
15725	193.5772608	-5.822542448e-11
15726	190.2910768	-3.358415768e-10
15727	186.546449	-2.755946582e-10
15728	182.3275914	-1.172999475e-10
15729	177.639747	-1.248601222e-10
15730	172.5137203	-9.992717764e-11
15731	167.0069074	-8.093792303e-11
15732	161.2005447	3.354827527e-11
15733	155.1934559	-4.596856229e-11
15734	149.0931028	1.56131108e-10
15735	143.0051673	-4.637357165e-11
15736	137.0231537	-5.438849371e-11
15737	131.2195557	1.064925925e-10
15738	125.6399748	1.20607524e-10
15739	120.3012215	-3.13491455e-11
15740	115.1939158	-1.058708676e-11
15741	110.2894956	1.275672901e-10
15742	105.5509167	-9.523049016e-11
15743	100.9457701	9.767120446e-11
15744	96.46012142	1.077324896e-10
15745	92.11116457	7.036149441e-11
15746	87.95679681	1.732836097e-10
15747	84.10049386	1.409716788e-11
15748	80.6903487	2.819433575e-11
15749	77.91179938	1.255102688e-10
15750	75.97432681	2.270219568e-10
15751	75.09316789	1.428901442e-11
15752	75.46776734	-3.358024969e-11
15753	77.2591984	4.23725055e-10
15754	80.56904925	2.059650228e-10
15755	85.42225648	-4.469669079e-11
15756	91.75606048	-7.891642895e-11
15757	99.41668378	-3.11679571e-11
15758	108.1645505	-1.139213168e-10
15759	117.6879549	1.13583809e-10
15760	127.6241534	1.584439246e-10
15761	137.5859994	-1.432738372e-10
15762	147.1915702	-1.566817787e-10
15763	156.0938278	-1.957474183e-10
15764	164.0072665	3.078071131e-11
15765	170.7287469	-1.295177299e-10
15766	176.1502859	-2.23359109e-11
15767	180.2623953	-9.188383387e-11
15768	183.1475682	-2.721378678e-11
15769	184.9645797	2.506794772e-11
15770	185.9252837	-2.165521096e-10
15771	186.2664378	-3.19236193e-10
15772	186.2196666	-1.10109255e-10
15773	185.9829221	-4.119229402e-10
15774	185.6966726	-1.781330639e-10
15775	185.4275651	1.621103252e-11
15776	185.1615033	-2.214264327e-10
15777	184.8070516	-4.210853888e-10
15778	184.2089247	4.134292908e-11
15779	183.1701797	1.180531228e-10
15780	181.4807198	-3.481517297e-10
15781	178.9489595	-2.150315481e-10
15782	175.4330817	9.09565756e-11
15783	170.8682819	4.913403018e-12
15784	165.2867594	-1.071001066e-10
15785	158.8279452	-7.610623243e-11
15786	151.7374677	-1.300470842e-10
15787	144.3545531	-1.795115168e-10
15788	137.0888009	-2.221263173e-10
15789	130.3884381	-3.030109497e-11
15790	124.7031006	9.903544651e-11
15791	120.4448252	-9.812950452e-11
15792	117.9511813	-3.924682801e-11
15793	117.4542959	-3.02584624e-11
15794	119.0589608	1.92326155e-10
15795	122.7320913	-3.889866207e-11
15796	128.3046585	5.869082997e-12
15797	135.4859371	1.122621995e-10
15798	143.8886552	5.096723044e-11
15799	153.0625257	-7.016609516e-12
15800	162.5328001	4.746425475e-11
15801	171.8400049	-1.774083103e-10
15802	180.5769476	-1.188880105e-10
15803	188.419414	-3.869260468e-11
15804	195.1476899	-3.616165145e-10
15805	200.6570364	-3.727862463e-11
15806	204.9564356	-6.529887742e-11
15807	208.1561536	-3.721858377e-10
15808	210.4458231	-1.368718472e-10
15809	212.0656985	2.992806003e-11
15810	213.2743823	6.021849686e-11
15811	214.3166038	-1.962092711e-10
15812	215.3945165	-1.123510174e-10
15813	216.6455006	1.838600383e-10
15814	218.1286617	-4.166302858e-10
15815	219.8212024	-2.188578208e-10
15816	221.6247296	-5.818989735e-11
15817	223.3804621	-6.218456861e-10
15818	224.8913522	-3.042828212e-10
15819	225.9484218	-7.702638527e-11
15820	226.3582201	1.973070596e-10
15821	225.9682663	-4.80728346e-10
15822	224.6876447	-3.204547738e-10
15823	222.5005329	-2.842170943e-13
15824	219.4712836	-2.751257e-10
15825	215.7406514	-2.95809599e-10
15826	211.5137481	-9.68505276e-11
15827	207.0412072	1.266116101e-10
15828	202.5957435	-2.330331483e-10
15829	198.4467399	-2.192237503e-10
15830	194.8356261	-6.341593917e-12
15831	191.9546389	-3.134523752e-10
15832	189.9310919	-3.720188602e-10
15833	188.8186027	1.336886157e-11
15834	188.5959021	-3.655031833e-10
15835	189.1729935	-1.946780515e-10
15836	190.4036294	-2.114681763e-10
15837	192.1024242	-1.343565259e-10
15838	194.0644902	-3.132250015e-10
15839	196.085318	-5.208633524e-11
15840	197.9787215	-3.75557363e-11
15841	199.5910193	-4.94228658e-10
15842	200.8101737	-2.343050198e-10
15843	201.5692779	8.916956062e-11
15844	201.8444966	8.63593641e-11
15845	201.6482254	-2.748592465e-10
15846	201.0187719	9.46442924e-12
15847	200.0082078	-1.902193958e-10
15848	198.6701643	-1.853912579e-10
15849	197.0492382	-5.431033401e-11
15850	195.1733549	9.130829426e-11
15851	193.0499608	-5.039701989e-10
15852	190.6663411	-2.900719664e-10
15853	187.9937702	-7.447198414e-11
15854	184.9946696	2.143316635e-10
15855	181.631547	-1.001652095e-10
15856	177.8762689	-1.902300539e-10
15857	173.7181991	1.577014075e-10
15858	169.1699276	-5.165645689e-11
15859	164.2696803	-7.535660984e-11
15860	159.079993	2.227658058e-10
15861	153.6827873	-1.387618909e-10
15862	148.1715246	-7.84616816e-11
15863	142.6415603	-2.920685915e-11
15864	137.1801189	2.758682172e-11
15865	131.8574106	1.885815948e-10
15866	126.7202992	-1.564082197e-10
15867	121.7896197	-2.665601073e-11
15868	117.0617617	2.704254598e-10
15869	112.5145541	1.471072153e-10
15870	108.1168681	-3.546674066e-11
15871	103.8407915	-8.748557434e-11
15872	99.67478642	3.264517545e-10
15873	95.63599281	1.595275023e-10
15874	91.77982071	-3.839772944e-11
15875	88.20519386	2.888391748e-10
15876	85.05425524	1.118145576e-10
15877	82.50596889	2.31423769e-11
15878	80.76378469	2.588080861e-10
15879	80.03828645	2.149995737e-10
15880	80.52642661	1.108624303e-10
15881	82.38947684	-1.537827643e-10
15882	85.73212136	1.851176989e-10
15883	90.58514461	1.397566507e-10
15884	96.89390076	9.008260804e-11
15885	104.5142213	8.612133229e-11
15886	113.2166686	9.644551824e-11
15887	122.6991578	1.006554839e-10
15888	132.6070467	6.125233654e-11
15889	142.5589344	-1.120739057e-10
15890	152.1757207	1.06176401e-10
15891	161.1100378	5.1034732e-11
15892	169.0730405	-2.957811773e-10
15893	175.8557425	-1.560138685e-10
15894	181.3426101	-1.379625303e-10
15895	185.515917	-2.084803441e-10
15896	188.4503403	-3.206537258e-10
15897	190.2983313	-1.622915136e-10
15898	191.2678178	2.852118541e-11
15899	191.5946557	-1.611866196e-10
15900	191.5128633	-1.952713546e-10
15901	191.2259549	5.723421737e-11
15902	190.8826122	-3.343849642e-10
15903	190.5594881	-7.513278888e-11
15904	190.2531757	-1.841051755e-10
15905	189.8823729	1.73862702e-10
15906	189.300138	-1.834337127e-10
15907	188.3149897	-2.498552476e-10
15908	186.7185839	3.935340942e-11
15909	184.3169102	-1.511750725e-10
15910	180.9614939	-1.002220529e-10
15911	176.5770063	-2.263007559e-10
15912	171.1820108	-2.418190093e-10
15913	164.9002513	-2.856381798e-11
15914	157.960875	8.13464851e-11
15915	150.6871559	-1.187814291e-10
15916	143.4745209	-8.717293554e-11
15917	136.7598562	6.265210573e-11
15918	130.9850415	9.907097365e-11
15919	126.5583287	-1.265973992e-10
15920	123.817468	-4.621725225e-11
15921	122.9983613	4.884981308e-12
15922	124.2124865	-7.05924208e-11
15923	127.4354647	4.348521543e-11
15924	132.5080048	-6.311040579e-11
15925	139.1491924	7.948131042e-11
15926	146.9808282	-1.681712547e-10
15927	155.5603872	1.720934506e-11
15928	164.4193035	6.32951469e-11
15929	173.1027614	-1.864464139e-11
15930	181.2070587	-1.175841646e-10
15931	188.4109034	-2.5945468e-11
15932	194.4976827	2.306776992e-10
15933	199.3667203	6.42295106e-11
15934	203.0327177	-1.873736721e-10
15935	205.6138125	-2.302158464e-11
15936	207.309868	-9.661249578e-11
15937	208.3735889	-2.340989624e-10
15938	209.0777479	-4.220268579e-11
15939	209.6821323	-2.226876461e-10
15940	210.4037501	-2.098943241e-10
15941	211.3933864	-2.065654314e-10
15942	212.7208295	4.817124477e-11
15943	214.3700815	-2.964597456e-10
15944	216.2447446	4.224531835e-11
15945	218.1826571	-4.812861221e-11
15946	219.977866	-4.194760095e-10
15947	221.4072673	-1.79074533e-10
15948	222.2588041	1.085780355e-10
15949	222.3580245	1.510827019e-10
15950	221.5900652	-4.19692725e-10
15951	219.9147124	-1.308784192e-10
15952	217.3730167	-3.403499704e-12
15953	214.0849128	-4.404867582e-10
15954	210.2383019	-1.050821652e-10
15955	206.0709833	8.169465104e-11
15956	201.8475682	-4.534506104e-10
15957	197.8339985	-3.84925869e-10
15958	194.2724718	-3.357314426e-12
15959	191.3594408	1.534168348e-10
15960	189.2289218	-3.495337353e-10
15961	187.9426854	-1.182840492e-10
15962	187.4880824	1.165467722e-10
15963	187.7833871	-1.602842303e-10
15964	188.6897145	-1.663167382e-10
15965	190.0278827	-4.234124162e-11
15966	191.5981208	-3.484785793e-10
15967	193.200308	-3.832028028e-10
15968	194.6524989	-3.01803027e-10
15969	195.805805	6.675549002e-11
15970	196.5542402	-2.661160181e-10
15971	196.8388026	-2.920685915e-10
15972	196.6457942	-1.518323245e-10
15973	196.0000641	-3.100062429e-10
15974	194.9544364	-1.188098508e-10
15975	193.5769713	-1.059845545e-10
15976	191.9378737	9.233858123e-11
15977	190.0977983	-1.087876456e-10
15978	188.099008	5.883649123e-11
15979	185.9603858	1.092104185e-11
15980	183.676727	-2.00490291e-10
15981	181.2221367	-8.349587688e-11
15982	178.5567974	-1.997726429e-10
15983	175.6359364	-3.712301577e-10
15984	172.4195507	-1.358095858e-10
15985	168.8813895	7.808864666e-12
15986	165.0158361	2.154010303e-11
15987	160.8416686	-2.262403598e-10
15988	156.4021476	-4.95816721e-11
15989	151.7614287	4.369127282e-11
15990	146.9978414	-2.000106747e-10
15991	142.1950518	1.046345233e-10
15992	137.4324534	4.295230838e-11
15993	132.7762802	2.39378295e-10
15994	128.2728686	8.665423934e-11
15995	123.9452265	-6.768985372e-11
15996	119.7936263	2.059863391e-11
15997	115.8003792	2.026823154e-11
15998	111.9383424	-6.543388054e-11
15999	108.182142	-2.120970066e-12
16000	104.5206331	2.334168414e-10
16001	100.9688393	-8.306955124e-11
16002	97.57755023	-2.817657219e-11
16003	94.43893282	8.631317883e-11
16004	91.68691799	2.289723966e-10
16005	89.49170818	-1.77386994e-11
16006	88.04845989	4.553513122e-11
16007	87.5609352	2.080611239e-10
16008	88.22160217	2.546478584e-10
16009	90.19020691	-3.991473818e-11
16010	93.57316764	8.143175023e-11
16011	98.40620433	2.103455188e-10
16012	104.6423971	-1.301394548e-10
16013	112.1473774	-9.872636042e-11
16014	120.7026433	7.280931413e-11
16015	130.0171352	1.029540897e-10
16016	139.7462923	-7.143796665e-11
16017	149.5169557	-1.611333289e-10
16018	158.9557766	-6.40731912e-11
16019	167.7183172	3.986500019e-11
16020	175.5158709	2.824407375e-12
16021	182.1371834	-1.167528296e-10
16022	187.4627392	-2.359001883e-12
16023	191.4700327	2.162643398e-10
16024	194.2291889	-3.654854197e-10
16025	195.8893412	-2.338040872e-10
16026	196.6571954	1.680362516e-10
16027	196.7700847	-4.907612094e-10
16028	196.4664672	-1.130722183e-10
16029	195.9571387	-1.219895296e-10
16030	195.4003978	1.575948261e-10
16031	194.8840058	-2.817479583e-10
16032	194.4160591	-2.21472618e-10
16033	193.9259206	-1.044035969e-10
16034	193.2752412	-1.737596733e-10
16035	192.277962	-1.388791304e-10
16036	190.7271528	-1.102868907e-10
16037	188.4257295	1.241602376e-10
16038	185.2175918	-3.758415801e-11
16039	181.0156028	-7.368683441e-11
16040	175.8231024	3.457500952e-11
16041	169.7462864	-9.076117635e-11
16042	162.9957363	-2.174687097e-10
16043	155.8765298	3.605293841e-11
16044	148.7676003	-9.971046211e-11
16045	142.0921871	1.757562984e-10
16046	136.2822201	-1.763886814e-10
16047	131.7401794	-1.791882198e-10
16048	128.8023031	2.076916417e-11
16049	127.7069354	8.293454812e-11
16050	128.5713173	-5.379163781e-11
16051	131.3792808	-7.455369655e-11
16052	135.9811968	1.155058271e-10
16053	142.1062714	1.680291462e-10
16054	149.386011	-6.611244885e-11
16055	157.3865312	-1.207460798e-10
16056	165.6464811	-2.352251727e-11
16057	173.7167941	-1.65449876e-11
16058	181.1983181	-1.684554718e-10
16059	187.7736307	3.552713679e-13
16060	193.2299936	1.469047106e-11
16061	197.471351	-5.047411378e-10
16062	200.5184466	-2.03407069e-10
16063	202.4973825	3.757705258e-11
16064	203.6181381	1.935021032e-10
16065	204.1455836	-2.8842706e-10
16066	204.3662533	-1.277236095e-10
16067	204.5545092	2.088391682e-10
16068	204.9417009	-1.556443863e-10
16069	205.6915123	-1.62149405e-10
16070	206.8839403	-9.578116078e-11
16071	208.5093558	-3.622524503e-10
16072	210.4729669	-2.975895086e-10
16073	212.6088722	-8.612843772e-11
16074	214.7018649	8.554934539e-12
16075	216.514356	-2.540723187e-10
16076	217.815296	-2.063451632e-10
16077	218.4078373	-1.483968504e-11
16078	218.1527081	-4.344968829e-10
16079	216.9848208	-1.041478015e-10
16080	214.9214484	-1.872138e-10
16081	212.0612769	1.05320197e-10
16082	208.5746628	-3.020090844e-10
16083	204.6863837	5.409717119e-11
16084	200.6529542	-6.600586744e-11
16085	196.7371156	-3.119460246e-10
16086	193.1823334	-1.899778113e-10
16087	190.1900415	-1.460485066e-10
16088	187.9019764	-3.428439754e-10
16089	186.3892961	-1.848370346e-10
16090	185.6493684	-4.963141009e-12
16091	185.6102302	-9.176659432e-11
16092	186.1418671	-3.701323692e-10
16093	187.0727475	-1.524824711e-11
16094	188.2095262	1.125357585e-10
16095	189.3575825	-4.625526628e-10
16096	190.3400796	-1.507629577e-10
16097	191.0135257	-5.157829719e-11
16098	191.2783257	-2.781312958e-10
16099	191.0834825	-3.935589632e-10
16100	190.425338	-7.754152875e-11
16101	189.3409581	4.013145372e-11
16102	187.8973732	-4.135465304e-10
16103	186.1783136	-6.15294482e-11
16104	184.2702925	-3.1764813e-11
16105	182.2498556	-2.923066234e-10
16106	180.173565	-1.8008528e-10
16107	178.0718394	-8.686740216e-11
16108	175.9472083	1.089315305e-10
16109	173.7769251	4.594902236e-11
16110	171.5192987	-3.598188414e-11
16111	169.122631	-3.665689974e-11
16112	166.5353354	-6.739142577e-11
16113	163.715704	1.978754938e-10
16114	160.6398946	-9.694822722e-11
16115	157.3070058	-9.198508621e-11
16116	153.7405601	1.296829311e-10
16117	149.9862496	-1.906723668e-10
16118	146.1063559	1.200319844e-10
16119	142.1717474	4.291500488e-11
16120	138.2527237	2.832933887e-11
16121	134.4101658	-1.801012672e-10
16122	130.6884306	8.562039966e-11
16123	127.1112059	-1.178772635e-10
16124	123.6811365	2.263433885e-10
16125	120.3834993	-2.632560836e-12
16126	117.1936158	-4.715161595e-11
16127	114.0871139	1.439026676e-11
16128	111.051675	1.97115213e-10
16129	108.0985924	2.77644574e-12
16130	105.2723604	5.052314123e-11
16131	102.656651	1.481481604e-10
16132	100.3753918	-3.25304228e-11
16133	98.58820732	6.615863413e-11
16134	97.48016587	1.546727191e-10
16135	97.24649881	-1.83355553e-11
16136	98.07364516	-8.141398666e-11
16137	100.1185331	-1.660716009e-11
16138	103.4883652	-8.039435784e-11
16139	108.2232754	2.083844208e-10
16140	114.284049	-9.965184233e-11
16141	121.5466498	-3.921485359e-11
16142	129.804626	6.367351091e-11
16143	138.7796365	2.862243775e-11
16144	148.1394434	-3.498179524e-11
16145	157.5218606	-1.554845142e-11
16146	166.5624245	-2.221032247e-10
16147	174.9230621	-2.420090794e-10
16148	182.3188251	-1.224922386e-10
16149	188.5398777	-2.97138314e-10
16150	193.466363	-9.696243808e-11
16151	197.074486	-2.561808543e-10
16152	199.4330746	-7.037570526e-11
16153	200.6908992	-7.537614977e-11
16154	201.0560539	-1.685762641e-12
16155	200.7695932	-5.574385398e-11
16156	200.0762877	-2.858318027e-10
16157	199.195723	-1.085744827e-10
16158	198.2969772	1.14415144e-10
16159	197.4797561	-3.277875749e-10
16160	196.7641866	-2.344133776e-10
16161	196.0905287	-5.048406138e-12
16162	195.328969	-9.296030612e-11
16163	194.2985235	-3.629931911e-10
16164	192.7930327	-1.360564994e-10
16165	190.61139	3.072742061e-11
16166	187.5886108	-2.647340125e-10
16167	183.6241812	-3.070539378e-10
16168	178.7043512	-3.237765611e-11
16169	172.915633	1.752429313e-10
16170	166.4476805	-3.463522802e-10
16171	159.5848507	-5.696776384e-12
16172	152.6869714	1.13962173e-10
16173	146.1610261	4.20747881e-11
16174	140.4264811	-7.121414569e-12
16175	135.8777207	1.197797417e-11
16176	132.8474213	-2.287947609e-11
16177	131.5746644	-1.156461593e-10
16178	132.1811425	-1.464304233e-10
16179	134.6580033	-8.031975085e-11
16180	138.8648	1.109512482e-10
16181	144.5407627	-1.045119546e-10
16182	151.327338	-2.17973195e-10
16183	158.7997749	-1.489031121e-10
16184	166.5046054	1.083275691e-10
16185	173.9992665	-1.591065057e-10
16186	180.8899121	-1.742481714e-10
16187	186.863675	-1.975237751e-10
16188	191.7122498	7.380407396e-11
16189	195.3445957	1.099991209e-10
16190	197.7877188	-2.773550278e-10
16191	199.1757394	-5.116440605e-11
16192	199.7286683	-1.573958741e-10
16193	199.723362	-4.674003407e-10
16194	199.4598918	-5.107736456e-11
16195	199.2269778	2.932232235e-11
16196	199.2701497	-1.090594282e-10
16197	199.7659219	-2.702176261e-10
16198	200.8045492	-1.293329888e-10
16199	202.3829449	1.36427758e-10
16200	204.4082163	-4.062759018e-10
16201	206.7111128	6.044942324e-12
16202	209.0676324	1.464375288e-10
16203	211.2261942	-2.173976554e-10
16204	212.9372489	-3.025402151e-10
16205	213.9820194	-2.302193991e-10
16206	214.1972468	2.720703662e-10
16207	213.4933417	-5.455937924e-10
16208	211.8641311	-2.238760288e-10
16209	209.3873654	6.866152091e-11
16210	206.2161817	-3.605222787e-10
16211	202.5627096	-2.69535505e-10
16212	198.675825	-9.422329583e-11
16213	194.8156411	5.204903175e-11
16214	191.2275965	-5.947065063e-11
16215	188.1189488	-9.898393216e-11
16216	185.6401184	9.260681111e-11
16217	183.8727039	-2.011866229e-10
16218	182.8251842	9.242739907e-11
16219	182.4364307	-1.353299695e-10
16220	182.5862821	-4.196216707e-10
16221	183.1116787	-5.927702773e-12
16222	183.8263004	-3.370761448e-10
16223	184.5413527	1.125677329e-10
16224	185.0851304	-2.108269115e-10
16225	185.3192473	-5.240430312e-11
16226	185.1499113	-1.168398711e-10
16227	184.5332818	-3.52056162e-10
16228	183.4746906	-3.033022722e-10
16229	182.022242	2.793676401e-11
16230	180.2559459	-2.779696473e-10
16231	178.2740096	-5.709743789e-11
16232	176.1781678	3.554845307e-11
16233	174.0599391	2.548556921e-10
16234	171.9894756	-2.258904175e-10
16235	170.0082508	-5.100275757e-11
16236	168.1262723	-3.5115022e-11
16237	166.3238849	-2.468159011e-10
16238	164.5576226	3.245048674e-11
16239	162.76906	5.856470864e-11
16240	160.8952619	2.034887814e-10
16241	158.8792733	-2.709334979e-10
16242	156.6791548	-1.691820017e-10
16243	154.2743296	2.203339733e-10
16244	151.6684323	2.734346083e-11
16245	148.8883771	-7.096367938e-11
16246	145.9799217	-2.437872126e-11
16247	143.0005187	3.701394746e-11
16248	140.0106413	2.303401914e-10
16249	137.0650038	1.575273245e-11
16250	134.2051215	4.415667831e-11
16251	131.4544795	1.090310064e-10
16252	128.8172103	-2.518394382e-10
16253	126.2806792	6.604494729e-12
16254	123.8217976	-1.305977548e-11
16255	121.4163109	7.941380886e-11
16256	119.0498139	-1.279598649e-10
16257	116.728906	-1.656434989e-10
16258	114.490755	1.31166189e-11
16259	112.40943	1.256239557e-10
16260	110.5976749	-5.146816306e-11
16261	109.2033053	1.110933567e-11
16262	108.4000601	1.341824429e-10
16263	108.3734458	1.626609958e-10
16264	109.3027983	1.420357165e-10
16265	111.3413564	1.026236873e-10
16266	114.5965242	3.232614176e-11
16267	119.1126377	-2.043343272e-10
16268	124.8584173	3.509725843e-11
16269	131.7208825	-3.020872441e-11
16270	139.506876	1.130864291e-10
16271	147.9525407	-3.274429616e-10
16272	156.740219	-1.306510455e-10
16273	165.5213873	-9.343636975e-12
16274	173.9435087	-1.557296514e-10
16275	181.6781658	-3.00115488e-10
16276	188.4475974	-8.482103908e-11
16277	194.046836	1.062598898e-10
16278	198.3590422	-1.027498087e-10
16279	201.3623006	-2.373408137e-10
16280	203.1270375	3.718625408e-11
16281	203.8042213	-2.74846812e-10
16282	203.6055215	-4.041034174e-10
16283	202.7775093	-4.232880713e-11
16284	201.5726726	2.154330048e-10
16285	200.2204181	-1.788347248e-10
16286	198.901284	-2.469544569e-10
16287	197.7272796	-2.79456458e-11
16288	196.7306269	-2.187849901e-10
16289	195.8622739	-4.159339539e-11
16290	195.000474	-3.944577998e-11
16291	193.9685949	-2.691447065e-10
16292	192.5602682	-1.182538512e-10
16293	190.5691238	8.156320064e-11
16294	187.819785	-1.690665385e-10
16295	184.196586	-9.365308529e-11
16296	179.6666537	6.984279821e-11
16297	174.2945477	-1.67460712e-10
16298	168.2465286	-1.958166962e-10
16299	161.7836235	-1.343849476e-10
16300	155.243873	-6.803446695e-12
16301	149.01533	-1.343103406e-10
16302	143.5024195	-1.481854639e-10
16303	139.0890351	-4.130207287e-11
16304	136.1021608	1.370654701e-10
16305	134.7798175	-6.199840641e-11
16306	135.2467301	-1.867483945e-11
16307	137.5003489	1.287610019e-10
16308	141.4087983	6.096101401e-11
16309	146.7210987	-2.689066747e-10
16310	153.0887302	5.75539616e-11
16311	160.0964289	1.829008056e-10
16312	167.2991436	-3.631974721e-10
16313	174.2614473	-6.195399749e-11
16314	180.5954511	7.67617081e-11
16315	185.9934452	-2.11297646e-10
16316	190.2520584	-3.565823192e-10
16317	193.2856363	-6.851585965e-11
16318	195.1276799	-4.03748146e-10
16319	195.9204356	-1.122870685e-10
16320	195.893963	-1.011493111e-10
16321	195.3370773	-1.158717566e-11
16322	194.5633706	-1.575166664e-10
16323	193.8759715	-3.101519042e-12
16324	193.5347571	-1.579749664e-10
16325	193.7293965	-2.048547998e-10
16326	194.5609055	-1.871462985e-10
16327	196.0334304	-2.082760631e-10
16328	198.0568417	3.726619013e-11
16329	200.459551	-2.150155609e-10
16330	203.0098807	-5.584865903e-12
16331	205.443439	-1.195399335e-10
16332	207.4933721	-3.203695087e-10
16333	208.9201398	-2.028635038e-10
16334	209.5375991	3.627320666e-12
16335	209.2326765	-4.232809658e-10
16336	207.9766774	-3.233182611e-10
16337	205.8272521	7.538503155e-11
16338	202.9210823	2.403979238e-10
16339	199.4583643	-3.746354338e-10
16340	195.681028	-1.568309926e-10
16341	191.8472509	2.056133042e-11
16342	188.2051519	-4.270717113e-10
16343	184.9685356	-3.145537164e-10
16344	182.2972344	-2.106936847e-11
16345	180.2839911	5.990052898e-11
16346	178.9490324	-3.966729167e-10
16347	178.2425807	-2.069757699e-10
16348	178.0546651	-1.719158149e-11
16349	178.2307983	-2.511271191e-10
16350	178.5914967	-2.657749576e-10
16351	178.9532779	-9.18376486e-12
16352	179.1487101	-1.499422808e-10
16353	179.0433155	-4.033218204e-11
16354	178.5475968	-1.170850084e-10
16355	177.6231029	2.076205874e-11
16356	176.2822027	-1.710809272e-10
16357	174.5819863	-2.638955721e-10
16358	172.6133852	-9.143619195e-11
16359	170.4871164	-2.281037581e-10
16360	168.3183463	7.531752999e-11
16361	166.212026	-2.354560991e-11
16362	164.2506592	-2.962963208e-10
16363	162.4858659	-5.053379937e-11
16364	160.934557	4.356159877e-11
16365	159.5799062	-5.454836582e-11
16366	158.3766803	-1.213340539e-10
16367	157.2599491	-6.490807891e-11
16368	156.1557991	2.09331219e-10
16369	154.9924784	-1.302318253e-10
16370	153.7104187	-7.885603281e-11
16371	152.2697999	4.865441383e-11
16372	150.654726	-9.52535828e-11
16373	148.8735927	-9.086775776e-11
16374	146.9557903	-3.405276061e-12
16375	144.9454153	1.131734706e-10
16376	142.8930965	-1.549356199e-10
16377	140.8473092	-1.757864965e-10
16378	138.8466267	1.263309457e-10
16379	136.9142224	-4.217071137e-12
16380	135.0556128	-8.54871729e-11
16381	133.2601551	5.283418147e-11
16382	131.5062536	4.75566253e-11
16383	129.7696553	1.648245984e-10
