4096
0	122.186225	-1.562394658e-11
1	122.8830006	-1.557909357e-11
2	125.4868575	-1.545075179e-11
3	129.1442822	-1.526445637e-11
4	132.512456	-1.496092139e-11
5	134.2589377	-1.461808452e-11
6	133.5782336	-1.417665985e-11
7	130.509939	-1.368527514e-11
8	125.9247601	-1.305955344e-11
9	121.1839813	-1.246469594e-11
10	117.6145738	-1.172262287e-11
11	116.0171754	-1.0941692e-11
12	116.4057927	-9.993339489e-12
13	118.0754505	-9.307443705e-12
14	119.9529266	-8.298695064e-12
15	121.0680683	-7.324807427e-12
16	120.9395879	-6.316502876e-12
17	119.7167605	-5.268230296e-12
18	118.0336017	-4.269473663e-12
19	116.6618858	-3.024913653e-12
20	116.1353258	-1.976196984e-12
21	116.5218131	-8.173461907e-13
22	117.4436965	2.846611835e-13
23	118.3246653	1.430411345e-12
24	118.732764	2.528421916e-12
25	118.6431554	3.453015651e-12
26	118.4828042	4.821476551e-12
27	118.9245386	5.708988837e-12
28	120.5211026	6.733058555e-12
29	123.3532003	7.956080239e-12
30	126.8690862	8.682832231e-12
31	130.0130742	9.503065002e-12
32	131.61098	1.046296383e-11
33	130.8598169	1.125899374e-11
34	127.7122797	1.201061472e-11
35	122.9813067	1.270361594e-11
36	118.1034289	1.326161403e-11
37	114.6434908	1.388045234e-11
38	113.7351075	1.448663411e-11
39	115.681635	1.481437195e-11
40	119.8773835	1.509814496e-11
41	125.0758337	1.575672925e-11
42	129.8879307	1.538547068e-11
43	133.3009503	1.529221194e-11
44	135.0062408	1.540256811e-11
45	135.4120172	1.543765116e-11
46	135.3557705	1.516875514e-11
47	135.6587119	1.515942927e-11
48	136.7265452	1.505329195e-11
49	138.3712623	1.424060869e-11
50	139.922935	1.350386469e-11
51	140.5674449	1.319322429e-11
52	139.7458204	1.303424035e-11
53	137.4276876	1.185362919e-11
54	134.1342053	1.103117597e-11
55	130.7046551	1.075717293e-11
56	127.9204751	9.588774219e-12
57	126.1660013	8.921752226e-12
58	125.2866958	7.843503624e-12
59	124.7119909	7.172040739e-12
60	123.7844065	5.731415342e-12
61	122.1374035	4.658939901e-12
62	119.9378603	4.166000878e-12
63	117.8684196	2.805755628e-12
64	116.8442157	1.947331185e-12
65	117.5837474	8.93063401e-13
66	120.2274141	-9.172662629e-13
67	124.1844623	-1.892264123e-12
68	128.2934425	-2.915889752e-12
69	131.2439432	-4.020783706e-12
70	132.0890534	-5.093703237e-12
71	130.6319298	-6.003419983e-12
72	127.517894	-7.126965684e-12
73	123.9860809	-8.15481016e-12
74	121.3790993	-9.080958208e-12
75	120.612663	-9.59943236e-12
76	121.8245357	-1.04498632e-11
77	124.3457339	-1.164868202e-11
78	127.0000367	-1.224575996e-11
79	128.5999398	-1.314859333e-11
80	128.427776	-1.336042388e-11
81	126.503218	-1.396571747e-11
82	123.5356395	-1.40982781e-11
83	120.5977641	-1.470135125e-11
84	118.674538	-1.524580462e-11
85	118.2872714	-1.514677272e-11
86	119.3495142	-1.566546892e-11
87	121.2998093	-1.616440315e-11
88	123.4292446	-1.555466866e-11
89	125.2365485	-1.575783948e-11
90	126.6382468	-1.539612882e-11
91	127.9369926	-1.493094537e-11
92	129.5713777	-1.489741663e-11
93	131.7788133	-1.387689963e-11
94	134.3484959	-1.332223221e-11
95	136.6021731	-1.318012366e-11
96	137.6336396	-1.252664639e-11
97	136.7124546	-1.233013691e-11
98	133.6715156	-1.157451912e-11
99	129.0929907	-1.047073539e-11
100	124.1876654	-9.370060283e-12
101	120.3949893	-8.251399564e-12
102	118.856776	-7.572387162e-12
103	119.980049	-5.952571769e-12
104	123.2744687	-5.85331783e-12
105	127.5382927	-3.830269435e-12
106	131.3212891	-3.075539823e-12
107	133.4763503	-2.424060952e-12
108	133.5745588	-1.548539075e-12
109	132.0173642	-1.665334537e-13
110	129.8087707	3.881339694e-13
111	128.0938754	2.310596159e-12
112	127.6657066	2.772448937e-12
113	128.6494617	4.613864846e-12
114	130.4903229	5.705658168e-12
115	132.2358541	7.057021634e-12
116	132.9766742	7.958966819e-12
117	132.2453206	9.124700995e-12
118	130.199563	9.306777571e-12
119	127.5190485	1.074162981e-11
120	125.0754625	1.048228171e-11
121	123.5367749	1.172750785e-11
122	123.0908936	1.224442769e-11
123	123.4132949	1.30713218e-11
124	123.8860304	1.437050479e-11
125	123.9564562	1.416022855e-11
126	123.4581248	1.478239753e-11
127	122.7339584	1.507505232e-11
128	122.4950709	1.571076602e-11
129	123.4745516	1.564570695e-11
130	126.035925	1.609734568e-11
131	129.9238069	1.512878711e-11
132	134.285196	1.550271023e-11
133	137.969237	1.490096935e-11
134	139.9850734	1.481748058e-11
135	139.9199263	1.397437721e-11
136	138.1292001	1.465072508e-11
137	135.6049707	1.430500163e-11
138	133.5682273	1.351851964e-11
139	132.9527219	1.278310791e-11
140	133.9997003	1.267141947e-11
141	136.139375	1.108624303e-11
142	138.2145968	1.054023535e-11
143	138.9566134	1.018052309e-11
144	137.5151923	8.437250898e-12
145	133.8223988	8.338663093e-12
146	128.6406513	7.457590101e-12
147	123.2799071	6.448619416e-12
148	119.107377	5.107914092e-12
149	117.0562255	4.27125002e-12
150	117.332481	3.431477325e-12
151	119.4271124	2.136513189e-12
152	122.4053427	9.690026559e-13
153	125.3280962	-1.088684698e-12
154	127.6121636	-1.591393683e-12
155	129.1755899	-2.788880238e-12
156	130.3223506	-4.309885782e-12
157	131.4448406	-5.132561043e-12
158	132.7065566	-6.642464356e-12
159	133.8724481	-7.016609516e-12
160	134.3792296	-7.444711514e-12
161	133.6181033	-8.965939102e-12
162	131.2941927	-9.959588709e-12
163	127.6817909	-1.089484059e-11
164	123.6348194	-1.071831512e-11
165	120.3209005	-1.172661968e-11
166	118.7763169	-1.294409024e-11
167	119.468836	-1.371902592e-11
168	122.063497	-1.491606838e-11
169	125.5067018	-1.3923529e-11
170	128.4095844	-1.283151363e-11
171	129.5811528	-1.633848612e-11
172	128.4929731	-1.706812469e-11
173	125.4816116	-1.639488545e-11
174	121.6033908	-1.481481604e-11
175	118.2019827	-1.661404347e-11
176	116.3699033	-1.4386492e-11
177	116.5279303	-1.601341282e-11
178	118.2935278	-1.590949594e-11
179	120.6840736	-1.432010066e-11
180	122.5579678	-1.44377843e-11
181	123.0985848	-1.372280067e-11
182	122.1343092	-1.264832683e-11
183	120.1659898	-1.259659044e-11
184	118.1049463	-1.212652201e-11
185	116.8510479	-1.266631244e-11
186	116.9056169	-8.985256983e-12
187	118.1904698	-8.50342019e-12
188	120.1447815	-9.39448519e-12
189	122.0421354	-8.280043318e-12
190	123.370216	-6.231015703e-12
191	124.0901531	-4.741984583e-12
192	124.6521954	-4.326317082e-12
193	125.760935	-2.41673348e-12
194	128.0025885	-3.111289004e-12
195	131.5136121	-2.589928272e-12
196	135.8530278	-3.685940442e-14
197	140.1474917	-1.024957896e-12
198	143.4507924	2.324362924e-12
199	145.156629	3.184119635e-12
200	145.2731595	4.289013589e-12
201	144.4253547	3.333333609e-12
202	143.5721715	7.279510328e-12
203	143.5561669	7.075673381e-12
204	144.6842792	8.583356248e-12
205	146.5322592	9.163336756e-12
206	148.0723971	8.292921905e-12
207	148.0842824	9.273026791e-12
208	145.6824838	1.12274634e-11
209	140.7389701	1.36886058e-11
210	134.0174269	1.406474937e-11
211	126.9552718	1.388400506e-11
212	121.1762571	1.494360191e-11
213	117.9286778	1.47464263e-11
214	117.6732756	1.596145438e-11
215	119.979171	1.737809896e-11
216	123.7550659	1.619460122e-11
217	127.7040431	1.493871693e-11
218	130.8035227	1.372324476e-11
219	132.6133815	1.475042311e-11
220	133.3015368	1.495914503e-11
221	133.4067192	1.495559232e-11
222	133.4734313	1.528688287e-11
223	133.7430466	1.404520944e-11
224	134.0475065	1.277378203e-11
225	133.9475728	1.373212655e-11
226	133.0358621	1.232081104e-11
227	131.2430366	1.369659941e-11
228	128.9818552	1.194244703e-11
229	127.040266	9.618972285e-12
230	126.2560659	9.455103367e-12
231	127.1153641	8.916423155e-12
232	129.4633091	7.972289495e-12
233	132.4748729	7.89635024e-12
234	134.9221266	5.703881811e-12
235	135.6413136	5.000444503e-12
236	134.0081052	4.26592095e-12
237	130.2166843	4.188649427e-12
238	125.2356938	2.177813485e-12
239	120.4494	1.707078923e-12
240	117.1271302	6.350475701e-14
241	115.9390894	-4.813927035e-13
242	116.7186099	-3.019806627e-12
243	118.5669189	-5.235811784e-12
244	120.2514845	-4.657607633e-12
245	120.7257647	-6.324274437e-12
246	119.5499794	-6.197264923e-12
247	117.0395693	-9.054978989e-12
248	114.0887742	-6.47482068e-12
249	111.7576885	-8.012257524e-12
250	110.8104492	-1.004263339e-11
251	111.4072195	-1.084732304e-11
252	113.0783963	-1.188782406e-11
253	114.9805759	-1.371525116e-11
254	116.3084922	-1.390976223e-11
255	116.6711418	-1.165689767e-11
256	116.2619822	-1.366728952e-11
257	115.751071	-1.465449984e-11
258	115.9557488	-1.468425381e-11
259	117.4470646	-1.374811376e-11
260	120.2761277	-1.458566601e-11
261	123.9463394	-1.310329623e-11
262	127.6414089	-1.70841119e-11
263	130.5989316	-1.548272621e-11
264	132.4506833	-1.420996654e-11
265	133.365654	-1.529132376e-11
266	133.9239566	-1.686339957e-11
267	134.7771964	-1.500488622e-11
268	136.255059	-1.396394111e-11
269	138.1099788	-1.460520593e-11
270	139.5352561	-1.40838452e-11
271	139.4705245	-1.186251097e-11
272	137.0757085	-1.098232616e-11
273	132.1704776	-1.117106407e-11
274	125.4399401	-8.173905997e-12
275	118.2996741	-9.768630349e-12
276	112.4554635	-7.248424083e-12
277	109.3239676	-7.905676114e-12
278	109.5428911	-3.811617688e-12
279	112.7653878	-5.178080187e-12
280	117.8175126	-3.475442156e-12
281	123.1492267	-1.141309269e-13
282	127.3922936	-1.460165322e-12
283	129.8018808	-6.883382753e-14
284	130.416787	6.457057111e-13
285	129.8986517	1.091571278e-12
286	129.1472207	2.603250948e-12
287	128.8770364	5.945466341e-12
288	129.3438115	5.233591338e-12
289	130.328019	5.475619957e-12
290	131.3579158	7.25020044e-12
291	132.0425122	7.984723993e-12
292	132.3377273	8.600231638e-12
293	132.6066755	9.353406938e-12
294	133.4389373	1.141575723e-11
295	135.3145671	1.143796169e-11
296	138.2794439	9.922729305e-12
297	141.8007993	1.415845219e-11
298	144.8929428	1.309752307e-11
299	146.4785371	1.237721037e-11
300	145.8371966	1.320898946e-11
301	142.9436232	1.58619784e-11
302	138.5365957	1.330002775e-11
303	133.8726884	1.398703375e-11
304	130.2557796	1.410338513e-11
305	128.5343743	1.659472559e-11
306	128.7777701	1.640243497e-11
307	130.2692319	1.520916726e-11
308	131.8203123	1.409317107e-11
309	132.2733778	1.485123136e-11
310	130.9791634	1.598854382e-11
311	128.0480312	1.576605513e-11
312	124.272438	1.255040516e-11
313	120.7606592	1.330757726e-11
314	118.4457231	1.365041413e-11
315	117.6848631	1.341859956e-11
316	118.1218107	9.694467451e-12
317	118.8667531	1.230304747e-11
318	118.9091387	9.45910017e-12
319	117.5783033	7.017497694e-12
320	114.8495731	9.125145084e-12
321	111.365375	6.516565065e-12
322	108.1686784	5.629274824e-12
323	106.2722204	6.036504629e-12
324	106.2554402	7.185363415e-12
325	108.0624999	3.610001187e-12
326	111.0792546	2.075228878e-12
327	114.439107	-1.396216476e-12
328	117.4059316	-2.224886941e-12
329	119.652655	-3.009148486e-12
330	121.3092415	-2.971844992e-12
331	122.7674133	-1.89981364e-12
332	124.3482571	-3.213429522e-12
333	126.0073189	-7.776002064e-12
334	127.2372443	-6.146638754e-12
335	127.2360235	-7.9021234e-12
336	125.2809375	-7.922551504e-12
337	121.1432366	-1.065192379e-11
338	115.3460047	-1.175770592e-11
339	109.1251335	-8.073985924e-12
340	104.0778685	-1.276578843e-11
341	101.621148	-7.689848758e-12
342	102.4718758	-1.238298353e-11
343	106.362282	-1.655831028e-11
344	112.1130503	-1.508482228e-11
345	118.042482	-1.483968504e-11
346	122.5530655	-1.69277925e-11
347	124.6659822	-1.691580209e-11
348	124.2992825	-1.709787867e-11
349	122.1951128	-1.465538801e-11
350	119.5475017	-1.551736517e-11
351	117.5017519	-1.636202285e-11
352	116.7389757	-1.429478758e-11
353	117.3088342	-1.342703726e-11
354	118.7551844	-1.470690236e-11
355	120.4474391	-1.263567029e-11
356	121.9439685	-1.319833132e-11
357	123.2101135	-1.075806111e-11
358	124.5915492	-1.101518876e-11
359	126.5659547	-1.118838355e-11
360	129.404813	-1.069277999e-11
361	132.92208	-9.286793556e-12
362	136.4466428	-8.956391184e-12
363	139.0493757	-9.386713629e-12
364	139.9323811	-5.604849918e-12
365	138.8051358	-7.909228827e-12
366	136.0691953	-5.404565684e-12
367	132.7130274	-3.517186542e-12
368	129.9466239	-2.528643961e-12
369	128.7243058	-1.494360191e-12
370	129.3593983	-4.645173135e-13
371	131.3998436	-9.148237723e-13
372	133.8230817	1.274980121e-12
373	135.46983	1.424638185e-12
374	135.5310464	2.711164626e-12
375	133.877575	3.614886168e-12
376	131.0895995	5.672351477e-12
377	128.1739876	8.665512752e-12
378	126.0945714	7.206235608e-12
379	125.323036	8.688161302e-12
380	125.6098001	1.066968736e-11
381	126.0784639	1.374589331e-11
382	125.6060445	1.453370757e-11
383	123.3262773	1.242694836e-11
384	119.0393678	1.275779482e-11
385	113.3519408	1.254996107e-11
386	107.487268	1.54134483e-11
387	102.8467146	1.552535878e-11
388	100.5070778	1.793898363e-11
389	100.8605401	1.36353151e-11
390	103.5363708	1.955680062e-11
391	107.617989	1.523936533e-11
392	112.0422847	1.657873838e-11
393	115.9963186	1.599076427e-11
394	119.1401219	1.511724079e-11
395	121.5747019	1.678346351e-11
396	123.5983087	1.568523089e-11
397	125.3936426	1.268496419e-11
398	126.8179625	1.386712967e-11
399	127.4137936	1.45572443e-11
400	126.6457959	1.324274024e-11
401	124.2521028	1.289901519e-11
402	120.5318073	1.158184659e-11
403	116.4072848	1.282396411e-11
404	113.1955673	1.227640212e-11
405	112.1554303	1.314681697e-11
406	113.9865577	9.104272891e-12
407	118.4931408	6.203038083e-12
408	124.5674809	5.312639217e-12
409	130.5216137	2.595257342e-12
410	134.6506116	6.272316e-12
411	135.8124352	2.837730051e-12
412	133.7993574	-1.167510533e-12
413	129.360136	1.437072683e-12
414	123.8745935	1.312727704e-12
415	118.8222157	-2.261746346e-12
416	115.2643337	-5.925038238e-12
417	113.543316	-6.207034886e-12
418	113.3010261	-1.991296017e-12
419	113.7783987	-4.416023103e-12
420	114.2403444	-1.021405183e-11
421	114.3259669	-5.18740606e-12
422	114.1703932	-9.764633546e-12
423	114.2579304	-4.928502051e-12
424	115.0938176	-1.200239907e-11
425	116.8652715	-1.123723337e-11
426	119.2644972	-9.54880619e-12
427	121.5670997	-8.634870596e-12
428	122.9362654	-1.222266732e-11
429	122.8134191	-1.483124734e-11
430	121.21079	-1.415845219e-11
431	118.7618593	-1.246203141e-11
432	116.4941245	-1.733457822e-11
433	115.4157877	-1.356070811e-11
434	116.0956688	-1.210231915e-11
435	118.4231053	-1.810285255e-11
436	121.6572505	-1.479438794e-11
437	124.7469292	-1.741407019e-11
438	126.7805219	-1.690203533e-11
439	127.3653605	-1.613642553e-11
440	126.76579	-1.457811649e-11
441	125.7362049	-1.125988192e-11
442	125.1228272	-1.414379724e-11
443	125.41438	-1.724087539e-11
444	126.4489628	-1.339417466e-11
445	127.4190444	-1.316413645e-11
446	127.1863669	-8.170797372e-12
447	124.7805673	-1.154720763e-11
448	119.8703443	-1.121502891e-11
449	113.0019619	-8.290257369e-12
450	105.4949452	-6.110667528e-12
451	99.02808004	-4.848565993e-12
452	95.07830609	-2.039701741e-12
453	94.43506764	-6.471267966e-12
454	96.97802107	2.125410958e-12
455	101.7930336	-4.45110615e-12
456	107.5602788	2.257749543e-12
457	113.0404716	2.31548114e-12
458	117.4565039	4.485301019e-13
459	120.6277627	2.744471317e-12
460	122.8335027	3.226752199e-12
461	124.5044971	3.249400748e-12
462	125.9131679	3.073097332e-12
463	127.0206451	6.854516954e-12
464	127.5523384	9.848566407e-12
465	127.2538164	8.39683878e-12
466	126.183275	5.923261881e-12
467	124.8714619	9.256151401e-12
468	124.2378605	1.119815352e-11
469	125.2675921	1.509059544e-11
470	128.5737184	9.905409826e-12
471	134.037902	1.139532912e-11
472	140.7046585	1.335198618e-11
473	147.0051684	1.395106253e-11
474	151.2474777	1.322231213e-11
475	152.1916915	1.432898245e-11
476	149.4844334	1.174838005e-11
477	143.7777653	1.379207859e-11
478	136.4837593	1.269073735e-11
479	129.2637188	1.649036463e-11
480	123.4574531	2.099520557e-11
481	119.6776173	1.223599e-11
482	117.719187	1.635669378e-11
483	116.797942	1.625721779e-11
484	115.9938829	1.521716086e-11
485	114.6953348	1.749267398e-11
486	112.8504496	1.433786423e-11
487	110.9278118	1.621147661e-11
488	109.6228579	1.501554436e-11
489	109.4609735	1.033928498e-11
490	110.490875	1.15281118e-11
491	112.2154636	7.174261185e-12
492	113.7942706	1.266187155e-11
493	114.4241862	7.097877841e-12
494	113.7215956	4.944045173e-12
495	111.9271634	5.018652161e-12
496	109.8348063	7.906564292e-12
497	108.4719964	5.924150059e-12
498	108.6720307	5.80602233e-12
499	110.7284952	2.602806859e-12
500	114.2851182	2.421174372e-12
501	118.5072951	9.068301665e-13
502	122.4534018	2.615685446e-12
503	125.4731142	2.389199949e-13
504	127.4481297	-3.543387805e-12
505	128.7639556	-4.835243317e-12
506	130.0270025	-6.447287149e-12
507	131.6620883	-6.100009387e-12
508	133.586038	-8.49764703e-12
509	135.124402	-1.17297283e-11
510	135.2315214	-6.175504552e-12
511	132.9358936	-6.550315845e-12
512	127.8247215	-1.360156432e-11
513	120.3529244	-9.323208872e-12
514	111.8274187	-1.135580519e-11
515	104.050343	-1.161382102e-11
516	98.74828948	-1.345146217e-11
517	97.00653169	-1.237143721e-11
518	98.92781093	-8.378631122e-12
519	103.6441146	-1.570210628e-11
520	109.6663975	-1.500000124e-11
521	115.4229628	-1.499067537e-11
522	119.7690402	-1.44377843e-11
523	122.2752109	-1.412292505e-11
524	123.2068968	-1.85371718e-11
525	123.2430448	-1.6108892e-11
526	123.0888472	-1.224442769e-11
527	123.168965	-1.827205054e-11
528	123.5332411	-1.336575295e-11
529	123.9943902	-1.559907759e-11
530	124.4005339	-9.052314454e-12
531	124.8794837	-1.20796706e-11
532	125.9069783	-1.059952126e-11
533	128.1401763	-1.214184309e-11
534	132.078496	-1.111910564e-11
535	137.7090524	-1.221067691e-11
536	144.3172455	-1.018740647e-11
537	150.580867	-9.385381361e-12
538	154.9441364	-7.589040507e-12
539	156.1402883	-8.523404205e-12
540	153.6557969	-9.068301665e-12
541	147.9419956	-4.321432101e-12
542	140.2779342	-5.302425166e-12
543	132.3308754	-2.931432874e-12
544	125.5864963	-3.899103262e-13
545	120.8748307	1.509903313e-13
546	118.1763654	3.419486916e-13
547	116.7732312	3.239630786e-12
548	115.6648671	5.305977879e-12
549	114.0589199	7.542855229e-12
550	111.7230799	4.804157072e-12
551	109.0517773	8.066880497e-12
552	106.8319522	9.58255697e-12
553	105.8262935	1.428057672e-11
554	106.3712261	9.382272737e-12
555	108.1764478	9.622969088e-12
556	110.4189231	1.556044182e-11
557	112.0898854	1.181321707e-11
558	112.4390507	1.248512405e-11
559	111.31683	1.157918206e-11
560	109.2615198	1.651478954e-11
561	107.2926538	1.765565472e-11
562	106.5020521	1.598898791e-11
563	107.6219908	1.380673353e-11
564	110.7563968	1.932232152e-11
565	115.384137	1.732392008e-11
566	120.6190736	1.525535254e-11
567	125.5965992	1.671196515e-11
568	129.8031614	1.7891022e-11
569	133.1976958	1.439470765e-11
570	136.07649	1.469224742e-11
571	138.758111	1.203659394e-11
572	141.2543669	1.707078923e-11
573	143.1046213	1.077626877e-11
574	143.4773653	1.341904365e-11
575	141.5170328	8.771205984e-12
576	136.7926298	1.44750878e-11
577	129.6440886	9.549694369e-12
578	121.2523083	1.093924951e-11
579	113.3692821	8.725464795e-12
580	107.7889322	1.397637561e-11
581	105.7545757	4.732658709e-12
582	107.5342113	7.560174708e-12
583	112.3332058	7.640110766e-12
584	118.5806067	9.314327087e-12
585	124.4765649	1.145750161e-13
586	128.5871809	-1.625366508e-13
587	130.2616579	4.2885695e-12
588	129.7280735	-7.638334409e-14
589	127.8614975	-1.619149259e-12
590	125.7513193	-7.869260799e-13
591	124.2666067	-2.294164858e-12
592	123.8004668	-5.323741448e-12
593	124.2784527	-3.562927731e-12
594	125.3881123	-4.73221462e-12
595	126.8859181	-1.942002115e-12
596	128.8094065	-1.126609916e-11
597	131.4776455	-1.145528117e-11
598	135.2746343	-8.630429704e-12
599	140.3245545	-5.815792292e-12
600	146.23039	-1.424638185e-11
601	152.0276686	-1.21618271e-11
602	156.4104834	-1.60471636e-11
603	158.1600163	-1.113820147e-11
604	156.6048408	-2.122746423e-11
605	151.9149326	-1.566302643e-11
606	145.0925687	-1.656186299e-11
607	137.648201	-1.464339761e-11
608	131.08374	-1.859357113e-11
609	126.3899857	-1.631672575e-11
610	123.7610605	-1.662270321e-11
611	122.6371443	-1.717559428e-11
612	122.0469074	-1.782751724e-11
613	121.0937543	-1.457589605e-11
614	119.3710425	-1.454791843e-11
615	117.1265721	-9.800160683e-12
616	115.1101639	-1.482725054e-11
617	114.1798095	-1.239142122e-11
618	114.8491375	-1.000088901e-11
619	116.9845847	-1.466560207e-11
620	119.7937169	-1.32938105e-11
621	122.1165803	-1.158673157e-11
622	122.8973008	-7.022826765e-12
623	121.6328443	-1.153432905e-11
624	118.6049859	-5.860645302e-12
625	114.7954249	-6.950440223e-12
626	111.5205608	-4.982680935e-13
627	109.9412399	-6.18260998e-12
628	110.6519162	-7.860379014e-13
629	113.5128562	-3.015365735e-12
630	117.7781885	1.409095063e-12
631	122.4425592	-2.539302102e-12
632	126.638406	1.865174681e-13
633	129.9042179	2.997602166e-13
634	132.2149682	3.20943272e-12
635	133.7848864	1.879829625e-12
636	134.7638515	4.936495657e-12
637	134.9998651	4.22639701e-12
638	134.0071087	3.737898879e-12
639	131.176867	6.875389147e-12
640	126.1444624	8.809841745e-12
641	119.1376773	1.379518721e-11
642	111.1236417	9.714895555e-12
643	103.6490461	8.841816168e-12
644	98.40054091	1.796740534e-11
645	96.64046198	1.441335939e-11
646	98.73973786	1.408650974e-11
647	104.0031079	1.463051902e-11
648	110.870371	1.483124734e-11
649	117.4273902	1.99076311e-11
650	122.0355932	1.621547341e-11
651	123.842045	1.540323424e-11
652	122.9835615	1.7059687e-11
653	120.4252733	1.63105085e-11
654	117.5218141	2.181366199e-11
655	115.4949529	1.413580364e-11
656	115.0414071	1.368816172e-11
657	116.2132322	1.401589955e-11
658	118.5849328	1.841637953e-11
659	121.5946562	1.639088865e-11
660	124.8776462	1.291144969e-11
661	128.4274644	1.649125281e-11
662	132.5136088	1.655964255e-11
663	137.408146	9.50972634e-12
664	143.0705046	5.431655126e-12
665	148.9636372	6.987299628e-12
666	154.1150548	1.014788253e-11
667	157.4203023	2.406963517e-13
668	158.0679902	1.241362568e-11
669	155.8998787	1.195443744e-11
670	151.5383883	2.294164858e-12
671	146.210555	-6.086242621e-12
672	141.3294688	3.954170325e-12
673	138.0024594	-6.039613254e-14
674	136.6704616	-4.324096636e-12
675	137.0281164	3.852473895e-12
676	138.2525477	-4.659828079e-12
677	139.4339307	2.225331031e-12
678	140.0128857	-6.554756737e-13
679	140.028017	-5.087930077e-12
680	140.0629076	-1.385647153e-11
681	140.9177976	-1.275735073e-11
682	143.1567111	-1.493827284e-11
683	146.7398694	-7.225331444e-12
684	150.9169644	-6.457057111e-12
685	154.4437032	-1.024913487e-11
686	156.0414557	-1.192157484e-11
687	154.9105621	-1.826361284e-11
688	151.0801029	-1.110755932e-11
689	145.4431482	-1.673949868e-11
690	139.4578683	-1.382627346e-11
691	134.6342354	-1.225863855e-11
692	132.0130715	-1.453459575e-11
693	131.8421091	-8.470113499e-12
694	133.5651224	-1.223865453e-11
695	136.1054818	-2.073630156e-11
696	138.3045085	-2.210720496e-11
697	139.3201983	-1.087041568e-11
698	138.8250776	-1.453637211e-11
699	136.9451425	-1.804600913e-11
700	134.0058732	-9.912515253e-12
701	130.2386346	-1.534417038e-11
702	125.6116355	-1.881117484e-11
703	119.8801401	-1.273070538e-11
704	112.8343706	-7.455369655e-12
705	104.6160497	-1.535660488e-11
706	95.92768971	-1.301891928e-11
707	87.99680507	-2.779998454e-12
708	82.26522265	-1.033084729e-11
709	79.90366797	-8.2560625e-12
710	81.3442834	-6.99706959e-12
711	86.03448532	-2.921662912e-12
712	92.53609803	-1.213740219e-11
713	98.9557873	-2.833733248e-12
714	103.5550507	6.75015599e-13
715	105.3102115	-3.672617765e-12
716	104.2095919	-4.907185769e-13
717	101.1801938	-2.7369218e-12
718	97.68538624	5.507594381e-12
719	95.16488664	-4.31654712e-12
720	94.544017	3.358202605e-12
721	95.99860383	8.073985924e-12
722	99.04468256	1.008970685e-11
723	102.8809343	2.752909012e-12
724	106.808469	9.355183295e-12
725	110.5311123	2.50111043e-12
726	114.2065615	5.350830889e-12
727	118.2418896	1.077804512e-11
728	122.9487959	1.351718737e-11
729	128.2392031	1.44377843e-11
730	133.5213027	1.714539621e-11
731	137.8602986	2.022471079e-11
732	140.3415888	7.352340958e-12
733	140.4754538	6.570743949e-12
734	138.4571951	2.014921563e-11
735	135.1571799	1.30837563e-11
736	131.8343734	1.2828405e-11
737	129.6907891	1.90270022e-11
738	129.4564541	1.759126178e-11
739	131.181771	1.860778198e-11
740	134.3216563	8.512746064e-12
741	138.0649371	9.906742093e-12
742	141.7522795	1.35695899e-11
743	145.186586	1.273603445e-11
744	148.6898102	9.778844401e-12
745	152.8776489	2.128430765e-11
746	158.2559301	1.108224623e-11
747	164.8297113	9.281464486e-12
748	171.9177347	1.481303968e-11
749	178.2785311	9.430234371e-12
750	182.5171664	7.32880423e-12
751	183.6137373	1.318500864e-12
752	181.3532712	1.349009793e-11
753	176.4699577	1.146815976e-11
754	170.4335271	3.347544464e-12
755	164.953099	-7.179590256e-12
756	161.3905716	-1.228794844e-12
757	160.3116053	1.839417507e-12
758	161.3427271	-4.218847494e-14
759	163.3747621	1.408739791e-11
760	165.011794	9.711342841e-12
761	165.0717486	-2.442490654e-13
762	162.9378558	-3.670397319e-12
763	158.6393779	-5.703437722e-12
764	152.6669155	-4.443556634e-12
765	145.6440562	-5.385469848e-12
766	138.0311268	-7.719602735e-12
767	130.006027	-3.550493233e-12
768	121.5684793	-8.153033804e-12
769	112.7955256	-1.441513575e-12
770	104.09449	-6.934008923e-12
771	96.29424479	-1.554045781e-11
772	90.49016237	-7.043254868e-12
773	87.67876579	1.971312003e-12
774	88.32866959	-1.722932907e-11
775	92.08212406	-1.013189532e-11
776	97.74119657	-2.404743071e-12
777	103.578925	-7.844391803e-12
778	107.877124	-2.057465309e-11
779	109.4900214	-1.923616821e-11
780	108.2130721	-9.593215111e-12
781	104.8100215	-1.496225366e-11
782	100.688483	-1.256328375e-11
783	97.35668922	-1.364508506e-11
784	95.88069134	-2.656097564e-12
785	96.55517541	-1.049160758e-11
786	98.90557875	-1.644284708e-11
787	101.9964365	-1.451994081e-11
788	104.8931282	-1.088906743e-11
789	107.0664097	-8.359091197e-12
790	108.564905	-1.139932593e-11
791	109.8922506	-1.265387795e-11
792	111.661852	-9.95914462e-12
793	114.202107	-1.170796793e-11
794	117.3044462	-1.583533304e-11
795	120.2381409	-1.18984822e-11
796	122.0315396	-9.170442183e-12
797	121.8959895	-1.360378477e-11
798	119.6020172	-5.992983887e-12
799	115.6372197	-4.73221462e-12
800	111.0722865	7.158718063e-13
801	107.1914072	-7.775113886e-12
802	105.0471763	-4.564348899e-12
803	105.1311661	-5.69322367e-12
804	107.2959906	-2.035704938e-12
805	110.948575	-2.370104113e-12
806	115.4107057	4.399591802e-12
807	120.2683709	7.82884868e-12
808	125.5401416	3.001598969e-12
809	131.5830741	5.186961971e-13
810	138.7820245	-6.190603585e-13
811	147.1761575	5.587530438e-12
812	156.2143239	4.073186233e-12
813	164.7796668	-1.078248602e-12
814	171.5045244	9.256151401e-12
815	175.2620281	9.182432592e-12
816	175.6314569	8.755218772e-12
817	173.1320479	-6.573408484e-12
818	169.1082285	1.707567421e-11
819	165.2916583	7.417622072e-12
820	163.2011449	9.435119352e-12
821	163.6117357	4.240163776e-12
822	166.2984043	1.772004765e-11
823	170.1485954	1.255484605e-11
824	173.5890567	2.10764739e-12
825	175.1493372	2.005506872e-11
826	173.9385759	1.172217878e-11
827	169.8610183	8.999911927e-12
828	163.5150338	2.702726931e-12
829	155.8561883	1.880806622e-11
830	147.7973847	1.446620601e-11
831	139.929384	1.958211371e-11
832	132.4720751	1.337507882e-11
833	125.4471333	1.090549873e-11
834	118.9530481	1.451638809e-11
835	113.3750358	1.605471311e-11
836	109.3971846	1.03717035e-11
837	107.7854039	1.149391693e-11
838	109.0293935	1.555600093e-11
839	113.012882	1.511146763e-11
840	118.8840635	6.252331985e-12
841	125.2185046	1.127098415e-11
842	130.4389298	1.15361054e-11
843	133.3374024	1.020605822e-11
844	133.4900617	6.178613177e-12
845	131.3898683	7.795986079e-12
846	128.2357229	6.335376668e-12
847	125.4588894	-5.631051181e-13
848	124.1779381	4.099831585e-12
849	124.802914	2.862599047e-12
850	126.9447098	-4.948930155e-12
851	129.6545301	-2.736477711e-12
852	131.8778962	-7.881251207e-12
853	132.9189652	-4.510170015e-12
854	132.7122628	-1.649347325e-12
855	131.7888386	-7.612577235e-12
856	130.961947	-6.57562893e-12
857	130.8823515	-1.161115648e-11
858	131.6701613	-9.268585899e-12
859	132.7942785	-9.497291842e-12
860	133.2587875	-1.119992987e-11
861	132.01819	-1.192246302e-11
862	128.4414571	-9.597656003e-12
863	122.6232899	-1.177768993e-11
864	115.4084811	-1.289945928e-11
865	108.1208884	-2.021849355e-11
866	102.1157971	-1.501065938e-11
867	98.34687747	-1.112532289e-11
868	97.12528709	-5.276667991e-12
869	98.15651995	-1.602984412e-11
870	100.8132804	-1.754330015e-11
871	104.4983295	-1.131317262e-11
872	108.9171585	-9.439560245e-12
873	114.1312089	-1.71707093e-11
874	120.3737788	-1.392663762e-11
875	127.7303956	-1.604583133e-11
876	135.8569864	-1.062216981e-11
877	143.8981408	-1.168576347e-11
878	150.6775332	-2.125410958e-11
879	155.1032783	-2.079403316e-11
880	156.6217204	-1.182209886e-11
881	155.515229	-1.920952286e-11
882	152.8931969	-1.753175383e-11
883	150.3498746	-1.328581689e-11
884	149.4049529	-7.370104527e-12
885	150.9407182	-8.305356403e-12
886	154.8593206	-1.523403625e-11
887	160.0992861	-3.939515381e-12
888	165.0068416	-9.31299482e-12
889	167.9156716	-1.24376065e-11
890	167.7084843	-1.383249071e-11
891	164.1484396	-2.688516076e-12
892	157.870144	1.54010138e-12
893	150.0632645	-1.004041295e-11
894	142.004481	-4.662492614e-12
895	134.6435714	2.36610731e-12
896	128.4080346	3.150368855e-12
897	123.2797201	8.677059071e-12
898	119.0686005	2.594813253e-12
899	115.7216575	5.869971176e-12
900	113.4973957	1.692956886e-11
901	112.9101799	9.505729537e-12
902	114.467538	1.153122042e-11
903	118.3313354	9.195755268e-12
904	124.0792334	1.000310945e-11
905	130.7038574	1.104938363e-11
906	136.8804893	1.284439222e-11
907	141.4083166	1.525712889e-11
908	143.6433673	1.382272075e-11
909	143.7344471	1.516786696e-11
910	142.5519744	1.769517866e-11
911	141.3301473	1.562749929e-11
912	141.1678136	9.938272427e-12
913	142.596767	1.864863819e-11
914	145.3987513	1.378985814e-11
915	148.7452147	1.369615532e-11
916	151.5934757	6.683098519e-12
917	153.1612607	1.2046808e-11
918	153.2680947	1.075495248e-11
919	152.3919111	9.534595335e-12
920	151.4163332	1.768141189e-11
921	151.1823635	1.72448722e-11
922	152.0465608	1.445332742e-11
923	153.6470402	3.367084389e-12
924	154.9889417	1.006927874e-11
925	154.8217639	9.847234139e-12
926	152.1533051	7.215117392e-12
927	146.6847599	4.424016709e-12
928	138.9847154	1.103339642e-11
929	130.3311465	1.032551822e-11
930	122.2906371	9.444889315e-12
931	116.2115611	6.447731238e-12
932	112.8367076	2.592148718e-12
933	112.1801932	8.882228286e-12
934	113.6925697	5.349054533e-12
935	116.6121133	2.34923192e-13
936	120.3257387	3.507860669e-12
937	124.5719187	6.372236072e-12
938	129.4040319	2.284838985e-12
939	134.954181	-6.365574734e-12
940	141.1372868	-5.711431328e-12
941	147.4661776	-8.848033417e-12
942	153.0955619	-1.192823618e-12
943	157.1002768	-9.146461366e-12
944	158.8733472	-1.282618456e-11
945	158.4588385	-1.640421132e-11
946	156.6483013	-4.869438186e-12
947	154.7647909	-1.398170468e-11
948	154.1945871	-2.090283502e-11
949	155.8436624	-2.191891113e-11
950	159.7404379	-1.67097447e-11
951	164.9562474	-1.3281376e-11
952	169.8894233	-2.049960202e-11
953	172.8107551	-1.064393018e-11
954	172.4605888	-2.316014047e-11
955	168.4672555	-2.241939967e-11
956	161.4316025	-2.480593508e-11
957	152.6606222	-1.224220725e-11
958	143.675004	-1.359268254e-11
959	135.7004821	-1.27422517e-11
960	129.3462463	-1.237943081e-11
961	124.5809964	-1.18118848e-11
962	120.9814851	-1.769917546e-11
963	118.1105158	-1.766986557e-11
964	115.8329195	-1.039435205e-11
965	114.418493	-1.437472363e-11
966	114.3894108	-1.259570226e-11
967	116.1950562	-7.444267425e-12
968	119.8814816	-1.068345412e-11
969	124.9272405	-1.091526869e-11
970	130.3403755	-1.37503342e-11
971	134.9886189	-7.242650923e-12
972	138.0231225	-1.335420663e-11
973	139.2071856	-8.062439605e-12
974	138.998838	-1.155076035e-11
975	138.3437429	-8.634870596e-12
976	138.2644489	-2.57438515e-12
977	139.4247317	-8.355982573e-12
978	141.8609669	-7.739586749e-12
979	144.9991133	-4.217515226e-12
980	147.9480834	-3.092193168e-12
981	149.9351431	-9.532374889e-12
982	150.6830772	7.996270313e-12
983	150.5527288	4.557243471e-12
984	150.3786355	3.205435917e-12
985	151.0641964	-6.445510792e-12
986	153.1143738	8.832046205e-12
987	156.318056	3.809841331e-12
988	159.7324677	2.599254145e-12
989	161.9935354	1.932676241e-12
990	161.8345912	8.617551117e-12
991	158.603114	5.582645457e-12
992	152.5620502	1.125455285e-11
993	144.8502566	1.203526168e-11
994	137.117623	8.602452084e-12
995	130.9834446	1.225730628e-11
996	127.5346592	1.376854186e-11
997	127.0556497	8.52029558e-12
998	129.0764112	1.740430022e-11
999	132.6886371	1.38329348e-11
1000	136.9704581	7.539302516e-12
1001	141.3269113	1.607736166e-11
1002	145.606896	1.138866779e-11
1003	149.9711109	4.523936781e-12
1004	154.6054955	2.113065278e-11
1005	159.4454291	1.15814025e-11
1006	164.0653263	6.261657859e-14
1007	167.8022395	4.110489726e-12
1008	170.0616679	1.542410644e-11
1009	170.6561951	4.991562719e-12
1010	169.9998902	4.454658864e-12
1011	169.0387165	-4.159339539e-12
1012	168.9152908	1.31454847e-11
1013	170.4922458	7.34035055e-12
1014	173.9341947	6.096012584e-12
1015	178.5372368	1.13056231e-11
1016	182.8987734	5.551115123e-12
1017	185.3791371	-3.013589378e-12
1018	184.6812057	-7.75024489e-12
1019	180.3199427	8.073541835e-12
1020	172.7954563	6.625811011e-13
1021	163.4037939	4.996003611e-13
1022	153.7678824	-1.538635885e-11
1023	145.2832855	4.540812171e-12
1024	138.7020203	-3.626432488e-12
1025	134.011396	-7.273737168e-12
1026	130.6338749	-4.38937775e-12
1027	127.8362318	2.07389661e-13
1028	125.1518165	-8.97015795e-12
1029	122.6241379	-2.959854584e-12
1030	120.7691386	-4.657607633e-12
1031	120.2858138	-1.297806307e-11
1032	121.6601879	-9.26769772e-12
1033	124.8545567	-9.002132373e-12
1034	129.2323057	-1.09188214e-11
1035	133.7586028	-1.187894227e-11
1036	137.389625	-1.404920624e-11
1037	139.4760172	-1.457722831e-11
1038	139.9994094	-9.069189844e-12
1039	139.5368303	-1.481215151e-11
1040	138.9717761	-2.277600331e-11
1041	139.085796	-1.720223963e-11
1042	140.2180527	-1.457234333e-11
1043	142.1477515	-1.327382648e-11
1044	144.2502747	-1.979794106e-11
1045	145.8497598	-1.67754699e-11
1046	146.5975228	-2.398126142e-11
1047	146.6905957	-1.698685637e-11
1048	146.8158794	-1.7438051e-11
1049	147.8318392	-1.425082274e-11
1050	150.3244426	-1.830091634e-11
1051	154.2401001	-2.010036582e-11
1052	158.774163	-1.364908186e-11
1053	162.5876075	-1.446709419e-11
1054	164.282204	-2.052669146e-11
1055	162.9480636	-2.836797464e-11
1056	158.5587631	-1.147704154e-11
1057	152.0465139	-1.539124383e-11
1058	145.0193916	-9.164669024e-12
1059	139.2292012	-4.802380715e-12
1060	135.9993227	-6.59250432e-12
1061	135.8341346	-8.217426739e-12
1062	138.351219	-1.336442068e-11
1063	142.5405313	-7.031708549e-12
1064	147.2210379	-1.161781782e-11
1065	151.4923239	-7.828404591e-12
1066	154.9958986	-9.935607892e-12
1067	157.8975707	-2.016165013e-12
1068	160.63269	-3.688604977e-12
1069	163.5607542	-8.455014466e-12
1070	166.7083597	5.688338689e-12
1071	169.7270305	-4.663380793e-12
1072	172.0813987	-5.848654894e-12
1073	173.3665136	-7.386979917e-12
1074	173.5858592	1.055111554e-11
1075	173.2359922	4.60875782e-12
1076	173.133689	-7.931433288e-13
1077	174.0459104	-1.043565234e-11
1078	176.2838812	1.439293129e-11
1079	179.4520753	-3.580691299e-12
1080	182.4847615	-1.706634833e-12
1081	183.9807334	1.678035488e-11
1082	182.7143033	8.934630813e-12
1083	178.1170056	3.579359031e-12
1084	170.528433	4.51283455e-12
1085	161.1065823	1.871791611e-11
1086	151.4293099	1.17008625e-11
1087	142.948009	7.313261108e-12
1088	136.5159728	1.602717958e-11
1089	132.1801821	1.546229811e-11
1090	129.3110722	2.100586372e-11
1091	126.9999875	1.397948424e-11
1092	124.5416041	1.164712771e-11
1093	121.7871455	1.125854965e-11
1094	119.216474	1.327649102e-11
1095	117.7046245	1.601963007e-11
1096	118.0941964	1.479660838e-11
1097	120.7693368	1.959543638e-11
1098	125.4234104	7.516209877e-12
1099	131.1238199	1.268585237e-11
1100	136.6444138	1.485567225e-11
1101	140.9182901	5.927702773e-12
1102	143.4136861	1.449507181e-12
1103	144.2742785	8.423928222e-12
1104	144.1737906	9.041656313e-12
1105	143.9633141	9.358291919e-12
1106	144.2798383	-3.288924688e-12
1107	145.2958376	4.819700195e-12
1108	146.7182978	-4.851674618e-12
1109	148.0250086	7.524647572e-12
1110	148.8124094	4.841460566e-12
1111	149.0755569	2.309263891e-14
1112	149.2722141	-1.979305608e-12
1113	150.1258255	-1.060129762e-11
1114	152.2492679	-3.032685214e-12
1115	155.7638672	-5.015987625e-12
1116	160.1021932	-8.057554624e-12
1117	164.1096652	-2.43156606e-11
1118	166.4298664	-9.579004256e-12
1119	166.0289151	-1.267075334e-11
1120	162.6435937	-2.007505273e-11
1121	156.9594007	-6.717737477e-12
1122	150.4312207	-1.517763693e-11
1123	144.8061526	-2.025135615e-11
1124	141.5322249	-1.490629842e-11
1125	141.284561	-1.063193977e-11
1126	143.7913385	-1.408340111e-11
1127	148.0169169	-1.707123332e-11
1128	152.6128063	-1.63145053e-11
1129	156.4415833	-1.894084889e-11
1130	158.9586931	-2.090772e-11
1131	160.3087354	-1.849675968e-11
1132	161.1226409	-1.610755973e-11
1133	162.1317227	-1.556399454e-11
1134	163.7870502	-2.546896027e-11
1135	166.0577374	-2.598410376e-11
1136	168.4890688	-1.378053227e-11
1137	170.475197	-2.068478722e-11
1138	171.6000457	-2.590372361e-11
1139	171.8702821	-2.696332047e-11
1140	171.7187342	-7.537970248e-12
1141	171.7694219	-1.66560099e-11
1142	172.473548	-2.136113508e-11
1143	173.7938138	-1.035793673e-11
1144	175.0995966	-1.238342762e-11
1145	175.3431498	-1.804822958e-11
1146	173.4582349	-1.967359609e-11
1147	168.8160681	-6.930456209e-12
1148	161.5386519	-1.148725559e-11
1149	152.5242164	-1.431477159e-11
1150	143.1611353	-6.485478821e-12
1151	134.842205	5.928590951e-13
1152	128.4803571	-7.873701691e-12
1153	124.2292835	-2.010391853e-12
1154	121.5257605	3.834266238e-12
1155	119.43187	5.276667991e-12
1156	117.1253148	5.465849995e-12
1157	114.3217701	8.787637285e-12
1158	111.4431326	3.863576126e-12
1159	109.4567197	5.623501664e-12
1160	109.4542862	4.500400053e-12
1161	112.1532289	1.57793778e-11
1162	117.5361016	1.184297105e-11
1163	124.7843124	4.266809128e-12
1164	132.5347023	7.274181257e-12
1165	139.3497655	9.710010573e-12
1166	144.2038409	1.176481135e-11
1167	146.7863923	1.021716045e-11
1168	147.5082812	3.69260178e-12
1169	147.2285332	1.19477761e-11
1170	146.8383503	1.165600949e-11
1171	146.8934426	1.354383272e-11
1172	147.4526509	1.112088199e-11
1173	148.177527	8.649969629e-12
1174	148.6227689	9.594991468e-12
1175	148.5589753	7.840839089e-12
1176	148.1575893	1.93560723e-11
1177	147.9379787	2.328048865e-11
1178	148.4953208	9.947598301e-12
1179	150.1396336	9.029221815e-12
1180	152.628011	1.599476107e-11
1181	155.1381099	1.042410602e-11
1182	156.5247319	6.349143433e-12
1183	155.7700585	-6.683542608e-13
1184	152.4414971	1.511146763e-11
1185	146.9545534	1.184474741e-11
1186	140.511901	7.780442957e-12
1187	134.7237289	1.686917273e-11
1188	131.0508603	9.735767748e-12
1189	130.2912042	8.620215652e-12
1190	132.3163327	5.369038547e-12
1191	136.1631609	5.198508291e-12
1192	140.4391054	9.94226923e-12
1193	143.8706175	-1.165734176e-12
1194	145.7695947	-2.812861055e-12
1195	146.2328848	5.091038702e-12
1196	146.0080213	-2.795097487e-12
1197	146.1012609	1.303401831e-12
1198	147.3096379	-3.309352792e-12
1199	149.8821648	-4.987121827e-12
1200	153.4485162	-7.344791442e-12
1201	157.2284755	-6.372680161e-12
1202	160.4092051	1.426858631e-12
1203	162.5064999	-6.405986852e-12
1204	163.5411676	-2.139621813e-11
1205	163.9538701	-2.65338862e-11
1206	164.3075813	-1.511768488e-11
1207	164.9279052	-1.309352626e-11
1208	165.6612821	-1.81090698e-11
1209	165.8760036	-1.064170974e-11
1210	164.7164209	-1.495781277e-11
1211	161.4996475	-2.052136239e-11
1212	156.0726387	-2.000533073e-11
1213	148.9595604	-1.37339029e-11
1214	141.220687	-1.951416806e-11
1215	134.0741045	-1.299094166e-11
1216	128.4413841	-1.337019384e-11
1217	124.6175716	-1.877920042e-11
1218	122.2150438	-7.732481322e-12
1219	120.4111941	-1.415623174e-11
1220	118.3940675	-1.685185325e-11
1221	115.8086356	-1.812505701e-11
1222	113.0010839	-1.653610582e-11
1223	110.9431061	-2.762678974e-12
1224	110.856693	-1.588018606e-11
1225	113.6919232	-1.31414879e-11
1226	119.6777796	-1.10218501e-11
1227	128.1389931	-1.5372148e-11
1228	137.6616031	-1.416466944e-11
1229	146.5440237	-2.228395246e-11
1230	153.3520066	-1.843991626e-11
1231	157.3557904	-5.837996753e-12
1232	158.6821538	-1.3281376e-11
1233	158.1379427	-1.324806931e-11
1234	156.7998916	-2.381694841e-11
1235	155.5579174	-1.209876643e-11
1236	154.8066115	-1.505373604e-11
1237	154.4017795	-1.228039892e-11
1238	153.8729208	1.102673508e-12
1239	152.7664941	-6.575184841e-12
1240	150.9409893	-9.170442183e-12
1241	148.6663076	-6.477041126e-12
1242	146.4804818	-3.110400826e-12
1243	144.8785128	8.636646953e-12
1244	143.9936869	-6.686207144e-12
1245	143.4406337	-3.206324095e-12
1246	142.4164858	5.48006085e-12
1247	140.0347281	7.280398506e-12
1248	135.7517216	1.856292897e-12
1249	129.6922244	6.153300092e-12
1250	122.714277	1.340172417e-11
1251	116.1627881	3.717026686e-12
1252	111.3978197	1.326361243e-11
1253	109.2871272	1.23883126e-11
1254	109.8757354	2.291367096e-11
1255	112.3759731	6.727951529e-12
1256	115.4881214	1.68371983e-11
1257	117.9219761	1.416866624e-11
1258	118.9040295	1.860023247e-11
1259	118.4611583	1.858824206e-11
1260	117.3672041	1.143085626e-11
1261	116.7822074	1.687316953e-11
1262	117.7430865	1.61541891e-11
1263	120.7236319	1.407451933e-11
1264	125.4461677	1.696864871e-11
1265	131.0140721	1.202637989e-11
1266	136.2942432	1.268674055e-11
1267	140.3733108	1.058220178e-11
1268	142.8863682	1.515543246e-11
1269	144.0813972	1.679367756e-11
1270	144.6057399	1.82653892e-12
1271	145.1266011	1.302824515e-11
1272	145.9691868	1.228972479e-11
1273	146.9423959	6.776801342e-12
1274	147.4306938	7.662315227e-12
1275	146.7047025	9.580780613e-12
1276	144.3004136	7.901235222e-12
1277	140.2848782	3.306688257e-12
1278	135.279364	3.343547661e-12
1279	130.2247211	1.04742881e-11
1280	125.9955807	3.407940596e-12
1281	123.0434869	8.820499886e-12
1282	121.2394061	4.871658632e-13
1283	119.9964115	4.14779322e-13
1284	118.6236093	7.485567721e-12
1285	116.7514951	4.825029265e-12
1286	114.6282771	-5.673239656e-12
1287	113.1366863	-2.831956891e-12
1288	113.5011744	2.990940828e-12
1289	116.7938378	3.477662602e-12
1290	123.4424422	-9.063416684e-12
1291	132.9523951	-9.305445303e-12
1292	143.9708984	-1.0145218e-11
1293	154.6808296	-8.220979453e-12
1294	163.3744948	-1.133004801e-11
1295	168.9825607	-2.396927101e-11
1296	171.353361	-3.206857002e-11
1297	171.1833739	-1.530686689e-11
1298	169.6448369	-2.4068747e-11
1299	167.8784218	-1.892308532e-11
1300	166.5657913	-2.635758278e-11
1301	165.7504692	-1.694377971e-11
1302	164.9586637	-2.401723265e-11
1303	163.5378066	-2.993250092e-11
1304	161.0392574	-2.034106217e-11
1305	157.4621991	-1.80513382e-11
1306	153.2500154	-6.88515911e-12
1307	149.0523761	-2.192690474e-11
1308	145.3788382	-1.836397701e-11
1309	142.3210215	-2.924416265e-11
1310	139.4870339	-2.632694063e-11
1311	136.1896639	-1.535882532e-11
1312	131.8065682	-9.438227977e-12
1313	126.1438993	-8.232525772e-12
1314	119.6257321	-1.199618183e-11
1315	113.2060303	-9.975131832e-12
1316	108.0251088	-1.558708718e-11
1317	104.9520396	-8.708589405e-12
1318	104.2132674	-5.526246127e-12
1319	105.2774361	-1.574962383e-11
1320	107.0585407	5.906386491e-12
1321	108.3606645	-3.166800155e-12
1322	108.3791192	-1.153299678e-11
1323	107.0435701	5.101252754e-12
1324	105.0529485	-9.750422691e-12
1325	103.5826548	-1.104449865e-11
1326	103.785163	1.083000356e-11
1327	106.2942994	1.862954235e-12
1328	110.9421587	9.641176746e-13
1329	116.8063613	8.457234912e-12
1330	122.5640313	-9.996448114e-13
1331	126.9991034	-3.508304758e-12
1332	129.4475169	1.146460704e-11
1333	129.9966133	-2.470024185e-12
1334	129.3653276	5.944578163e-12
1335	128.5310694	1.179234488e-11
1336	128.2760098	5.782929691e-12
1337	128.8536448	4.066080805e-12
1338	129.9154227	9.451550653e-12
1339	130.7161598	-3.097522239e-12
1340	130.4913958	-3.996802889e-14
1341	128.8262876	1.316902143e-11
1342	125.8462367	1.640776404e-11
1343	122.1477287	2.417710476e-11
1344	118.5120501	6.914468997e-12
1345	115.546855	1.874322919e-11
1346	113.4335551	7.540634783e-13
1347	111.9068937	1.905053892e-11
1348	110.480601	1.680167117e-11
1349	108.8118443	3.45634632e-12
1350	107.0240371	1.540145789e-11
1351	105.8178163	1.490896295e-11
1352	106.2911991	2.458611092e-11
1353	109.5223896	2.841549218e-11
1354	116.0829544	8.231637594e-12
1355	125.6925577	4.585665181e-12
1356	137.1772556	1.994404641e-12
1357	148.770678	7.830180948e-12
1358	158.6535103	1.46025414e-11
1359	165.524043	5.257572155e-12
1360	168.9763848	3.570033158e-12
1361	169.5410427	6.820322085e-12
1362	168.3817327	3.322231379e-12
1363	166.7827259	1.162092644e-11
1364	165.6426366	-2.517364095e-11
1365	165.179168	7.305267502e-13
1366	164.9515591	7.332801033e-12
1367	164.1674081	-1.119992987e-11
1368	162.1200047	-3.073097332e-12
1369	158.5533812	6.594724766e-13
1370	153.7945086	-1.905320346e-11
1371	148.6041932	-4.809042053e-12
1372	143.8283441	5.683453708e-12
1373	140.0203969	4.093170247e-12
1374	137.2142977	2.104982855e-13
1375	134.9531008	4.219513627e-12
1376	132.5562097	-1.302691288e-11
1377	129.4952958	-2.787992059e-12
1378	125.697177	1.313837927e-12
1379	121.6253522	3.672617765e-13
1380	118.095228	-1.19806387e-11
1381	115.9038411	-1.243494197e-11
1382	115.4449541	3.731459586e-12
1383	116.4925186	-1.287414619e-11
1384	118.2627236	-8.5318419e-12
1385	119.7390427	-2.287281475e-11
1386	120.1224597	-1.26845201e-11
1387	119.2063038	-5.797584635e-13
1388	117.5017325	-1.220357149e-11
1389	116.0458724	-2.091660178e-13
1390	115.9640778	-1.272271177e-11
1391	117.9690564	-2.007283229e-11
1392	122.0127355	-1.963407215e-11
1393	127.2457604	-1.022115725e-11
1394	132.3099256	-1.155475715e-11
1395	135.8466393	-1.795030791e-11
1396	137.0115865	-2.426281398e-11
1397	135.7826311	-1.699840269e-11
1398	132.9359931	-3.109956737e-11
1399	129.7064113	-9.523493105e-12
1400	127.2791766	-2.316991043e-11
1401	126.3286468	-2.758104856e-11
1402	126.7914048	-2.771893826e-11
1403	127.9559463	1.873168287e-12
1404	128.8127795	-2.379429986e-12
1405	128.5001691	4.514166818e-13
1406	126.6483709	-1.008104711e-11
1407	123.4811082	-7.354117315e-12
1408	119.6496542	-3.635314272e-12
1409	115.8978865	1.537969752e-11
1410	112.7299383	-1.36866074e-11
1411	110.2430068	-7.820410985e-13
1412	108.2020777	1.025779461e-11
1413	106.3117099	-9.924949751e-12
1414	104.5399598	5.05528952e-12
1415	103.3184897	-2.91722202e-12
1416	103.4966022	-1.060840304e-11
1417	106.0418529	3.441247287e-12
1418	111.6037035	1.044009323e-11
1419	120.1318575	6.782130413e-12
1420	130.7310234	4.57500704e-12
1421	141.8403785	7.078337916e-12
1422	151.6884351	-1.314504061e-12
1423	158.8525958	-1.585398479e-12
1424	162.7017011	2.220090778e-11
1425	163.5433532	-8.863576539e-12
1426	162.4183609	-4.385380947e-12
1427	160.6308753	2.416644662e-11
1428	159.2115738	-6.055600466e-12
1429	158.5356337	8.202105661e-12
1430	158.2470089	1.730904309e-11
1431	157.506737	1.669775429e-12
1432	155.4442338	-4.181099911e-12
1433	151.6069832	9.52082857e-12
1434	146.2111129	1.891642398e-11
1435	140.0883064	2.635114349e-11
1436	134.3608887	1.820499307e-11
1437	129.9958518	1.975841712e-11
1438	127.4378162	1.243227743e-11
1439	126.4800673	1.933875282e-11
1440	126.4218858	2.189226578e-11
1441	126.4305108	3.729905274e-12
1442	125.9360451	1.249111925e-11
1443	124.8774908	1.315925147e-11
1444	123.6912896	9.721778937e-12
1445	123.0557395	1.781863546e-11
1446	123.5190057	1.195976651e-11
1447	125.1924671	4.236389017e-12
1448	127.6599712	6.936673458e-12
1449	130.1514776	1.47981627e-11
1450	131.903534	7.900791132e-12
1451	132.5373683	5.841993556e-12
1452	132.2712311	1.198463551e-11
1453	131.8549912	-1.524114168e-12
1454	132.2408402	1.176836406e-11
1455	134.1277432	3.342215393e-12
1456	137.5823593	-1.139111028e-11
1457	141.9143854	-3.105737889e-12
1458	145.8784525	-8.36841707e-12
1459	148.1331451	-1.030198149e-11
1460	147.7725151	-3.465228104e-12
1461	144.7079882	-2.042210845e-11
1462	139.7365485	6.305622691e-12
1463	134.2605132	-8.082423619e-13
1464	129.7696046	-4.04121181e-13
1465	127.2947708	-1.865174681e-13
1466	127.0529818	1.117306248e-11
1467	128.419506	-2.067235272e-12
1468	130.2255757	-4.377387341e-12
1469	131.2453066	-6.605826997e-12
1470	130.6637424	-1.52073909e-11
1471	128.3373507	2.742250871e-12
1472	124.7579396	-1.773359237e-11
1473	120.7645286	-1.868327715e-11
1474	117.1550352	-1.113797943e-11
1475	114.3836885	-1.350741741e-11
1476	112.4778435	-1.416822215e-11
1477	111.1956443	3.185673947e-12
1478	110.327002	-1.000666217e-11
1479	109.9702518	-1.825961604e-11
1480	110.628252	-5.300870853e-12
1481	113.0553175	-1.829913998e-11
1482	117.9095058	-1.353472889e-11
1483	125.3658116	-1.062105959e-11
1484	134.8766682	-1.180033848e-11
1485	145.2103988	-1.893973867e-11
1486	154.7790798	-2.281153044e-11
1487	162.1374012	-1.591105026e-11
1488	166.4522988	-4.69990713e-11
1489	167.7476079	-1.608313482e-11
1490	166.8189352	-1.842259678e-11
1491	164.8528288	-3.813793725e-11
1492	162.9106895	-7.494893595e-12
1493	161.4960082	-6.660894059e-12
1494	160.3872909	-3.63291619e-11
1495	158.8037059	-4.658495811e-12
1496	155.8261565	-8.255618411e-13
1497	150.8861395	-8.899991855e-12
1498	144.1064631	-2.029931778e-12
1499	136.3436966	-6.240341577e-12
1500	128.9128044	-4.804379117e-12
1501	123.1122609	5.668576719e-12
1502	119.7527779	8.949285757e-12
1503	118.8881593	-1.285016538e-11
1504	119.8560266	-3.598010778e-12
1505	121.6003794	-6.03606054e-12
1506	123.1276278	4.563016631e-12
1507	123.8955208	4.161337941e-12
1508	123.9719206	-4.69557726e-12
1509	123.9089415	-7.073452934e-12
1510	124.4074348	2.152678036e-11
1511	125.9384551	1.01840758e-11
1512	128.5014448	7.611689057e-12
1513	131.6288572	1.12194698e-11
1514	134.6272166	2.350386552e-11
1515	136.9310739	9.286349467e-12
1516	138.3918041	2.06030748e-11
1517	139.3532544	1.398969829e-11
1518	140.4674604	1.768807323e-11
1519	142.3294821	1.580713338e-11
1520	145.1024134	1.452260534e-11
1521	148.3179912	-1.479416589e-11
1522	150.9660986	1.082800516e-11
1523	151.8584101	2.753841599e-11
1524	150.1242444	-4.063638315e-12
1525	145.6280825	1.153921403e-11
1526	139.120822	1.815392281e-11
1527	132.0432237	6.260325591e-12
1528	126.0453593	1.970179575e-11
1529	122.4074592	2.458255821e-11
1530	121.5922844	7.84616816e-12
1531	123.1069955	1.442690412e-11
1532	125.7254906	1.391020632e-11
1533	127.9747941	3.365308032e-12
1534	128.6843525	1.789812742e-11
1535	127.3790331	2.29860575e-12
1536	124.3711673	4.987121827e-12
1537	120.539756	-3.401279258e-12
1538	116.9169269	1.708877484e-11
1539	114.2755241	-5.51625412e-12
1540	112.8969243	1.279421014e-11
1541	112.6044002	9.815481761e-12
1542	113.0192551	-3.109068558e-12
1543	113.893648	1.249400583e-11
1544	115.3422964	6.848743794e-12
1545	117.8484762	5.704992034e-12
1546	122.0321931	2.173239366e-11
1547	128.2872097	6.917577622e-12
1548	136.4630359	-1.012723239e-11
1549	145.7549642	-8.3939522e-12
1550	154.8745781	-1.546984763e-11
1551	162.4455885	-1.752820111e-12
1552	167.463596	-2.211120176e-11
1553	169.6227719	-9.229061959e-12
1554	169.365346	-4.359046457e-11
1555	167.6290571	-1.850652964e-11
1556	165.4008048	-8.398615137e-12
1557	163.2720158	-2.123834442e-11
1558	161.1928103	-1.89837035e-11
1559	158.5358891	-7.580602812e-13
1560	154.4443303	-1.466315958e-11
1561	148.3103245	-3.873346088e-12
1562	140.1707902	-7.825740056e-12
1563	130.8385103	-7.386091738e-12
1564	121.7003461	-7.983835815e-12
1565	114.258174	-1.167510533e-11
1566	109.6004819	-1.790989579e-11
1567	108.0239524	-1.50306434e-11
1568	108.9612159	-5.261568958e-12
1569	111.2410814	-1.055466825e-11
1570	113.5677586	-2.192757087e-11
1571	115.0165481	-1.604139044e-11
1572	115.3429909	-1.343458678e-11
1573	114.9890392	-1.785727122e-11
1574	114.8037602	-1.276445616e-11
1575	115.6176109	-6.407763209e-12
1576	117.8652749	-1.263589233e-11
1577	121.4195246	-7.549960657e-12
1578	125.6946404	-7.980505146e-12
1579	129.9514477	-1.346123213e-11
1580	133.6452014	-1.745115163e-11
1581	136.6433847	-1.859623566e-11
1582	139.2084084	-2.362310347e-11
1583	141.7576745	-1.048316989e-11
1584	144.5251545	1.875166689e-12
1585	147.3016748	-1.166577945e-11
1586	149.3995607	-6.053157975e-12
1587	149.8841946	-4.860556402e-12
1588	147.9869153	-1.878830425e-11
1589	143.5195742	-4.042099988e-12
1590	137.0958097	1.435940256e-11
1591	130.0376043	9.019229807e-12
1592	123.9778465	2.884581463e-12
1593	120.3031424	9.428458014e-12
1594	119.6568066	6.73039402e-12
1595	121.7050626	2.426947532e-13
1596	125.2654707	3.772315793e-12
1597	128.7491785	-6.546763132e-12
1598	130.7407361	2.845501612e-12
1599	130.4856491	9.434453219e-12
1600	128.0990231	-7.771561172e-15
1601	124.429049	6.638134487e-12
1602	120.653901	1.827393792e-11
1603	117.7971996	1.72314385e-11
1604	116.370519	1.659750115e-11
1605	116.2837259	1.832534124e-11
1606	117.0375618	2.357836149e-11
1607	118.0854202	1.941868888e-11
1608	119.1795756	1.946365291e-11
1609	120.5320099	1.344924172e-11
1610	122.7127538	7.908451671e-12
1611	126.3355572	1.609501421e-11
1612	131.6829945	1.046940312e-11
1613	138.4538601	1.411559758e-11
1614	145.7609715	1.573075004e-11
1615	152.3925362	-3.344546862e-12
1616	157.2279283	1.974576058e-11
1617	159.625414	4.053690716e-11
1618	159.6092366	1.06420428e-11
1619	157.7727862	2.307709579e-12
1620	154.943241	-2.496336471e-12
1621	151.7626111	1.053890308e-11
1622	148.3801533	7.856715278e-12
1623	144.4023532	5.439426687e-12
1624	139.1299079	6.358025217e-12
1625	131.9783717	2.576161506e-12
1626	122.8903359	1.944844286e-11
1627	112.543267	-3.721134512e-12
1628	102.2418531	-1.588373877e-11
1629	93.52075544	1.379962811e-11
1630	87.61299502	4.204081527e-12
1631	85.00343359	2.202549254e-11
1632	85.25668076	1.427213903e-11
1633	87.19632114	-6.298073174e-12
1634	89.3658285	2.631506124e-11
1635	90.58419712	1.722899601e-11
1636	90.37170157	7.85871368e-12
1637	89.07893798	2.280042821e-11
1638	87.6794758	-5.503375533e-13
1639	87.327244	-1.398348104e-11
1640	88.87327264	-3.1978864e-12
1641	92.54342193	-1.40221168e-13
1642	97.89874366	-1.554423257e-12
1643	104.0709201	-1.4326762e-11
1644	110.14549	-1.113131809e-11
1645	115.5083636	-3.234967849e-12
1646	120.000214	-2.068067939e-11
1647	123.8229338	-1.003697125e-11
1648	127.2647922	-1.088684698e-11
1649	130.3987397	-1.290245688e-11
1650	132.9204988	-9.07962594e-12
1651	134.2239579	-1.753819312e-11
1652	133.6931268	-3.597788734e-12
1653	131.0779341	-8.392841977e-12
1654	126.7687084	-1.443734021e-11
1655	121.8178726	-1.09621201e-11
1656	117.6645264	-1.55294666e-11
1657	115.6513869	-2.304822999e-12
1658	116.5238511	-2.403632848e-11
1659	120.1211741	-1.269584438e-11
1660	125.3982885	-1.387112647e-11
1661	130.7826144	-2.223310425e-11
1662	134.730688	-2.321509651e-11
1663	136.2651362	-1.53308477e-11
1664	135.28048	-3.974376384e-12
1665	132.5034581	-2.170097435e-11
1666	129.1381612	-5.257350111e-12
1667	126.3558081	4.762856776e-12
1668	124.8479469	-6.778577699e-12
1669	124.6258422	-9.29900601e-12
1670	125.1351667	-2.564504165e-12
1671	125.614905	-5.459743768e-12
1672	125.5245642	-1.469269151e-12
1673	124.8397749	-1.544486761e-11
1674	124.0820961	-1.482303169e-11
1675	124.0732416	-1.612376899e-12
1676	125.5303038	-1.066258193e-11
1677	128.6900436	-1.276867501e-12
1678	133.1355429	-8.991141165e-12
1679	137.9052586	1.887379142e-15
1680	141.8359171	-1.286637463e-12
1681	143.9854625	2.036149027e-13
1682	143.9480861	1.217981271e-11
1683	141.9252627	1.217748125e-11
1684	138.5304741	-1.620925616e-14
1685	134.42849	1.107691716e-11
1686	129.9860009	5.241251877e-12
1687	125.1039185	-1.541877737e-12
1688	119.3153067	6.617817405e-12
1689	112.1059367	1.719535625e-11
1690	103.3051737	1.348765544e-11
1691	93.35429455	8.335776513e-12
1692	83.30768607	3.669908821e-11
1693	74.53976145	2.126387955e-11
1694	68.26508355	2.347322337e-11
1695	65.07052323	4.052846947e-11
1696	64.6639769	2.329403337e-11
1697	65.95942397	8.793410444e-12
1698	67.47826298	4.852518387e-11
1699	67.91216985	1.335798139e-11
1700	66.62189274	5.651190627e-11
1701	63.87071734	4.098166251e-11
1702	60.70078121	1.41993084e-11
1703	58.50798454	4.604960857e-11
1704	58.49358968	2.110067676e-11
1705	61.21580059	3.324451825e-12
1706	66.41478002	4.672928711e-11
1707	73.16331239	9.792833211e-12
1708	80.25687791	-7.254641332e-12
1709	86.66179897	3.499178725e-11
1710	91.82838139	1.535260807e-11
1711	95.74975517	2.98696623e-11
1712	98.77041956	1.881450551e-11
1713	101.2639476	9.027223413e-12
1714	103.3543499	2.498579121e-11
1715	104.826228	4.116706975e-12
1716	105.2702218	2.139843858e-12
1717	104.3894542	1.753419632e-11
1718	102.3069828	1.451949672e-12
1719	99.70480479	-1.006617012e-11
1720	97.69769171	5.297984274e-13
1721	97.46783011	-1.116506887e-11
1722	99.80291587	2.548672384e-11
1723	104.736573	-6.31716901e-13
1724	111.4577936	-3.695710404e-12
1725	118.5471946	1.857847209e-12
1726	124.4589095	6.556755139e-12
1727	128.0590318	2.619682249e-12
1728	129.0031384	5.386358026e-12
1729	127.8004421	5.192068997e-12
1730	125.5433426	-5.588640661e-12
1731	123.4219475	-1.113109604e-12
1732	122.2323197	-6.832756583e-12
1733	122.0860267	-1.915023695e-11
1734	122.4378442	-1.34849909e-11
1735	122.408254	-2.129318943e-11
1736	121.2492516	-1.242939085e-11
1737	118.7418476	-8.717915279e-12
1738	115.3471286	-2.246292041e-11
1739	112.0440511	-1.782662906e-11
1740	109.9263795	-1.208388944e-11
1741	109.7366322	-1.027311569e-11
1742	111.5405394	-1.171951425e-11
1743	114.6811567	-1.290434426e-11
1744	118.0273238	-3.644418101e-12
1745	120.4027701	-1.426880836e-11
1746	121.0069746	-1.349587109e-11
1747	119.6494131	-1.532751703e-11
1748	116.7086548	-1.808930783e-11
1749	112.8548944	-1.687783246e-11
1750	108.6805649	-9.196421402e-12
1751	104.4205627	-1.000310945e-11
1752	99.89523219	-2.30437891e-11
1753	94.69871221	-9.356959652e-12
1754	88.53423999	-2.173816682e-11
1755	81.52317206	2.570277324e-11
1756	74.32145775	1.250421988e-11
1757	67.96424269	-1.838995622e-11
1758	63.48733819	3.090172562e-11
1759	61.484945	1.400546346e-11
1760	61.80449956	-9.387823852e-12
1761	63.53047011	2.870859106e-11
1762	65.28861304	1.524114168e-12
1763	65.76244724	-1.437561181e-11
1764	64.21620481	1.695998897e-11
1765	60.80740981	-8.641531934e-12
1766	56.55425369	2.535371912e-11
1767	52.96401859	1.380495718e-11
1768	51.46876603	-9.606093698e-12
1769	52.89334753	4.611622195e-11
1770	57.16494312	-2.052580328e-12
1771	63.37031579	9.5463637e-12
1772	70.12191327	2.501865382e-11
1773	76.06958583	1.629274493e-11
1774	80.3437419	8.371525695e-12
1775	82.75797873	3.501687829e-11
1776	83.71320417	1.160271879e-11
1777	83.87859339	3.975264562e-11
1778	83.817744	2.842326374e-11
1779	83.74089898	1.26456623e-11
1780	83.49302516	2.590527792e-11
1781	82.76772546	1.437450159e-11
1782	81.424943	6.938671859e-12
1783	79.73842372	3.214140065e-11
1784	78.43108495	2.31941133e-11
1785	78.45788712	-5.13145082e-12
1786	80.61942247	4.005928922e-11
1787	85.1774447	1.1678436e-11
1788	91.65397753	4.05973033e-11
1789	98.92164302	3.203615151e-11
1790	105.5662991	2.448552472e-11
1791	110.3804545	2.033440083e-11
1792	112.7829855	1.898992075e-11
1793	112.9871737	9.632517006e-12
1794	111.8449885	3.045075303e-11
1795	110.4350751	7.892131393e-12
1796	109.5736216	7.981615369e-12
1797	109.4613808	8.816947172e-12
1798	109.6207808	5.068834241e-12
1799	109.1497292	3.154543293e-11
1800	107.1790902	6.234346372e-12
1801	103.3303084	1.456856857e-11
1802	97.96821931	2.292166457e-11
1803	92.13251742	2.456546078e-11
1804	87.17090949	3.094413614e-12
1805	84.22650823	3.440225882e-11
1806	83.79497822	1.318456455e-11
1807	85.53630058	-5.917488721e-12
1808	88.41599625	2.553313116e-11
1809	91.11013223	1.14788179e-11
1810	92.49911249	5.10591569e-12
1811	92.04421106	-1.455058296e-12
1812	89.8998657	-6.879163905e-12
1813	86.73570094	1.491295976e-11
1814	83.36993017	2.06523687e-12
1815	80.39311503	-2.111821829e-11
1816	77.95484247	1.237676628e-11
1817	75.80075169	5.222489108e-13
1818	73.52424866	-3.94817512e-12
1819	70.89379934	1.638311709e-11
1820	68.08097821	-1.05051523e-11
1821	65.66305186	3.986722064e-11
1822	64.38427063	4.164890655e-12
1823	64.78081718	-1.082156587e-11
1824	66.8486671	2.475042393e-11
1825	69.92524584	1.931788063e-14
1826	72.86602511	-1.986744103e-11
1827	74.46489795	7.159162152e-12
1828	73.9515494	-1.334632405e-11
1829	71.3532635	-1.71224146e-11
1830	67.55564971	1.327571386e-11
1831	64.01857444	-2.18162155e-11
1832	62.24848133	2.457523074e-11
1833	63.2335026	1.383582138e-11
1834	67.06707038	-7.694067605e-12
1835	72.90995235	1.852362708e-11
1836	79.30186802	8.26760882e-12
1837	84.69151237	-1.912425773e-11
1838	87.96864352	6.365574734e-12
1839	88.78936322	-1.12040377e-11
1840	87.58076126	-1.963407215e-11
1841	85.25070735	9.273803947e-12
1842	82.75116231	-2.202238392e-11
1843	80.69610638	1.929156834e-11
1844	79.19715475	-2.237876551e-12
1845	77.97094408	-1.888522672e-11
1846	76.64344519	2.723932191e-11
1847	75.08640898	1.115763038e-11
1848	73.61041984	-6.896705429e-13
1849	72.91111595	2.523081744e-11
1850	73.78574119	5.526801239e-12
1851	76.74999742	-1.116029491e-11
1852	81.73760301	2.017708223e-11
1853	88.03222733	1.668831739e-11
1854	94.4778776	1.067201882e-11
1855	99.8863869	8.978484622e-12
1856	103.4678056	-3.010369731e-12
1857	105.0944633	2.128031085e-11
1858	105.280451	3.773648061e-12
1859	104.884388	2.055466908e-12
1860	104.6682165	4.00601774e-12
1861	104.9118095	1.53009827e-11
1862	105.2611365	1.35467193e-11
1863	104.8850798	1.343980482e-11
1864	102.87755	1.341782241e-11
1865	98.72879791	2.7762459e-11
1866	92.65351161	3.075362187e-11
1867	85.62074845	1.28841382e-11
1868	79.05784442	5.023104155e-11
1869	74.34199104	1.77909909e-11
1870	72.28722279	9.573342119e-12
1871	72.83971761	4.428302169e-11
1872	75.10804106	1.591804466e-11
1873	77.7146924	-3.555267192e-12
1874	79.32190034	3.985101138e-11
1875	79.11552317	2.133437871e-11
1876	77.05497418	4.83471041e-11
1877	73.80214615	2.233346841e-11
1878	70.38097839	1.5367152e-11
1879	67.73038352	5.395528468e-11
1880	66.34893608	3.739364374e-11
1881	66.17665118	8.737011115e-12
1882	66.74380407	4.253564168e-11
1883	67.49287794	3.740929788e-11
1884	68.1039318	2.149280753e-12
1885	68.65964075	3.522915293e-11
1886	69.56972935	1.59172675e-11
1887	71.2955552	3.023348238e-11
1888	74.01702799	2.281641542e-11
1889	77.41774003	8.446909838e-12
1890	80.71323707	2.913236319e-11
1891	82.93408748	6.419087484e-12
1892	83.35147251	-6.450395773e-14
1893	81.85608047	2.932842857e-11
1894	79.10849084	-1.253663839e-12
1895	76.37063954	2.161604229e-12
1896	75.06482188	2.694544587e-11
1897	76.22900541	1.3525292e-11
1898	80.09012051	3.449085462e-11
1899	85.93535457	8.979372801e-12
1900	92.34151571	-4.020783706e-12
1901	97.67509873	1.901123703e-11
1902	100.6641109	-8.135936369e-12
1903	100.8150358	-6.865619184e-12
1904	98.51615405	6.507239192e-12
1905	94.80193435	-9.874101536e-12
1906	90.89422544	-1.430444652e-11
1907	87.72373824	1.237232539e-12
1908	85.63307252	-3.474998067e-14
1909	84.37347413	1.218114498e-11
1910	83.37281467	1.0140222e-11
1911	82.13249926	-1.485356282e-11
1912	80.55890796	1.78621562e-11
1913	79.07221518	1.30006006e-11
1914	78.44329448	-1.669020477e-11
1915	79.43772075	1.003364059e-11
1916	82.43590251	2.074229677e-12
1917	87.20942659	-3.326738884e-11
1918	92.96137651	-6.209810444e-12
1919	98.6163453	-4.118594354e-12
1920	103.2303373	-2.569389146e-12
1921	106.3349065	-6.375233674e-12
1922	108.0595779	-2.283595535e-11
1923	108.9785914	-7.831846283e-12
1924	109.7558168	-1.156330587e-11
1925	110.7566859	-5.40822942e-12
1926	111.814	2.546851618e-12
1927	112.2660677	-3.153477479e-12
1928	111.2607397	-4.295563905e-12
1929	108.1936465	-8.745226765e-13
1930	103.0805271	-2.727373882e-12
1931	96.6843694	-1.232736135e-11
1932	90.32088931	3.803291015e-12
1933	85.40640454	1.940669847e-12
1934	82.92857328	1.634115065e-11
1935	83.06071521	9.370837439e-12
1936	85.08548777	-3.524625036e-12
1937	87.66626444	8.637424109e-12
1938	89.3593289	3.948508187e-12
1939	89.15965634	-8.852918398e-12
1940	86.86077896	2.588051995e-11
1941	83.08978378	5.137668069e-12
1942	79.01627138	2.996047854e-12
1943	75.86904174	1.48783208e-11
1944	74.46837838	9.212408614e-12
1945	74.96460228	4.153233313e-11
1946	76.87513579	1.745026346e-11
1947	79.37820419	1.301014851e-11
1948	81.71177976	3.343214594e-11
1949	83.48935767	5.55433477e-12
1950	84.79398987	8.404388296e-13
1951	86.02353378	2.084243889e-11
1952	87.58055045	7.622791287e-12
1953	89.5736476	6.084910353e-12
1954	91.689525	3.305067331e-11
1955	93.31039575	2.789457554e-11
1956	93.82948267	3.357725209e-11
1957	93.01521903	3.352940148e-11
1958	91.24127785	1.657973758e-11
1959	89.45218124	3.4009906e-11
1960	88.85102755	3.040456775e-11
1961	90.4248093	8.61288818e-12
1962	94.50507945	2.947175837e-11
1963	100.5583718	2.230127194e-11
1964	107.3105843	9.93405358e-12
1965	113.1702149	1.824007612e-11
1966	116.7872548	6.877054481e-12
1967	117.5240613	1.827971108e-11
1968	115.648984	8.706368959e-12
1969	112.178814	7.556621995e-12
1970	108.4427541	3.198408205e-11
1971	105.5552473	1.26730848e-11
1972	104.0183829	1.254396587e-11
1973	103.6130846	2.397659848e-11
1974	103.609739	9.00102215e-12
1975	103.1902069	5.90538729e-12
1976	101.8849243	1.2270851e-11
1977	99.82869168	5.529132707e-12
1978	97.72508816	2.374911379e-11
1979	96.54237463	4.278577492e-12
1980	97.08339424	9.08828568e-13
1981	99.6253113	1.606170752e-11
1982	103.7894432	-2.305933222e-12
1983	108.6944911	9.127587575e-12
1984	113.3175648	-8.128164808e-12
1985	116.8952017	6.620815007e-12
1986	119.1824938	4.248712493e-12
1987	120.4579608	8.683942454e-12
1988	121.2822894	-4.826583577e-12
1989	122.1346844	1.016076112e-12
1990	123.1078901	3.365974166e-12
1991	123.8152209	-1.024158536e-11
1992	123.5625077	6.881162307e-13
1993	121.7106399	-7.244205236e-12
1994	118.0591141	-2.343847338e-11
1995	113.0625815	-5.492273303e-12
1996	107.761182	-2.1739055e-11
1997	103.4321656	-3.289934991e-11
1998	101.0986762	5.901945599e-13
1999	101.1034752	-1.733124755e-11
2000	102.9369123	1.684097306e-12
2001	105.4055463	-6.43962661e-12
2002	107.0840887	-1.15116805e-11
2003	106.8711321	3.598232823e-12
2004	104.4220627	-5.844547069e-12
2005	100.281808	-2.575251123e-11
2006	95.66486219	-4.988676139e-12
2007	91.9766692	-1.016586815e-11
2008	90.27587203	-2.370992291e-11
2009	90.89639053	-6.933786878e-12
2010	93.37475242	-1.398237082e-11
2011	96.69506763	4.088063221e-12
2012	99.73034054	-8.811396057e-12
2013	101.6824462	1.299405028e-12
2014	102.3356405	-7.86259946e-13
2015	102.0315602	-1.054734078e-11
2016	101.4033567	-3.204103649e-12
2017	101.0135952	1.299360619e-11
2018	101.077017	-6.305178601e-12
2019	101.4002919	-9.185985306e-12
2020	101.5608034	1.116462478e-11
2021	101.2274604	-6.561418076e-13
2022	100.4544607	6.498357408e-12
2023	99.78794196	1.163025232e-11
2024	100.1121144	-8.754552638e-12
2025	102.2862388	1.340305644e-11
2026	106.7289519	3.595124198e-12
2027	113.1423105	-5.868860953e-12
2028	120.5158263	4.711786517e-12
2029	127.4319047	-1.14170895e-11
2030	132.5605693	7.434497462e-12
2031	135.1429815	-2.561728607e-12
2032	135.2607952	1.133826366e-11
2033	133.7748773	-5.297540184e-12
2034	131.9558809	4.723776925e-12
2035	130.9603744	2.315037051e-12
2036	131.3722252	9.508172027e-12
2037	133.0005181	1.177635767e-11
2038	135.0145005	1.149969009e-11
2039	136.3510882	3.130828929e-12
2040	136.2144266	1.309752307e-11
2041	134.4501337	1.710542819e-11
2042	131.6344878	1.016586815e-11
2043	128.8448037	1.260591631e-11
2044	127.2157195	1.316569076e-11
2045	127.4764009	8.707923271e-12
2046	129.6670589	1.474553812e-11
2047	133.1498129	2.706168623e-11
2048	136.8973025	8.024469977e-12
2049	139.921798	1.669686611e-11
2050	141.6512521	2.543965039e-12
2051	142.0904898	1.733191368e-11
2052	141.7093591	2.040412284e-11
2053	141.126805	1.004263339e-11
2054	140.7521213	9.696687897e-12
2055	140.5602556	7.558842441e-12
2056	140.1105702	1.293853913e-12
2057	138.7996949	1.69979586e-11
2058	136.224415	-2.622790873e-12
2059	132.473589	6.577183242e-12
2060	128.1962209	1.900346547e-11
2061	124.3943416	-3.273159521e-12
2062	122.0185752	2.160627233e-11
2063	121.5419528	-9.658940314e-13
2064	122.7077667	4.357403327e-12
2065	124.5785237	4.15356638e-12
2066	125.8839509	7.380762668e-12
2067	125.5329903	4.172662216e-12
2068	123.0771257	-7.74491582e-13
2069	118.9259263	5.339728659e-12
2070	114.2162572	1.559197216e-12
2071	110.3816279	7.367439991e-12
2072	108.5951149	1.901390156e-11
2073	109.3131599	-1.114219828e-11
2074	112.104955	-9.917844324e-12
2075	115.831691	3.270494986e-12
2076	119.0939736	-1.699751451e-11
2077	120.7571761	-4.876765658e-12
2078	120.3393369	-5.341060927e-12
2079	118.1134058	5.418776539e-12
2080	114.9036993	-6.550315845e-13
2081	111.6878294	-1.148703355e-11
2082	109.192391	-9.195533224e-12
2083	107.6609979	-3.451239294e-12
2084	106.8839014	-5.651479285e-12
2085	106.4520728	-2.16937579e-11
2086	106.0938443	-4.11115586e-12
2087	105.9167699	-1.066235988e-11
2088	106.4267006	6.441291944e-12
2089	108.3064586	-2.230282625e-11
2090	112.0560781	-1.682209927e-11
2091	117.6691898	-1.298317009e-11
2092	124.5110283	-9.027001369e-12
2093	131.4754841	-3.650857394e-12
2094	137.3709146	-1.274669259e-11
2095	141.3752627	-1.678279737e-11
2096	143.3611793	-9.468203999e-12
2097	143.9414	-1.298672281e-11
2098	144.203457	-1.30488953e-11
2099	145.2390891	-3.061062515e-11
2100	147.6668125	-2.262279253e-11
2101	151.3537203	-7.479572517e-12
2102	155.459809	-2.613775862e-11
2103	158.790165	-1.860245291e-11
2104	160.3071227	-1.17317267e-11
2105	159.5843937	-2.812328148e-11
2106	157.0090887	-1.754396628e-11
2107	153.6453284	-3.710809438e-12
2108	150.8178167	-1.903854852e-11
2109	149.592378	-6.225464588e-12
2110	150.3717648	-9.810374735e-12
2111	152.7719203	-1.04454223e-11
2112	155.8207175	-6.549427667e-12
2113	158.3827325	-1.862066057e-11
2114	159.6205436	-9.798828415e-12
2115	159.2951267	2.719158232e-12
2116	157.7866194	-1.427036267e-11
2117	155.845114	-1.011191131e-11
2118	154.2008309	1.256461601e-11
2119	153.2205916	-1.139799366e-11
2120	152.7683752	-5.815348203e-12
2121	152.3269389	-9.381162513e-12
2122	151.312404	1.280309192e-12
2123	149.4223742	1.05280229e-11
2124	146.8426823	1.77242665e-11
2125	144.2053253	9.017675495e-12
2126	142.3093357	1.504951719e-11
2127	141.7319697	1.161293284e-11
2128	142.5155455	1.051625453e-11
2129	144.0873765	7.883915742e-12
2130	145.4674657	1.165711971e-11
2131	145.6865328	1.844036035e-11
2132	144.2353977	-1.007638417e-12
2133	141.3429764	7.041922601e-12
2134	137.9471604	9.956924174e-12
2135	135.3530438	6.270983732e-12
2136	134.7099237	5.572431405e-12
2137	136.5217917	2.205546856e-11
2138	140.3980543	6.656897256e-12
2139	145.1540767	2.399436205e-11
2140	149.2260479	2.700017987e-11
2141	151.2339729	2.205791105e-12
2142	150.4665066	8.59934346e-12
2143	147.0972458	-4.901190565e-12
2144	142.057563	3.669065052e-12
2145	136.6353175	6.578959599e-12
2146	131.979205	1.027178342e-11
2147	128.7182844	1.274802486e-11
2148	126.844678	6.790568108e-12
2149	125.8842534	7.291722781e-12
2150	125.2514907	-5.118572233e-12
2151	124.6081158	1.187783205e-11
2152	124.0533317	1.244382375e-11
2153	124.060606	1.215916257e-12
2154	125.2003446	-9.798828415e-13
2155	127.7913435	1.087130386e-11
2156	131.6587677	-8.664624573e-12
2157	136.126585	-4.770406292e-12
2158	140.2610309	-6.562306254e-12
2159	143.2604706	-8.562928144e-12
2160	144.8125396	-7.110090294e-12
2161	145.2472506	-5.99698069e-12
2162	145.4029665	-5.145883719e-12
2163	146.2518473	-1.383937409e-11
2164	148.4440022	-7.398082147e-12
2165	151.9732406	-2.381361774e-11
2166	156.120462	-3.193401099e-11
2167	159.7123067	-9.213962926e-12
2168	161.5941702	-4.085132232e-11
2169	161.1193995	-1.626676571e-11
2170	158.4442948	-1.238698033e-11
2171	154.498153	-1.997935151e-11
2172	150.635171	-2.431788104e-11
2173	148.1109749	-1.377964409e-11
2174	147.6015954	-3.797184789e-11
2175	148.9641574	-1.666022875e-11
2176	151.334623	-1.19662058e-11
2177	153.5141116	-2.999467341e-11
2178	154.4743089	-1.238698033e-11
2179	153.7664204	-3.480371547e-11
2180	151.665869	-2.623723461e-11
2181	149.0039586	-1.623190471e-11
2182	146.7745572	-2.951061617e-11
2183	145.6980598	-2.972799784e-11
2184	145.9359354	-1.168065644e-11
2185	147.074178	-3.025535378e-11
2186	148.3685036	-7.899458865e-12
2187	149.125707	-5.885736343e-12
2188	149.0376367	-3.392797154e-11
2189	148.3120081	-2.32329711e-11
2190	147.5436824	-1.817457296e-11
2191	147.3944039	-1.546851536e-11
2192	148.2404481	-8.256950679e-12
2193	149.9636282	-2.110467356e-11
2194	151.9938577	-3.007150084e-12
2195	153.5916433	9.766409903e-12
2196	154.2417602	-1.670663607e-11
2197	153.9696985	-1.594324672e-11
2198	153.4194399	-6.226130722e-13
2199	153.6346292	-9.648726262e-12
2200	155.6199508	-1.003908068e-11
2201	159.8649799	-2.371702834e-11
2202	166.0403479	-5.228040223e-12
2203	173.0111036	3.517186542e-13
2204	179.1810787	-3.398215043e-11
2205	183.0411063	-1.087396839e-11
2206	183.7045299	7.652989353e-12
2207	181.2151031	-2.86988211e-11
2208	176.5051276	1.593836174e-12
2209	171.0258967	1.582378673e-11
2210	166.2062095	-4.138689391e-12
2211	162.960787	-2.252198428e-12
2212	161.4415346	-1.299449437e-11
2213	161.1149865	-5.996314556e-12
2214	161.108065	1.692113116e-11
2215	160.6534952	-1.397060245e-11
2216	159.4332763	1.587885379e-11
2217	157.6756132	2.182876102e-11
2218	155.9796501	8.675282714e-12
2219	154.9681761	1.000355354e-11
2220	154.9441862	2.964606338e-11
2221	155.7194697	8.77342643e-12
2222	156.6973667	1.860733789e-11
2223	157.1683283	1.631583757e-12
2224	156.673638	-9.900968934e-13
2225	155.2577297	2.310307501e-11
2226	153.4795685	-9.579892435e-12
2227	152.1659208	5.765610211e-12
2228	152.0124557	1.731192967e-11
2229	153.2153632	1.06803455e-12
2230	155.309997	5.88995519e-12
2231	157.3048561	3.335065557e-11
2232	158.06746	1.619593348e-12
2233	156.8023074	9.229506048e-12
2234	153.4132338	-1.248023906e-11
2235	148.5862393	5.278666393e-12
2236	143.5466559	6.093348048e-12
2237	139.5853962	9.081624341e-12
2238	137.5510272	9.058975792e-12
2239	137.5220938	7.993605777e-13
2240	138.7988247	1.307487452e-11
2241	140.2173361	-2.487343664e-12
2242	140.6517707	7.783551581e-12
2243	139.490377	-5.719869023e-13
2244	136.8847293	5.371703082e-12
2245	133.6708374	-3.180122832e-12
2246	131.002815	-3.614442079e-12
2247	129.8618952	-1.768807323e-12
2248	130.6530433	-5.390354829e-12
2249	133.0578963	2.491340467e-12
2250	136.1970429	-9.620748642e-12
2251	139.0190386	-1.113420467e-11
2252	140.7381811	-6.186606782e-12
2253	141.1291948	-8.521183759e-12
2254	140.5587513	-2.200462035e-11
2255	139.7569304	-6.446843059e-12
2256	139.449507	-2.030464685e-11
2257	140.0308859	-3.146194416e-11
2258	141.4316448	-1.237721037e-11
2259	143.2371253	-2.404609845e-11
2260	144.9903284	-2.049826975e-11
2261	146.5212347	-9.605649609e-12
2262	148.1285962	-3.171773955e-11
2263	150.5076661	-2.103384134e-11
2264	154.4380909	-3.356426248e-12
2265	160.3649005	-3.380051794e-11
2266	168.0667371	-3.548183969e-11
2267	176.5789142	-4.754419081e-11
2268	184.4337681	-4.657252362e-11
2269	190.1421634	-1.564615104e-11
2270	192.7291925	-4.457856306e-11
2271	192.1042804	-2.966871193e-11
2272	189.107558	-1.384048431e-11
2273	185.2055464	-5.044231699e-11
2274	181.9540497	-1.361755153e-11
2275	180.4423291	-6.354916593e-12
2276	180.9386542	-2.931876963e-11
2277	182.8708207	-2.182165559e-11
2278	185.1339468	-5.102940293e-11
2279	186.5830222	-1.48863144e-11
2280	186.4970034	-1.235456182e-11
2281	184.8237373	-6.450706636e-11
2282	182.1185192	-1.071676081e-11
2283	179.2262858	1.060485033e-12
2284	176.8671189	-3.260680614e-11
2285	175.3191751	-1.181055254e-11
2286	174.3391596	4.886757665e-12
2287	173.3446831	-2.868816296e-11
2288	171.759294	-5.29443156e-12
2289	169.3463197	-3.010569571e-11
2290	166.3655384	-1.564259833e-11
2291	163.4726923	2.302158464e-12
2292	161.4056575	-1.862510146e-11
2293	160.6050827	-7.464695528e-12
2294	160.9528962	1.005240335e-11
2295	161.7619254	-2.163158541e-11
2296	162.0360155	-1.254729654e-11
2297	160.8940504	1.563815744e-11
2298	157.9710235	-5.199396469e-12
2299	153.6125596	-1.45572443e-12
2300	148.7664084	3.757882894e-12
2301	144.6076571	1.120881166e-11
2302	142.0545427	2.019540091e-11
2303	141.3845117	-1.286082352e-12
2304	142.1207221	7.163603044e-12
2305	143.2435402	2.018474277e-11
2306	143.6399389	1.138333872e-11
2307	142.5983444	-2.293720769e-12
2308	140.1342245	1.186473142e-11
2309	137.0030475	1.34336986e-11
2310	134.3914708	2.736033622e-11
2311	133.416353	8.079314995e-12
2312	134.6439541	-2.146283151e-12
2313	137.8326705	1.212985268e-11
2314	142.0062655	1.131628125e-11
2315	145.8233979	1.392974625e-11
2316	148.0850519	8.617995206e-12
2317	148.167809	9.499068199e-12
2318	146.2096548	2.361666418e-12
2319	142.9871342	1.224531587e-11
2320	139.5571388	1.515143566e-11
2321	136.8335803	1.696953689e-11
2322	135.2867717	-4.715783319e-12
2323	134.8860184	3.285371974e-12
2324	135.2865981	1.068567457e-11
2325	136.1468726	1.413091866e-12
2326	137.4029923	7.434053373e-13
2327	139.3539462	4.320988012e-13
2328	142.5061485	-6.318057189e-12
2329	147.2488782	-4.636291351e-13
2330	153.5220336	4.402256337e-12
2331	160.6524211	-2.014921563e-11
2332	167.4651834	4.796163466e-13
2333	172.6529139	-1.715383391e-11
2334	175.2622903	-2.098810015e-11
2335	175.0932284	-6.976641487e-12
2336	172.8302822	-2.717825964e-11
2337	169.8322772	-7.135181335e-12
2338	167.6492131	-4.535039011e-12
2339	167.453223	-2.657785103e-11
2340	169.6108345	-1.400879412e-11
2341	173.5681628	2.97317726e-12
2342	178.092034	-2.382094522e-11
2343	181.7633779	-3.459454945e-11
2344	183.517432	-4.785949415e-11
2345	183.0116212	-2.935340859e-11
2346	180.6811404	-1.849898013e-11
2347	177.4786598	-3.119637881e-11
2348	174.4281356	-3.396438686e-11
2349	172.1956119	-1.253663839e-11
2350	170.8619159	-4.344169469e-11
2351	169.9836305	-1.969402419e-11
2352	168.8954682	-5.524469771e-12
2353	167.0994973	-4.456701674e-11
2354	164.5523656	-1.961808493e-11
2355	161.7147024	-4.393152508e-11
2356	159.3415406	-1.937605631e-11
2357	158.1155457	-1.608846389e-11
2358	158.2994357	-4.129985243e-11
2359	159.5760761	-1.79278814e-11
2360	161.1580747	-1.258815274e-11
2361	162.1231626	-4.148237309e-11
2362	161.8249978	-1.35815803e-11
2363	160.190698	-6.969536059e-12
2364	157.7647915	-2.467270832e-11
2365	155.4732505	-1.585664933e-11
2366	154.2094749	-2.709210634e-11
2367	154.4280597	-1.682298745e-11
2368	155.9328318	-1.544719908e-11
2369	157.9612158	-2.564171098e-11
2370	159.5342738	-1.691358165e-11
2371	159.9199036	-2.701838753e-12
2372	159.0008399	-2.60236277e-11
2373	157.3756112	-1.669020477e-11
2374	156.1348573	7.771561172e-14
2375	156.3979414	-1.07212017e-11
2376	158.8029868	-1.461408772e-11
2377	163.1692178	-1.831779173e-11
2378	168.481592	-6.418865439e-12
2379	173.213429	8.867573342e-12
2380	175.8609848	-2.240785335e-11
2381	175.4758491	-2.035971391e-11
2382	171.9841919	1.425437546e-11
2383	166.173862	-6.437961275e-12
2384	159.3701959	-7.95274957e-12
2385	152.9479586	9.647393995e-12
2386	147.8859142	5.471179065e-13
2387	144.5385783	8.312017741e-12
2388	142.6938556	-1.90514271e-12
2389	141.8548941	1.085798118e-11
2390	141.58872	1.440181308e-11
2391	141.7651857	-7.293721183e-12
2392	142.5738789	4.099831585e-12
2393	144.3221715	1.486544221e-11
2394	147.1294799	5.56976687e-12
2395	150.6881113	9.281464486e-12
2396	154.2332346	5.293543381e-12
2397	156.7656998	-9.299228054e-13
2398	157.4470952	1.609024025e-11
2399	155.9947107	-1.627009638e-11
2400	152.8891808	-8.605116619e-12
2401	149.2793043	6.399325514e-12
2402	146.5972023	-8.253842054e-12
2403	146.0262	7.676526081e-12
2404	148.035555	1.723421406e-11
2405	152.1767777	-1.853317499e-11
2406	157.2320163	1.092281821e-11
2407	161.6596938	1.98498995e-11
2408	164.1587656	-9.405809465e-12
2409	164.1243041	1.956479423e-11
2410	161.8147675	-2.216626882e-11
2411	158.1745154	-5.786482404e-13
2412	154.4003198	6.410871833e-12
2413	151.4449746	1.677324946e-12
2414	149.6701541	-1.399413918e-11
2415	148.7877332	-3.528288772e-12
2416	148.0975023	-5.267786207e-12
2417	146.8983903	-3.380851155e-12
2418	144.8775993	-1.11288756e-12
2419	142.2984439	-9.358291919e-12
2420	139.904089	-1.095434854e-11
2421	138.5860926	-3.808064974e-12
2422	138.9738605	-1.007638417e-11
2423	141.1357181	-1.593214449e-11
2424	144.529564	-1.459765642e-11
2425	148.2258374	-1.058531041e-11
2426	151.3008061	-3.476330335e-12
2427	153.2208962	-2.724975801e-11
2428	154.0440148	-9.738876372e-12
2429	154.3488887	3.094413614e-12
2430	154.9292576	-4.118438923e-11
2431	156.3985349	-1.459232735e-11
2432	158.8921619	-3.599431864e-11
2433	162.0097396	-3.184119635e-11
2434	165.0271323	-9.077183449e-12
2435	167.2809542	-4.545475107e-11
2436	168.5428794	-2.912825536e-11
2437	169.199091	-1.328714916e-11
2438	170.1337702	-5.223066424e-11
2439	172.3487845	-3.544808891e-11
2440	176.4754253	-8.745892899e-12
2441	182.3921026	-4.865752246e-11
2442	189.1265674	-2.188382808e-11
2443	195.1058677	-4.957811939e-12
2444	198.6708346	-3.463984655e-11
2445	198.6577465	-2.675903943e-11
2446	194.8177009	-7.103029276e-11
2447	187.9084998	-3.605205023e-11
2448	179.4270489	-2.728395287e-11
2449	171.0952357	-2.703881563e-11
2450	164.307193	-3.221112266e-11
2451	159.7514211	4.298783551e-13
2452	157.3374139	-2.452749115e-11
2453	156.4220192	-2.788258513e-11
2454	156.2056874	1.718625242e-13
2455	156.107275	-3.056976894e-11
2456	155.9527806	4.833911049e-12
2457	155.9129026	-2.021716128e-11
2458	156.2487811	-3.573585872e-12
2459	157.0166452	1.898037283e-12
2460	157.8984415	-2.025002388e-11
2461	158.2601856	-1.725952714e-11
2462	157.4240713	2.690292433e-12
2463	155.0291089	-2.376232544e-11
2464	151.3013606	-9.432454817e-12
2465	147.0855911	-2.040589919e-12
2466	143.5933777	2.610800465e-12
2467	141.9526345	-3.545608251e-12
2468	142.7409252	-9.369394149e-12
2469	145.704147	-4.878764059e-12
2470	149.7918621	7.641443034e-12
2471	153.509543	2.732036819e-12
2472	155.452892	6.240341577e-12
2473	154.8096281	1.190381127e-11
2474	151.6255356	1.409983241e-11
2475	146.7301742	1.97264427e-11
2476	141.3611385	1.435607189e-11
2477	136.6519411	-3.113065361e-12
2478	133.2027575	5.591527241e-12
2479	130.9123156	1.41415768e-11
2480	129.1317608	1.587530107e-11
2481	127.0594513	2.734168447e-11
2482	124.1917152	1.921263149e-11
2483	120.6237855	1.609734568e-11
2484	117.0654956	2.082645167e-11
2485	114.5656122	1.710631636e-11
2486	114.0689164	2.477884564e-11
2487	116.0035813	1.266675653e-11
2488	120.0811693	1.381295078e-11
2489	125.3956365	1.791189419e-11
2490	130.7748968	1.623856605e-11
2491	135.2285198	4.545697152e-12
2492	138.2967867	3.14193116e-12
2493	140.1556496	-7.318590178e-12
2494	141.4455031	9.213518837e-12
2495	142.9168171	-3.391065206e-12
2496	145.0655284	4.680700272e-13
2497	147.9296935	4.058975378e-12
2498	151.1377076	8.428813203e-13
2499	154.175465	-5.998312957e-12
2500	156.7325015	-3.644196056e-12
2501	158.9457896	-1.178213083e-11
2502	161.4047747	-7.127187729e-12
2503	164.8930804	1.809219441e-11
2504	169.9705037	-1.964295393e-11
2505	176.5842801	-8.123279827e-12
2506	183.9002304	1.711963904e-12
2507	190.4584916	-5.529310343e-11
2508	194.6207835	-1.866329313e-11
2509	195.1463814	6.155076449e-12
2510	191.6697643	-3.561195783e-11
2511	184.8840217	-1.204369937e-11
2512	176.3489745	-3.810107785e-11
2513	167.9933774	-1.612265876e-11
2514	161.5026541	-2.510436303e-12
2515	157.8256902	-3.223643574e-11
2516	156.9792822	-1.765965152e-11
2517	158.2018737	-6.524114582e-12
2518	160.3647839	-2.152455991e-11
2519	162.4508792	-2.676792121e-11
2520	163.8981359	-1.242073111e-11
2521	164.6808947	-3.708455765e-11
2522	165.1282054	-2.192468429e-11
2523	165.5981906	-4.326183856e-11
2524	166.1862219	-2.911004771e-11
2525	166.6179871	-2.146194333e-11
2526	166.3808345	-4.783995422e-11
2527	165.0250571	-1.976152575e-11
2528	162.4785991	-8.777867322e-12
2529	159.2058063	-2.869793292e-11
2530	156.1100892	-3.175459895e-11
2531	154.2003846	-1.051914111e-11
2532	154.1567581	-2.746602945e-11
2533	155.9873403	-5.132783087e-12
2534	158.9389901	-4.329514525e-11
2535	161.71879	-3.689937245e-11
2536	162.9484595	-1.156763574e-11
2537	161.6691709	-3.344347022e-11
2538	157.6875789	-2.332312121e-11
2539	151.618492	-2.163380586e-11
2540	144.6083034	-2.922018183e-11
2541	137.8600365	-1.072919531e-11
2542	132.165478	-3.633537915e-12
2543	127.6448787	-1.007638417e-12
2544	123.8019812	-6.414868636e-12
2545	119.8623846	-1.012523398e-13
2546	115.2380018	-6.967759703e-12
2547	109.9048123	-1.467714839e-12
2548	104.5196829	2.707789548e-11
2549	100.2175762	1.393773985e-11
2550	98.17193433	-3.578914942e-12
2551	99.10607539	2.471223226e-11
2552	102.9660687	8.574030375e-12
2553	108.896316	2.263522703e-12
2554	115.5290217	1.247002501e-12
2555	121.4654101	-2.385203146e-12
2556	125.7482565	1.075939338e-11
2557	128.1352921	3.378630709e-12
2558	129.0750886	1.241806658e-11
2559	129.4186323	8.3177909e-12
2560	130.0116855	1.208810829e-11
2561	131.3558512	2.045830172e-11
2562	133.4826693	2.216893336e-12
2563	136.0771504	1.709699049e-11
2564	138.7659941	2.435474045e-11
2565	141.4079124	7.720046824e-12
2566	144.2251684	1.923838866e-11
2567	147.695802	-2.663202991e-12
2568	152.2475611	1.928057713e-11
2569	157.9001189	1.330935362e-11
2570	164.0411111	-2.325339921e-11
2571	169.4731015	4.190425784e-12
2572	172.7519453	9.613643215e-12
2573	172.7031989	2.444267011e-12
2574	168.9125983	-1.850963827e-12
2575	161.981778	1.36024525e-11
2576	153.4266621	-7.882583475e-13
2577	145.2383894	4.424460798e-12
2578	139.2648784	5.775380174e-12
2579	136.6457836	1.3042456e-11
2580	137.5122396	9.799272505e-12
2581	141.0543872	1.552269424e-11
2582	145.9106502	1.276445616e-11
2583	150.7066492	1.183897425e-11
2584	154.5214314	-1.662403548e-11
2585	157.1036443	-2.136291144e-11
2586	158.7780765	8.145040198e-12
2587	160.1200975	-1.93765004e-11
2588	161.5712876	2.971400903e-12
2589	163.1831327	-1.93356442e-11
2590	164.6038141	-1.218980472e-11
2591	165.3010652	3.251177105e-12
2592	164.8989693	-3.025668605e-11
2593	163.451526	-1.483568823e-11
2594	161.5057546	7.700506899e-12
2595	159.9076937	-3.927524972e-12
2596	159.4290135	-1.424593776e-11
2597	160.3821688	-3.863576126e-13
2598	162.4055694	-1.667643801e-11
2599	164.5295895	-2.035482893e-11
2600	165.5103878	-3.504219137e-11
2601	164.2972292	-3.272848659e-11
2602	160.4355902	-2.173816682e-11
2603	154.2325282	-2.748068439e-11
2604	146.6130394	-1.527489246e-11
2605	138.731492	-1.026734253e-11
2606	131.5103352	-1.606004219e-11
2607	125.3103925	-1.415534356e-11
2608	119.8780141	-1.083444445e-11
2609	114.5897647	-2.472066996e-11
2610	108.880335	7.904787935e-14
2611	102.6543061	-2.86082269e-11
2612	96.48583015	-3.539879501e-11
2613	91.5016846	1.518785098e-13
2614	88.9828575	4.207700854e-11
2615	89.84647327	5.452527319e-12
2616	94.22748252	-1.043432007e-11
2617	101.3422985	-1.907407565e-11
2618	109.7002346	1.042455011e-11
2619	117.5835825	-4.273470466e-12
2620	123.6062265	8.25073343e-12
2621	127.1313154	-6.020961507e-12
2622	128.3921729	-2.921707321e-11
2623	128.2881036	-2.033040403e-11
2624	127.9614836	-1.72160064e-11
2625	128.3459365	-2.595035298e-11
2626	129.8728643	-2.39039899e-11
2627	132.4393997	-1.318056775e-11
2628	135.6155785	-4.019051758e-11
2629	138.9602828	1.333244626e-11
2630	142.2733451	-1.99444905e-11
2631	145.6529974	-6.497469229e-12
2632	149.3324131	-1.840305686e-12
2633	153.3861717	9.201528428e-13
2634	157.4709258	1.785593895e-11
2635	160.7583156	-2.131983479e-11
2636	162.1330687	-2.529043641e-11
2637	160.603037	-3.285638428e-11
2638	155.7585576	1.401101457e-12
2639	148.0777849	1.281286188e-11
2640	138.9244244	-9.361400544e-12
2641	130.2060559	-2.593480986e-12
2642	123.803466	8.320011347e-12
2643	120.9821704	-2.612354777e-11
2644	122.0115858	3.311440011e-11
2645	126.1372455	6.341149827e-12
2646	131.9101703	1.329647503e-11
2647	137.7349343	6.994405055e-12
2648	142.4146352	1.486810675e-12
2649	145.4816499	2.142597211e-11
2650	147.2015722	4.114397711e-11
2651	148.280025	-1.91913152e-11
2652	149.4257435	-3.097078149e-11
2653	150.9753518	-8.939515794e-12
2654	152.7449926	6.824318888e-12
2655	154.1619488	2.335820426e-11
2656	154.597558	8.051337375e-12
2657	153.7308514	-2.912781127e-11
2658	151.7612499	-3.513855873e-11
2659	149.362056	4.610622995e-11
2660	147.3897848	2.829247947e-11
2661	146.4805957	3.700595386e-11
2662	146.7208118	6.911804462e-12
2663	147.5481187	-6.172840017e-12
2664	147.9372059	1.046585041e-11
2665	146.7951034	2.250599707e-11
2666	143.3958127	-4.489297822e-12
2667	137.6648099	-1.368993807e-11
2668	130.1906709	-2.082334305e-12
2669	121.9635555	1.880540168e-11
2670	113.9631883	1.654409942e-11
2671	106.7863258	2.951860978e-12
2672	100.4844545	6.532552277e-13
2673	94.68465606	1.547384443e-11
2674	88.93407293	6.852873824e-11
2675	83.10132924	1.89857019e-11
2676	77.63596667	1.771294222e-11
2677	73.54563253	9.822809233e-12
2678	72.07575438	-2.220534867e-11
2679	74.21284415	5.619682497e-11
2680	80.2194693	6.163025645e-11
2681	89.40648792	1.334399258e-11
2682	100.2555666	-1.710231956e-11
2683	110.8611919	3.683275906e-12
2684	119.5280514	4.747313653e-12
2685	125.2942528	-2.443290015e-11
2686	128.1813978	-1.084821122e-11
2687	129.0853984	-2.564970458e-11
2688	129.3680754	-2.790079279e-11
2689	130.3262193	1.201971855e-11
2690	132.7530721	-1.496625046e-11
2691	136.7533347	-1.100497471e-11
2692	141.8535984	-1.45488066e-11
2693	147.320288	5.937916825e-12
2694	152.5146158	6.773692718e-12
2695	157.1137455	-4.048628099e-11
2696	161.1062724	-3.743494403e-11
2697	164.5890882	-6.567502098e-11
2698	167.4947938	-1.619371304e-11
2699	169.4156336	-1.956124152e-11
2700	169.6437987	-4.015454635e-12
2701	167.4401119	-5.621947352e-11
2702	162.4240912	-6.54805099e-11
2703	154.9048141	-5.470868203e-11
2704	145.9806208	-2.589484183e-12
2705	137.3260401	-1.986721898e-11
2706	130.7182924	-1.115640913e-11
2707	127.4741969	-2.889377626e-11
2708	128.0174858	5.804245973e-13
2709	131.7522818	-1.361755153e-11
2710	137.2976827	1.290834106e-11
2711	142.9919427	2.87441182e-11
2712	147.4655134	-2.630207163e-11
2713	150.0573629	-2.38751241e-11
2714	150.9191353	-2.125455367e-11
2715	150.7861514	-2.007727318e-11
2716	150.5344589	-4.067857162e-12
2717	150.7285241	-3.553379813e-11
2718	151.3586794	-5.424993788e-11
2719	151.8752576	-6.789679929e-12
2720	151.4896827	-2.120259524e-11
2721	149.5928615	2.127853449e-11
2722	146.0910183	-7.478018205e-12
2723	141.4999004	9.410250357e-12
2724	136.7504978	8.501643833e-12
2725	132.7918103	7.111644607e-12
2726	130.1689768	3.921751812e-12
2727	128.7668419	3.216982236e-12
2728	127.8351011	1.430988661e-11
2729	126.2854552	2.966515922e-13
2730	123.1306945	5.92370597e-12
2731	117.8745329	3.432809592e-13
2732	110.6863422	1.205346933e-11
2733	102.2944484	-2.812772237e-11
2734	93.65955137	4.018652078e-11
2735	85.58762701	3.439915019e-11
2736	78.46482381	3.113731495e-11
2737	72.23498473	-1.287858709e-14
2738	66.62214384	2.364686225e-11
2739	61.48034013	1.028284125e-10
2740	57.087309	8.121237016e-11
2741	54.21870898	5.842881734e-11
2742	53.93816704	3.399636128e-11
2743	57.1720614	2.77067258e-12
2744	64.24615009	-8.081091352e-12
2745	74.59360347	6.991029977e-11
2746	86.78341072	3.54276608e-11
2747	98.88848624	1.323874343e-11
2748	109.0692848	2.051514514e-11
2749	116.1536445	8.15481016e-12
2750	119.9889011	7.932321466e-12
2751	121.4311157	2.606803662e-11
2752	121.9811513	7.908784738e-12
2753	123.2168052	6.164402322e-11
2754	126.2454746	2.213029759e-11
2755	131.3824186	2.627587037e-11
2756	138.1563949	-1.741629063e-11
2757	145.6040463	1.687538997e-12
2758	152.698588	1.484323775e-11
2759	158.7162562	2.870592652e-12
2760	163.3908509	1.46682666e-11
2761	166.8177173	-4.735278836e-11
2762	169.1907328	-4.77502482e-11
2763	170.5326158	-3.82471832e-11
2764	170.5755066	-1.796252036e-11
2765	168.8681916	-1.138200645e-11
2766	165.067418	2.65667488e-11
2767	159.2702393	-4.4453774e-11
2768	152.2107466	4.078515303e-12
2769	145.1956976	-9.820144697e-12
2770	139.7680246	-1.087485657e-11
2771	137.2137351	-3.358202605e-12
2772	138.1082396	-1.224087498e-11
2773	142.0941902	-2.358957474e-11
2774	147.9934279	-3.590461262e-12
2775	154.2180579	-1.057021137e-11
2776	159.3197052	-2.357625206e-11
2777	162.4571784	-5.15409937e-12
2778	163.5976642	-7.195088969e-11
2779	163.3806797	-3.707745222e-11
2780	162.7178902	-2.629141349e-11
2781	162.3128606	-6.282530052e-12
2782	162.3145759	-2.040412284e-11
2783	162.2546221	-2.946354272e-11
2784	161.2890017	-4.53219684e-11
2785	158.6289266	-5.005951209e-11
2786	153.9609308	-2.476152616e-11
2787	147.6620553	-4.443112545e-12
2788	140.7076765	-1.38244971e-11
2789	134.3065678	1.059419219e-11
2790	129.4190589	-3.158895368e-11
2791	126.3661387	-1.238076308e-11
2792	124.6976335	-9.679812507e-12
2793	123.3745649	-3.854250252e-11
2794	121.1851541	-5.73852077e-12
2795	117.2158145	-2.457323234e-11
2796	111.180543	7.522427126e-12
2797	103.4807525	3.579359031e-13
2798	94.99038652	-1.39892542e-11
2799	86.68193621	-2.668487653e-11
2800	79.27332135	5.012434912e-11
2801	73.05542796	3.374411861e-11
2802	67.96624858	3.648414904e-11
2803	63.85459171	-1.047562037e-11
2804	60.78203601	-5.187850149e-12
2805	59.19076121	7.862555051e-11
2806	59.82787297	2.538369515e-11
2807	63.43563908	3.892663969e-11
2808	70.33699989	-7.327471963e-12
2809	80.11040344	-1.885336331e-11
2810	91.52507841	-2.226263618e-11
2811	102.804166	2.834399382e-11
2812	112.1424319	-8.654410522e-12
2813	118.2891989	2.057065629e-11
2814	120.9679043	7.284395309e-12
2815	120.9607284	1.419531159e-11
2816	119.8176145	1.203304123e-11
2817	119.2988472	2.192290793e-11
2818	120.7656666	9.223732889e-13
2819	124.7497469	3.768052537e-11
2820	130.8537382	2.502442698e-11
2821	137.9962804	-1.010702633e-11
2822	144.8761033	-9.995115846e-12
2823	150.4500049	-2.14219753e-11
2824	154.2307044	-1.535793714e-11
2825	156.3043309	6.252331985e-12
2826	157.0991601	1.858868615e-11
2827	157.0470577	1.740252387e-11
2828	156.3183043	1.337152611e-12
2829	154.7635234	-7.144063119e-12
2830	152.0873077	2.048983205e-11
2831	148.1589885	9.078959806e-12
2832	143.2930555	1.46269663e-11
2833	138.3395663	1.104005776e-12
2834	134.5105871	2.019895362e-11
2835	132.9931664	9.574119275e-12
2836	134.5050592	-1.256994508e-11
2837	138.9867133	1.571454078e-11
2838	145.5728614	8.398171047e-12
2839	152.8700804	-1.476863076e-11
2840	159.4342786	-1.593747356e-11
2841	164.2534958	-1.629363311e-12
2842	167.037062	-3.877342891e-12
2843	168.1952117	3.644551327e-11
2844	168.5277963	-2.713385072e-11
2845	168.7675284	-1.712185949e-11
2846	169.1859295	-4.103384299e-12
2847	169.4406497	-1.263877891e-12
2848	168.7337539	1.313038567e-11
2849	166.210029	3.691091877e-11
2850	161.4146993	-4.149969257e-11
2851	154.60003	-2.64801514e-11
2852	146.7338801	-2.500399887e-11
2853	139.1927139	1.056577048e-11
2854	133.2600985	2.042810365e-12
2855	129.6384582	-1.541700101e-11
2856	128.1787935	-4.68736161e-12
2857	127.9417147	-1.797806348e-11
2858	127.5636866	-1.178035447e-11
2859	125.7757704	-2.757349904e-12
2860	121.8630047	-1.577404873e-12
2861	115.8852132	1.129629723e-11
2862	108.5880575	2.335154292e-11
2863	101.0673224	4.523048602e-12
2864	94.34994787	1.040367792e-11
2865	89.07876637	-4.190248148e-11
2866	85.42633634	1.97841743e-12
2867	83.24735365	3.546851701e-11
2868	82.36371257	1.104005776e-11
2869	82.81519155	-5.859757124e-12
2870	84.93010048	-4.763611727e-11
2871	89.16368462	-3.658939818e-11
2872	95.77350617	-1.350608514e-11
2873	104.4927162	6.197709013e-12
2874	114.379339	-8.388845174e-13
2875	123.9514352	-1.813882378e-11
2876	131.5926878	-3.091749079e-12
2877	136.0861098	-1.603295274e-11
2878	137.06312	-3.168620921e-11
2879	135.1753367	-2.110223107e-11
2880	131.901617	-2.443645286e-11
2881	129.0497594	-1.747313405e-11
2882	128.1382623	-9.316991623e-12
2883	129.8941409	-3.075140143e-11
2884	134.0557575	-2.029398871e-11
2885	139.544752	-1.153654949e-11
2886	144.9218355	-1.586553111e-11
2887	148.9309795	-1.216848844e-11
2888	150.9114084	-1.934452598e-11
2889	150.9252838	-2.922506681e-11
2890	149.5788363	-6.312728118e-12
2891	147.6476598	-1.681854656e-11
2892	145.6946466	2.077005234e-12
2893	143.8590943	1.14868115e-11
2894	141.9051081	-1.320232812e-11
2895	139.4897295	-7.652545264e-12
2896	136.5054115	1.412647777e-11
2897	133.3158782	8.034461985e-12
2898	130.7547647	-1.800115612e-11
2899	129.8690027	-5.066613795e-12
2900	131.51149	-1.155520124e-11
2901	135.9633678	1.12891918e-11
2902	142.7597446	-7.214229214e-12
2903	150.8059766	9.604761431e-12
2904	158.7434012	9.324985228e-12
2905	165.4117233	-3.026290329e-11
2906	170.2110534	-7.396749879e-12
2907	173.2106635	1.231725832e-11
2908	174.9647603	2.698685719e-11
2909	176.1273618	3.382982783e-11
2910	177.0492159	-2.870415017e-11
2911	177.5480728	-1.590816368e-11
2912	176.9648136	-1.538946748e-11
2913	174.4865634	4.261924147e-12
2914	169.5926937	2.063371696e-11
2915	162.417227	3.355848932e-11
2916	153.8508009	3.152145212e-12
2917	145.3154397	-7.239986388e-12
2918	138.2883206	2.091438134e-11
2919	133.7637926	1.760103174e-11
2920	131.8759571	2.582822844e-12
2921	131.8418083	6.040501432e-12
2922	132.2536135	1.252731252e-11
2923	131.6053648	-4.239275597e-12
2924	128.8435472	4.225242378e-11
2925	123.7271328	1.731148558e-11
2926	116.8664648	4.426459199e-11
2927	109.4472725	2.236921759e-11
2928	102.7743672	9.946710122e-12
2929	97.83448753	1.998667898e-11
2930	95.05335568	1.448352549e-11
2931	94.32252606	1.503730473e-11
2932	95.24437428	4.720490665e-11
2933	97.44716284	2.556710399e-11
2934	100.7997403	1.49769086e-11
2935	105.415514	2.215649886e-11
2936	111.4480601	-1.735944721e-12
2937	118.7919863	2.34345876e-11
2938	126.8590134	-9.715339644e-12
2939	134.5726843	2.411937317e-11
2940	140.6261336	7.339462371e-12
2941	143.9205848	3.112177183e-11
2942	144.0063463	1.149302875e-11
2943	141.3290824	-3.544320393e-11
2944	137.1541244	1.678657213e-11
2945	133.1725661	-3.170264051e-11
2946	130.9286116	3.694822226e-12
2947	131.2883427	-2.132427568e-11
2948	134.1590959	-4.384936858e-12
2949	138.5690089	-1.210054279e-11
2950	143.0698491	-1.152944407e-11
2951	146.2954908	-2.877786898e-11
2952	147.4492067	-1.921574011e-12
2953	146.53002	-1.944311379e-11
2954	144.2245112	-4.18687307e-12
2955	141.5343601	-2.205302607e-11
2956	139.3187361	4.050093594e-12
2957	137.9579385	-1.940714256e-11
2958	137.2804685	-4.081579519e-11
2959	136.770553	1.250866077e-11
2960	135.9440709	-3.219735589e-11
2961	134.7056997	-2.16857643e-11
2962	133.511747	-2.283107037e-11
2963	133.2550171	-2.201749894e-11
2964	134.9175818	-3.150057992e-11
2965	139.1453142	-1.505995328e-11
2966	145.9355635	-3.54938301e-11
2967	154.5796831	-4.632960682e-11
2968	163.8881871	-3.885469724e-11
2969	172.6000665	2.81596968e-12
2970	179.7966474	6.751488257e-12
2971	185.1410844	-5.584865903e-11
2972	188.8466408	-4.90425478e-11
2973	191.4026945	-2.060263071e-11
2974	193.1993022	-1.756239598e-11
2975	194.237649	-4.756195437e-13
2976	194.0729286	-7.125011692e-11
2977	192.0260698	-5.582023732e-11
2978	187.5711257	-3.037214924e-11
2979	180.7155892	-1.665334537e-11
2980	172.1835806	1.721867093e-11
2981	163.2923322	4.593214697e-12
2982	155.5465519	-4.46758186e-11
2983	150.1040957	-1.49071866e-11
2984	147.3321458	1.667554983e-11
2985	146.645017	-1.536326621e-11
2986	146.7030493	9.618972285e-12
2987	145.9038869	-3.082201161e-11
2988	142.9762776	-6.425082688e-12
2989	137.4444053	-7.0254913e-13
2990	129.7855132	-2.889688488e-12
2991	121.231088	-8.977263377e-12
2992	113.3068806	4.131361919e-12
2993	107.3075034	4.135003451e-11
2994	103.9156795	1.493649648e-11
2995	103.1011718	2.167643842e-11
2996	104.3058554	3.10569348e-11
2997	106.797731	3.775202373e-12
2998	110.0125069	2.348965467e-11
2999	113.7231821	2.767475138e-11
3000	117.9727998	2.994049453e-12
3001	122.8272199	3.09992032e-11
3002	128.0957459	1.272359995e-11
3003	133.1849955	4.147349131e-11
3004	137.1871687	-1.308819719e-11
3005	139.1877476	1.476685441e-11
3006	138.664084	2.285638345e-11
3007	135.7893814	-4.81659157e-12
3008	131.4849987	8.870681967e-12
3009	127.1677012	-8.784084571e-12
3010	124.2724629	2.673239408e-11
3011	123.7357528	3.167377471e-11
3012	125.6509203	1.247801862e-11
3013	129.2421542	-2.533973031e-12
3014	133.1730478	2.450706305e-11
3015	136.0660164	-1.818856177e-11
3016	137.0205015	8.566036769e-12
3017	135.9198561	1.6417534e-11
3018	133.4084709	-7.5028872e-12
3019	130.5622374	1.27049482e-11
3020	128.4052006	3.095301793e-13
3021	127.4869256	8.37996339e-12
3022	127.7025117	1.503241975e-12
3023	128.4256895	2.556799217e-11
3024	128.8849565	-7.89102117e-12
3025	128.6054658	1.048405807e-11
3026	127.7123044	1.739453026e-11
3027	126.9548899	-1.017719242e-11
3028	127.4379595	-2.181810288e-12
3029	130.1754905	1.090683099e-12
3030	135.6616885	-1.352118417e-11
3031	143.6440166	-2.018607503e-11
3032	153.1923727	-3.719557995e-11
3033	163.0276491	-3.621503097e-11
3034	171.9610938	-2.395283971e-11
3035	179.2529036	-7.824851878e-13
3036	184.7424535	2.826050505e-11
3037	188.7121184	-8.165601528e-11
3038	191.5707894	-5.977041084e-11
3039	193.5247359	-3.56048524e-11
3040	194.4050236	-1.010924677e-11
3041	193.7417869	1.830446905e-11
3042	191.0529351	-1.032809394e-10
3043	186.2055435	-6.593658952e-11
3044	179.663894	-2.140421174e-11
3045	172.4812629	-6.548095399e-12
3046	166.0055984	4.450217972e-12
3047	161.4021901	1.788347248e-12
3048	159.188999	-5.480016441e-11
3049	158.9890096	-4.133537956e-11
3050	159.6219937	-2.851496816e-11
3051	159.5189892	5.429878769e-12
3052	157.3061397	-6.940670261e-12
3053	152.3297871	-4.431877088e-11
3054	144.9150159	-4.883338178e-11
3055	136.2573022	-2.166977708e-11
3056	127.9958409	-2.378541808e-12
3057	121.6440258	-7.583267347e-12
3058	118.1038876	-2.235855945e-11
3059	117.446734	6.731060154e-12
3060	119.0232196	-9.44799794e-12
3061	121.8258635	-9.406697643e-12
3062	124.9269049	-4.515454677e-11
3063	127.7964819	-1.211430956e-11
3064	130.3751898	-1.357136625e-11
3065	132.8970486	8.926193118e-12
3066	135.5768194	-1.023625629e-12
3067	138.3355981	-2.086508744e-11
3068	140.7142482	1.809175032e-11
3069	142.0281719	-5.869971176e-12
3070	141.6948646	-3.295896889e-11
3071	139.5752434	7.112532785e-12
3072	136.1539758	-1.051647658e-11
3073	132.4516767	-2.333244709e-12
3074	129.6830322	2.0265567e-11
3075	128.7945873	-1.078204193e-11
3076	130.0787623	1.637179281e-11
3077	133.036282	-2.325606374e-11
3078	136.5563847	-8.455458556e-12
3079	139.3473774	1.272759675e-11
3080	140.4398721	2.625855089e-11
3081	139.5509619	-6.012967901e-13
3082	137.1559557	-2.605915483e-12
3083	134.2403903	3.281552807e-11
3084	131.8438666	8.646416916e-13
3085	130.5977195	3.946265537e-11
3086	130.4605353	1.778532877e-11
3087	130.7679024	-4.8276938e-12
3088	130.5738885	5.581313189e-12
3089	129.132635	1.816813366e-11
3090	126.3058957	1.107025582e-11
3091	122.7137207	2.327915638e-11
3092	119.5567961	1.009414774e-11
3093	118.181118	7.695621917e-12
3094	119.5663704	3.24438254e-11
3095	123.9505652	1.08282272e-11
3096	130.7425943	1.422684193e-11
3097	138.7493327	-2.269429089e-11
3098	146.6106672	2.23359109e-11
3099	153.2528369	7.517986234e-12
3100	158.1730129	1.474376177e-12
3101	161.4526371	2.915934161e-11
3102	163.523617	1.457411969e-11
3103	164.8218332	-3.786526648e-11
3104	165.5067296	-1.830713359e-11
3105	165.385041	-2.52993182e-11
3106	164.071242	1.054001331e-11
3107	161.2970979	7.107647804e-12
3108	157.2045529	-3.954880867e-11
3109	152.4575491	-2.684075184e-11
3110	148.0900202	-2.309263891e-14
3111	145.1326417	1.732969324e-11
3112	144.1723753	-9.436895709e-13
3113	145.0439007	2.077937822e-11
3114	146.8073556	-1.20632393e-11
3115	148.0493463	-4.054978575e-12
3116	147.4042912	-2.72168954e-11
3117	144.0924599	-7.053913009e-12
3118	138.2551609	-9.224621067e-12
3119	130.9453807	-2.616129535e-12
3120	123.7717333	-4.953371047e-12
3121	118.3354878	-2.304956226e-11
3122	115.6839611	-1.554356643e-11
3123	115.9931572	-1.740829703e-12
3124	118.5934137	-8.695710818e-12
3125	122.3074946	-8.156586517e-12
3126	125.9436207	-1.021316365e-11
3127	128.7303916	-2.693933965e-11
3128	130.5184244	-1.514699477e-11
3129	131.685457	3.783195979e-12
3130	132.816193	-9.137579582e-12
3131	134.3249833	-1.883870837e-11
3132	136.2063832	-8.507861082e-12
3133	138.0302084	-2.477307248e-11
3134	139.1771099	-1.135802563e-11
3135	139.1942223	3.712141705e-12
3136	138.0919121	-3.636735357e-11
3137	136.428848	-3.415356886e-11
3138	135.1313059	-1.553956963e-11
3139	135.1182079	-3.368105794e-11
3140	136.8977547	-2.83240098e-12
3141	140.3205483	-4.69104755e-11
3142	144.6079328	-4.060041192e-11
3143	148.6519879	-3.583577879e-11
3144	151.4602912	-9.441336601e-13
3145	152.550487	5.858868946e-12
3146	152.1187545	-2.51674237e-11
3147	150.9052676	-3.814548677e-11
3148	149.8152058	-3.29092309e-11
3149	149.4653026	-1.041922104e-11
3150	149.8627687	-8.086420422e-12
3151	150.367988	-3.465894238e-11
3152	149.9680057	-3.7539305e-11
3153	147.7489159	-1.956346196e-11
3154	143.363301	-2.068256677e-11
3155	137.2851506	1.299582664e-11
3156	130.7318523	-2.146505196e-11
3157	125.2735477	-1.267119742e-11
3158	122.2833817	1.05115916e-12
3159	122.4501465	2.181677061e-11
3160	125.5483141	1.522204585e-11
3161	130.5515843	2.845723657e-12
3162	136.0327185	2.850475411e-11
3163	140.6768833	-1.581446085e-11
3164	143.6972091	9.432010728e-12
3165	144.9943922	4.51283455e-12
3166	145.0210102	-1.695621421e-11
3167	144.4414453	1.509770087e-11
3168	143.7617886	2.084776796e-11
3169	143.1049805	-1.807487493e-11
3170	142.2268721	1.186206688e-11
3171	140.7475562	-2.85504953e-12
3172	138.4663987	-7.505107646e-13
3173	135.5881571	4.163114298e-11
3174	132.7305287	1.921307557e-11
3175	130.6904441	2.447553271e-11
3176	130.0674835	-4.554134847e-12
3177	130.9208427	5.643485679e-12
3178	132.6332901	1.03428377e-11
3179	134.0702906	3.178213248e-11
3180	133.9915871	1.693800655e-11
3181	131.5545005	-8.792078177e-12
3182	126.6971262	2.620748063e-11
3183	120.2306498	2.3735236e-11
3184	113.5876492	-3.256062087e-12
3185	108.3175239	4.839817436e-11
3186	105.5285257	2.923972175e-11
3187	105.5006202	2.065769777e-11
3188	107.6231144	1.661382143e-11
3189	110.6755648	2.131317345e-11
3190	113.3282674	2.202860117e-11
3191	114.6507699	3.089395406e-11
3192	114.4204925	3.820366246e-11
3193	113.1157038	2.321742798e-11
3194	111.6162271	2.20850005e-11
3195	110.7598779	3.214806199e-11
3196	110.9586379	1.217381751e-11
3197	112.0429914	2.332534166e-11
3198	113.3936171	1.962563445e-11
3199	114.2871118	-5.930367308e-12
3200	114.2864836	-1.357136625e-12
3201	113.4903368	9.355627384e-12
3202	112.5232427	7.054801188e-12
3203	112.2713703	7.532197088e-12
3204	113.4859376	1.904876257e-11
3205	116.4382188	-1.229105706e-11
3206	120.785943	-1.429123486e-11
3207	125.7131668	1.739541844e-11
3208	130.2790946	-7.548628389e-12
3209	133.8141395	7.326139695e-12
3210	136.1787468	7.246647726e-12
3211	137.7632515	-3.419442507e-11
3212	139.2272733	-3.179589925e-11
3213	141.100176	-3.158850959e-11
3214	143.4332647	-3.262634607e-11
3215	145.6767777	-6.521894136e-12
3216	146.8564842	-4.459188574e-11
3217	145.9886921	-2.455236014e-11
3218	142.5594656	-3.309219565e-11
3219	136.8553688	-2.321165482e-11
3220	129.9881829	-1.025401986e-12
3221	123.5824745	-2.698286039e-11
3222	119.238387	-2.037481295e-12
3223	117.9801636	-1.521360815e-11
3224	119.9105651	2.726441295e-11
3225	124.2078096	-6.874500968e-13
3226	129.4607432	-4.555467115e-11
3227	134.200295	-3.590283626e-11
3228	137.4096819	3.730349363e-13
3229	138.8135941	-3.233324719e-11
3230	138.847989	-3.843059204e-11
3231	138.3512449	-2.709166225e-11
3232	138.1328118	-3.214495337e-11
3233	138.6175207	-1.804245642e-11
3234	139.7163519	-3.977707053e-12
3235	140.9618445	-1.098143798e-11
3236	141.821289	-2.741762373e-11
3237	142.0206991	-2.008260225e-11
3238	141.7131814	-1.452615805e-11
3239	141.4050487	-8.768985538e-12
3240	141.6737838	1.565769736e-11
3241	142.8168343	-1.173550146e-11
3242	144.6096288	-4.22639701e-11
3243	146.3056819	-1.369926395e-11
3244	146.9009838	2.507327679e-12
3245	145.5593069	-2.967848189e-12
3246	142.0126502	-3.77449183e-11
3247	136.7511545	-3.750511013e-11
3248	130.901912	1.589395282e-12
3249	125.8300787	3.711253527e-12
3250	122.6195749	1.086508661e-11
3251	121.64885	2.715916381e-11
3252	122.4424001	-1.35078615e-11
3253	123.864588	7.331912855e-12
3254	124.577725	6.36202202e-12
3255	123.5741232	2.331246307e-11
3256	120.5609769	3.947064897e-12
3257	116.0410248	-2.96576097e-11
3258	111.0630211	1.530375826e-11
3259	106.7569029	1.687983087e-11
3260	103.8579611	1.367705948e-11
3261	102.424014	-2.378541808e-12
3262	101.8608871	3.196687359e-11
3263	101.2344959	4.494227213e-11
3264	99.72332547	4.221289984e-11
3265	97.00755417	3.981615038e-11
3266	93.42456511	2.02531325e-11
3267	89.82851755	-1.277244976e-11
3268	87.22458661	4.893641048e-11
3269	86.34663929	7.053824191e-11
3270	87.36722312	4.157962863e-11
3271	89.86325805	2.626610041e-11
3272	93.04094159	-6.129763364e-12
3273	96.1045681	5.52327073e-11
3274	98.59062946	4.245848118e-11
3275	100.5093142	3.313793684e-11
3276	102.2302335	8.161027409e-12
3277	104.1736959	-5.622169397e-13
3278	106.4650758	1.027578023e-11
3279	108.7323881	2.454747516e-11
3280	110.164269	2.901012763e-11
3281	109.8246583	2.144195932e-11
3282	107.0962618	-1.238786851e-11
3283	102.0546835	6.125766561e-12
3284	95.59289046	5.467315489e-11
3285	89.21621588	5.160627481e-11
3286	84.56878826	1.739852706e-11
3287	82.87159787	2.067501725e-11
3288	84.4971798	1.44009249e-11
3289	88.85500009	-4.256150987e-12
3290	94.63571717	3.299760465e-11
3291	100.3151817	1.21538335e-11
3292	104.7135282	-5.615063969e-12
3293	107.3860757	-4.297007195e-12
3294	108.6982205	-6.261657859e-13
3295	109.5724734	2.835465196e-11
3296	111.0327882	4.579892021e-12
3297	113.7503465	5.508926648e-12
3298	117.7833043	-6.318501278e-12
3299	122.6083488	7.536193891e-13
3300	127.4082967	-4.716227409e-12
3301	131.4676977	-2.852607039e-11
3302	134.4870074	4.666045328e-12
3303	136.6720681	-2.25046648e-11
3304	138.5662969	-1.430056074e-11
3305	140.7161498	-3.044053898e-11
3306	143.3390914	-4.694244993e-11
3307	146.1613798	-3.557243389e-11
3308	148.5116663	-1.60307323e-11
3309	149.6335272	-3.383737734e-11
3310	149.0727177	-2.354472173e-11
3311	146.9534973	-5.205169629e-12
3312	144.0032555	-3.024558382e-11
3313	141.296788	-2.322941839e-11
3314	139.8206994	-2.745803585e-11
3315	140.0456487	-1.804378869e-11
3316	141.6986644	-1.793853954e-11
3317	143.8454762	-4.333911008e-11
3318	145.2588198	-3.988009922e-11
3319	144.9218851	-2.602273952e-11
3320	142.4531447	-4.237632467e-11
3321	138.2687151	-2.6776803e-11
3322	133.4092944	-1.451105902e-11
3323	129.1027874	-1.980238196e-11
3324	126.248109	-8.470113499e-12
3325	125.0402218	-3.226841017e-11
3326	124.8959162	-1.333111399e-11
3327	124.7105647	-1.923794457e-12
3328	123.3344699	9.101164267e-12
3329	120.0650162	1.010169726e-11
3330	114.9472481	2.806288535e-11
3331	108.7611197	2.183453418e-11
3332	102.7098757	4.794831199e-12
3333	97.95056377	9.978684545e-13
3334	95.16953293	2.040057012e-11
3335	94.37741511	3.304023721e-13
3336	94.99440792	2.918820741e-11
3337	96.16575667	-1.131539307e-12
3338	97.1484628	8.787193195e-12
3339	97.58716571	-4.785505325e-12
3340	97.55851309	2.204414429e-11
3341	97.37920172	3.74487108e-11
3342	97.28864339	2.250333253e-11
3343	97.17872585	1.176081454e-11
3344	96.52147443	-1.147082429e-12
3345	94.55018834	4.423750255e-11
3346	90.62471383	4.276357046e-11
3347	84.61517174	4.649969298e-11
3348	77.11668661	2.449729308e-11
3349	69.37299792	8.812062191e-12
3350	62.91208724	-3.055777853e-11
3351	59.02696237	7.015277248e-11
3352	58.31086515	5.845146589e-11
3353	60.44269469	2.529398913e-11
3354	64.31894199	1.376010417e-11
3355	68.48475966	-2.094591167e-11
3356	71.690919	7.2320816e-11
3357	73.35020235	7.552047876e-11
3358	73.70973017	3.63127306e-11
3359	73.67645226	4.531441888e-11
3360	74.37928471	-3.098410417e-12
3361	76.65996622	-2.127542587e-11
3362	80.7092682	8.664180484e-11
3363	85.99640237	4.700773104e-11
3364	91.50885452	3.564082363e-11
3365	96.18554008	-6.634692795e-12
3366	99.34692037	-2.485522899e-11
3367	100.9350407	3.918998459e-11
3368	101.4680706	3.347011557e-11
3369	101.7451135	1.248512405e-11
3370	102.4481951	7.662315227e-12
3371	103.8298334	-1.803002192e-11
3372	105.6290248	-5.63149527e-12
3373	107.2481019	3.00528491e-11
3374	108.0992109	3.351274813e-11
3375	107.9492575	1.509548042e-11
3376	107.0928234	-6.088463067e-12
3377	106.2634319	2.533084853e-12
3378	106.3173794	3.369171608e-11
3379	107.8339515	5.150724292e-11
3380	110.8200884	2.868372206e-12
3381	114.6649101	-1.70308212e-11
3382	118.3779999	-2.601741045e-11
3383	121.0148694	2.782662989e-12
3384	122.1029674	-1.93356442e-12
3385	121.8739721	-2.29860575e-12
3386	121.1883678	-1.945110739e-11
3387	121.1723316	-1.852296094e-12
3388	122.7158831	-1.454436571e-11
3389	126.0475119	-1.522693083e-11
3390	130.5735568	-1.852651366e-11
3391	135.060789	-2.992184278e-11
3392	138.094952	-8.136602503e-12
3393	138.6295583	1.750510847e-11
3394	136.3995671	-2.398969912e-12
3395	132.0308999	-3.372679913e-11
3396	126.8044964	-3.085709466e-11
3397	122.1772499	-3.730926679e-11
3398	119.2597696	-5.542233339e-13
3399	118.4613564	-3.126920944e-11
3400	119.4333345	-2.272848576e-11
3401	121.3096616	-5.484057652e-12
3402	123.117735	-2.813838051e-11
3403	124.1676281	9.540368495e-12
3404	124.251263	1.565858554e-12
3405	123.5809734	-2.676392441e-11
3406	122.5229266	-1.902344948e-11
3407	121.2765241	-3.382627511e-12
3408	119.6725363	2.128786036e-11
3409	117.2012223	-8.313350008e-12
3410	113.2663997	-1.699707042e-11
3411	107.5466139	-4.838351941e-12
3412	100.2844925	-7.490896792e-12
3413	92.34938456	4.529088216e-11
3414	85.01720375	-3.99591471e-12
3415	79.54099175	-2.384936693e-11
3416	76.68703378	-2.309885616e-11
3417	76.43703952	6.187406143e-11
3418	77.99300684	3.81525922e-11
3419	80.09421393	3.73705511e-11
3420	81.52062625	-2.872591054e-12
3421	81.57373175	-3.403832771e-11
3422	80.3321622	7.230260834e-11
3423	78.57395366	6.409983655e-11
3424	77.39954241	5.261258096e-11
3425	77.717849	1.40509826e-12
3426	79.81615574	9.066525308e-12
3427	83.19751035	-1.575206632e-11
3428	86.75339509	5.360378807e-11
3429	89.19519816	3.38720163e-11
3430	89.55848645	9.475531471e-12
3431	87.56642648	2.019118206e-11
3432	83.70383642	-5.474731779e-12
3433	78.98136522	7.360778653e-11
3434	74.50306185	5.924305491e-11
3435	71.03132942	4.850875257e-11
3436	68.73655865	1.957101148e-12
3437	67.22956409	2.755840001e-11
3438	65.84489641	-2.675637489e-13
3439	64.03133847	7.753309106e-11
3440	61.66238977	5.468381303e-11
3441	59.12270871	3.519251557e-11
3442	57.13515804	1.749755896e-11
3443	56.41648949	-4.593214697e-12
3444	57.33066797	8.568501464e-11
3445	59.70996342	7.883693698e-11
3446	62.93462268	5.931255487e-11
3447	66.23869496	3.082334388e-11
3448	69.09948931	-9.89741622e-12
3449	71.5227955	9.484857344e-12
3450	74.07786318	8.437250898e-11
3451	77.64792265	3.369482471e-11
3452	82.99407095	4.68118877e-11
3453	90.32268835	7.162270776e-12
3454	99.05598094	-6.402878228e-12
3455	107.9250531	3.412248262e-11
3456	115.3684677	1.29005695e-11
3457	120.0856519	4.2432724e-12
3458	121.5225968	2.207611871e-11
3459	120.0895654	-4.761302463e-12
3460	117.0185188	4.847233726e-12
3461	113.9157704	8.096856519e-12
3462	112.1896331	-6.303846334e-12
3463	112.580501	-1.520028547e-11
3464	114.9723611	6.44639897e-12
3465	118.5424458	2.234656904e-11
3466	122.1636327	1.298650076e-11
3467	124.8739519	4.490186001e-12
3468	126.2113656	-2.924327447e-13
3469	126.2842004	-1.068922728e-12
3470	125.573492	-2.969180457e-12
3471	124.5852375	-4.22062385e-12
3472	123.5334873	-2.021116607e-11
3473	122.2123171	1.314726106e-11
3474	120.11838	-1.670263927e-11
3475	116.7617295	-1.256372784e-11
3476	112.0089285	-1.746558453e-11
3477	106.2828708	1.439781627e-11
3478	100.5077188	-9.641176746e-13
3479	95.80579328	2.508038222e-11
3480	93.07164123	7.597256158e-12
3481	92.61179211	-2.509148445e-11
3482	94.0164656	-2.868061344e-11
3483	96.33005637	1.41580081e-11
3484	98.45436423	7.803535595e-12
3485	99.61197747	-1.030664443e-11
3486	99.66577293	-5.169198403e-12
3487	99.14988325	-4.053535285e-11
3488	98.99281157	1.960476226e-11
3489	100.049837	2.269340271e-11
3490	102.6489116	4.88409313e-12
3491	106.3525913	-3.196687359e-11
3492	110.0477855	-1.041033926e-11
3493	112.3342469	-4.322409097e-11
3494	112.0531134	-1.925815063e-11
3495	108.7351441	1.172217878e-11
3496	102.7815709	9.965361869e-13
3497	95.30413077	-5.611955345e-12
3498	87.69518282	-1.376410097e-11
3499	81.11103757	5.94431171e-11
3500	76.08351253	3.187849984e-11
3501	72.41370968	2.702327251e-11
3502	69.37637822	-5.60929081e-12
3503	66.12918062	-1.233102509e-11
3504	62.1376345	-3.678368721e-11
3505	57.42893565	5.255640367e-11
3506	52.57287694	3.502353962e-11
3507	48.41546837	2.14757101e-11
3508	45.70217773	7.103651001e-12
3509	44.77278938	-1.190336718e-11
3510	45.46943899	1.180753273e-10
3511	47.29347914	5.789768664e-11
3512	49.72543475	4.360645178e-11
3513	52.54232664	3.641043023e-11
3514	55.96581759	1.973554653e-11
3515	60.55415965	-2.966249468e-11
3516	66.87467074	6.715494827e-11
3517	75.10426415	4.036793122e-11
3518	84.75114944	2.322808612e-11
3519	94.64788711	7.100986466e-12
3520	103.2512046	2.819988687e-11
3521	109.1471868	1.236433178e-11
3522	111.5626308	5.277644988e-11
3523	110.6694264	1.373701153e-11
3524	107.5472763	-1.44870782e-11
3525	103.8086592	2.721356474e-11
3526	101.029523	-2.817301947e-12
3527	100.2095453	3.982858487e-11
3528	101.4721576	5.798428404e-11
3529	104.1128701	3.977884688e-11
3530	106.9589064	2.347011474e-12
3531	108.8765832	2.397326782e-11
3532	109.2092159	3.300604234e-11
3533	107.969061	5.028688577e-11
3534	105.7218977	1.590860776e-11
3535	103.2400572	1.751154777e-11
3536	101.0981073	9.710898752e-12
3537	99.40246493	2.634825691e-11
3538	97.77647626	2.505484709e-11
3539	95.59944694	5.773603817e-12
3540	92.37864389	2.712763347e-11
3541	88.07186483	1.361866175e-11
3542	83.20221131	-9.289014002e-12
3543	78.70441515	8.891820613e-11
3544	75.5680608	5.982858653e-11
3545	74.43911329	3.671063453e-11
3546	75.3628477	1.274136352e-11
3547	77.78815996	-7.561729021e-12
3548	80.83377457	-8.917311334e-13
3549	83.69555332	4.116884611e-11
3550	86.00679592	3.681410732e-11
3551	87.98183805	1.030509011e-12
3552	90.27034408	2.411848499e-11
3553	93.58242721	-2.488231843e-12
3554	98.25321052	2.910072183e-11
3555	103.9498158	5.640821144e-12
3556	109.6668574	2.509903396e-11
3557	114.0319736	2.946753952e-12
3558	115.8050987	1.017852469e-11
3559	114.3651829	-9.433787085e-12
3560	109.9765977	-1.329603094e-12
3561	103.7165269	2.598166127e-11
3562	97.08639041	-1.402322702e-11
3563	91.46352916	-3.975930696e-12
3564	87.616295	-4.380140695e-11
3565	85.47750975	4.290390265e-11
3566	84.26066611	3.032907259e-11
3567	82.85867328	1.632383118e-11
3568	80.34912677	-2.049471703e-11
3569	76.3923607	-2.781641584e-11
3570	71.36338833	-3.948086302e-11
3571	66.17992538	5.254463531e-11
3572	61.92113617	1.935696048e-11
3573	59.41687639	9.984013616e-12
3574	58.98874865	1.637157077e-11
3575	60.44419966	-4.088462902e-11
3576	63.30190178	8.295608644e-11
3577	67.11826687	2.939248844e-11
3578	71.74106728	1.779021375e-11
3579	77.35644771	9.0545349e-12
3580	84.30065584	-9.535039425e-12
3581	92.7280452	-2.624700457e-11
3582	102.305393	3.122346826e-11
3583	112.1012208	-4.916067553e-12
3584	120.7560296	-1.03468345e-11
3585	126.8913018	-2.43893794e-12
3586	129.5996362	-1.641886627e-11
3587	128.809007	3.590905351e-12
3588	125.3556825	7.40496553e-12
3589	120.7171851	-6.223910276e-12
3590	116.4991074	-3.705258322e-11
3591	113.8755414	5.500044864e-12
3592	113.205358	-1.522471038e-11
3593	113.9747299	-3.391287251e-12
3594	115.0804747	1.512501235e-11
3595	115.3274304	7.215561482e-12
3596	113.9270591	4.60875782e-12
3597	110.7904315	-1.10094156e-11
3598	106.5030154	1.050493026e-11
3599	102.0091206	1.858335708e-11
3600	98.15858621	2.382893882e-11
3601	95.32315446	7.733147456e-12
3602	93.25225324	-2.778666186e-12
3603	91.22609079	1.962874308e-13
3604	88.42903025	5.43580736e-11
3605	84.36863342	4.445110946e-11
3606	79.1484563	4.540323673e-11
3607	73.4720449	1.502531433e-11
3608	68.3790462	1.163069641e-12
3609	64.83541013	8.841904986e-11
3610	63.36353921	8.766498638e-11
3611	63.87661411	4.429234757e-11
3612	65.78493309	2.847699854e-11
3613	68.31567826	1.833289076e-11
3614	70.8893089	-1.474087519e-11
3615	73.37098965	8.548828312e-11
3616	76.07563367	5.581890505e-11
3617	79.52280666	3.773914514e-11
3618	84.05878087	3.396971593e-11
3619	89.53123622	-3.779199176e-13
3620	95.18482225	3.910427537e-11
3621	99.84907445	4.117683972e-11
3622	102.3565179	2.597122517e-11
3623	102.0183462	1.773625691e-11
3624	98.94868609	7.275957614e-12
3625	94.08464465	9.184653038e-12
3626	88.87545089	3.846833962e-11
3627	84.75584213	4.783218266e-11
3628	82.61437125	3.464917242e-11
3629	82.47407334	2.076605554e-11
3630	83.51696728	-1.215960665e-11
3631	84.44165796	6.819944609e-11
3632	84.00586468	3.005595772e-11
3633	81.53185025	3.037481378e-11
3634	77.17336404	3.167577312e-11
3635	71.84749648	-1.837019425e-11
3636	66.87709261	-5.859757124e-12
3637	63.50695892	6.693490207e-11
3638	62.49994561	4.40545378e-11
3639	63.97093766	2.493760753e-11
3640	67.50216927	6.691536214e-12
3641	72.45536529	-6.333378266e-12
3642	78.31293247	6.653522178e-11
3643	84.87823584	2.616173944e-11
3644	92.24275148	3.478772825e-12
3645	100.5477998	7.290612558e-12
3646	109.6737887	-1.466138322e-11
3647	119.0306756	-5.534017689e-12
3648	127.5798657	-1.050159959e-11
3649	134.1093121	1.059952126e-11
3650	137.6599444	-3.590805431e-11
3651	137.9203815	-2.35376163e-11
3652	135.4073398	-1.916866665e-11
3653	131.3337204	-2.877331706e-11
3654	127.1991953	-1.505517933e-11
3655	124.2606537	-1.161559737e-11
3656	123.0969774	-2.155831069e-11
3657	123.4474004	-7.228218024e-12
3658	124.3889762	-6.55586696e-12
3659	124.7752278	-2.363342855e-11
3660	123.7473614	-2.988498338e-11
3661	121.100009	-3.109734692e-13
3662	117.3483781	-1.366551317e-11
3663	113.4745717	-6.033507027e-12
3664	110.4704055	3.811340132e-11
3665	108.8812921	1.411593065e-11
3666	108.5528849	-4.275468868e-12
3667	108.6911579	-2.607247751e-12
3668	108.2081365	-1.400624061e-11
3669	106.2008127	-3.702338436e-11
3670	102.3544356	2.498545815e-11
3671	97.09721566	1.80433446e-11
3672	91.44439406	3.737732346e-11
3673	86.60550904	-1.790589899e-11
3674	83.52911257	-3.008582272e-11
3675	82.58037603	6.219880166e-11
3676	83.48121387	3.934397252e-11
3677	85.52102981	-2.797762022e-14
3678	87.92478516	8.817613306e-12
3679	90.19876725	8.955058917e-12
3680	92.29245073	-7.957190462e-12
3681	94.50766287	2.873346006e-11
3682	97.21013115	3.25284244e-12
3683	100.495518	2.911326735e-11
3684	103.9867125	-2.137123811e-11
3685	106.8792025	1.140842976e-11
3686	108.2336404	3.291333872e-11
3687	107.3931958	4.224731676e-11
3688	104.3346369	2.488165229e-11
3689	99.77980608	1.46478385e-11
3690	94.99297464	-9.151124303e-12
3691	91.32714832	8.274825269e-12
3692	89.69790235	3.905653578e-11
3693	90.20439565	4.857780844e-11
3694	92.06359824	4.116917918e-11
3695	93.89674814	3.423861195e-11
3696	94.26054153	1.258126936e-11
3697	92.21259272	6.009981401e-11
3698	87.68579762	7.566192117e-11
3699	81.52582164	1.699584917e-11
3700	75.18553525	3.061995102e-11
3701	70.20965847	-1.404942829e-11
3702	67.72271923	2.543665278e-11
3703	68.12095438	7.92825805e-11
3704	71.07196882	6.435163513e-11
3705	75.78940304	3.437383711e-11
3706	81.43450549	8.744893698e-12
3707	87.45244424	-2.396349785e-11
3708	93.69555435	6.067835123e-11
3709	100.295584	6.286038357e-11
3710	107.3703427	3.041955576e-11
3711	114.7297272	4.994671343e-12
3712	121.7454923	9.428680059e-12
3713	127.469195	3.373346047e-11
3714	130.9609812	-6.782241435e-12
3715	131.6852732	-4.265476861e-12
3716	129.7882383	-6.147082843e-12
3717	126.1167113	3.24975602e-11
3718	121.9501519	2.093403229e-11
3719	118.54624	1.051569942e-11
3720	116.6881893	1.686928375e-11
3721	116.4270384	1.006394967e-11
3722	117.1309435	4.615752225e-12
3723	117.820678	-1.022071316e-11
3724	117.6446958	1.586941689e-11
3725	116.2844908	1.105393554e-11
3726	114.1102728	1.521294202e-11
3727	112.0162458	1.994515664e-11
3728	111.0063811	1.241451386e-12
3729	111.7131618	-1.852717979e-11
3730	114.0638055	-3.249622793e-13
3731	117.246335	-1.885047674e-12
3732	119.9983916	1.990774212e-11
3733	121.1014609	6.610156866e-12
3734	119.8735192	5.219491506e-12
3735	116.4530602	-1.150302076e-11
3736	111.7566543	-6.21880325e-12
3737	107.1311755	-1.621880408e-11
3738	103.8497069	9.390266342e-13
3739	102.6615762	-2.595834658e-11
3740	103.5765261	-1.676836447e-11
3741	105.9560472	1.173217079e-11
3742	108.8501798	3.687938843e-12
3743	111.4157519	7.700728943e-12
3744	113.2265398	-1.848921016e-11
3745	114.3463862	-2.761346707e-11
3746	115.1531356	-3.990208164e-11
3747	116.0195666	2.380540209e-12
3748	117.0226762	4.627631611e-12
3749	117.835034	-3.579581076e-12
3750	117.8602972	-1.445865649e-11
3751	116.5524723	-6.837863609e-12
3752	113.7628554	-8.700373755e-12
3753	109.9355619	1.357247648e-11
3754	106.0348913	-3.222311307e-12
3755	103.2088136	-1.729949517e-11
3756	102.3182813	-1.400124461e-11
3757	103.5341437	-1.279376605e-11
3758	106.187293	1.958833096e-11
3759	108.957431	6.631362126e-12
3760	110.3435039	-1.170441521e-11
3761	109.2360824	-5.990985485e-12
3762	105.3629609	-1.15116805e-11
3763	99.4266266	4.366040862e-11
3764	92.87674583	5.074385356e-11
3765	87.40951108	1.758815316e-11
3766	84.39506265	1.284972129e-11
3767	84.45793775	-3.540945315e-12
3768	87.36465977	-6.36246611e-12
3769	92.23926795	8.796519069e-12
3770	97.99051563	2.461675308e-11
3771	103.7529154	4.231814899e-11
3772	109.1515642	-6.080691506e-12
3773	114.2915079	1.9090729e-11
3774	119.5034345	2.392686049e-11
3775	124.9888707	4.41491288e-12
3776	130.5499502	-2.367883667e-12
3777	135.5436403	-2.181943515e-11
3778	139.0902369	4.595879233e-12
3779	140.4424985	4.341726978e-11
3780	139.3422313	-3.419486916e-13
3781	136.1923452	1.637334712e-11
3782	131.9541493	-1.244004899e-11
3783	127.804718	1.612665557e-11
3784	124.7002539	1.28388411e-11
3785	123.0372039	2.109334929e-11
3786	122.5616072	2.843414393e-11
3787	122.5665019	7.345235531e-13
3788	122.2867556	4.230638062e-11
3789	121.3096117	1.233568803e-11
3790	119.8095654	2.053024417e-12
3791	118.4935799	4.107381102e-12
3792	118.2734697	1.955124951e-11
3793	119.8082843	2.890576667e-11
3794	123.1238258	3.021982664e-11
3795	127.4890195	1.653877035e-11
3796	131.6203181	1.257993709e-11
3797	134.1425099	9.267253631e-12
3798	134.1198389	1.951572237e-11
3799	131.4359162	1.006372763e-11
3800	126.8608132	3.077871291e-11
3801	121.7735333	4.191114122e-11
3802	117.6517362	1.241362568e-11
3803	115.536135	1.975020147e-11
3804	115.6836805	3.434608153e-11
3805	117.5397591	2.180833292e-11
3806	120.0228758	-8.191669565e-12
3807	121.9858209	-1.361089019e-11
3808	122.6509835	-2.573719016e-12
3809	121.8412534	1.487610035e-11
3810	119.9284653	1.400879412e-12
3811	117.5514714	9.729328454e-12
3812	115.2564295	-8.690159703e-12
3813	113.2381893	3.306155349e-11
3814	111.3037242	1.84878779e-11
3815	109.0650714	1.507904912e-12
3816	106.2541305	-3.78808096e-13
3817	102.9892378	-2.868261184e-11
3818	99.84344967	5.845368634e-11
3819	97.6583833	4.543765364e-11
3820	97.17216032	1.477462597e-11
3821	98.627316	-8.59889937e-12
3822	101.5478546	-1.445443765e-11
3823	104.8104077	-3.897016043e-11
3824	107.0089858	2.634581442e-11
3825	106.9809925	1.379274472e-11
3826	104.2831526	3.435252083e-12
3827	99.41668131	-2.085820405e-11
3828	93.69911478	4.684697075e-12
3829	88.82477345	2.857647452e-11
3830	86.28486207	2.81841217e-11
3831	86.8759216	-1.396927019e-11
3832	90.48671091	-1.646394132e-11
3833	96.2354302	1.54503077e-11
3834	102.882818	-2.040900782e-11
3835	109.3352805	7.66053887e-14
3836	115.0232066	-1.688960083e-11
3837	120.0038372	-1.744671074e-11
3838	124.7654056	-3.035260931e-11
3839	129.8424533	-1.425748408e-11
3840	135.4323631	-2.410449618e-11
3841	141.1958759	-2.758171469e-11
3842	146.3348026	-5.910383294e-11
3843	149.9101135	-8.541167773e-12
3844	151.2524698	-1.611444311e-11
3845	150.275125	-1.355116019e-11
3846	147.5443258	-6.320566293e-11
3847	144.0734843	-2.958300271e-11
3848	140.933321	7.051026429e-12
3849	138.853284	-2.00146566e-11
3850	137.9920019	-2.328293114e-11
3851	137.9753799	-1.26536559e-11
3852	138.1765503	-1.500088942e-11
3853	138.0993989	-3.538191962e-11
3854	137.6787037	-1.152966611e-11
3855	137.3480515	6.265654662e-12
3856	137.8350332	7.614353592e-12
3857	139.7727706	-5.01845232e-11
3858	143.3082582	-2.195155169e-11
3859	147.8983966	-7.910117006e-12
3860	152.407214	-6.712630451e-12
3861	155.4855273	-2.043587521e-11
3862	156.0854999	-4.378941654e-12
3863	153.8950441	-6.883382753e-14
3864	149.5023194	-6.899814053e-12
3865	144.2094934	-1.429900642e-11
3866	139.5612456	1.551980766e-11
3867	136.7740849	6.344924586e-11
3868	136.2950929	1.682387563e-11
3869	137.6647196	-1.419886431e-11
3870	139.7312015	1.55677693e-11
3871	141.119047	2.160782664e-11
3872	140.7531793	2.654743092e-11
3873	138.2260194	2.058042625e-11
3874	133.8710353	-4.317657343e-12
3875	128.5374813	7.877254404e-12
3876	123.1883887	8.555711695e-12
3877	118.5116223	3.952294048e-11
3878	114.7140898	1.301880825e-11
3879	111.5738623	2.75071077e-11
3880	108.6996674	3.325106857e-11
3881	105.8502891	1.031463803e-11
3882	103.142193	4.137956644e-11
3883	101.0325314	-1.240452185e-12
3884	100.0783375	-1.774236313e-11
3885	100.5874833	4.939082476e-11
3886	102.3383516	3.151245931e-11
3887	104.5229592	3.069688947e-11
3888	105.9706841	2.698152812e-11
3889	105.5801194	1.19427801e-11
3890	102.7839564	3.628053413e-11
3891	97.84426941	1.649402837e-11
3892	91.83820902	4.517342056e-11
3893	86.32157594	3.352318423e-11
3894	82.79509349	-1.208511069e-11
3895	82.18500618	-1.172917319e-11
3896	84.54692101	3.700140194e-11
3897	89.10958359	6.015565823e-11
3898	94.63288331	2.469213722e-11
3899	99.92335632	1.307176589e-12
3900	104.2875151	8.827161224e-12
3901	107.7353847	3.12246895e-11
3902	110.8589575	2.518640851e-11
3903	114.4531477	4.974909373e-12
3904	119.0575328	-2.297084745e-11
3905	124.6277112	-1.306177388e-11
3906	130.4832902	-2.795796927e-11
3907	135.5539665	1.307653985e-11
3908	138.8123101	-1.55951918e-11
3909	139.700611	-6.40731912e-12
3910	138.3647222	1.141975403e-12
3911	135.59632	-2.262923182e-11
3912	132.5155786	-1.745270595e-13
3913	130.1398223	-1.685518392e-11
3914	129.0296183	-1.343158917e-11
3915	129.1624672	-3.570677087e-11
3916	130.0758732	1.396105453e-12
3917	131.1964615	-8.326339618e-12
3918	132.1875151	-3.091216172e-11
3919	133.1423438	-1.313482656e-11
3920	134.5272619	-2.491684636e-11
3921	136.9001797	-2.432753998e-11
3922	140.5421146	3.726574604e-12
3923	145.1870819	-6.36953823e-11
3924	149.9971263	-4.870071013e-11
3925	153.8196516	-3.632394385e-11
3926	155.6325232	-5.121070235e-11
3927	154.9886084	1.673328143e-12
3928	152.2595026	-1.05598863e-11
3929	148.5561362	-3.384836855e-11
3930	145.3395071	-2.216593575e-11
3931	143.8693037	-1.183642073e-11
3932	144.7124386	-2.064060034e-11
3933	147.5139559	1.934674643e-12
3934	151.1265933	-2.491573614e-11
3935	154.0475483	-4.130240594e-11
3936	154.9849836	-2.660049958e-11
3937	153.3263313	-3.859801367e-12
3938	149.3263406	-1.75978121e-11
3939	143.9539805	1.236533098e-11
3940	138.4803634	1.187872023e-11
3941	133.9928073	-2.823319356e-11
3942	131.039722	4.805045251e-12
3943	129.5414172	4.826361533e-12
3944	128.9767722	2.001954158e-12
3945	128.7324046	-9.221956532e-12
3946	128.4347301	3.143041383e-12
3947	128.1043775	2.055455806e-11
3948	128.0658271	-7.583933481e-13
3949	128.6680827	4.810707388e-12
3950	129.9668277	1.429856233e-12
3951	131.5404598	-1.175359809e-11
3952	132.55103	2.835420787e-11
3953	132.0444566	1.989852727e-12
3954	129.3664138	8.908096483e-12
3955	124.5062894	2.913780328e-11
3956	118.2028406	8.434697385e-12
3957	111.7442862	3.178290964e-11
3958	106.5294437	3.933098291e-11
3959	103.5653072	4.394595798e-12
3960	103.1105342	7.272515923e-12
3961	104.6166812	1.495781277e-11
3962	106.9935255	2.655509146e-11
3963	109.085828	5.593558949e-11
3964	110.1575066	2.578248726e-11
3965	110.1760172	9.495404463e-12
3966	109.776763	-2.02327044e-11
3967	109.926822	3.602951271e-11
3968	111.4382398	3.026334738e-11
3969	114.5462891	2.668054666e-11
3970	118.7391007	3.802969051e-11
3971	122.9149621	-8.444911437e-12
3972	125.8009686	2.02192707e-11
3973	126.45413	1.139044414e-11
3974	124.6323636	1.974442831e-11
3975	120.8817586	1.17501564e-11
3976	116.3109283	2.585598402e-12
3977	112.1575603	1.92276195e-11
3978	109.3372992	3.368338941e-11
3979	108.1645078	3.32741612e-11
3980	108.3505476	2.710820457e-11
3981	109.2574264	-3.634426093e-12
3982	110.2713778	4.080324967e-11
3983	111.1130493	6.311950962e-12
3984	111.9389452	2.212419137e-11
3985	113.1936614	2.356181916e-11
3986	115.2948217	-7.775224908e-12
3987	118.3152348	2.183897507e-11
3988	121.8308331	-2.247868558e-12
3989	125.0258612	-4.322320279e-12
3990	127.0236211	1.32002187e-11
3991	127.2987127	-1.190902932e-11
3992	125.97799	-1.795796845e-11
3993	123.8769535	-2.516620246e-11
3994	122.2306954	-5.595302e-12
3995	122.214874	-4.773959006e-13
3996	124.4515842	-2.978073343e-11
3997	128.7117157	1.125366467e-11
3998	133.9497107	-8.713807453e-12
3999	138.6696573	-2.417399614e-12
4000	141.4820042	-2.141686828e-11
4001	141.6283864	-4.688427424e-11
4002	139.2638571	5.581091145e-13
4003	135.3864211	-1.42486023e-11
4004	131.4498259	-1.967193075e-11
4005	128.8242534	7.979616967e-12
4006	128.3261212	-1.918198933e-11
4007	129.9998384	-1.654232307e-11
4008	133.2198686	-2.733857585e-11
4009	137.0424691	-9.336753592e-12
4010	140.6342575	-1.266242666e-11
4011	143.5830027	-6.469624836e-11
4012	145.9617738	-9.545586543e-12
4013	148.1386448	-5.831468641e-11
4014	150.4441946	-2.086752993e-11
4015	152.8732318	-2.567679402e-11
4016	154.9769553	-2.494515705e-11
4017	156.0075528	-2.348155004e-11
4018	155.2533997	-2.59843258e-11
4019	152.4074601	-3.219646771e-11
4020	147.7891218	-1.366029512e-11
4021	142.3018839	1.783906356e-12
4022	137.1284729	-3.560596262e-11
4023	133.2869688	-2.14498419e-11
4024	131.2401549	-1.579514297e-11
4025	130.7329534	-1.255451298e-11
4026	130.9354958	-2.119526776e-11
4027	130.8345754	8.702594201e-12
4028	129.7040487	-8.190670364e-12
4029	127.4460739	-6.359912597e-12
4030	124.648522	-1.23923094e-11
4031	122.3271411	-7.08433312e-12
4032	121.4603326	1.985545062e-11
4033	122.5182032	2.48279175e-12
4034	125.1939247	-3.6279868e-12
4035	128.4607046	-1.44726453e-11
4036	130.9383136	-4.572564549e-12
4037	131.4197741	9.942935364e-12
4038	129.3395924	-4.830358336e-12
4039	124.9898083	9.012790514e-12
4040	119.3978728	-1.369637737e-11
4041	113.9235656	-4.722000568e-12
4042	109.7483867	2.550237799e-11
4043	107.470196	4.752864768e-13
4044	106.9628178	3.268851856e-11
4045	107.54016	1.758238e-11
4046	108.3315265	2.529976229e-11
4047	108.6881362	3.05641068e-11
4048	108.4375892	3.137423654e-11
4049	107.8822489	2.293110146e-11
4050	107.5612249	4.097699957e-11
4051	107.9063363	3.930478165e-11
4052	108.9693574	3.394795556e-11
4053	110.3600454	2.63392641e-11
4054	111.430169	-6.341593917e-13
4055	111.6169642	1.874900235e-11
4056	110.7773918	3.750710853e-11
4057	109.341518	1.905764435e-11
4058	108.1923612	-9.3158814e-13
4059	108.3057738	2.102207297e-11
4060	110.3000136	-1.721023324e-11
4061	114.0966473	4.32784919e-11
4062	118.8564002	2.248157216e-11
4063	123.2397985	9.094502929e-12
4064	125.9017298	1.500199964e-11
4065	126.0232405	-6.860290114e-12
4066	123.6605507	1.23614452e-11
4067	119.7622792	1.831867991e-11
4068	115.8417805	1.989453047e-11
4069	113.4342148	7.333911256e-12
4070	113.5561138	3.348654687e-12
4071	116.3810792	-2.031197432e-11
4072	121.2512976	1.250621828e-11
4073	127.0021838	-1.652389336e-11
4074	132.448639	-1.237254743e-11
4075	136.8213498	-2.605315963e-11
4076	139.9745417	-8.881784197e-16
4077	142.2957086	4.789946217e-12
4078	144.3829888	-7.357003895e-12
4079	146.6564713	8.956835273e-12
4080	149.0918326	-2.406719268e-11
4081	151.2003677	-1.223576795e-11
4082	152.2597966	2.331002058e-11
4083	151.6808907	-4.113420715e-11
4084	149.3308007	-1.081290613e-11
4085	145.6541006	-1.432254315e-11
4086	141.5273027	-8.748335389e-12
4087	137.9080194	-2.845723657e-12
4088	135.4379877	-3.922928649e-11
4089	134.1841396	-3.138711513e-11
4090	133.6414206	-3.141509275e-11
4091	133.0019141	-9.544809387e-12
4092	131.5710262	4.964251232e-12
4093	129.1398813	-2.079825201e-11
4094	126.1375247	-7.850164963e-12
4095	123.4822112	-1.602762367e-11
