16384
0	172.6598137	0
1	172.6705549	-1.065814104e-14
2	172.6812904	-1.953992523e-14
3	172.6920203	-4.618527782e-14
4	172.7027444	-3.907985047e-14
5	172.7134629	-3.197442311e-14
6	172.7241756	-9.237055565e-14
7	172.7348826	-8.526512829e-14
8	172.745584	-7.993605777e-14
9	172.7562796	-7.105427358e-14
10	172.7669695	-6.572520306e-14
11	172.7776537	-5.684341886e-14
12	172.7883322	-1.88293825e-13
13	172.7990049	-4.085620731e-14
14	172.809672	-1.723066134e-13
15	172.8203333	-3.037570195e-13
16	172.8309889	-1.563194019e-13
17	172.8416388	-1.243449788e-14
18	172.852283	-1.43884904e-13
19	172.8629215	-2.753353101e-13
20	172.8735542	-1.296740493e-13
21	172.8841812	1.776356839e-14
22	172.8948024	-1.136868377e-13
23	172.905418	-2.451372438e-13
24	172.9160278	-3.7658765e-13
25	172.9266318	4.618527782e-14
26	172.9372302	-8.348877145e-14
27	172.9478228	-2.149391776e-13
28	172.9584096	-3.446132268e-13
29	172.9689907	7.815970093e-14
30	172.9795661	-6.075140391e-13
31	172.9901357	-1.865174681e-13
32	173.0006996	-3.161915174e-13
33	173.0112578	1.065814104e-13
34	173.0218102	-2.486899575e-14
35	173.0323568	-1.563194019e-13
36	173.0428977	-2.859934511e-13
37	173.0534328	1.350031198e-13
38	173.0639622	-5.506706202e-13
39	173.0744859	-1.278976924e-13
40	173.0850037	-2.575717417e-13
41	173.0955158	-9.450218386e-13
42	173.1060222	3.552713679e-14
43	173.1165228	-9.769962617e-14
44	173.1270176	-2.273736754e-13
45	173.1375067	-3.606004384e-13
46	173.14799	-4.920508445e-13
47	173.1584675	4.902744877e-13
48	173.1689393	-7.585043704e-13
49	173.1794053	-8.899547765e-13
50	173.1898655	9.414691249e-14
51	173.2003199	-3.730349363e-14
52	173.2107686	-1.705302566e-13
53	173.2212115	-3.002043059e-13
54	173.2316486	-4.352074257e-13
55	173.24208	5.506706202e-13
56	173.2525055	-6.96331881e-13
57	173.2629253	-8.29558644e-13
58	173.2733393	1.527666882e-13
59	173.2837475	2.131628207e-14
60	173.2941499	-1.227462576e-12
61	173.3045465	-2.415845302e-13
62	173.3149373	-3.7658765e-13
63	173.3253224	6.110667528e-13
64	173.3357016	-6.394884622e-13
65	173.3460751	-7.727152251e-13
66	173.3564427	2.131628207e-13
67	173.3668046	8.171241461e-14
68	173.3771606	-4.97379915e-14
69	173.3875109	-1.794120408e-13
70	173.3978553	-3.161915174e-13
71	173.408194	-4.476419235e-13
72	173.4185268	-5.826450433e-13
73	173.4288539	-7.158718063e-13
74	173.4391751	2.753353101e-13
75	173.4494905	-9.805489753e-13
76	173.4598001	-1.113775738e-12
77	173.4701039	-1.207922651e-13
78	173.4804018	-2.54019028e-13
79	173.490694	-3.890221478e-13
80	173.5009803	-5.204725539e-13
81	173.5112609	-6.554756737e-13
82	173.5215356	-1.913136316e-12
83	173.5318044	2.042810365e-13
84	173.5420675	7.105427358e-14
85	173.5523247	-6.394884622e-14
86	173.5625761	-1.971756092e-13
87	173.5728217	-3.286260153e-13
88	173.5830614	-4.636291351e-13
89	173.5932953	-5.96855898e-13
90	173.6035234	-7.30082661e-13
91	173.6137456	-8.650857808e-13
92	173.623962	-9.983125437e-13
93	173.6341726	-1.12976295e-12
94	173.6443773	9.929834732e-13
95	173.6545762	8.597567103e-13
96	173.6647692	-1.532995952e-12
97	173.6749564	-1.666222715e-12
98	173.6851378	-1.803002192e-12
99	173.6953133	3.286260153e-13
100	173.7054829	1.953992523e-13
101	173.7156467	5.86197757e-14
102	173.7258047	-7.460698725e-14
103	173.7359568	-2.078337502e-13
104	173.746103	-3.410605132e-13
105	173.7562434	-4.76063633e-13
106	173.766378	-6.092903959e-13
107	173.7765066	-7.460698725e-13
108	173.7866295	-8.792966355e-13
109	173.7967464	-1.014299755e-12
110	173.8068575	1.117328452e-12
111	173.8169627	9.858780459e-13
112	173.8270621	-1.413980044e-12
113	173.8371556	-1.550759521e-12
114	173.8472432	-1.687538997e-12
115	173.857325	4.476419235e-13
116	173.8674008	3.144151606e-13
117	173.8774708	1.829647545e-13
118	173.887535	4.618527782e-14
119	173.8975932	-2.359001883e-12
120	173.9076456	-2.497557716e-12
121	173.9176921	-3.588240816e-13
122	173.9277327	-4.920508445e-13
123	173.9377675	-6.270539643e-13
124	173.9477963	-7.602807273e-13
125	173.9578193	-8.970602039e-13
126	173.9678364	1.245226144e-12
127	173.9778475	-1.167066443e-12
128	173.9878528	-1.302069563e-12
129	173.9978523	-1.435296326e-12
130	174.0078458	-1.570299446e-12
131	174.0178334	5.719869023e-13
132	174.0278151	4.369837825e-13
133	174.0377909	3.055333764e-13
134	174.0477609	1.669775429e-13
135	174.0577249	-2.248867759e-12
136	174.067683	-1.012523398e-13
137	174.0776353	-2.362554596e-13
138	174.0875816	-3.694822226e-13
139	174.097522	-5.044853424e-13
140	174.1074565	-6.41264819e-13
141	174.1173851	-7.780442957e-13
142	174.1273078	-9.130474155e-13
143	174.1372246	-1.046274178e-12
144	174.1471354	-1.184830012e-12
145	174.1570404	-1.318056775e-12
146	174.1669394	-1.451283538e-12
147	174.1768325	6.981082379e-13
148	174.1867197	5.631051181e-13
149	174.196601	4.281019983e-13
150	174.2064763	-2.000177801e-12
151	174.2163458	-2.131628207e-12
152	174.2262093	-2.268407684e-12
153	174.2360669	-1.154631946e-13
154	174.2459185	-2.522426712e-13
155	174.2557642	-3.836930773e-13
156	174.265604	-5.222489108e-13
157	174.2754379	-6.590283874e-13
158	174.2852658	-7.904787935e-13
159	174.2950878	-9.29034627e-13
160	174.3049038	-1.064037747e-12
161	174.314714	-1.200817223e-12
162	174.3245181	-1.335820343e-12
163	174.3343164	-3.77120557e-12
164	174.3441087	-3.90620869e-12
165	174.353895	-4.042988166e-12
166	174.3636754	4.138911436e-13
167	174.3734499	2.806643806e-13
168	174.3832184	1.43884904e-13
169	174.3929809	1.065814104e-14
170	174.4027376	-1.278976924e-13
171	174.4124882	-2.629008122e-13
172	174.4222329	-4.014566457e-13
173	174.4319717	-5.364597655e-13
174	174.4417045	-6.714628853e-13
175	174.4514313	-8.100187188e-13
176	174.4611522	-9.450218386e-13
177	174.4708671	-1.081801315e-12
178	174.480576	-1.218580792e-12
179	174.490279	-1.355360268e-12
180	174.499976	-1.492139745e-12
181	174.5096671	-1.628919222e-12
182	174.5193522	-1.767475055e-12
183	174.5290313	-1.904254532e-12
184	174.5387044	-2.039257652e-12
185	174.5483716	-2.179589842e-12
186	174.5580328	-2.314592962e-12
187	174.567688	2.170708058e-12
188	174.5773373	2.033928581e-12
189	174.5869806	1.897149104e-12
190	174.5966178	1.760369628e-12
191	174.6062492	1.627142865e-12
192	174.6158745	-3.135269822e-12
193	174.6254938	-3.277378369e-12
194	174.6351072	-3.414157845e-12
195	174.6447146	-3.552713679e-12
196	174.6543159	-3.689493155e-12
197	174.6639113	-3.826272632e-12
198	174.6735007	6.696865285e-13
199	174.6830842	5.31130695e-13
200	174.6926616	3.925748615e-13
201	174.702233	2.575717417e-13
202	174.7117984	1.190159082e-13
203	174.7213579	-1.953992523e-14
204	174.7309113	-1.54543045e-13
205	174.7404587	-2.913225217e-13
206	174.7500001	-4.281019983e-13
207	174.7595356	-5.208278253e-12
208	174.769065	-7.016609516e-13
209	174.7785884	-8.419931419e-13
210	174.7881058	-9.769962617e-13
211	174.7976172	-1.113775738e-12
212	174.8071226	-1.254107929e-12
213	174.816622	-1.392663762e-12
214	174.8261153	-1.527666882e-12
215	174.8356027	-1.669775429e-12
216	174.845084	-1.806554906e-12
217	174.8545593	-1.943334382e-12
218	174.8640286	-2.081890216e-12
219	174.8734919	2.43360887e-12
220	174.8829492	2.296829393e-12
221	174.8924004	2.161826274e-12
222	174.9018456	2.02327044e-12
223	174.9112848	-2.772893026e-12
224	174.9207179	-2.913225217e-12
225	174.930145	-3.05178105e-12
226	174.9395661	-3.188560527e-12
227	174.9489812	-3.32711636e-12
228	174.9583902	-3.465672194e-12
229	174.9677932	-3.604228027e-12
230	174.9771902	9.254819133e-13
231	174.9865811	7.85149723e-13
232	174.995966	6.465938895e-13
233	175.0053449	5.098144129e-13
234	175.0147177	3.712585794e-13
235	175.0240844	2.344791028e-13
236	175.0334451	9.769962617e-14
237	175.0427998	-4.263256415e-14
238	175.0521484	-4.856559599e-12
239	175.061491	-4.995115432e-12
240	175.0708276	-5.13722398e-12
241	175.080158	-5.96855898e-13
242	175.0894825	-7.336353747e-13
243	175.0988008	-8.73967565e-13
244	175.1081132	-1.012523398e-12
245	175.1174194	-1.151079232e-12
246	175.1267196	-1.287858709e-12
247	175.1360138	-1.429967256e-12
248	175.1453019	-1.568523089e-12
249	175.1545839	-1.707078923e-12
250	175.1638599	-1.847411113e-12
251	175.1731298	2.70361511e-12
252	175.1823936	2.566835633e-12
253	175.1916514	-2.261302257e-12
254	175.2009031	-2.403410804e-12
255	175.2101487	-2.543742994e-12
256	175.2193883	-2.682298827e-12
257	175.2286217	-2.820854661e-12
258	175.2378492	-2.961186851e-12
259	175.2470705	-3.099742685e-12
260	175.2562857	-3.241851232e-12
261	175.2654949	-3.380407065e-12
262	175.274698	1.179500941e-12
263	175.2838951	1.042721465e-12
264	175.293086	9.041656313e-13
265	175.3022709	7.656097978e-13
266	175.3114496	6.252776075e-13
267	175.3206223	4.86721774e-13
268	175.3297889	3.481659405e-13
269	175.3389494	-4.499511874e-12
270	175.3481038	-4.639844065e-12
271	175.3572522	-4.778399898e-12
272	175.3663944	-2.078337502e-13
273	175.3755306	-3.499422974e-13
274	175.3846606	-4.86721774e-13
275	175.3937846	-6.288303211e-13
276	175.4029024	-7.656097978e-13
277	175.4120142	-9.077183449e-13
278	175.4211198	-1.044497822e-12
279	175.4302194	-1.186606369e-12
280	175.4393128	-1.325162202e-12
281	175.4484001	-1.467270749e-12
282	175.4574814	-1.604050226e-12
283	175.4665565	2.977174063e-12
284	175.4756255	-1.884714607e-12
285	175.4846884	-2.026823154e-12
286	175.4937452	-2.167155344e-12
287	175.5027959	-2.305711178e-12
288	175.5118405	-2.447819725e-12
289	175.520879	-2.589928272e-12
290	175.5299113	-2.728484105e-12
291	175.5389375	-2.867039939e-12
292	175.5479576	-3.007372129e-12
293	175.5569716	-3.147704319e-12
294	175.5659795	1.442401754e-12
295	175.5749812	1.30384592e-12
296	175.5839768	1.165290087e-12
297	175.5929663	1.024957896e-12
298	175.6019496	8.84625706e-13
299	175.6109269	-3.995026532e-12
300	175.619898	-4.133582365e-12
301	175.6288629	-4.277467269e-12
302	175.6378218	-4.416023103e-12
303	175.6467745	-4.55813165e-12
304	175.655721	-4.700240197e-12
305	175.6646615	-9.592326933e-14
306	175.6735958	-2.380318165e-13
307	175.6825239	-3.748112931e-13
308	175.6914459	-5.186961971e-13
309	175.7003618	-6.572520306e-13
310	175.7092715	-7.993605777e-13
311	175.7181751	-9.39692768e-13
312	175.7270725	-1.080024958e-12
313	175.7359638	-1.222133506e-12
314	175.744849	-1.366018409e-12
315	175.753728	-1.502797886e-12
316	175.7626008	-1.643130076e-12
317	175.7714675	-1.785238624e-12
318	175.780328	-1.925570814e-12
319	175.7891824	-2.067679361e-12
320	175.7980306	-2.208011551e-12
321	175.8068727	-2.350120099e-12
322	175.8157086	-2.490452289e-12
323	175.8245383	-2.632560836e-12
324	175.8333619	-2.774669383e-12
325	175.8421793	-2.915001573e-12
326	175.8509906	-7.823075521e-12
327	175.8597957	1.570299446e-12
328	175.8685946	-8.109068972e-12
329	175.8773874	1.289635065e-12
330	175.886174	-8.391509709e-12
331	175.8949544	1.005417971e-12
332	175.9037286	8.650857808e-13
333	175.9124967	7.212008768e-13
334	175.9212586	5.826450433e-13
335	175.9300143	4.405364962e-13
336	175.9387639	3.019806627e-13
337	175.9475072	1.598721155e-13
338	175.9562444	1.776356839e-14
339	175.9649754	-9.682921132e-12
340	175.9737003	-2.629008122e-13
341	175.9824189	-9.967138226e-12
342	175.9911314	-5.488942634e-13
343	175.9998376	-6.874500968e-13
344	176.0085377	-8.313350008e-13
345	176.0172316	-9.73443548e-13
346	176.0259193	-1.115552095e-12
347	176.0346008	-1.255884285e-12
348	176.0432762	-1.399769189e-12
349	176.0519453	-1.538325023e-12
350	176.0606082	-1.683986284e-12
351	176.069265	-1.824318474e-12
352	176.0779155	-1.964650664e-12
353	176.0865598	-2.110311925e-12
354	176.095198	-2.248867759e-12
355	176.1038299	-2.392752663e-12
356	176.1124557	-2.53486121e-12
357	176.1210752	-2.678746114e-12
358	176.1296885	-2.817301947e-12
359	176.1382957	-2.961186851e-12
360	176.1468966	-3.106848112e-12
361	176.1554913	-3.247180302e-12
362	176.1640798	-3.391065206e-12
363	176.1726621	6.071587677e-12
364	176.1812381	-3.675282301e-12
365	176.189808	5.792699653e-12
366	176.1983716	-3.961275752e-12
367	176.2069291	5.508482559e-12
368	176.2154803	-4.250821917e-12
369	176.2240253	-4.391154107e-12
370	176.232564	-4.533262654e-12
371	176.2410966	-4.677147558e-12
372	176.2496229	-4.822808819e-12
373	176.258143	-4.961364652e-12
374	176.2666569	4.517275443e-12
375	176.2751645	-5.250910817e-12
376	176.283666	4.236611062e-12
377	176.2921612	-5.536904268e-12
378	176.3006501	3.954170325e-12
379	176.3091329	-5.824674076e-12
380	176.3176094	3.66995323e-12
381	176.3260796	-6.112443884e-12
382	176.3345437	3.387512493e-12
383	176.3430015	-6.398437336e-12
384	176.351453	-6.545874953e-12
385	176.3598983	2.961186851e-12
386	176.3683374	-6.828315691e-12
387	176.3767702	2.6751934e-12
388	176.3851968	-7.121414569e-12
389	176.3936172	2.390976306e-12
390	176.4020313	-7.409184377e-12
391	176.4104392	2.108535568e-12
392	176.4188408	-7.698730542e-12
393	176.4272361	1.822542117e-12
394	176.4356252	-7.98650035e-12
395	176.4440081	1.536548666e-12
396	176.4523847	1.396216476e-12
397	176.4607551	1.250555215e-12
398	176.4691192	1.106670311e-12
399	176.477477	-8.709477584e-12
400	176.4858286	8.224532166e-13
401	176.4941739	-8.997247392e-12
402	176.502513	5.382361223e-13
403	176.5108458	-9.288569913e-12
404	176.5191723	2.522426712e-13
405	176.5274926	-9.578116078e-12
406	176.5358066	-3.730349363e-14
407	176.5441144	-1.794120408e-13
408	176.5524159	-3.215205879e-13
409	176.5607111	-4.654054919e-13
410	176.569	-6.092903959e-13
411	176.5772827	-7.531752999e-13
412	176.5855591	-8.970602039e-13
413	176.5938292	-1.039168751e-12
414	176.6020931	-1.088906743e-11
415	176.6103506	-1.326938559e-12
416	176.6186019	-1.469047106e-12
417	176.626847	-1.614708367e-12
418	176.6350857	-1.758593271e-12
419	176.6433182	-1.902478175e-12
420	176.6515444	-2.044586722e-12
421	176.6597643	-2.19202434e-12
422	176.6679779	-2.33235653e-12
423	176.6761852	-2.479794148e-12
424	176.6843862	-2.625455409e-12
425	176.692581	-2.767563956e-12
426	176.7007695	-2.91144886e-12
427	176.7089516	6.668443575e-12
428	176.7171275	-3.200995025e-12
429	176.7252971	6.386002838e-12
430	176.7334604	-3.490541189e-12
431	176.7416174	-3.634426093e-12
432	176.7497681	-3.780087354e-12
433	176.7579125	-3.923972258e-12
434	176.7660506	-4.069633519e-12
435	176.7741824	-4.213518423e-12
436	176.7823079	-4.359179684e-12
437	176.7904271	-4.503064588e-12
438	176.79854	5.098144129e-12
439	176.8066466	-4.792610753e-12
440	176.8147469	4.810374321e-12
441	176.8228409	-5.083933274e-12
442	176.8309286	4.526157227e-12
443	176.8390099	-5.371703082e-12
444	176.847085	4.238387419e-12
445	176.8551537	-5.663025604e-12
446	176.8632162	-5.808686865e-12
447	176.8712723	-5.956124483e-12
448	176.8793221	-6.101785743e-12
449	176.8873656	3.520739256e-12
450	176.8954027	-6.394884622e-12
451	176.9034336	3.232969448e-12
452	176.9114581	-6.684430787e-12
453	176.9194763	2.94519964e-12
454	176.9274882	-6.975753308e-12
455	176.9354938	2.657429832e-12
456	176.943493	-7.26707583e-12
457	176.9514859	2.369660024e-12
458	176.9594725	-7.560174708e-12
459	176.9674527	2.081890216e-12
460	176.9754267	1.934452598e-12
461	176.9833943	-7.997158491e-12
462	176.9913555	1.648459147e-12
463	176.9993105	-8.290257369e-12
464	177.007259	1.358912982e-12
465	177.0152013	-8.583356248e-12
466	177.0231372	1.069366817e-12
467	177.0310668	-8.876455126e-12
468	177.0389901	7.798206525e-13
469	177.046907	-9.171330362e-12
470	177.0548175	4.884981308e-13
471	177.0627218	3.446132268e-13
472	177.0706196	1.971756092e-13
473	177.0785112	5.506706202e-14
474	177.0863964	-9.059419881e-14
475	177.0942752	-2.362554596e-13
476	177.1021477	-1.019628826e-11
477	177.1100138	-5.275779813e-13
478	177.1178736	-1.049116349e-11
479	177.1257271	-8.153477893e-13
480	177.1335742	-1.078426237e-11
481	177.1414149	-1.108446668e-12
482	177.1492493	-1.254107929e-12
483	177.1570773	-1.399769189e-12
484	177.164899	-1.543654093e-12
485	177.1727143	-1.689315354e-12
486	177.1805232	-1.836752972e-12
487	177.1883258	-1.982414233e-12
488	177.196122	-2.128075494e-12
489	177.2039119	-2.273736754e-12
490	177.2116954	-2.417621658e-12
491	177.2194725	-2.565059276e-12
492	177.2272433	-2.70894418e-12
493	177.2350077	-2.856381798e-12
494	177.2427657	-3.005595772e-12
495	177.2505174	-3.147704319e-12
496	177.2582627	-3.295141937e-12
497	177.2660016	-3.442579555e-12
498	177.2737341	-3.588240816e-12
499	177.2814603	-3.735678433e-12
500	177.2891801	-3.881339694e-12
501	177.2968935	-4.028777312e-12
502	177.3046005	5.6878946e-12
503	177.3123012	-4.320099833e-12
504	177.3199955	5.398348435e-12
505	177.3276834	-4.614975069e-12
506	177.3353649	-4.762412686e-12
507	177.34304	-4.908073947e-12
508	177.3507088	-5.053735208e-12
509	177.3583711	-5.201172826e-12
510	177.3660271	-5.348610443e-12
511	177.3736767	-5.497824418e-12
512	177.3813199	-5.643485679e-12
513	177.3889567	4.092726158e-12
514	177.3965871	-5.936584557e-12
515	177.4042111	3.799627279e-12
516	177.4118287	-6.233236149e-12
517	177.41944	3.506528401e-12
518	177.4270448	-6.528111385e-12
519	177.4346432	3.216982236e-12
520	177.4422353	-6.82298662e-12
521	177.4498209	2.927436071e-12
522	177.4574002	-7.116085499e-12
523	177.464973	-7.265299473e-12
524	177.4725394	2.490452289e-12
525	177.4800995	-7.560174708e-12
526	177.4876531	2.19735341e-12
527	177.4952003	-7.856826301e-12
528	177.5027411	1.904254532e-12
529	177.5102756	-8.151701536e-12
530	177.5178036	1.61293201e-12
531	177.5253251	-8.444800415e-12
532	177.5328403	1.319833132e-12
533	177.5403491	-8.743228364e-12
534	177.5478514	1.024957896e-12
535	177.5553474	8.810729923e-13
536	177.5628369	7.354117315e-13
537	177.57032	5.86197757e-13
538	177.5777967	-9.483969166e-12
539	177.5852669	2.930988785e-13
540	177.5927308	-9.782397115e-12
541	177.6001882	0
542	177.6076392	-1.007904871e-11
543	177.6150838	-2.930988785e-13
544	177.6225219	-4.42312853e-13
545	177.6299536	-5.897504707e-13
546	177.6373789	-7.336353747e-13
547	177.6447978	-8.810729923e-13
548	177.6522103	-1.030286967e-12
549	177.6596163	-1.177724585e-12
550	177.6670158	-1.323385845e-12
551	177.674409	-1.47259982e-12
552	177.6817957	-1.618261081e-12
553	177.689176	-1.171684971e-11
554	177.6965498	-1.913136316e-12
555	177.7039172	-2.060573934e-12
556	177.7112782	-2.208011551e-12
557	177.7186327	-2.355449169e-12
558	177.7259808	-2.504663144e-12
559	177.7333225	-2.652100761e-12
560	177.7406577	-2.799538379e-12
561	177.7479864	-2.94519964e-12
562	177.7553088	-3.096189971e-12
563	177.7626246	-3.240074875e-12
564	177.7699341	-3.38928885e-12
565	177.777237	-3.538502824e-12
566	177.7845336	6.284750498e-12
567	177.7918237	-3.833378059e-12
568	177.7991073	-3.97903932e-12
569	177.8063845	-4.130029652e-12
570	177.8136552	-4.279243626e-12
571	177.8209195	-4.426681244e-12
572	177.8281773	-4.575895218e-12
573	177.8354286	-4.723332836e-12
574	177.8426736	-4.870770454e-12
575	177.849912	-5.021760785e-12
576	177.857144	-5.169198403e-12
577	177.8643695	4.671818488e-12
578	177.8715886	-5.467626352e-12
579	177.8788012	4.375166895e-12
580	177.8860073	-5.762501587e-12
581	177.893207	4.082068017e-12
582	177.9004002	-6.060929536e-12
583	177.9075869	-6.210143511e-12
584	177.9147672	-6.359357485e-12
585	177.921941	-6.50857146e-12
586	177.9291084	-6.656009077e-12
587	177.9362692	-6.808775765e-12
588	177.9434236	3.05178105e-12
589	177.9505715	-7.103651001e-12
590	177.957713	2.756905815e-12
591	177.9648479	-7.403855307e-12
592	177.9719764	2.463806936e-12
593	177.9790985	-7.700506899e-12
594	177.986214	2.165378987e-12
595	177.993323	-8.000711205e-12
596	178.0004256	1.870503752e-12
597	178.0075217	-8.300915511e-12
598	178.0146113	-8.448353128e-12
599	178.0216945	1.426414542e-12
600	178.0287711	-8.748557434e-12
601	178.0358413	1.12976295e-12
602	178.042905	-9.04876174e-12
603	178.0499621	8.348877145e-13
604	178.0570128	-9.347189689e-12
605	178.064057	5.364597655e-13
606	178.0710948	-9.649170352e-12
607	178.078126	2.415845302e-13
608	178.0851507	-9.949374657e-12
609	178.092169	-5.684341886e-14
610	178.0991807	-2.042810365e-13
611	178.106186	-3.517186542e-13
612	178.1131847	-4.991562719e-13
613	178.120177	-6.465938895e-13
614	178.1271627	-7.993605777e-13
615	178.134142	-1.099742519e-11
616	178.1411147	-1.09601217e-12
617	178.148081	-1.12976295e-11
618	178.1550407	-1.394440119e-12
619	178.161994	-1.54543045e-12
620	178.1689407	-1.692868068e-12
621	178.1758809	-1.843858399e-12
622	178.1828147	-1.991296017e-12
623	178.1897419	-2.138733635e-12
624	178.1966626	-2.287947609e-12
625	178.2035768	-2.43893794e-12
626	178.2104845	-2.584599201e-12
627	178.2173856	-2.735589533e-12
628	178.2242803	-2.886579864e-12
629	178.2311684	-3.034017482e-12
630	178.2380501	-3.185007813e-12
631	178.2449252	-3.334221788e-12
632	178.2517938	-3.485212119e-12
633	178.2586559	-3.632649737e-12
634	178.2655114	-3.781863711e-12
635	178.2723604	-3.932854042e-12
636	178.279203	-4.082068017e-12
637	178.286039	-4.231281991e-12
638	178.2928684	-4.380495966e-12
639	178.2996914	-4.531486297e-12
640	178.3065078	-4.680700272e-12
641	178.3133177	5.261568958e-12
642	178.3201211	-4.979128221e-12
643	178.3269179	4.964917366e-12
644	178.3337082	-5.281108884e-12
645	178.340492	-5.432099215e-12
646	178.3472692	-5.581313189e-12
647	178.3540399	-5.730527164e-12
648	178.3608041	-5.883293852e-12
649	178.3675618	-6.032507827e-12
650	178.3743129	-6.185274515e-12
651	178.3810575	-6.334488489e-12
652	178.3877955	-1.659294924e-11
653	178.394527	3.474553978e-12
654	178.401252	3.32711636e-12
655	178.4079704	3.176126029e-12
656	178.4146823	-1.720046328e-11
657	178.4213876	2.879474437e-12
658	178.4280864	2.732036819e-12
659	178.4347786	-1.76605397e-11
660	178.4414643	-1.780975367e-11
661	178.4481435	2.284394895e-12
662	178.4548161	2.133404564e-12
663	178.4614822	-1.826805374e-11
664	178.4681417	1.829647545e-12
665	178.4747946	1.685762641e-12
666	178.481441	1.534772309e-12
667	178.4880809	-1.887912049e-11
668	178.4947142	1.23634436e-12
669	178.501341	1.085354029e-12
670	178.5079612	9.379164112e-13
671	178.5145748	-1.949018724e-11
672	178.5211819	6.394884622e-13
673	178.5277824	4.884981308e-13
674	178.5343764	3.357314426e-13
675	178.5409638	1.88293825e-13
676	178.5475446	3.907985047e-14
677	178.5541189	-1.154631946e-13
678	178.5606866	-2.056133042e-11
679	178.5672478	-4.121147867e-13
680	178.5738024	-5.613287613e-13
681	178.5803504	-7.123190926e-13
682	178.5868919	-2.117062081e-11
683	178.5934268	-1.016076112e-12
684	178.5999551	-1.16351373e-12
685	178.6064768	-1.314504061e-12
686	178.612992	-1.467270749e-12
687	178.6195006	-1.61293201e-12
688	178.6260027	-1.765698698e-12
689	178.6324981	-1.91668903e-12
690	178.638987	-2.067679361e-12
691	178.6454693	-2.216893336e-12
692	178.6519451	-2.369660024e-12
693	178.6584142	-2.286171252e-11
694	178.6648768	-2.66986433e-12
695	178.6713328	-2.819078304e-12
696	178.6777822	-2.971844992e-12
697	178.6842251	-3.122835324e-12
698	178.6906613	-3.273825655e-12
699	178.697091	-3.424815986e-12
700	178.7035141	-3.577582675e-12
701	178.7099306	-3.726796649e-12
702	178.7163406	-3.879563337e-12
703	178.7227439	-4.028777312e-12
704	178.7291406	-4.179767643e-12
705	178.7355308	-4.332534331e-12
706	178.7419144	-4.483524663e-12
707	178.7482914	-4.634514994e-12
708	178.7546617	-4.785505325e-12
709	178.7610255	-4.938272014e-12
710	178.7673827	-5.087485988e-12
711	178.7737334	-5.240252676e-12
712	178.7800774	-5.393019364e-12
713	178.7864148	-5.544009696e-12
714	178.7927456	-5.695000027e-12
715	178.7990698	1.45572443e-11
716	178.8053875	-5.998757047e-12
717	178.8116985	-6.149747378e-12
718	178.8180029	-6.298961353e-12
719	178.8243007	1.396216476e-11
720	178.8305919	-6.602718372e-12
721	178.8368766	-6.75548506e-12
722	178.8431546	-6.910028105e-12
723	178.849426	-7.061018437e-12
724	178.8556908	-7.212008768e-12
725	178.861949	-7.364775456e-12
726	178.8682006	1.291944329e-11
727	178.8744455	-7.668532476e-12
728	178.8806839	-7.819522807e-12
729	178.8869157	-7.974065852e-12
730	178.8931408	1.232081104e-11
731	178.8993593	-8.277822872e-12
732	178.9055712	-8.428813203e-12
733	178.9117765	-8.586908962e-12
734	178.9179752	1.172395514e-11
735	178.9241673	-8.890665981e-12
736	178.9303528	-9.041656313e-12
737	178.9365316	1.12727605e-11
738	178.9427038	-9.347189689e-12
739	178.9488694	-9.499956377e-12
740	178.9550284	-9.652723065e-12
741	178.9611807	1.06759046e-11
742	178.9673265	-9.954703728e-12
743	178.9734656	-1.010924677e-11
744	178.9795981	-1.026201346e-11
745	178.9857239	1.007460781e-11
746	178.9918431	-1.056754684e-11
747	178.9979557	-1.072297806e-11
748	179.0040617	9.626965891e-12
749	179.0101611	9.473311025e-12
750	179.0162538	-1.117950177e-11
751	179.0223399	-1.133404481e-11
752	179.0284193	9.022116387e-12
753	179.0344921	-1.164135455e-11
754	179.0405583	-1.179234488e-11
755	179.0466179	-1.194599974e-11
756	179.0526708	8.419931419e-12
757	179.0587171	-1.225419766e-11
758	179.0647567	-1.240785252e-11
759	179.0707897	7.971401317e-12
760	179.0768161	7.816858272e-12
761	179.0828358	-1.286704077e-11
762	179.0888489	-1.302158381e-11
763	179.0948554	7.364775456e-12
764	179.1008552	7.212896946e-12
765	179.1068483	-1.348166023e-11
766	179.1128348	-1.363709146e-11
767	179.1188147	6.762590488e-12
768	179.1247879	-1.394173665e-11
769	179.1307545	-1.409539152e-11
770	179.1367144	6.307843137e-12
771	179.1426677	6.155076449e-12
772	179.1486144	-1.45572443e-11
773	179.1545543	-1.471178734e-11
774	179.1604877	5.702993633e-12
775	179.1664143	5.552003302e-12
776	179.1723344	-1.517186377e-11
777	179.1782477	-1.532907135e-11
778	179.1841545	5.097255951e-12
779	179.1900545	4.947153798e-12
780	179.1959479	-1.579003595e-11
781	179.2018347	4.643396778e-12
782	179.2077148	4.492406447e-12
783	179.2135882	-1.625455326e-11
784	179.219455	-1.64090963e-11
785	179.2253151	4.036770918e-12
786	179.2311685	3.884004229e-12
787	179.2370153	-1.687183726e-11
788	179.2428554	-1.702460395e-11
789	179.2486889	3.431921414e-12
790	179.2545157	3.278266547e-12
791	179.2603358	-1.749000944e-11
792	179.2661493	2.971844992e-12
793	179.2719561	2.819966483e-12
794	179.2777562	2.668087973e-12
795	179.2835497	-1.810818162e-11
796	179.2893365	2.364330953e-12
797	179.2951166	2.210676087e-12
798	179.30089	-1.857181076e-11
799	179.3066568	-1.872724198e-11
800	179.3124169	1.752376022e-12
801	179.3181703	1.602273869e-12
802	179.3239171	-1.919175929e-11
803	179.3296571	1.29851685e-12
804	179.3353905	1.14663834e-12
805	179.3411172	9.920952948e-13
806	179.3468373	-1.981348419e-11
807	179.3525506	6.874500968e-13
808	179.3582573	5.320188734e-13
809	179.3639573	3.819167205e-13
810	179.3696506	-2.043520908e-11
811	179.3753373	7.638334409e-14
812	179.3810172	-7.638334409e-14
813	179.3866905	-2.089972639e-11
814	179.392357	-3.819167205e-13
815	179.3980169	-5.346834087e-13
816	179.4036701	-6.901146321e-13
817	179.4093167	-2.152233947e-11
818	179.4149565	-9.920952948e-13
819	179.4205896	-1.144861983e-12
820	179.4262161	-1.299405028e-12
821	179.4318358	-2.21467289e-11
822	179.4374489	-1.604938404e-12
823	179.4430553	-1.760369628e-12
824	179.448655	-1.914024494e-12
825	179.454248	-2.066791183e-12
826	179.4598342	-2.218669692e-12
827	179.4654138	-2.374100916e-12
828	179.4709867	-2.323830017e-11
829	179.4765529	-2.680522471e-12
830	179.4821124	-2.833289159e-12
831	179.4876652	-2.986944025e-12
832	179.4932113	-3.139710714e-12
833	179.4987507	-3.294253759e-12
834	179.5042834	-3.449684982e-12
835	179.5098094	-3.600675313e-12
836	179.5153287	-3.753442002e-12
837	179.5208413	-3.910649582e-12
838	179.5263472	-4.062528092e-12
839	179.5318464	-4.217071137e-12
840	179.5373389	-4.369837825e-12
841	179.5428246	-4.527045405e-12
842	179.5483037	-4.678035737e-12
843	179.553776	-4.830802425e-12
844	179.5592417	-4.98534547e-12
845	179.5647006	-5.139000336e-12
846	179.5701528	-5.295319738e-12
847	179.5755983	-5.448086426e-12
848	179.5810371	-5.602629471e-12
849	179.5864692	-5.758060695e-12
850	179.5918945	-5.911715562e-12
851	179.5973132	-6.06448225e-12
852	179.6027251	-6.219025295e-12
853	179.6081303	-6.37356834e-12
854	179.6135288	1.424638185e-11
855	179.6189206	-6.680878073e-12
856	179.6243057	-6.837197475e-12
857	179.629684	-6.992628698e-12
858	179.6350556	1.363886781e-11
859	179.6404205	-7.299938432e-12
860	179.6457787	-7.455369655e-12
861	179.6511301	-7.6099127e-12
862	179.6564748	-7.765343923e-12
863	179.6618128	-7.918110612e-12
864	179.6671441	-8.072653657e-12
865	179.6724687	1.257394189e-11
866	179.6777865	-8.382627925e-12
867	179.6830976	-8.53717097e-12
868	179.6884019	-8.69437855e-12
869	179.6936996	1.196287513e-11
870	179.6989905	-9.002576462e-12
871	179.7042746	-9.158007686e-12
872	179.7095521	-9.314327087e-12
873	179.7148228	1.135180838e-11
874	179.7200867	-9.622524999e-12
875	179.725344	-9.778844401e-12
876	179.7305945	1.08943965e-11
877	179.7358382	-1.008704231e-11
878	179.7410753	-1.024247354e-11
879	179.7463056	-1.039879294e-11
880	179.7515291	1.028244156e-11
881	179.7567459	-1.070699085e-11
882	179.761956	-1.086597479e-11
883	179.7671593	-1.101962965e-11
884	179.7723559	9.673151169e-12
885	179.7775458	-1.132782756e-11
886	179.7827289	-1.148592332e-11
887	179.7879053	9.212186569e-12
888	179.7930749	9.060308059e-12
889	179.7982378	-1.195399335e-11
890	179.8033939	-1.210764822e-11
891	179.8085433	8.59934346e-12
892	179.8136859	-1.241939884e-11
893	179.8188218	-1.257483007e-11
894	179.8239509	-1.273203765e-11
895	179.8290733	7.984723993e-12
896	179.834189	-1.304112374e-11
897	179.8392978	-1.320010767e-11
898	179.8444	7.526423929e-12
899	179.8494954	7.370992705e-12
900	179.854584	-1.366640134e-11
901	179.8596659	-1.382183257e-11
902	179.864741	6.912692641e-12
903	179.8698094	6.757261417e-12
904	179.874871	-1.428901442e-11
905	179.8799258	-1.444533382e-11
906	179.8849739	6.29452046e-12
907	179.8900153	-1.47588608e-11
908	179.8950498	-1.491429202e-11
909	179.9000776	5.833555861e-12
910	179.9050987	5.679900994e-12
911	179.910113	-1.538236205e-11
912	179.9151205	-1.553956963e-11
913	179.9201213	5.219824573e-12
914	179.9251153	5.066169706e-12
915	179.9301025	-1.600675148e-11
916	179.935083	-1.616751177e-11
917	179.9400567	4.604316928e-12
918	179.9450237	4.448885704e-12
919	179.9499838	-1.663380544e-11
920	179.9549372	4.140687793e-12
921	179.9598839	3.985256569e-12
922	179.9648238	-1.710187547e-11
923	179.9697568	-1.726174759e-11
924	179.9746832	3.521627434e-12
925	179.9796027	3.367084389e-12
926	179.9845155	-1.772981761e-11
927	179.9894215	-1.788613702e-11
928	179.9943208	2.903455254e-12
929	179.9992132	2.750688566e-12
930	180.0040989	-1.835775976e-11
931	180.0089778	2.43893794e-12
932	180.0138499	2.286171252e-12
933	180.0187153	2.12985185e-12
934	180.0235739	-1.89857019e-11
935	180.0284257	1.819877582e-12
936	180.0332707	1.665334537e-12
937	180.0381089	-1.945732464e-11
938	180.0429404	-1.96154204e-11
939	180.0477651	1.199040867e-12
940	180.052583	1.045386e-12
941	180.0573941	-2.008526678e-11
942	180.0621984	7.380762668e-13
943	180.0669959	5.808686865e-13
944	180.0717867	4.272138199e-13
945	180.0765707	-2.071587346e-11
946	180.0813478	1.16351373e-13
947	180.0861182	-3.819167205e-14
948	180.0908818	-1.936228955e-13
949	180.0956387	-2.134470378e-11
950	180.1003887	-5.027089856e-13
951	180.1051319	-6.590283874e-13
952	180.1098684	-2.181810288e-11
953	180.114598	-9.698908343e-13
954	180.1193209	-1.124433879e-12
955	180.124037	-1.280753281e-12
956	180.1287462	-2.244515684e-11
957	180.1334487	-1.592503907e-12
958	180.1381444	-1.747046952e-12
959	180.1428333	-1.904254532e-12
960	180.1475154	-2.307842806e-11
961	180.1521907	-2.2142288e-12
962	180.1568592	-2.372324559e-12
963	180.1615209	-2.525979426e-12
964	180.1661758	-2.679634292e-12
965	180.1708239	-2.837730051e-12
966	180.1754652	-2.992273096e-12
967	180.1800997	-2.418154565e-11
968	180.1847274	-3.3049119e-12
969	180.1893483	-3.461231302e-12
970	180.1939624	-3.616662525e-12
971	180.1985697	-3.770317392e-12
972	180.2031701	-3.930189507e-12
973	180.2077638	-4.084732552e-12
974	180.2123507	-4.239275597e-12
975	180.2169307	-4.397371356e-12
976	180.221504	-4.552802579e-12
977	180.2260705	-4.709121981e-12
978	180.2306301	-4.865441383e-12
979	180.2351829	-5.020872607e-12
980	180.2397289	-5.177192008e-12
981	180.2442682	-5.334399589e-12
982	180.2488006	-5.488054455e-12
983	180.2533261	-5.647038392e-12
984	180.2578449	-5.802469616e-12
985	180.2623569	-5.958789018e-12
986	180.266862	-6.113332063e-12
987	180.2713604	-6.270539643e-12
988	180.2758519	-6.42952358e-12
989	180.2803366	-6.585842982e-12
990	180.2848145	-6.740386027e-12
991	180.2892855	-6.896705429e-12
992	180.2937498	-7.055689366e-12
993	180.2982072	1.387601145e-11
994	180.3026578	-7.36832817e-12
995	180.3071016	-7.524647572e-12
996	180.3115386	-7.68274333e-12
997	180.3159687	-7.839062732e-12
998	180.320392	-7.993605777e-12
999	180.3248085	-8.151701536e-12
1000	180.3292182	-8.307132759e-12
1001	180.3336211	-8.463452161e-12
1002	180.3380171	-8.620659742e-12
1003	180.3424063	-8.7787555e-12
1004	180.3467887	1.21742616e-11
1005	180.3511642	-9.091394304e-12
1006	180.355533	-9.248601884e-12
1007	180.3598949	-9.405809465e-12
1008	180.3642499	1.155076035e-11
1009	180.3685982	-9.721112804e-12
1010	180.3729396	-9.880096741e-12
1011	180.3772742	-1.003463979e-11
1012	180.3816019	-1.019007101e-11
1013	180.3859228	-1.034816677e-11
1014	180.3902369	-1.050803888e-11
1015	180.3945442	1.046718268e-11
1016	180.3988446	-1.081978951e-11
1017	180.4031382	-1.097699709e-11
1018	180.4074249	-1.113509285e-11
1019	180.4117049	9.846345961e-12
1020	180.4159779	-1.144861983e-11
1021	180.4202442	-1.160760377e-11
1022	180.4245036	-1.176569953e-11
1023	180.4287562	9.223732889e-12
1024	180.4330019	-1.207656197e-11
1025	180.4372408	-1.223643409e-11
1026	180.4414728	8.759215575e-12
1027	180.445698	-1.255262561e-11
1028	180.4499164	-1.270894501e-11
1029	180.4541279	-1.28697053e-11
1030	180.4583326	8.134826146e-12
1031	180.4625304	-1.318145593e-11
1032	180.4667214	-1.333955169e-11
1033	180.4709056	-1.349675927e-11
1034	180.4750829	7.512213074e-12
1035	180.4792534	-1.38120626e-11
1036	180.483417	-1.397015836e-11
1037	180.4875738	7.044143047e-12
1038	180.4917237	6.888711823e-12
1039	180.4958668	-1.444355746e-11
1040	180.500003	-1.46025414e-11
1041	180.5041324	6.421529974e-12
1042	180.5082549	6.265210573e-12
1043	180.5123706	-1.507771685e-11
1044	180.5164794	-1.523403625e-11
1045	180.5205814	5.798916902e-12
1046	180.5246765	-1.555111595e-11
1047	180.5287648	-1.570654717e-11
1048	180.5328462	5.326405983e-12
1049	180.5369208	5.170974759e-12
1050	180.5409885	-1.618261081e-11
1051	180.5450493	-1.634159474e-11
1052	180.5491033	4.701128375e-12
1053	180.5531505	4.545697152e-12
1054	180.5571908	-1.681410566e-11
1055	180.5612242	-1.697486596e-11
1056	180.5652508	4.075850768e-12
1057	180.5692705	3.920419545e-12
1058	180.5732833	-1.744826506e-11
1059	180.5772893	3.606004384e-12
1060	180.5812884	3.452349517e-12
1061	180.5852807	-1.792255233e-11
1062	180.5892661	-1.808153627e-11
1063	180.5932447	2.981614955e-12
1064	180.5972164	2.823519196e-12
1065	180.6011812	-1.855493537e-11
1066	180.6051391	-1.871747202e-11
1067	180.6090902	2.353672812e-12
1068	180.6130345	2.195577053e-12
1069	180.6169718	-1.918998294e-11
1070	180.6209023	1.885602785e-12
1071	180.624826	1.727507026e-12
1072	180.6287427	1.569411268e-12
1073	180.6326526	-1.982503051e-11
1074	180.6365556	1.255884285e-12
1075	180.6404518	1.099564884e-12
1076	180.6443411	-2.030109414e-11
1077	180.6482235	-2.046185443e-11
1078	180.652099	6.297184996e-13
1079	180.6559677	4.707345624e-13
1080	180.6598295	-2.093436535e-11
1081	180.6636844	1.589839371e-13
1082	180.6675325	0
1083	180.6713737	-1.580957587e-13
1084	180.675208	-2.157385381e-11
1085	180.6790354	-4.716227409e-13
1086	180.682856	-6.288303211e-13
1087	180.6866697	-7.869260799e-13
1088	180.6904765	-9.450218386e-13
1089	180.6942764	-1.10134124e-12
1090	180.6980695	-1.256772464e-12
1091	180.7018556	-2.268674137e-11
1092	180.7056349	-1.571187624e-12
1093	180.7094073	-1.729283383e-12
1094	180.7131729	-1.88826732e-12
1095	180.7169315	-2.332178894e-11
1096	180.7206833	-2.202682481e-12
1097	180.7244282	-2.36077824e-12
1098	180.7281662	-2.517097641e-12
1099	180.7318973	-2.674305222e-12
1100	180.7356216	-2.834177337e-12
1101	180.7393389	-2.992273096e-12
1102	180.7430494	-3.148592498e-12
1103	180.746753	-3.3049119e-12
1104	180.7504497	-3.464784015e-12
1105	180.7541395	-3.621991596e-12
1106	180.7578225	-2.507505314e-11
1107	180.7614985	-3.937294935e-12
1108	180.7651677	-4.094502515e-12
1109	180.76883	-4.253486452e-12
1110	180.7724853	-4.411582211e-12
1111	180.7761338	-4.565237077e-12
1112	180.7797754	-4.725109193e-12
1113	180.7834102	-4.884981308e-12
1114	180.787038	-5.04130071e-12
1115	180.7906589	-5.197620112e-12
1116	180.794273	-5.357492228e-12
1117	180.7978801	-5.515587986e-12
1118	180.8014804	-5.673683745e-12
1119	180.8050737	-5.830003147e-12
1120	180.8086602	-5.989875262e-12
1121	180.8122398	-6.146194664e-12
1122	180.8158124	-6.307843137e-12
1123	180.8193782	-6.465938895e-12
1124	180.8229371	-6.624034654e-12
1125	180.8264891	-6.778577699e-12
1126	180.8300342	-6.940226172e-12
1127	180.8335724	-7.09832193e-12
1128	180.8371037	-7.254641332e-12
1129	180.8406281	-7.414513448e-12
1130	180.8441456	-7.572609206e-12
1131	180.8476562	-7.728928608e-12
1132	180.8511599	1.345057399e-11
1133	180.8546567	-8.045120126e-12
1134	180.8581466	-8.204992241e-12
1135	180.8616296	-8.363088e-12
1136	180.8651057	-8.522960115e-12
1137	180.8685749	-8.681055874e-12
1138	180.8720372	-8.84092799e-12
1139	180.8754926	-8.997247392e-12
1140	180.878941	-9.15534315e-12
1141	180.8823826	-9.313438909e-12
1142	180.8858173	-9.471534668e-12
1143	180.889245	1.172217878e-11
1144	180.8926659	-9.793055256e-12
1145	180.8960799	-9.951151014e-12
1146	180.8994869	-1.010924677e-11
1147	180.902887	1.109512482e-11
1148	180.9062803	-1.042543829e-11
1149	180.9096666	-1.058353405e-11
1150	180.913046	-1.074340616e-11
1151	180.9164185	-1.090150192e-11
1152	180.9197841	-1.105959768e-11
1153	180.9231428	-1.122124615e-11
1154	180.9264945	9.995559935e-12
1155	180.9298394	-1.153566132e-11
1156	180.9331773	-1.169375707e-11
1157	180.9365084	-1.185540555e-11
1158	180.9398325	9.364953257e-12
1159	180.9431497	-1.217514978e-11
1160	180.94646	-1.233146918e-11
1161	180.9497634	-1.248956494e-11
1162	180.9530598	8.736122936e-12
1163	180.9563494	-1.280753281e-11
1164	180.959632	-1.296740493e-11
1165	180.9629077	8.265388374e-12
1166	180.9661765	-1.328359645e-11
1167	180.9694384	-1.344346856e-11
1168	180.9726933	-1.360334068e-11
1169	180.9759414	7.631228982e-12
1170	180.9791825	-1.392130855e-11
1171	180.9824167	-1.408295702e-11
1172	180.985644	-1.424105278e-11
1173	180.9888644	7.002398661e-12
1174	180.9920778	-1.456079701e-11
1175	180.9952843	-1.471889277e-11
1176	180.9984839	6.528111385e-12
1177	181.0016766	6.370015626e-12
1178	181.0048623	-1.51949564e-11
1179	181.0080412	-1.535660488e-11
1180	181.0112131	5.89572835e-12
1181	181.0143781	-1.567279639e-11
1182	181.0175361	-1.583266851e-11
1183	181.0206872	-1.599254063e-11
1184	181.0238314	5.266898029e-12
1185	181.0269687	-1.631228486e-11
1186	181.0300991	-1.646860426e-11
1187	181.0332225	4.790834396e-12
1188	181.036339	4.63096228e-12
1189	181.0394486	-1.694999696e-11
1190	181.0425512	-1.710809272e-11
1191	181.0456469	4.158451361e-12
1192	181.0487357	4.000355602e-12
1193	181.0518176	-1.758770907e-11
1194	181.0548925	-1.774935754e-11
1195	181.0579605	3.526068326e-12
1196	181.0610216	-1.806554906e-11
1197	181.0640757	-1.822719753e-11
1198	181.0671229	3.05178105e-12
1199	181.0701632	2.891908935e-12
1200	181.0731965	-1.870681388e-11
1201	181.0762229	-1.886490963e-11
1202	181.0792424	2.417621658e-12
1203	181.0822549	2.257749543e-12
1204	181.0852605	-1.934452598e-11
1205	181.0882591	-1.950617445e-11
1206	181.0912509	1.783462267e-12
1207	181.0942357	1.625366508e-12
1208	181.0972135	-1.998401444e-11
1209	181.1001844	1.309174991e-12
1210	181.1031484	1.152855589e-12
1211	181.1061055	-2.046363079e-11
1212	181.1090556	-2.062172655e-11
1213	181.1119987	6.767919558e-13
1214	181.114935	5.151434834e-13
1215	181.1178642	-2.110311925e-11
1216	181.1207866	-2.126121501e-11
1217	181.123702	3.907985047e-14
1218	181.1266105	-1.207922651e-13
1219	181.129512	-2.174260771e-11
1220	181.1324066	-4.369837825e-13
1221	181.1352942	-5.950795412e-13
1222	181.1381749	-7.549516567e-13
1223	181.1410487	-2.238387253e-11
1224	181.1439155	-1.072919531e-12
1225	181.1467754	-1.227462576e-12
1226	181.1496283	-1.389111048e-12
1227	181.1524743	-1.54543045e-12
1228	181.1553133	-1.707078923e-12
1229	181.1581454	-1.866951038e-12
1230	181.1609705	-2.350297734e-11
1231	181.1637887	-2.184918912e-12
1232	181.1666	-2.341238314e-12
1233	181.1694043	-2.502886787e-12
1234	181.1722016	-2.414601852e-11
1235	181.174992	-2.820854661e-12
1236	181.1777755	-2.97895042e-12
1237	181.180552	-3.137046178e-12
1238	181.1833216	-3.295141937e-12
1239	181.1860842	-3.455014053e-12
1240	181.1888399	-3.614886168e-12
1241	181.1915886	-3.774758284e-12
1242	181.1943303	-3.931077686e-12
1243	181.1970651	-4.092726158e-12
1244	181.199793	-4.252598274e-12
1245	181.2025139	-2.59081645e-11
1246	181.2052279	-4.568789791e-12
1247	181.2079349	-4.728661906e-12
1248	181.2106349	-4.888534022e-12
1249	181.213328	-5.044853424e-12
1250	181.2160142	-5.206501896e-12
1251	181.2186933	-5.368150369e-12
1252	181.2213656	-5.524469771e-12
1253	181.2240309	-5.682565529e-12
1254	181.2266892	-5.842437645e-12
1255	181.2293405	-6.004086117e-12
1256	181.231985	-6.162181876e-12
1257	181.2346224	-6.323830348e-12
1258	181.2372529	-6.48014975e-12
1259	181.2398764	-6.643574579e-12
1260	181.242493	-6.799893981e-12
1261	181.2451026	-6.961542454e-12
1262	181.2477053	-7.119638212e-12
1263	181.250301	-7.279510328e-12
1264	181.2528898	-7.439382443e-12
1265	181.2554715	-7.599254559e-12
1266	181.2580464	-7.759126675e-12
1267	181.2606142	-7.920775147e-12
1268	181.2631751	-8.077094549e-12
1269	181.2657291	-8.236966664e-12
1270	181.2682761	-8.398615137e-12
1271	181.2708161	1.2972734e-11
1272	181.2733491	-8.716583011e-12
1273	181.2758752	-8.876455126e-12
1274	181.2783944	-9.036327242e-12
1275	181.2809065	-9.192646644e-12
1276	181.2834117	-9.354295116e-12
1277	181.28591	-9.515943589e-12
1278	181.2884012	-9.672262991e-12
1279	181.2908856	-9.832135106e-12
1280	181.2933629	-9.993783578e-12
1281	181.2958333	-1.015365569e-11
1282	181.2982967	1.122835158e-11
1283	181.3007531	-1.047517628e-11
1284	181.3032026	-1.063327204e-11
1285	181.3056451	-1.079314416e-11
1286	181.3080807	1.059419219e-11
1287	181.3105093	-1.111111203e-11
1288	181.3129309	-1.127098415e-11
1289	181.3153455	-1.143263262e-11
1290	181.3177532	-1.158895202e-11
1291	181.3201539	-1.175060049e-11
1292	181.3225476	-1.190869625e-11
1293	181.3249344	9.482192809e-12
1294	181.3273142	-1.223376955e-11
1295	181.329687	-1.239186531e-11
1296	181.3320528	-1.255173743e-11
1297	181.3344117	8.84625706e-12
1298	181.3367636	-1.28697053e-11
1299	181.3391085	-1.303313013e-11
1300	181.3414465	-1.319300225e-11
1301	181.3437775	8.210321312e-12
1302	181.3461015	-1.351274648e-11
1303	181.3484186	-1.367261859e-11
1304	181.3507286	-3.539568638e-11
1305	181.3530317	-1.399058647e-11
1306	181.3553278	7.414513448e-12
1307	181.357617	-1.431210706e-11
1308	181.3598992	7.096545573e-12
1309	181.3621744	-1.463362764e-11
1310	181.3644426	6.780354056e-12
1311	181.3667038	-1.495159552e-11
1312	181.3689581	-3.668532145e-11
1313	181.3712054	-1.527489246e-11
1314	181.3734457	6.142641951e-12
1315	181.375679	-1.559286034e-11
1316	181.3779054	5.824674076e-12
1317	181.3801247	2.724220849e-11
1318	181.3823372	-3.765343592e-11
1319	181.3845426	-1.623412516e-11
1320	181.386741	-3.797673287e-11
1321	181.3889325	-1.65574221e-11
1322	181.391117	4.86721774e-12
1323	181.3932945	-1.687716633e-11
1324	181.395465	4.549249866e-12
1325	181.3976285	2.597566606e-11
1326	181.3997851	-3.894307099e-11
1327	181.4019347	-1.751843115e-11
1328	181.4040773	3.91153776e-12
1329	181.4062129	-1.783995174e-11
1330	181.4083415	3.593569886e-12
1331	181.4104632	-1.816147233e-11
1332	181.4125778	3.273825655e-12
1333	181.4146855	2.470912364e-11
1334	181.4167862	-4.023803513e-11
1335	181.4188799	-1.880096079e-11
1336	181.4209667	2.634337193e-12
1337	181.4230464	-1.912425773e-11
1338	181.4251192	2.314592962e-12
1339	181.427185	2.375522001e-11
1340	181.4292438	1.996625087e-12
1341	181.4312956	-1.976552255e-11
1342	181.4333404	-4.152767019e-11
1343	181.4353782	-2.008704314e-11
1344	181.4374091	1.357136625e-12
1345	181.4394329	-2.040501101e-11
1346	181.4414498	1.039168751e-12
1347	181.4434597	2.248690123e-11
1348	181.4454626	7.1942452e-13
1349	181.4474585	-2.104805219e-11
1350	181.4494474	4.014566457e-13
1351	181.4514294	-2.137312549e-11
1352	181.4534043	7.993605777e-14
1353	181.4553723	-2.169286972e-11
1354	181.4573332	-2.415845302e-13
1355	181.4592872	2.121502973e-11
1356	181.4612342	-4.37907488e-11
1357	181.4631742	-2.23359109e-11
1358	181.4651072	-8.810729923e-13
1359	181.4670332	-2.265743149e-11
1360	181.4689522	-1.19726451e-12
1361	181.4708643	2.02575734e-11
1362	181.4727693	-1.517008741e-12
1363	181.4746673	1.994315824e-11
1364	181.4765584	-4.508393658e-11
1365	181.4784425	-2.362021689e-11
1366	181.4803195	-2.154720846e-12
1367	181.4821896	-2.39452902e-11
1368	181.4840527	-2.478017791e-12
1369	181.4859088	1.898747826e-11
1370	181.4877579	-2.797762022e-12
1371	181.4896	-2.458833137e-11
1372	181.4914351	-3.117506253e-12
1373	181.4932632	-2.490985196e-11
1374	181.4950843	-3.439026841e-12
1375	181.4968984	-2.523137255e-11
1376	181.4987056	-3.758771072e-12
1377	181.5005057	1.771560676e-11
1378	181.5022988	-4.078515303e-12
1379	181.504085	-2.587441372e-11
1380	181.5058641	-4.400035891e-12
1381	181.5076362	-2.619593431e-11
1382	181.5094014	-4.721556479e-12
1383	181.5111595	1.675815042e-11
1384	181.5129107	-5.04130071e-12
1385	181.5146548	1.643840619e-11
1386	181.516392	-4.864375569e-11
1387	181.5181221	-2.716049607e-11
1388	181.5198453	-5.679012816e-12
1389	181.5215615	-2.748556938e-11
1390	181.5232706	-5.998757047e-12
1391	181.5249728	1.548272621e-11
1392	181.5266679	-6.323830348e-12
1393	181.5283561	1.516298198e-11
1394	181.5300373	-6.638245509e-12
1395	181.5317114	-2.845013114e-11
1396	181.5333786	-6.96331881e-12
1397	181.5350387	-2.877165173e-11
1398	181.5366919	-7.283063042e-12
1399	181.538338	1.420552564e-11
1400	181.5399772	-7.608136343e-12
1401	181.5416093	-2.941646926e-11
1402	181.5432345	-7.926104217e-12
1403	181.5448526	-2.973976621e-11
1404	181.5464638	-8.244072092e-12
1405	181.5480679	1.324984567e-11
1406	181.5496651	-8.567369036e-12
1407	181.5512552	1.293010143e-11
1408	181.5528383	-8.887113268e-12
1409	181.5544144	-3.070432797e-11
1410	181.5559836	-9.203304785e-12
1411	181.5575457	-3.102762491e-11
1412	181.5591008	-9.5319308e-12
1413	181.5606489	1.19726451e-11
1414	181.56219	-9.849898674e-12
1415	181.5637241	1.165467722e-11
1416	181.5652512	-1.016964291e-11
1417	181.5667713	-3.199396303e-11
1418	181.5682844	-1.049116349e-11
1419	181.5697904	1.10134124e-11
1420	181.5712895	-1.081090772e-11
1421	181.5727816	1.069366817e-11
1422	181.5742666	-1.113598103e-11
1423	181.5757447	1.037037123e-11
1424	181.5772157	-1.145217254e-11
1425	181.5786797	-3.32835981e-11
1426	181.5801368	-1.177546949e-11
1427	181.5815868	9.732659123e-12
1428	181.5830298	-1.209699008e-11
1429	181.5844658	9.414691249e-12
1430	181.5858948	3.092459622e-11
1431	181.5873168	-3.424993622e-11
1432	181.5887317	-1.273647854e-11
1433	181.5901397	-3.457323317e-11
1434	181.5915407	-1.306155184e-11
1435	181.5929346	8.450129485e-12
1436	181.5943216	-1.338307243e-11
1437	181.5957015	8.132161611e-12
1438	181.5970744	2.965272472e-11
1439	181.5984403	-3.554134764e-11
1440	181.5997992	-1.40261136e-11
1441	181.6011511	7.496225862e-12
1442	181.602496	-1.434585783e-11
1443	181.6038338	7.172928917e-12
1444	181.6051647	-1.466737842e-11
1445	181.6064885	6.8567374e-12
1446	181.6078053	-1.49853463e-11
1447	181.6091152	-3.683453542e-11
1448	181.610418	-1.531219596e-11
1449	181.6117138	6.211919867e-12
1450	181.6130025	-1.563371654e-11
1451	181.6142843	5.890399279e-12
1452	181.6155591	2.741806782e-11
1453	181.6168268	5.570655048e-12
1454	181.6180875	-1.627498136e-11
1455	181.6193412	-3.812239413e-11
1456	181.6205879	-1.659650195e-11
1457	181.6218276	4.932942943e-12
1458	181.6230603	-1.691802254e-11
1459	181.624286	4.609645998e-12
1460	181.6255046	2.614086725e-11
1461	181.6267162	-3.909050861e-11
1462	181.6279208	-1.756284007e-11
1463	181.6291184	3.970157536e-12
1464	181.630309	-1.78825843e-11
1465	181.6314926	3.650413305e-12
1466	181.6326691	-1.820588125e-11
1467	181.6338387	3.328892717e-12
1468	181.6350012	2.486366668e-11
1469	181.6361567	-4.038369639e-11
1470	181.6373052	-1.884536971e-11
1471	181.6384467	2.687627898e-12
1472	181.6395811	-1.917399572e-11
1473	181.6407086	2.36610731e-12
1474	181.641829	2.390265763e-11
1475	181.6429424	2.044586722e-12
1476	181.6440488	-1.981170783e-11
1477	181.6451482	-4.16715551e-11
1478	181.6462405	-2.013500477e-11
1479	181.6473259	1.40509826e-12
1480	181.6484042	-2.046007808e-11
1481	181.6494755	1.080024958e-12
1482	181.6505398	2.262190435e-11
1483	181.651597	7.620570841e-13
1484	181.6526473	-2.110311925e-11
1485	181.6536905	4.405364962e-13
1486	181.6547267	-2.142286348e-11
1487	181.6557559	1.207922651e-13
1488	181.6567781	-2.174438407e-11
1489	181.6577932	-1.98951966e-13
1490	181.6588014	2.134470378e-11
1491	181.6598025	-4.393463371e-11
1492	181.6607966	-2.238742525e-11
1493	181.6617836	-8.419931419e-13
1494	181.6627637	-2.271249855e-11
1495	181.6637367	-1.16351373e-12
1496	181.6647027	2.038369473e-11
1497	181.6656617	-1.485034318e-12
1498	181.6666137	2.00639505e-11
1499	181.6675587	-4.522249242e-11
1500	181.6684966	-2.367883667e-11
1501	181.6694275	-2.128075494e-12
1502	181.6703514	-2.399680454e-11
1503	181.6712683	-2.446043368e-12
1504	181.6721781	1.910294145e-11
1505	181.6730809	-2.772893026e-12
1506	181.6739767	-2.464339843e-11
1507	181.6748655	-3.089084544e-12
1508	181.6757473	-2.496136631e-11
1509	181.676622	-3.410605132e-12
1510	181.6774897	-2.528466325e-11
1511	181.6783504	-3.733902076e-12
1512	181.6792041	1.782041181e-11
1513	181.6800508	-4.053646308e-12
1514	181.6808904	-2.592948078e-11
1515	181.681723	-4.375166895e-12
1516	181.6825486	-2.625455409e-11
1517	181.6833671	-4.694911127e-12
1518	181.6841787	1.685762641e-11
1519	181.6849832	-5.016431714e-12
1520	181.6857807	1.653965853e-11
1521	181.6865711	-4.877698245e-11
1522	181.6873546	-2.721556314e-11
1523	181.688131	-5.65947289e-12
1524	181.6889004	-2.753886008e-11
1525	181.6896628	-5.980993478e-12
1526	181.6904181	1.557864948e-11
1527	181.6911664	-6.304290423e-12
1528	181.6919077	1.525535254e-11
1529	181.692642	-6.622258297e-12
1530	181.6933693	-2.85051982e-11
1531	181.6940895	-6.945555242e-12
1532	181.6948027	-2.88302715e-11
1533	181.6955089	-7.268852187e-12
1534	181.696208	1.429434349e-11
1535	181.6969001	-7.588596418e-12
1536	181.6975852	-2.947331268e-11
1537	181.6982633	-7.908340649e-12
1538	181.6989344	-2.979483327e-11
1539	181.6995984	-8.233413951e-12
1540	181.7002554	1.332978172e-11
1541	181.7009054	-8.553158182e-12
1542	181.7015483	1.301003749e-11
1543	181.7021842	-8.878231483e-12
1544	181.7028131	-3.075939503e-11
1545	181.703435	-9.194423001e-12
1546	181.7040499	-3.108269198e-11
1547	181.7046577	-9.517719946e-12
1548	181.7052585	1.20508048e-11
1549	181.7058522	-9.84101689e-12
1550	181.706439	1.172395514e-11
1551	181.7070187	-1.016076112e-11
1552	181.7075914	-3.20490301e-11
1553	181.708157	-1.048228171e-11
1554	181.7087157	-3.237055068e-11
1555	181.7092673	-1.08038023e-11
1556	181.7098119	1.076472245e-11
1557	181.7103494	-1.112532289e-11
1558	181.7108799	1.04414255e-11
1559	181.7114034	-1.144506712e-11
1560	181.7119199	-3.333688881e-11
1561	181.7124294	-1.176836406e-11
1562	181.7129318	9.80193704e-12
1563	181.7134272	-1.208810829e-11
1564	181.7139155	9.478640095e-12
1565	181.7143969	-1.241495795e-11
1566	181.7148712	-3.430322693e-11
1567	181.7153385	-1.273292582e-11
1568	181.7157987	-3.462652387e-11
1569	181.7162519	-1.305444641e-11
1570	181.7166981	8.515854688e-12
1571	181.7171373	-1.337774336e-11
1572	181.7175694	8.196110457e-12
1573	181.7179945	2.97646352e-11
1574	181.7184126	-3.558753292e-11
1575	181.7188237	-1.402078453e-11
1576	181.7192277	-3.591438258e-11
1577	181.7196247	-1.434052876e-11
1578	181.7200147	7.23332505e-12
1579	181.7203976	-1.466204935e-11
1580	181.7207735	6.908251748e-12
1581	181.7211424	-1.49853463e-11
1582	181.7215043	-3.687894434e-11
1583	181.7218591	-1.530509053e-11
1584	181.7222069	6.265210573e-12
1585	181.7225477	-1.562838747e-11
1586	181.7228814	5.945466341e-12
1587	181.7232081	-1.59481317e-11
1588	181.7235278	5.622169397e-12
1589	181.7238405	-1.626965229e-11
1590	181.7241461	-3.816680305e-11
1591	181.7244447	-1.659294924e-11
1592	181.7247363	4.982680935e-12
1593	181.7250208	-1.691624618e-11
1594	181.7252983	4.65938399e-12
1595	181.7255688	2.623501416e-11
1596	181.7258322	-3.913314117e-11
1597	181.7260886	-1.755573464e-11
1598	181.726338	-3.945466176e-11
1599	181.7265804	-1.787903159e-11
1600	181.7268157	3.694822226e-12
1601	181.727044	-1.820410489e-11
1602	181.7272653	3.375077995e-12
1603	181.7274796	2.495070817e-11
1604	181.7276868	-4.042277624e-11
1605	181.727887	-1.8841817e-11
1606	181.7280801	2.733813176e-12
1607	181.7282662	-1.91668903e-11
1608	181.7284453	2.412292588e-12
1609	181.7286174	-1.948841089e-11
1610	181.7287824	2.087219286e-12
1611	181.7289404	-1.980637876e-11
1612	181.7290914	-4.170885859e-11
1613	181.7292354	-2.012789935e-11
1614	181.7293723	1.449507181e-12
1615	181.7295022	-2.045119629e-11
1616	181.729625	1.124433879e-12
1617	181.7297409	2.270361676e-11
1618	181.7298497	8.029132914e-13
1619	181.7299514	-2.109246111e-11
1620	181.7300462	-4.299494094e-11
1621	181.7301339	-2.141575806e-11
1622	181.7302146	1.634248292e-13
1623	181.7302882	-2.173727864e-11
1624	181.7303548	-1.580957587e-13
1625	181.7304144	2.141575806e-11
1626	181.730467	-4.39595027e-11
1627	181.7305125	-2.238031982e-11
1628	181.730551	-8.011369346e-13
1629	181.7305825	-2.270184041e-11
1630	181.7306069	-1.124433879e-12
1631	181.7306243	-2.302869007e-11
1632	181.7306347	-1.445954467e-12
1633	181.730638	2.01296757e-11
1634	181.7306344	-4.52438087e-11
1635	181.7306236	-2.366817853e-11
1636	181.7306059	-2.090772e-12
1637	181.7305811	-2.398792276e-11
1638	181.7305493	-2.410516231e-12
1639	181.7305105	1.91668903e-11
1640	181.7304646	-2.733813176e-12
1641	181.7304117	-2.462741122e-11
1642	181.7303518	-4.652989105e-11
1643	181.7302849	-2.495248452e-11
1644	181.7302109	-3.373301638e-12
1645	181.7301299	-2.527222875e-11
1646	181.7300418	-3.694822226e-12
1647	181.7299468	1.788080795e-11
1648	181.7298447	-4.019895528e-12
1649	181.7297355	-2.591704629e-11
1650	181.7296194	-4.337863402e-12
1651	181.7294962	-2.623679052e-11
1652	181.729366	-4.65938399e-12
1653	181.7292287	-2.656186382e-11
1654	181.7290844	-4.984457291e-12
1655	181.7289331	1.659472559e-11
1656	181.7287748	-4.877875881e-11
1657	181.7286094	-2.720312864e-11
1658	181.728437	-5.622169397e-12
1659	181.7282576	-2.752464923e-11
1660	181.7280711	-5.947242698e-12
1661	181.7278776	1.563016383e-11
1662	181.7276771	-6.268763286e-12
1663	181.7274696	1.53104196e-11
1664	181.727255	-6.588507517e-12
1665	181.7270334	-2.848565828e-11
1666	181.7268047	-6.911804462e-12
1667	181.7265691	-2.880895522e-11
1668	181.7263264	-7.231548693e-12
1669	181.7260767	1.434408148e-11
1670	181.7258199	-7.554845638e-12
1671	181.7255561	-2.944844368e-11
1672	181.7252853	-7.876366226e-12
1673	181.7250075	-2.976996427e-11
1674	181.7247226	-8.1943341e-12
1675	181.7244307	1.337951971e-11
1676	181.7241318	-8.517631045e-12
1677	181.7238258	1.305622277e-11
1678	181.7235128	-8.839151633e-12
1679	181.7231928	-3.073274968e-11
1680	181.7228658	-9.158895864e-12
1681	181.7225317	-3.105249391e-11
1682	181.7221906	-9.480416452e-12
1683	181.7218424	1.209521372e-11
1684	181.7214873	-9.80193704e-12
1685	181.7211251	1.177014042e-11
1686	181.7207559	-1.012345763e-11
1687	181.7203796	-3.201705567e-11
1688	181.7199964	-1.044675457e-11
1689	181.719606	-3.234035262e-11
1690	181.7192087	-1.07664988e-11
1691	181.7188044	1.080913137e-11
1692	181.718393	-1.108979575e-11
1693	181.7179746	1.048405807e-11
1694	181.7175491	-1.140776362e-11
1695	181.7171166	-3.329780895e-11
1696	181.7166771	-1.172928421e-11
1697	181.7162306	9.84101689e-12
1698	181.715777	-1.205258116e-11
1699	181.7153165	9.521272659e-12
1700	181.7148488	-1.237054903e-11
1701	181.7143742	9.196199358e-12
1702	181.7138925	-1.269384597e-11
1703	181.7134038	-3.458389131e-11
1704	181.7129081	-1.301536656e-11
1705	181.7124054	8.556710895e-12
1706	181.7118956	-1.333511079e-11
1707	181.7113788	8.235190307e-12
1708	181.710855	2.980371505e-11
1709	181.7103241	-3.5543124e-11
1710	181.7097862	-1.397459926e-11
1711	181.7092413	-3.58681973e-11
1712	181.7086894	-1.42978962e-11
1713	181.7081304	7.270628544e-12
1714	181.7075644	-1.461941679e-11
1715	181.7069914	6.949107956e-12
1716	181.7064113	2.851407999e-11
1717	181.7058243	-3.682565364e-11
1718	181.7052302	-1.526245796e-11
1719	181.704629	6.30606678e-12
1720	181.7040209	-1.55822022e-11
1721	181.7034057	5.984546192e-12
1722	181.7027835	-1.590194643e-11
1723	181.7021543	5.661249247e-12
1724	181.701518	-1.622169066e-11
1725	181.7008747	-3.810818328e-11
1726	181.7002244	-1.65449876e-11
1727	181.6995671	5.021760785e-12
1728	181.6989027	-1.686650819e-11
1729	181.6982313	4.696687483e-12
1730	181.6975529	2.626165951e-11
1731	181.6968675	4.376943252e-12
1732	181.696175	-1.750599665e-11
1733	181.6954756	-3.939071291e-11
1734	181.694769	-1.782751724e-11
1735	181.6940555	3.73212572e-12
1736	181.693335	-1.814726147e-11
1737	181.6926074	3.410605132e-12
1738	181.6918728	2.497202445e-11
1739	181.6911311	-4.034816925e-11
1740	181.6903825	-1.878674993e-11
1741	181.6896268	2.772893026e-12
1742	181.6888641	-1.910827052e-11
1743	181.6880944	2.449596082e-12
1744	181.6873176	-1.943156747e-11
1745	181.6865338	2.126299137e-12
1746	181.685743	2.368238938e-11
1747	181.6849452	-4.162892253e-11
1748	181.6841404	-2.006927957e-11
1749	181.6833285	1.486810675e-12
1750	181.6825096	-2.039080016e-11
1751	181.6816837	1.161737373e-12
1752	181.6808508	2.271782762e-11
1753	181.6800108	8.40216785e-13
1754	181.6791638	-2.103206498e-11
1755	181.6783098	-4.290789946e-11
1756	181.6774488	-2.135180921e-11
1757	181.6765807	2.007283229e-13
1758	181.6757057	-2.16733298e-11
1759	181.6748236	-1.225686219e-13
1760	181.6739344	2.142996891e-11
1761	181.6730383	-4.440892099e-13
1762	181.6721351	-2.231281826e-11
1763	181.671225	-7.602807273e-13
1764	181.6703078	-2.26361152e-11
1765	181.6693835	-1.083577672e-12
1766	181.6684523	-2.295585944e-11
1767	181.667514	-1.40509826e-12
1768	181.6665687	2.01421102e-11
1769	181.6656164	-4.514078e-11
1770	181.6646571	-2.359712425e-11
1771	181.6636908	-2.048139436e-12
1772	181.6627174	-2.391509213e-11
1773	181.661737	-2.367883667e-12
1774	181.6607496	1.91793248e-11
1775	181.6597552	-2.687627898e-12
1776	181.6587537	1.885780421e-11
1777	181.6577453	-4.641798057e-11
1778	181.6567298	-2.487610118e-11
1779	181.6557073	-3.32711636e-12
1780	181.6546778	-2.519406905e-11
1781	181.6536412	-3.650413305e-12
1782	181.6525976	1.789324244e-11
1783	181.6515471	-3.975486607e-12
1784	181.6504895	-2.583533387e-11
1785	181.6494249	-4.291678124e-12
1786	181.6483532	-2.61550781e-11
1787	181.6472746	-4.614975069e-12
1788	181.6461889	-2.647482233e-11
1789	181.6450962	-4.9347193e-12
1790	181.6439965	1.660716009e-11
1791	181.6428898	-5.252687174e-12
1792	181.641776	-2.711253444e-11
1793	181.6406553	-5.574207762e-12
1794	181.6395275	-2.743227867e-11
1795	181.6383927	-5.89572835e-12
1796	181.6372509	1.563904561e-11
1797	181.6361021	-6.213696224e-12
1798	181.6349463	1.531930138e-11
1799	181.6337834	-4.992450897e-11
1800	181.6326135	-2.839151136e-11
1801	181.6314366	-6.854961043e-12
1802	181.6302527	-2.87112556e-11
1803	181.6290618	-7.178257988e-12
1804	181.6278639	1.435473962e-11
1805	181.6266589	-7.496225862e-12
1806	181.625447	1.403144267e-11
1807	181.624228	-7.81774645e-12
1808	181.623002	-2.966693557e-11
1809	181.621769	-8.135714324e-12
1810	181.620529	-2.998667981e-11
1811	181.619282	-8.457234912e-12
1812	181.6180279	1.306865727e-11
1813	181.6167669	-8.7787555e-12
1814	181.6154988	-3.062261555e-11
1815	181.6142237	-9.096723375e-12
1816	181.6129416	-3.094235979e-11
1817	181.6116525	-9.420020319e-12
1818	181.6103564	1.210587186e-11
1819	181.6090532	-9.73976455e-12
1820	181.6077431	1.178257492e-11
1821	181.6064259	-1.005950878e-11
1822	181.6051017	-3.190159248e-11
1823	181.6037706	-1.038102937e-11
1824	181.6024324	-3.222133671e-11
1825	181.6010872	-1.069722089e-11
1826	181.5997349	1.082156587e-11
1827	181.5983757	-1.102229419e-11
1828	181.5970095	1.049649256e-11
1829	181.5956362	-1.133670935e-11
1830	181.594256	-3.317346398e-11
1831	181.5928687	-1.165645358e-11
1832	181.5914744	-3.349498456e-11
1833	181.5900731	-1.197975052e-11
1834	181.5886648	9.533707157e-12
1835	181.5872495	-1.229949476e-11
1836	181.5858272	9.213962926e-12
1837	181.5843979	-1.261923899e-11
1838	181.5829616	-3.44524409e-11
1839	181.5815182	-1.293898322e-11
1840	181.5800679	8.572698107e-12
1841	181.5786105	-1.325695109e-11
1842	181.5771461	8.251177519e-12
1843	181.5756748	-1.358202439e-11
1844	181.5741964	-3.540101545e-11
1845	181.572711	-1.38946632e-11
1846	181.5712186	-3.572253604e-11
1847	181.5697192	-1.421618379e-11
1848	181.5682128	7.286615755e-12
1849	181.5666994	-1.453592802e-11
1850	181.565179	6.966871524e-12
1851	181.5636515	2.846611835e-11
1852	181.5621171	-3.667466331e-11
1853	181.5605757	-1.517364012e-11
1854	181.5590272	-3.699440754e-11
1855	181.5574718	-1.549516071e-11
1856	181.5559093	6.00230976e-12
1857	181.5543399	-1.581490494e-11
1858	181.5527634	5.684341886e-12
1859	181.55118	-1.613109646e-11
1860	181.5495895	-3.794831116e-11
1861	181.547992	-1.64543934e-11
1862	181.5463876	5.043077067e-12
1863	181.5447761	-1.676880856e-11
1864	181.5431576	4.721556479e-12
1865	181.5415321	-1.709210551e-11
1866	181.5398997	4.398259534e-12
1867	181.5382602	-1.740829703e-11
1868	181.5366137	-3.922018266e-11
1869	181.5349602	-1.772448854e-11
1870	181.5332997	3.764100143e-12
1871	181.5316322	-1.804600913e-11
1872	181.5299577	3.439026841e-12
1873	181.5282762	2.492761553e-11
1874	181.5265877	-4.017053357e-11
1875	181.5248923	-1.868549759e-11
1876	181.5231898	-4.048672508e-11
1877	181.5214803	-1.900168911e-11
1878	181.5197638	2.481570505e-12
1879	181.5180403	-1.93232097e-11
1880	181.5163098	2.156497203e-12
1881	181.5145723	2.363975682e-11
1882	181.5128278	-4.143707599e-11
1883	181.5110763	-1.995914545e-11
1884	181.5093179	1.520561455e-12
1885	181.5075524	-2.027888968e-11
1886	181.5057799	1.20259358e-12
1887	181.5040004	-2.05950812e-11
1888	181.502214	8.810729923e-13
1889	181.5004205	-2.091127271e-11
1890	181.4986201	-4.270539478e-11
1891	181.4968126	-2.122924059e-11
1892	181.4949981	2.398081733e-13
1893	181.4931767	-2.154898482e-11
1894	181.4913483	-7.993605777e-14
1895	181.4895128	2.139088906e-11
1896	181.4876704	-4.014566457e-13
1897	181.485821	-2.218492057e-11
1898	181.4839645	-4.397016085e-11
1899	181.4821011	-2.250644116e-11
1900	181.4802307	-1.035616037e-12
1901	181.4783533	-2.282263267e-11
1902	181.4764689	-1.358912982e-12
1903	181.4745775	2.010303035e-11
1904	181.4726792	-4.49187354e-11
1905	181.4707738	-2.345856842e-11
1906	181.4688614	-1.998401444e-12
1907	181.4669421	-2.377475994e-11
1908	181.4650157	-2.319922032e-12
1909	181.4630824	-2.409450417e-11
1910	181.4611421	-2.639666263e-12
1911	181.4591947	1.8816948e-11
1912	181.4572404	-4.618350147e-11
1913	181.4552791	-2.47268872e-11
1914	181.4533108	-3.273825655e-12
1915	181.4513356	-2.505018415e-11
1916	181.4493533	-3.5971226e-12
1917	181.447364	1.785593895e-11
1918	181.4453678	-3.915090474e-12
1919	181.4433646	-2.568079083e-11
1920	181.4413544	-4.744649118e-11
1921	181.4393371	-2.59987587e-11
1922	181.437313	-4.552802579e-12
1923	181.4352818	-2.631672658e-11
1924	181.4332436	-4.87254681e-12
1925	181.4311985	1.65698566e-11
1926	181.4291463	-5.190514685e-12
1927	181.4270872	-2.695088597e-11
1928	181.4250211	-5.510258916e-12
1929	181.422948	-2.726707748e-11
1930	181.4208679	-5.82822679e-12
1931	181.4187808	1.56106239e-11
1932	181.4166868	-6.147971021e-12
1933	181.4145858	1.528910332e-11
1934	181.4124777	-4.965450273e-11
1935	181.4103628	-2.821742839e-11
1936	181.4082408	-6.785683127e-12
1937	181.4061118	-2.853361991e-11
1938	181.4039759	-7.103651001e-12
1939	181.4018329	1.432809427e-11
1940	181.399683	-7.425171589e-12
1941	181.3975261	1.400479732e-11
1942	181.3953623	-7.739586749e-12
1943	181.3931914	-2.948574718e-11
1944	181.3910136	-8.057554624e-12
1945	181.3888288	-2.980016234e-11
1946	181.386637	-8.377298855e-12
1947	181.3844382	1.304201191e-11
1948	181.3822324	-8.697043086e-12
1949	181.3800197	-3.043254537e-11
1950	181.3778	-9.013234603e-12
1951	181.3755733	-3.075051325e-11
1952	181.3733396	-9.331202477e-12
1953	181.371099	1.208277922e-11
1954	181.3688514	-9.649170352e-12
1955	181.3665968	1.176303499e-11
1956	181.3643352	-9.968914583e-12
1957	181.3620667	-3.16990878e-11
1958	181.3597911	-1.028688246e-11
1959	181.3575086	-3.201527932e-11
1960	181.3552192	-1.060485033e-11
1961	181.3529227	1.080202594e-11
1962	181.3506193	-1.092459456e-11
1963	181.3483089	1.048050535e-11
1964	181.3459915	-1.123900972e-11
1965	181.3436672	-3.296030116e-11
1966	181.3413358	-1.15569776e-11
1967	181.3389975	-3.327649267e-11
1968	181.3366523	-1.187494547e-11
1969	181.3343	9.523049016e-12
1970	181.3319408	-1.219291335e-11
1971	181.3295747	9.201528428e-12
1972	181.3272015	-1.251088122e-11
1973	181.3248214	-3.421973815e-11
1974	181.3224343	-1.282707274e-11
1975	181.3200402	8.567369036e-12
1976	181.3176392	-1.314504061e-11
1977	181.3152312	8.245848448e-12
1978	181.3128162	-1.346300849e-11
1979	181.3103943	-3.516831271e-11
1980	181.3079654	-1.37792e-11
1981	181.3055295	-3.548095151e-11
1982	181.3030867	-1.409716788e-11
1983	181.3006369	7.288392112e-12
1984	181.2981801	-1.441513575e-11
1985	181.2957163	6.968647881e-12
1986	181.2932456	2.834532609e-11
1987	181.290768	-3.642952606e-11
1988	181.2882833	-1.504929514e-11
1989	181.2857917	-3.674216487e-11
1990	181.2832931	-1.53637103e-11
1991	181.2807876	6.011191545e-12
1992	181.2782751	-1.567990182e-11
1993	181.2757556	5.69322367e-12
1994	181.2732292	-1.599431698e-11
1995	181.2706958	-3.76871867e-11
1996	181.2681555	-1.631583757e-11
1997	181.2656082	5.053735208e-12
1998	181.2630539	-1.663025273e-11
1999	181.2604927	4.733990977e-12
2000	181.2579245	-1.694466789e-11
2001	181.2553493	4.416023103e-12
2002	181.2527672	-1.726263577e-11
2003	181.2501781	-3.894307099e-11
2004	181.2475821	-1.758060364e-11
2005	181.2449791	3.778310997e-12
2006	181.2423691	-1.789679516e-11
2007	181.2397522	3.460343123e-12
2008	181.2371284	2.481215233e-11
2009	181.2344975	-3.988454012e-11
2010	181.2318598	-1.852740183e-11
2011	181.229215	-4.019717892e-11
2012	181.2265633	-1.884714607e-11
2013	181.2239047	2.50111043e-12
2014	181.2212391	-1.916156123e-11
2015	181.2185665	2.186695269e-12
2016	181.215887	2.353317541e-11
2017	181.2132005	-4.113687169e-11
2018	181.2105071	-1.97921679e-11
2019	181.2078067	1.550759521e-12
2020	181.2050994	-2.010835942e-11
2021	181.2023851	1.23101529e-12
2022	181.1996639	-2.042455094e-11
2023	181.1969357	9.130474155e-13
2024	181.1942005	-2.074074246e-11
2025	181.1914584	-4.239097962e-11
2026	181.1887094	-2.105338126e-11
2027	181.1859534	2.771116669e-13
2028	181.1831905	-2.136957278e-11
2029	181.1804206	-4.085620731e-14
2030	181.1776437	2.128608401e-11
2031	181.1748599	-3.570477247e-13
2032	181.1720692	-2.200017946e-11
2033	181.1692715	-4.363975847e-11
2034	181.1664669	-2.231281826e-11
2035	181.1636553	-9.929834732e-13
2036	181.1608368	-2.263256249e-11
2037	181.1580113	-1.310951347e-12
2038	181.1551789	2.000710708e-11
2039	181.1523395	-4.457767488e-11
2040	181.1494932	-2.325961646e-11
2041	181.1466399	-1.943334382e-12
2042	181.1437797	-2.357403162e-11
2043	181.1409126	-2.26485497e-12
2044	181.1380385	-2.389022313e-11
2045	181.1351575	-2.577493774e-12
2046	181.1322695	1.872457744e-11
2047	181.1293746	-4.582467739e-11
2048	181.1264728	-2.452082981e-11
2049	181.123564	-3.213429522e-12
2050	181.1206482	-2.483169226e-11
2051	181.1177255	-3.52962104e-12
2052	181.1147959	1.776889746e-11
2053	181.1118594	-3.847588914e-12
2054	181.1089159	-2.546052258e-11
2055	181.1059654	-4.707167989e-11
2056	181.1030081	-2.57767141e-11
2057	181.1000438	-4.478195592e-12
2058	181.0970725	-2.608757654e-11
2059	181.0940943	-4.796163466e-12
2060	181.0911092	1.648992054e-11
2061	181.0881172	-5.114131341e-12
2062	181.0851182	-2.671463051e-11
2063	181.0821122	-5.426770144e-12
2064	181.0790994	-2.702726931e-11
2065	181.0760796	-5.744738019e-12
2066	181.0730529	-2.734523719e-11
2067	181.0700192	-6.062705893e-12
2068	181.0669786	1.521627269e-11
2069	181.0639311	-4.924771702e-11
2070	181.0608766	-2.797051479e-11
2071	181.0578152	-6.693312571e-12
2072	181.0547469	-2.828848267e-11
2073	181.0516716	-7.009504088e-12
2074	181.0485895	1.425703999e-11
2075	181.0455003	-7.325695606e-12
2076	181.0424043	1.393907212e-11
2077	181.0393013	-5.04911668e-11
2078	181.0361914	-2.922284636e-11
2079	181.0330746	-7.959854997e-12
2080	181.0299509	-2.953548517e-11
2081	181.0268202	-8.272493801e-12
2082	181.0236826	1.29851685e-11
2083	181.020538	-8.590461675e-12
2084	181.0173866	1.266720062e-11
2085	181.0142282	-8.903100479e-12
2086	181.0110629	-3.047162522e-11
2087	181.0078906	-9.21751564e-12
2088	181.0047115	-3.078604038e-11
2089	181.0015254	-9.539036228e-12
2090	180.9983324	1.171152064e-11
2091	180.9951325	-9.853451388e-12
2092	180.9919256	-3.140954163e-11
2093	180.9887119	-1.016431384e-11
2094	180.9854912	-3.172218044e-11
2095	180.9822636	-1.048050535e-11
2096	180.979029	1.075939338e-11
2097	180.9757876	-1.079669687e-11
2098	180.9725392	1.043964915e-11
2099	180.9692839	-1.111288839e-11
2100	180.9660217	-3.266009685e-11
2101	180.9627526	-1.142552719e-11
2102	180.9594765	-3.29709593e-11
2103	180.9561936	-1.174171871e-11
2104	180.9529037	9.489298236e-12
2105	180.9496069	-1.205435751e-11
2106	180.9463032	9.169554005e-12
2107	180.9429926	-1.236877267e-11
2108	180.9396751	-3.390532299e-11
2109	180.9363506	-1.268141148e-11
2110	180.9330193	-3.42179618e-11
2111	180.929681	-1.299937935e-11
2112	180.9263358	8.215650382e-12
2113	180.9229837	-1.331379451e-11
2114	180.9196247	7.897682508e-12
2115	180.9162588	-1.36228806e-11
2116	180.912886	-3.515054914e-11
2117	180.9095062	-1.393907212e-11
2118	180.9061196	7.265299473e-12
2119	180.902726	-1.425526364e-11
2120	180.8993256	6.947331599e-12
2121	180.8959182	-1.456790244e-11
2122	180.8925039	-3.607958377e-11
2123	180.8890827	-1.48823176e-11
2124	180.8856546	-3.639044621e-11
2125	180.8822196	-1.51949564e-11
2126	180.8787777	5.998757047e-12
2127	180.8753289	-1.550937156e-11
2128	180.8718732	5.682565529e-12
2129	180.8684106	2.686917355e-11
2130	180.8649411	-3.73212572e-11
2131	180.8614646	-1.613287282e-11
2132	180.8579813	-3.7633896e-11
2133	180.8544911	-1.644906433e-11
2134	180.850994	4.730438263e-12
2135	180.8474899	-1.676347949e-11
2136	180.843979	4.414246746e-12
2137	180.8404612	-1.707256558e-11
2138	180.8369365	-3.856470698e-11
2139	180.8334048	-1.73887571e-11
2140	180.8298663	3.783640068e-12
2141	180.8263209	-1.769961955e-11
2142	180.8227686	3.469224907e-12
2143	180.8192094	-1.801403471e-11
2144	180.8156432	3.151257033e-12
2145	180.8120702	-1.83231208e-11
2146	180.8084903	-3.980105134e-11
2147	180.8049035	-1.863753596e-11
2148	180.8013099	2.522426712e-12
2149	180.7977093	-1.895195112e-11
2150	180.7941018	2.206235195e-12
2151	180.7904874	2.335731608e-11
2152	180.7868662	-4.072830961e-11
2153	180.783238	-1.957367601e-11
2154	180.779603	-4.103561935e-11
2155	180.775961	-1.988809117e-11
2156	180.7723122	1.259436999e-12
2157	180.7686565	-2.019895362e-11
2158	180.7649939	9.432454817e-13
2159	180.7613244	2.208366823e-11
2160	180.7576481	-4.196465397e-11
2161	180.7539648	-2.082423123e-11
2162	180.7502746	3.144151606e-13
2163	180.7465776	-2.113509368e-11
2164	180.7428737	0
2165	180.7391629	-2.144773248e-11
2166	180.7354452	-3.161915174e-13
2167	180.7317206	-2.175504221e-11
2168	180.7279892	-4.319389291e-11
2169	180.7242508	-2.206768102e-11
2170	180.7205056	-9.432454817e-13
2171	180.7167535	-2.237854346e-11
2172	180.7129945	-1.259436999e-12
2173	180.7092287	1.985789311e-11
2174	180.7054559	-1.57385216e-12
2175	180.7016763	-2.2998492e-11
2176	180.6978898	-1.886490963e-12
2177	180.6940964	-2.331290716e-11
2178	180.6902962	-2.199129767e-12
2179	180.686489	-2.362021689e-11
2180	180.682675	-2.515321285e-12
2181	180.6788542	1.858779797e-11
2182	180.6750264	-4.53468374e-11
2183	180.6711918	-2.424016543e-11
2184	180.6673503	-3.138822535e-12
2185	180.6635019	-2.455280423e-11
2186	180.6596466	-3.458566766e-12
2187	180.6557845	1.763389434e-11
2188	180.6519155	-3.772981927e-12
2189	180.6480396	1.731415011e-11
2190	180.6441569	-4.657429997e-11
2191	180.6402673	-2.548361522e-11
2192	180.6363708	-4.396483178e-12
2193	180.6324674	-2.579625402e-11
2194	180.6285572	-4.710898338e-12
2195	180.6246401	1.636557556e-11
2196	180.6207162	-5.023537142e-12
2197	180.6167853	-2.641264985e-11
2198	180.6128477	-5.332623232e-12
2199	180.6089031	-2.671995958e-11
2200	180.6049517	-5.648814749e-12
2201	180.6009934	-2.702904567e-11
2202	180.5970282	-5.965006267e-12
2203	180.5930562	1.510258585e-11
2204	180.5890774	-6.275868714e-12
2205	180.5850916	-2.764721785e-11
2206	180.581099	-6.588507517e-12
2207	180.5770996	-2.795985665e-11
2208	180.5730933	-6.902922678e-12
2209	180.5690801	1.41540113e-11
2210	180.56506	-7.213785125e-12
2211	180.5610331	1.383604342e-11
2212	180.5569994	-4.993339076e-11
2213	180.5529588	-2.888356221e-11
2214	180.5489113	-7.837286375e-12
2215	180.544857	-2.919087194e-11
2216	180.5407958	-8.149925179e-12
2217	180.5367278	1.288746887e-11
2218	180.5326529	-8.462563983e-12
2219	180.5285711	1.257660642e-11
2220	180.5244825	-8.77342643e-12
2221	180.5203871	-3.011635386e-11
2222	180.5162848	-9.086065234e-12
2223	180.5121756	-3.042366359e-11
2224	180.5080596	-9.39692768e-12
2225	180.5039368	1.162803187e-11
2226	180.4998071	-9.711342841e-12
2227	180.4956705	-3.103828305e-11
2228	180.4915271	-1.001865257e-11
2229	180.4873769	-3.13491455e-11
2230	180.4832198	-1.033306773e-11
2231	180.4790558	1.068301003e-11
2232	180.474885	-1.064215382e-11
2233	180.4707074	1.036681851e-11
2234	180.4665229	-1.095479263e-11
2235	180.4623316	-3.226929834e-11
2236	180.4581334	-1.126387872e-11
2237	180.4539284	-3.257660808e-11
2238	180.4497166	-1.157474117e-11
2239	180.4454979	9.42534939e-12
2240	180.4412724	-1.188382726e-11
2241	180.43704	9.109157872e-12
2242	180.4328008	-1.21946897e-11
2243	180.4285547	-3.349853728e-11
2244	180.4243018	-1.250377579e-11
2245	180.4200421	-3.380407065e-11
2246	180.4157755	-1.281463824e-11
2247	180.4115021	8.165912391e-12
2248	180.4072219	-1.31290534e-11
2249	180.4029348	7.849720873e-12
2250	180.3986409	-1.343813949e-11
2251	180.3943402	-3.472244714e-11
2252	180.3900326	-1.374722558e-11
2253	180.3857182	7.222666909e-12
2254	180.3813969	-1.405808803e-11
2255	180.3770689	6.908251748e-12
2256	180.372734	-1.436895047e-11
2257	180.3683922	-3.564082363e-11
2258	180.3640437	-1.467626021e-11
2259	180.3596883	-3.5946357e-11
2260	180.355326	-1.49853463e-11
2261	180.350957	5.970335337e-12
2262	180.3465811	-1.529443239e-11
2263	180.3421984	5.657696533e-12
2264	180.3378089	2.660449638e-11
2265	180.3334125	-3.686118077e-11
2266	180.3290093	-1.591438092e-11
2267	180.3245993	-3.716671415e-11
2268	180.3201825	-1.622169066e-11
2269	180.3157589	4.716227409e-12
2270	180.3113284	-1.653077675e-11
2271	180.3068911	4.403588605e-12
2272	180.302447	-1.683986284e-11
2273	180.2979961	-3.808153792e-11
2274	180.2935383	-1.714894893e-11
2275	180.2890737	3.780087354e-12
2276	180.2846023	-1.745625866e-11
2277	180.2801241	3.465672194e-12
2278	180.2756391	-1.776712111e-11
2279	180.2711473	3.154809747e-12
2280	180.2666486	-1.807265448e-11
2281	180.2621431	-3.929834236e-11
2282	180.2576309	-1.838174057e-11
2283	180.2531118	2.531308496e-12
2284	180.2485859	-1.869082666e-11
2285	180.2440531	2.218669692e-12
2286	180.2395136	2.312283698e-11
2287	180.2349673	-4.020961342e-11
2288	180.2304141	-1.930366977e-11
2289	180.2258541	-4.051159408e-11
2290	180.2212874	-1.961097951e-11
2291	180.2167138	1.282529638e-12
2292	180.2121334	-1.991828924e-11
2293	180.2075462	9.73443548e-13
2294	180.2029522	2.185984727e-11
2295	180.1983514	-4.141931242e-11
2296	180.1937438	-2.053290871e-11
2297	180.1891294	3.499422974e-13
2298	180.1845082	-2.08419948e-11
2299	180.1798801	4.085620731e-14
2300	180.1752453	-2.114752817e-11
2301	180.1706037	-2.700062396e-13
2302	180.1659553	-2.145128519e-11
2303	180.1613001	-4.263078779e-11
2304	180.156638	-2.175859493e-11
2305	180.1519692	-8.917311334e-13
2306	180.1472936	-2.206945737e-11
2307	180.1426112	-1.20259358e-12
2308	180.137922	1.965538843e-11
2309	180.133226	-1.517008741e-12
2310	180.1285232	-2.267697141e-11
2311	180.1238136	-4.384226315e-11
2312	180.1190972	-2.29860575e-11
2313	180.114374	-2.135180921e-12
2314	180.109644	-2.329514359e-11
2315	180.1049072	-2.447819725e-12
2316	180.1001637	1.839595143e-11
2317	180.0954133	-4.474642878e-11
2318	180.0906562	-2.389910492e-11
2319	180.0858923	-3.064215548e-12
2320	180.0811215	-2.420819101e-11
2321	180.076344	-3.375077995e-12
2322	180.0715597	-2.451372438e-11
2323	180.0667687	-3.685940442e-12
2324	180.0619708	1.713829079e-11
2325	180.0571662	-4.594724601e-11
2326	180.0523547	-2.512479114e-11
2327	180.0475365	-4.302336265e-12
2328	180.0427115	-2.543032451e-11
2329	180.0378797	-4.609645998e-12
2330	180.0330412	1.619859802e-11
2331	180.0281958	-4.922284802e-12
2332	180.0233437	-2.603783855e-11
2333	180.0184848	-4.714806323e-11
2334	180.0136191	-2.633981921e-11
2335	180.0087467	-5.538680625e-12
2336	180.0038675	-2.664712895e-11
2337	179.9989815	-5.847766715e-12
2338	179.9940887	1.49480428e-11
2339	179.9891891	-6.158629162e-12
2340	179.9842828	-2.725286663e-11
2341	179.9793697	-6.462386182e-12
2342	179.9744498	-2.756017636e-11
2343	179.9695232	-6.775024985e-12
2344	179.9645897	-2.786215703e-11
2345	179.9596496	-7.080558362e-12
2346	179.9547026	1.369393487e-11
2347	179.9497489	-4.92441643e-11
2348	179.9447884	-2.846967107e-11
2349	179.9398211	-7.696954185e-12
2350	179.9348471	-2.877165173e-11
2351	179.9298663	-8.004263918e-12
2352	179.9248787	1.275957118e-11
2353	179.9198844	-8.311573652e-12
2354	179.9148833	1.244870873e-11
2355	179.9098755	-5.04378761e-11
2356	179.9048608	-2.968114643e-11
2357	179.8998395	-8.926193118e-12
2358	179.8948113	-2.998312709e-11
2359	179.8897764	-9.233502851e-12
2360	179.8847348	1.151079232e-11
2361	179.8796864	-9.542588941e-12
2362	179.8746312	-3.058531206e-11
2363	179.8695693	-9.846345961e-12
2364	179.8645006	-3.089084544e-11
2365	179.8594251	-1.015187934e-11
2366	179.8543429	-3.119460246e-11
2367	179.849254	-1.045918907e-11
2368	179.8441583	1.026556617e-11
2369	179.8390558	-1.07664988e-11
2370	179.8339466	-3.179501107e-11
2371	179.8288307	-1.107380854e-11
2372	179.8237079	-3.209699173e-11
2373	179.8185785	-1.137756556e-11
2374	179.8134423	9.336531548e-12
2375	179.8082993	-1.168665165e-11
2376	179.8031496	9.022116387e-12
2377	179.7979932	-5.371170175e-11
2378	179.79283	-3.299760465e-11
2379	179.78766	-1.229416569e-11
2380	179.7824834	-3.330313803e-11
2381	179.7772999	-1.260325178e-11
2382	179.7721098	8.091305403e-12
2383	179.7669128	-1.29070088e-11
2384	179.7617092	7.782219313e-12
2385	179.7564988	-1.321431853e-11
2386	179.7512817	-3.42055273e-11
2387	179.7460578	-1.351452283e-11
2388	179.7408272	-3.450395525e-11
2389	179.7355898	-1.382360892e-11
2390	179.7303457	6.854961043e-12
2391	179.7250949	-1.413091866e-11
2392	179.7198374	-3.510436386e-11
2393	179.7145731	-1.443112296e-11
2394	179.709302	-3.540456817e-11
2395	179.7040243	-1.473665634e-11
2396	179.6987398	5.925926416e-12
2397	179.6934486	-1.5038637e-11
2398	179.6881506	5.611511256e-12
2399	179.6828459	-1.534949945e-11
2400	179.6775345	-3.630340473e-11
2401	179.6722164	-1.56479274e-11
2402	179.6668915	-3.660183268e-11
2403	179.6615599	-1.595346077e-11
2404	179.6562216	4.687805699e-12
2405	179.6508766	-1.625721779e-11
2406	179.6455248	4.380495966e-12
2407	179.6401663	-1.655919846e-11
2408	179.6348011	-3.750066924e-11
2409	179.6294292	-1.686473183e-11
2410	179.6240505	-3.779732083e-11
2411	179.6186652	-1.716848885e-11
2412	179.6132731	3.455014053e-12
2413	179.6078743	-1.747224587e-11
2414	179.6024687	3.147704319e-12
2415	179.5970565	-1.776889746e-11
2416	179.5916375	-3.869082832e-11
2417	179.5862118	-1.807443084e-11
2418	179.5807794	2.53486121e-12
2419	179.5753403	-1.837818786e-11
2420	179.5698945	2.223998763e-12
2421	179.564442	-1.868372124e-11
2422	179.5589827	-3.958255945e-11
2423	179.5535168	-1.89857019e-11
2424	179.5480441	-3.988454012e-11
2425	179.5425647	-1.928590621e-11
2426	179.5370787	1.305622277e-12
2427	179.5315859	-1.959143958e-11
2428	179.5260864	9.965361869e-13
2429	179.5205802	2.157385381e-11
2430	179.5150673	-4.076738946e-11
2431	179.5095476	-2.019184819e-11
2432	179.5040213	-4.106759377e-11
2433	179.4984883	-2.049382886e-11
2434	179.4929486	7.638334409e-14
2435	179.4874022	-2.079580952e-11
2436	179.4818491	-2.309263891e-13
2437	179.4762892	-2.109246111e-11
2438	179.4707227	-4.195754855e-11
2439	179.4651495	-2.139444177e-11
2440	179.4595696	-8.384404282e-13
2441	179.453983	-2.169819879e-11
2442	179.4483897	-1.151079232e-12
2443	179.4427897	1.939604033e-11
2444	179.437183	-1.456612608e-12
2445	179.4315696	-2.230038376e-11
2446	179.4259495	-4.31406022e-11
2447	179.4203228	-2.259881171e-11
2448	179.4146893	-2.064126647e-12
2449	179.4090492	-2.289901602e-11
2450	179.4034023	-2.367883667e-12
2451	179.3977488	1.81543669e-11
2452	179.3920886	-2.6751934e-12
2453	179.3864217	-2.349942463e-11
2454	179.3807481	-2.982503133e-12
2455	179.3750678	-2.380140529e-11
2456	179.3693809	-3.284483796e-12
2457	179.3636873	-2.409983324e-11
2458	179.3579869	-3.590017172e-12
2459	179.35228	1.691446982e-11
2460	179.3465663	-4.520295249e-11
2461	179.3408459	-2.46984655e-11
2462	179.3351189	-4.197531212e-12
2463	179.3293852	-2.499689344e-11
2464	179.3236448	-4.503064588e-12
2465	179.3178977	1.598721155e-11
2466	179.312144	-4.808597964e-12
2467	179.3063836	1.567634911e-11
2468	179.3006165	-4.637712436e-11
2469	179.2948427	-2.589217729e-11
2470	179.2890623	-5.416112003e-12
2471	179.2832752	-2.619060524e-11
2472	179.2774814	-5.718092666e-12
2473	179.271681	1.475086719e-11
2474	179.2658739	-6.021849686e-12
2475	179.2600601	-2.678923749e-11
2476	179.2542396	-6.320277635e-12
2477	179.2484125	-2.708588909e-11
2478	179.2425788	-6.627587368e-12
2479	179.2367383	-2.738254068e-11
2480	179.2308912	-6.927791674e-12
2481	179.2250374	1.351629919e-11
2482	179.219177	-7.236877764e-12
2483	179.2133099	-2.797762022e-11
2484	179.2074362	-7.533529356e-12
2485	179.2015558	-2.827427181e-11
2486	179.1956687	-7.840839089e-12
2487	179.189775	1.259259363e-11
2488	179.1838746	-8.141043395e-12
2489	179.1779676	1.228706026e-11
2490	179.1720539	-4.959233024e-11
2491	179.1661336	-2.916600295e-11
2492	179.1602066	-8.74500472e-12
2493	179.1542729	-2.946265454e-11
2494	179.1483326	-9.046985383e-12
2495	179.1423857	1.136513106e-11
2496	179.1364321	-9.347189689e-12
2497	179.1304718	1.105426861e-11
2498	179.1245049	-9.649170352e-12
2499	179.1185314	-3.035260931e-11
2500	179.1125512	-9.949374657e-12
2501	179.1065644	-3.064748455e-11
2502	179.1005709	-1.025313168e-11
2503	179.0945708	1.013589213e-11
2504	179.088564	-1.055511234e-11
2505	179.0825506	-3.123723502e-11
2506	179.0765306	-1.085176393e-11
2507	179.0705039	-3.15303339e-11
2508	179.0644706	-1.115019188e-11
2509	179.0584306	9.21751564e-12
2510	179.052384	-1.14539489e-11
2511	179.0463308	8.912870442e-12
2512	179.0402709	-1.175592956e-11
2513	179.0342044	-3.241495961e-11
2514	179.0281313	-1.205169298e-11
2515	179.0220515	-3.27116112e-11
2516	179.0159651	-1.235633817e-11
2517	179.0098721	7.995382134e-12
2518	179.0037724	-1.265476612e-11
2519	178.9976661	7.688072401e-12
2520	178.9915532	-1.295408225e-11
2521	178.9854337	-3.359534873e-11
2522	178.9793075	-1.325339838e-11
2523	178.9731747	-3.388933578e-11
2524	178.9670353	-1.35571554e-11
2525	178.9608892	6.775024985e-12
2526	178.9547366	-1.385558335e-11
2527	178.9485773	6.471267966e-12
2528	178.9424114	-1.415223494e-11
2529	178.9362388	-3.477040877e-11
2530	178.9300597	-1.444888653e-11
2531	178.9238739	5.86197757e-12
2532	178.9176815	-1.475086719e-11
2533	178.9114825	5.559996907e-12
2534	178.9052769	-1.504574243e-11
2535	178.8990647	-3.564437634e-11
2536	178.8928459	-1.534594674e-11
2537	178.8866204	-3.593747522e-11
2538	178.8803883	-1.564615104e-11
2539	178.8741497	4.648725849e-12
2540	178.8679044	-1.594457899e-11
2541	178.8616525	4.343192472e-12
2542	178.855394	2.462385851e-11
2543	178.8491288	-3.681854821e-11
2544	178.8428571	-1.653432946e-11
2545	178.8365788	-3.710809438e-11
2546	178.8302939	-1.683275741e-11
2547	178.8240023	3.430145057e-12
2548	178.8177042	-1.7129409e-11
2549	178.8113995	3.129940751e-12
2550	178.8050881	-1.742606059e-11
2551	178.7987702	-3.798206194e-11
2552	178.7924457	-1.772448854e-11
2553	178.7861145	2.527755782e-12
2554	178.7797768	-1.802114014e-11
2555	178.7734325	2.222222406e-12
2556	178.7670815	-1.832134444e-11
2557	178.760724	1.920241743e-12
2558	178.7543599	-1.860911425e-11
2559	178.7479892	-3.91402466e-11
2560	178.7416119	-1.89075422e-11
2561	178.735228	1.318056775e-12
2562	178.7288376	-1.920597015e-11
2563	178.7224405	1.016076112e-12
2564	178.7160369	2.122924059e-11
2565	178.7096266	-4.001066145e-11
2566	178.7032098	-1.979572062e-11
2567	178.6967864	-4.030376033e-11
2568	178.6903564	-2.009059585e-11
2569	178.6839198	1.136868377e-13
2570	178.6774767	-2.03890238e-11
2571	178.6710269	-1.900701818e-13
2572	178.6645706	2.000533073e-11
2573	178.6581077	-4.116884611e-11
2574	178.6516382	-2.097522156e-11
2575	178.6451622	-7.887024367e-13
2576	178.6386796	-2.127009679e-11
2577	178.6321904	-1.090683099e-12
2578	178.6256946	-2.156497203e-11
2579	178.6191922	-1.392663762e-12
2580	178.6126833	-2.185984727e-11
2581	178.6061678	-4.23217017e-11
2582	178.5996458	-2.21547225e-11
2583	178.5931171	-1.991296017e-12
2584	178.5865819	-2.244959774e-11
2585	178.5800402	-2.289723966e-12
2586	178.5734918	1.786304438e-11
2587	178.5669369	-2.595257342e-12
2588	178.5603754	-2.303046642e-11
2589	178.5538074	-4.347278093e-11
2590	178.5472328	-2.332889437e-11
2591	178.5406517	-3.190336884e-12
2592	178.5340639	-2.362376961e-11
2593	178.5274697	-3.485212119e-12
2594	178.5208688	1.664091087e-11
2595	178.5142614	-4.4334314e-11
2596	178.5076475	-2.420819101e-11
2597	178.501027	-4.083844374e-12
2598	178.4943999	-2.450128989e-11
2599	178.4877663	-4.380495966e-12
2600	178.4811261	-2.479083605e-11
2601	178.4744794	-4.684252985e-12
2602	178.4678261	1.542410644e-11
2603	178.4611663	-4.548184052e-11
2604	178.4545	-2.537703381e-11
2605	178.447827	-5.274003456e-12
2606	178.4411476	-2.566835633e-11
2607	178.4344616	-5.575984119e-12
2608	178.427769	-6.643041672e-11
2609	178.4210699	-4.633982087e-11
2610	178.4143642	-2.624922502e-11
2611	178.4076521	-6.167510946e-12
2612	178.4009333	1.390532134e-11
2613	178.3942081	-4.691003141e-11
2614	178.3874762	-2.68300937e-11
2615	178.3807379	-6.767919558e-12
2616	178.373993	1.329958366e-11
2617	178.3672416	3.335465237e-11
2618	178.3604836	-2.74145151e-11
2619	178.3537191	-7.357670029e-12
2620	178.3469481	1.269384597e-11
2621	178.3401706	-4.804689979e-11
2622	178.3333865	-2.799183108e-11
2623	178.3265959	-7.949196856e-12
2624	178.3197987	-6.865974456e-11
2625	178.312995	-4.861178127e-11
2626	178.3061848	-2.85709234e-11
2627	178.2993681	-8.540723684e-12
2628	178.2925448	1.148414697e-11
2629	178.2857151	-4.918376817e-11
2630	178.2788788	-2.915356845e-11
2631	178.2720359	-9.132250511e-12
2632	178.2651866	1.088018564e-11
2633	178.2583307	3.089439815e-11
2634	178.2514683	5.089439981e-11
2635	178.2445994	-9.720224625e-12
2636	178.237724	-7.031708549e-11
2637	178.2308421	-5.030997841e-11
2638	178.2239536	-3.030642404e-11
2639	178.2170586	-1.031352781e-11
2640	178.2101572	-7.087663789e-11
2641	178.2032492	-5.087663624e-11
2642	178.1963347	-3.088729272e-11
2643	178.1894136	-1.090505464e-11
2644	178.1824861	9.073630736e-12
2645	178.1755521	2.904343432e-11
2646	178.1686115	-3.146105598e-11
2647	178.1616645	-1.148947604e-11
2648	178.1547109	8.474998481e-12
2649	178.1477509	2.843592029e-11
2650	178.1407843	4.838796031e-11
2651	178.1338113	-1.207745015e-11
2652	178.1268317	-7.252154433e-11
2653	178.1198456	-5.255884616e-11
2654	178.1128531	-3.260680614e-11
2655	178.105854	-1.265831884e-11
2656	178.0988485	7.277733971e-12
2657	178.0918364	-5.312372764e-11
2658	178.0848179	-3.318234576e-11
2659	178.0777928	-1.324451659e-11
2660	178.0707613	6.679101716e-12
2661	178.0637233	2.659916731e-11
2662	178.0566788	-3.375966173e-11
2663	178.0496278	-1.383249071e-11
2664	178.0425703	6.080469461e-12
2665	178.0355063	2.598987692e-11
2666	178.0284358	4.589040259e-11
2667	178.0213589	-1.441513575e-11
2668	178.0142754	-7.471001595e-11
2669	178.0071855	-5.48006085e-11
2670	178.0000891	-3.489653011e-11
2671	177.9929862	-1.500133351e-11
2672	177.9858768	4.892086736e-12
2673	177.978761	-5.535838454e-11
2674	177.9716387	-3.546674066e-11
2675	177.9645099	-1.558575491e-11
2676	177.9573746	4.291678124e-12
2677	177.9502328	2.416555844e-11
2678	177.9430846	4.402522791e-11
2679	177.9359299	-1.61666236e-11
2680	177.9287687	3.696598583e-12
2681	177.9216011	2.355449169e-11
2682	177.914427	-3.660183268e-11
2683	177.9072464	-1.674038685e-11
2684	177.9000594	-7.688072401e-11
2685	177.8928658	-5.701927819e-11
2686	177.8856659	-3.717026686e-11
2687	177.8784594	-1.732658461e-11
2688	177.8712465	2.515321285e-12
2689	177.8640271	2.234301633e-11
2690	177.8568013	-3.773870105e-11
2691	177.849569	-1.790390058e-11
2692	177.8423303	1.91668903e-12
2693	177.8350851	2.173550229e-11
2694	177.8278334	4.154721012e-11
2695	177.8205753	-1.848121656e-11
2696	177.8133107	1.328714916e-12
2697	177.8060397	-5.868194819e-11
2698	177.7987622	-3.886668765e-11
2699	177.7914782	-1.905853253e-11
2700	177.7841878	7.354117315e-13
2701	177.776891	-5.922728974e-11
2702	177.7695877	-3.943156912e-11
2703	177.762278	-1.963940122e-11
2704	177.7549618	1.492139745e-13
2705	177.7476392	1.992717102e-11
2706	177.7403101	-3.999822695e-11
2707	177.7329746	-2.021671719e-11
2708	177.7256327	-4.440892099e-13
2709	177.7182843	1.93232097e-11
2710	177.7109294	3.908695589e-11
2711	177.7035681	5.883649123e-11
2712	177.6962004	-8.064660051e-11
2713	177.6888263	-6.087752524e-11
2714	177.6814457	-4.111733176e-11
2715	177.6740587	-2.136246735e-11
2716	177.6666652	-1.614708367e-12
2717	177.6592653	-6.142641951e-11
2718	177.651859	-4.167688417e-11
2719	177.6444463	-2.193445425e-11
2720	177.6370271	-2.206235195e-12
2721	177.6296015	1.752198386e-11
2722	177.6221695	3.724309749e-11
2723	177.614731	-2.250999387e-11
2724	177.6072861	-2.792432952e-12
2725	177.5998348	1.692157525e-11
2726	177.5923771	3.662492531e-11
2727	177.584913	-2.308198077e-11
2728	177.5774424	-8.2774676e-11
2729	177.5699654	-6.305889144e-11
2730	177.562482	-4.335198867e-11
2731	177.5549922	-2.365396767e-11
2732	177.5474959	-3.959499395e-12
2733	177.5399933	1.572786346e-11
2734	177.5324842	-4.390976471e-11
2735	177.5249687	-2.422595458e-11
2736	177.5174468	-4.542144438e-12
2737	177.5099185	1.513100756e-11
2738	177.5023838	3.479705413e-11
2739	177.4948427	-2.479438876e-11
2740	177.4872952	-5.124789482e-12
2741	177.4797413	1.452704623e-11
2742	177.4721809	-4.501821138e-11
2743	177.4646142	-2.536282295e-11
2744	177.457041	-5.709210882e-12
2745	177.4494615	-6.522782314e-11
2746	177.4418755	-4.557598743e-11
2747	177.4342832	-2.593125714e-11
2748	177.4266845	-6.291855925e-12
2749	177.4190793	1.334399258e-11
2750	177.4114678	-4.612665805e-11
2751	177.4038499	-2.649613862e-11
2752	177.3962255	-6.870948255e-12
2753	177.3885948	1.275068939e-11
2754	177.3809577	3.235811619e-11
2755	177.3733142	5.196376662e-11
2756	177.3656643	-7.450040584e-12
2757	177.358008	-6.684430787e-11
2758	177.3503454	-4.722977565e-11
2759	177.3426763	-2.762412521e-11
2760	177.3350009	-8.023803844e-12
2761	177.3273191	-6.737721492e-11
2762	177.3196309	-4.778399898e-11
2763	177.3119363	-2.818723033e-11
2764	177.3042353	-8.60467253e-12
2765	177.296528	1.097077984e-11
2766	177.2888143	3.05426795e-11
2767	177.2810942	-2.875388816e-11
2768	177.2733677	-9.18376486e-12
2769	177.2656349	1.038280573e-11
2770	177.2578957	2.993871817e-11
2771	177.2501501	4.948752519e-11
2772	177.2423981	-8.854605937e-11
2773	177.2346398	-6.897948879e-11
2774	177.2268751	-4.942179999e-11
2775	177.219104	-2.987654568e-11
2776	177.2113266	-1.033306773e-11
2777	177.2035428	9.201528428e-12
2778	177.1957526	-4.997247061e-11
2779	177.1879561	-3.043609809e-11
2780	177.1801532	-1.090505464e-11
2781	177.1723439	8.613554314e-12
2782	177.1645283	2.81268342e-11
2783	177.1567064	-3.099742685e-11
2784	177.148878	-1.14788179e-11
2785	177.1410434	8.027356557e-12
2786	177.1332023	2.752464923e-11
2787	177.1253549	-3.15552029e-11
2788	177.1175012	-1.204902844e-11
2789	177.1096411	-7.110578792e-11
2790	177.1017747	-5.160316618e-11
2791	177.0939019	-3.21147553e-11
2792	177.0860227	-1.26227917e-11
2793	177.0781372	6.8567374e-12
2794	177.0702454	-5.214850773e-11
2795	177.0623472	-3.266542592e-11
2796	177.0544427	-1.319655496e-11
2797	177.0465318	6.266986929e-12
2798	177.0386146	2.572519975e-11
2799	177.0306911	4.517453078e-11
2800	177.0227612	-1.376854186e-11
2801	177.014825	5.682565529e-12
2802	177.0068824	-5.323030905e-11
2803	176.9989335	-3.37774253e-11
2804	176.9909783	-1.433697605e-11
2805	176.9830167	-7.321254714e-11
2806	176.9750488	-5.376676881e-11
2807	176.9670746	-3.433342499e-11
2808	176.959094	-1.490363388e-11
2809	176.9511072	4.517275443e-12
2810	176.943114	2.393818477e-11
2811	176.9351144	-3.488764833e-11
2812	176.9271086	-1.547562078e-11
2813	176.9190964	3.936406756e-12
2814	176.9110779	2.333777616e-11
2815	176.903053	4.273381649e-11
2816	176.8950219	-1.60387259e-11
2817	176.8869844	-7.478284658e-11
2818	176.8789406	-5.53850299e-11
2819	176.8708905	-3.598898957e-11
2820	176.8628341	-1.660005466e-11
2821	176.8547714	2.778222097e-12
2822	176.8467024	-5.59197133e-11
2823	176.838627	-3.653966019e-11
2824	176.8305453	-1.716315978e-11
2825	176.8224574	2.200906124e-12
2826	176.8143631	2.15578666e-11
2827	176.8062625	4.090772165e-11
2828	176.7981556	-1.773159397e-11
2829	176.7900424	1.620037438e-12
2830	176.7819229	2.096456342e-11
2831	176.7737971	4.029843126e-11
2832	176.765665	-1.828937002e-11
2833	176.7575266	-7.686118408e-11
2834	176.7493819	-5.751843446e-11
2835	176.7412309	-3.817923755e-11
2836	176.7330736	-1.885247514e-11
2837	176.72491	4.671818488e-13
2838	176.7167401	1.978150976e-11
2839	176.7085639	-3.873168453e-11
2840	176.7003814	-1.941558025e-11
2841	176.6921927	-1.083577672e-13
2842	176.6839976	1.919353565e-11
2843	176.6757963	3.848654728e-11
2844	176.6675887	-1.997690902e-11
2845	176.6593747	-6.821210263e-13
2846	176.6511546	1.860556154e-11
2847	176.6429281	-3.981348584e-11
2848	176.6346953	-2.053468506e-11
2849	176.6264563	-1.252331572e-12
2850	176.618211	-5.964118088e-11
2851	176.6099594	-4.036593282e-11
2852	176.6017015	-2.109423747e-11
2853	176.5934373	-1.826094831e-12
2854	176.5851669	1.742606059e-11
2855	176.5768902	-4.090416894e-11
2856	176.5686072	-2.16484608e-11
2857	176.560318	-2.401634447e-12
2858	176.5520225	1.683631012e-11
2859	176.5437207	3.607070198e-11
2860	176.5354127	5.530154112e-11
2861	176.5270983	-2.970068635e-12
2862	176.5187778	-6.12168094e-11
2863	176.5104509	-4.198774661e-11
2864	176.5021178	-2.275690747e-11
2865	176.4937785	-3.545608251e-12
2866	176.4854328	-6.174261102e-11
2867	176.477081	-4.252775909e-11
2868	176.4687228	-2.332001259e-11
2869	176.4603584	-4.11404244e-12
2870	176.4519878	1.508482228e-11
2871	176.4436109	3.427302886e-11
2872	176.4352277	-2.386890685e-11
2873	176.4268383	-4.680700272e-12
2874	176.4184426	1.449862452e-11
2875	176.4100407	3.367262025e-11
2876	176.4016326	5.283951054e-11
2877	176.3932182	-8.248868255e-11
2878	176.3847975	-6.33075814e-11
2879	176.3763706	-4.413536203e-11
2880	176.3679375	-2.497202445e-11
2881	176.3594981	-5.814015935e-12
2882	176.3510525	1.333688715e-11
2883	176.3426007	-4.467537451e-11
2884	176.3341426	-2.552269507e-11
2885	176.3256783	-6.380673767e-12
2886	176.3172077	1.275424211e-11
2887	176.3087309	3.188205255e-11
2888	176.3002479	-2.607336569e-11
2889	176.2917586	-6.945555242e-12
2890	176.2832631	1.217159706e-11
2891	176.2747614	3.128874937e-11
2892	176.2662535	-2.661693088e-11
2893	176.2577393	-7.50333129e-12
2894	176.2492189	-6.538414254e-11
2895	176.2406923	-4.627587202e-11
2896	176.2321594	-2.716582514e-11
2897	176.2236203	-8.068212765e-12
2898	176.2150751	1.102051783e-11
2899	176.2065236	-4.680522636e-11
2900	176.1979658	-2.771649577e-11
2901	176.1894019	-8.631317883e-12
2902	176.1808317	1.04414255e-11
2903	176.1722554	2.950883982e-11
2904	176.1636728	4.856559599e-11
2905	176.155084	-9.194423001e-12
2906	176.146489	9.864109529e-12
2907	176.1378878	-4.785860597e-11
2908	176.1292804	-2.880362615e-11
2909	176.1206667	-9.752199048e-12
2910	176.1120469	-6.744116376e-11
2911	176.1034209	-4.839151302e-11
2912	176.0947887	-2.93489677e-11
2913	176.0861502	-1.031175145e-11
2914	176.0775056	8.714806654e-12
2915	176.0688547	2.773603569e-11
2916	176.0601977	-2.989253289e-11
2917	176.0515345	-1.087485657e-11
2918	176.0428651	8.142819752e-12
2919	176.0341894	2.714628522e-11
2920	176.0255076	4.614619797e-11
2921	176.0168196	-1.14290799e-11
2922	176.0081254	-6.897238336e-11
2923	175.9994251	-4.996714154e-11
2924	175.9907185	-3.097255785e-11
2925	175.9820057	-1.197975052e-11
2926	175.9732868	6.998845947e-12
2927	175.9645617	-5.049827223e-11
2928	175.9558304	-3.151079397e-11
2929	175.9470929	-1.253930293e-11
2930	175.9383493	6.426859045e-12
2931	175.9295994	2.538946831e-11
2932	175.9208434	-3.205613552e-11
2933	175.9120812	-1.309174991e-11
2934	175.9033128	5.854872143e-12
2935	175.8945383	2.479438876e-11
2936	175.8857576	4.372857632e-11
2937	175.8769707	-1.364419688e-11
2938	175.8681777	-7.099920651e-11
2939	175.8593784	-5.205968989e-11
2940	175.8505731	-3.31272787e-11
2941	175.8417615	-1.420019657e-11
2942	175.8329438	4.721556479e-12
2943	175.8241199	-5.257660973e-11
2944	175.8152899	-3.365840939e-11
2945	175.8064537	-1.475264355e-11
2946	175.7976113	4.153122291e-12
2947	175.7887628	2.30517827e-11
2948	175.7799081	4.193267955e-11
2949	175.7710473	-1.530331417e-11
2950	175.7621803	3.582911745e-12
2951	175.7533072	2.246380859e-11
2952	175.7444279	-3.47242235e-11
2953	175.7355425	-1.584865572e-11
2954	175.7266509	-7.301181881e-11
2955	175.7177532	-5.413092197e-11
2956	175.7088493	-3.526423598e-11
2957	175.6999393	-1.639754998e-11
2958	175.6910231	2.460254223e-12
2959	175.6821008	2.130384757e-11
2960	175.6731724	-3.57900376e-11
2961	175.6642378	-1.694289153e-11
2962	175.6552971	1.890043677e-12
2963	175.6463502	2.072475525e-11
2964	175.6373972	3.954880867e-11
2965	175.6284381	-1.749356215e-11
2966	175.6194729	1.330491273e-12
2967	175.6105015	-5.567457606e-11
2968	175.6015239	-3.685229899e-11
2969	175.5925403	-1.803357463e-11
2970	175.5835505	7.709388683e-13
2971	175.5745546	-5.618794319e-11
2972	175.5655526	-3.737632426e-11
2973	175.5565444	-1.857891618e-11
2974	175.5475302	2.09610107e-13
2975	175.5385098	1.899280733e-11
2976	175.5294833	-3.790745495e-11
2977	175.5204506	-1.912781045e-11
2978	175.5114119	-3.499422974e-13
2979	175.502367	1.841726771e-11
2980	175.4933161	3.717559593e-11
2981	175.484259	5.59197133e-11
2982	175.4751958	-7.648104372e-11
2983	175.4661265	-5.771383371e-11
2984	175.457051	-3.895728184e-11
2985	175.4479695	-2.020250633e-11
2986	175.4388819	-1.461941679e-12
2987	175.4297882	-5.822542448e-11
2988	175.4206883	-3.948485983e-11
2989	175.4115824	-2.074962424e-11
2990	175.4024703	-2.021494083e-12
2991	175.3933522	1.669775429e-11
2992	175.3842279	3.540279181e-11
2993	175.3750976	-2.128608401e-11
2994	175.3659612	-2.577493774e-12
2995	175.3568187	1.611866196e-11
2996	175.34767	3.481659405e-11
2997	175.3385153	-2.182076742e-11
2998	175.3293545	-7.844036531e-11
2999	175.3201876	-5.97353278e-11
3000	175.3110147	-4.104627749e-11
3001	175.3018356	-2.236077989e-11
3002	175.2926505	-3.684164085e-12
3003	175.2834592	1.498179358e-11
3004	175.2742619	-4.156675004e-11
3005	175.2650585	-2.28954633e-11
3006	175.2558491	-4.238387419e-12
3007	175.2466335	1.441158304e-11
3008	175.2374119	3.305622442e-11
3009	175.2281842	-2.343369943e-11
3010	175.2189504	-4.787281682e-12
3011	175.2097106	1.384492521e-11
3012	175.2004646	-4.260414244e-11
3013	175.1912127	-2.396660648e-11
3014	175.1819546	-5.336175946e-12
3015	175.1726905	-6.174616374e-11
3016	175.1634203	-4.311573321e-11
3017	175.154144	-2.449951353e-11
3018	175.1448617	-5.890399279e-12
3019	175.1355734	1.27133859e-11
3020	175.1262789	-4.363798212e-11
3021	175.1169784	-2.503419694e-11
3022	175.1076719	-6.437517186e-12
3023	175.0983593	1.2141399e-11
3024	175.0890406	3.072386789e-11
3025	175.0797159	4.929212594e-11
3026	175.0703851	-6.988187806e-12
3027	175.0610483	-6.324007984e-11
3028	175.0517054	-4.466116366e-11
3029	175.0423565	-2.609290561e-11
3030	175.0330016	-7.531752999e-12
3031	175.0236405	-6.373390704e-11
3032	175.0142735	-4.517097807e-11
3033	175.0049004	-2.66204836e-11
3034	174.9955213	-8.077094549e-12
3035	174.9861361	1.045741271e-11
3036	174.9767449	2.898481455e-11
3037	174.9673476	-2.715161429e-11
3038	174.9579444	-8.624212455e-12
3039	174.948535	9.894307595e-12
3040	174.9391197	2.840394586e-11
3041	174.9296983	4.690470234e-11
3042	174.9202709	-8.373035598e-11
3043	174.9108375	-6.521005957e-11
3044	174.901398	-4.669864495e-11
3045	174.8919525	-2.820144118e-11
3046	174.882501	-9.709566484e-12
3047	174.8730434	8.780531857e-12
3048	174.8635799	-4.720845936e-11
3049	174.8541103	-2.872369009e-11
3050	174.8446347	-1.024780261e-11
3051	174.8351531	8.217426739e-12
3052	174.8256655	2.667555066e-11
3053	174.8161718	-2.924949172e-11
3054	174.8066722	-1.078781509e-11
3055	174.7971665	7.657874335e-12
3056	174.7876548	2.610534011e-11
3057	174.7781371	-2.977174063e-11
3058	174.7686134	-1.132605121e-11
3059	174.7590837	-6.716760481e-11
3060	174.749548	-4.872369175e-11
3061	174.7400063	-3.029398954e-11
3062	174.7304586	-1.18696164e-11
3063	174.7209049	6.552980381e-12
3064	174.7113451	-4.922817709e-11
3065	174.7017794	-3.080913302e-11
3066	174.6922077	-1.240785252e-11
3067	174.68263	5.993427976e-12
3068	174.6730463	2.438582669e-11
3069	174.6634566	4.276401455e-11
3070	174.6538609	-1.294253593e-11
3071	174.6442593	5.440980999e-12
3072	174.6346516	-5.022826599e-11
3073	174.625038	-3.185007813e-11
3074	174.6154184	-1.346833756e-11
3075	174.6057927	-6.910383377e-11
3076	174.5961611	-5.072919862e-11
3077	174.5865236	-3.236699797e-11
3078	174.57688	-1.400835004e-11
3079	174.5672305	4.341416115e-12
3080	174.557575	2.267519505e-11
3081	174.5479135	-3.288569417e-11
3082	174.538246	-1.45448098e-11
3083	174.5285726	3.785416425e-12
3084	174.5188932	2.210853722e-11
3085	174.5092078	4.042099988e-11
3086	174.4995165	-1.50759405e-11
3087	174.4898192	-7.054268281e-11
3088	174.4801159	-5.221956201e-11
3089	174.4704067	-3.390532299e-11
3090	174.4606915	-1.560174212e-11
3091	174.4509703	2.692956969e-12
3092	174.4412432	-5.271694192e-11
3093	174.4315102	-3.441869012e-11
3094	174.4217711	-1.613287282e-11
3095	174.4120261	2.142286348e-12
3096	174.4022752	2.041211644e-11
3097	174.3925183	-3.493028089e-11
3098	174.3827555	-1.666400351e-11
3099	174.3729867	1.598721155e-12
3100	174.3632119	1.984901132e-11
3101	174.3534312	3.809041971e-11
3102	174.3436446	-1.718802878e-11
3103	174.333852	-7.244516098e-11
3104	174.3240535	-5.419309446e-11
3105	174.3142491	-3.5946357e-11
3106	174.3044387	-1.771560676e-11
3107	174.2946223	5.133671266e-13
3108	174.2848001	-5.468336894e-11
3109	174.2749719	-3.645794777e-11
3110	174.2651377	-1.824673745e-11
3111	174.2552976	-3.375077995e-14
3112	174.2454516	1.816502504e-11
3113	174.2355997	3.635136636e-11
3114	174.2257419	-1.876721001e-11
3115	174.2158781	-5.75539616e-13
3116	174.2060084	1.760369628e-11
3117	174.1961327	-3.746869481e-11
3118	174.1862512	-1.928057713e-11
3119	174.1763637	-7.432809923e-11
3120	174.1664703	-5.614353427e-11
3121	174.156571	-3.797318016e-11
3122	174.1466658	-1.980993147e-11
3123	174.1367546	-1.657340931e-12
3124	174.1268376	1.648814418e-11
3125	174.1169146	-3.847588914e-11
3126	174.1069857	-2.033218038e-11
3127	174.0970509	-2.193800697e-12
3128	174.0871102	1.593214449e-11
3129	174.0771636	3.405276061e-11
3130	174.0672111	-2.085442929e-11
3131	174.0572527	-2.732036819e-12
3132	174.0472884	-5.759659416e-11
3133	174.0373182	-3.94777544e-11
3134	174.0273421	-2.136779642e-11
3135	174.0173601	-3.264943871e-12
3136	174.0073722	-5.808153958e-11
3137	173.9973784	-3.998223974e-11
3138	173.9873787	-2.188649262e-11
3139	173.9773731	-3.803179993e-12
3140	173.9673616	1.426769813e-11
3141	173.9573443	-4.047961966e-11
3142	173.947321	-2.240341246e-11
3143	173.9372919	-4.341416115e-12
3144	173.9272569	1.37134748e-11
3145	173.917216	3.176126029e-11
3146	173.9071692	4.980549306e-11
3147	173.8971166	-7.757172682e-11
3148	173.887058	-5.95168359e-11
3149	173.8769936	-4.146905042e-11
3150	173.8669233	-2.342837035e-11
3151	173.8568472	-5.401901149e-12
3152	173.8467652	-5.999645225e-11
3153	173.8366773	-4.196998304e-11
3154	173.8265835	-2.39452902e-11
3155	173.8164838	-5.933031844e-12
3156	173.8063783	1.206856837e-11
3157	173.796267	3.005951044e-11
3158	173.7861497	-2.445865732e-11
3159	173.7760266	-6.464162539e-12
3160	173.7658977	1.152145046e-11
3161	173.7557629	2.94928526e-11
3162	173.7456222	-2.496491902e-11
3163	173.7354757	-7.940315072e-11
3164	173.7253233	-6.142109044e-11
3165	173.7151651	-4.344258286e-11
3166	173.705001	-2.547473343e-11
3167	173.6948311	-7.519318501e-12
3168	173.6846553	1.042543829e-11
3169	173.6744736	-4.393463371e-11
3170	173.6642862	-2.59863242e-11
3171	173.6540929	-8.046896482e-12
3172	173.6438937	9.880096741e-12
3173	173.6336887	2.779998454e-11
3174	173.6234779	-2.64925859e-11
3175	173.6132612	-8.574474464e-12
3176	173.6030387	9.338307905e-12
3177	173.5928103	-4.490807726e-11
3178	173.5825761	-2.69988476e-11
3179	173.5723361	-9.094947018e-12
3180	173.5620903	-6.329692326e-11
3181	173.5518386	-4.54001281e-11
3182	173.5415811	-2.750333294e-11
3183	173.5313178	-9.617195929e-12
3184	173.5210486	8.254730233e-12
3185	173.5107737	-4.588507352e-11
3186	173.5004929	-2.800959464e-11
3187	173.4902063	-1.014299755e-11
3188	173.4799138	7.71116504e-12
3189	173.4696156	2.555822221e-11
3190	173.4593115	4.339639759e-11
3191	173.4490016	-1.066169375e-11
3192	173.438686	-6.46984688e-11
3193	173.4283645	-4.684785893e-11
3194	173.4180371	-2.900968354e-11
3195	173.407704	-1.118394266e-11
3196	173.3973651	-6.515676887e-11
3197	173.3870204	-4.732925163e-11
3198	173.3766699	-2.950883982e-11
3199	173.3663135	-1.170263886e-11
3200	173.3559514	6.09823303e-12
3201	173.3455835	2.388844678e-11
3202	173.3352097	-3.00115488e-11
3203	173.3248302	-1.222311141e-11
3204	173.3144449	5.559996907e-12
3205	173.3040538	2.333422344e-11
3206	173.2936569	4.109779184e-11
3207	173.2832542	-8.432010645e-11
3208	173.2728457	-6.653877449e-11
3209	173.2624315	-4.876810067e-11
3210	173.2520114	-3.100453227e-11
3211	173.2415856	-1.324984567e-11
3212	173.231154	4.494182804e-12
3213	173.2207166	-4.924594066e-11
3214	173.2102735	-3.150013583e-11
3215	173.1998245	-1.376498915e-11
3216	173.1893698	3.959499395e-12
3217	173.1789093	2.167510615e-11
3218	173.168443	-3.199751575e-11
3219	173.157971	-1.428190899e-11
3220	173.1474932	3.426592343e-12
3221	173.1370096	2.112798825e-11
3222	173.1265203	-3.248601388e-11
3223	173.1160252	-1.478639433e-11
3224	173.1055243	-6.836131661e-11
3225	173.0950177	-5.066524977e-11
3226	173.0845053	-3.297984108e-11
3227	173.0739871	-1.529976146e-11
3228	173.0634632	2.369660024e-12
3229	173.0529336	-5.114131341e-11
3230	173.0423982	-3.347366828e-11
3231	173.031857	-1.580957587e-11
3232	173.0213101	1.840305686e-12
3233	173.0107574	1.948308181e-11
3234	173.000199	3.711164709e-11
3235	172.9896348	-1.631761393e-11
3236	172.9790649	1.312727704e-12
3237	172.9684893	-5.207745346e-11
3238	172.9579079	-3.444711183e-11
3239	172.9473208	-1.682742834e-11
3240	172.9367279	-7.016964787e-11
3241	172.9261293	-5.254463531e-11
3242	172.915525	-3.493560996e-11
3243	172.9049149	-1.733369004e-11
3244	172.8942991	2.611244554e-13
3245	172.8836775	1.784883352e-11
3246	172.8730503	-3.542055538e-11
3247	172.8624173	-1.783462267e-11
3248	172.8517786	-2.629008122e-13
3249	172.8411341	1.730171562e-11
3250	172.830484	3.485389755e-11
3251	172.8198281	-1.834443708e-11
3252	172.8091665	-7.150724457e-11
3253	172.7984992	-5.394085179e-11
3254	172.7878261	-3.63868935e-11
3255	172.7771474	-1.883826428e-11
3256	172.7664629	-1.305622277e-12
3257	172.7557727	-5.440625728e-11
3258	172.7450768	-3.687183892e-11
3259	172.7343752	-1.934097327e-11
3260	172.7236679	-1.827871188e-12
3261	172.7129549	1.567812546e-11
3262	172.7022362	-3.734790255e-11
3263	172.6915118	-1.984545861e-11
3264	172.6807817	-2.346567385e-12
3265	172.6700459	1.51416657e-11
3266	172.6593043	3.261924064e-11
3267	172.6485571	-2.033928581e-11
3268	172.6378042	-7.327471963e-11
3269	172.6270456	-5.57882629e-11
3270	172.6162814	-3.83089116e-11
3271	172.6055114	-2.083666573e-11
3272	172.5947357	-3.378630709e-12
3273	172.5839544	-5.624656296e-11
3274	172.5731673	-3.878497523e-11
3275	172.5623746	-2.133759835e-11
3276	172.5515762	-3.895550549e-12
3277	172.5407721	1.353583912e-11
3278	172.5299624	3.095301793e-11
3279	172.5191469	-2.183142556e-11
3280	172.5083258	-4.408917675e-12
3281	172.497499	1.299937935e-11
3282	172.4866666	-3.973354978e-11
3283	172.4758285	-2.23234764e-11
3284	172.4649847	-7.502265476e-11
3285	172.4541352	-5.761080502e-11
3286	172.4432801	-4.020961342e-11
3287	172.4324193	-2.281552725e-11
3288	172.4215528	-5.435651929e-12
3289	172.4106807	1.193711796e-11
3290	172.3998029	-4.068212434e-11
3291	172.3889195	-2.330757809e-11
3292	172.3780304	-5.947242698e-12
3293	172.3671356	1.140421091e-11
3294	172.3562352	2.874855909e-11
3295	172.3453292	-2.3804958e-11
3296	172.3344175	-6.460609825e-12
3297	172.3235002	-5.896083621e-11
3298	172.3125772	-4.162004075e-11
3299	172.3016485	-2.428635071e-11
3300	172.2907142	-6.96331881e-12
3301	172.2797743	-5.941025449e-11
3302	172.2688288	-4.208899895e-11
3303	172.2578775	-2.477484884e-11
3304	172.2469207	-7.471356867e-12
3305	172.2359582	9.823253322e-12
3306	172.2249901	-4.255440444e-11
3307	172.2140164	-2.526157061e-11
3308	172.203037	-7.982947636e-12
3309	172.192052	9.293898984e-12
3310	172.1810614	2.655653475e-11
3311	172.1700651	4.381028873e-11
3312	172.1590633	-7.802647417e-11
3313	172.1480558	-6.074785119e-11
3314	172.1370426	-4.348343907e-11
3315	172.1260239	-2.622790873e-11
3316	172.1149995	-8.984812894e-12
3317	172.1039696	-6.119371676e-11
3318	172.092934	-4.395239728e-11
3319	172.0818928	-2.671640686e-11
3320	172.070846	-9.49285095e-12
3321	172.0597936	7.723599538e-12
3322	172.0487355	2.49329446e-11
3323	172.0376719	-2.719779957e-11
3324	172.0266027	-9.995559935e-12
3325	172.0155278	7.201350627e-12
3326	172.0044474	2.43893794e-11
3327	171.9933613	-2.767563956e-11
3328	171.9822697	-1.048761078e-11
3329	171.9711725	-6.251532625e-11
3330	171.9600696	-4.533085018e-11
3331	171.9489612	-2.81552559e-11
3332	171.9378472	-1.098854341e-11
3333	171.9267276	6.167510946e-12
3334	171.9156024	-4.578737389e-11
3335	171.9044716	-2.863487225e-11
3336	171.8933353	-1.148947604e-11
3337	171.8821933	5.643485679e-12
3338	171.8710458	2.276934197e-11
3339	171.8598927	3.988631647e-11
3340	171.848734	-1.198685595e-11
3341	171.8375697	5.128342195e-12
3342	171.8263999	-4.670219766e-11
3343	171.8152245	-2.95834468e-11
3344	171.8040435	-1.247713044e-11
3345	171.7928569	-6.426326138e-11
3346	171.7816648	-4.715872137e-11
3347	171.7704671	-3.005773408e-11
3348	171.7592639	-1.2972734e-11
3349	171.748055	4.101607942e-12
3350	171.7368407	2.116529174e-11
3351	171.7256207	-3.0530245e-11
3352	171.7143952	-1.346833756e-11
3353	171.7031642	3.588240816e-12
3354	171.6919276	2.063238469e-11
3355	171.6806854	3.766409407e-11
3356	171.6694377	-1.396216476e-11
3357	171.6581844	-6.555112009e-11
3358	171.6469256	-4.851052893e-11
3359	171.6356612	-3.147349048e-11
3360	171.6243913	-1.444711017e-11
3361	171.6131159	2.566835633e-12
3362	171.6018349	-4.896172356e-11
3363	171.5905483	-3.194244869e-11
3364	171.5792563	-1.493560831e-11
3365	171.5679587	2.058797577e-12
3366	171.5566555	1.90389926e-11
3367	171.5453468	-3.241140689e-11
3368	171.5340326	-1.542943551e-11
3369	171.5227129	1.548983164e-12
3370	171.5113876	1.851319098e-11
3371	171.5000568	3.54649643e-11
3372	171.4887205	-1.591082821e-11
3373	171.4773786	-6.726175172e-11
3374	171.4660313	-5.029576755e-11
3375	171.4546784	-3.334044152e-11
3376	171.44332	-1.639932634e-11
3377	171.431956	5.382361223e-13
3378	171.4205866	-5.07380804e-11
3379	171.4092116	-3.380584701e-11
3380	171.3978312	-1.68824954e-11
3381	171.3864452	3.019806627e-14
3382	171.3750537	1.693578611e-11
3383	171.3636567	3.382716329e-11
3384	171.3522542	-1.736388811e-11
3385	171.3408462	-4.742872761e-13
3386	171.3294327	1.640820813e-11
3387	171.3180137	-3.47242235e-11
3388	171.3065892	-1.784528081e-11
3389	171.2951592	-6.894218529e-11
3390	171.2837237	-5.206146625e-11
3391	171.2722827	-3.518962899e-11
3392	171.2608362	-1.832844987e-11
3393	171.2493843	-1.474376177e-12
3394	171.2379268	1.536548666e-11
3395	171.2264639	-3.56461527e-11
3396	171.2149954	-1.880806622e-11
3397	171.2035215	-1.973532449e-12
3398	171.1920421	1.484323775e-11
3399	171.1805572	3.165645523e-11
3400	171.1690669	-1.928412985e-11
3401	171.1575711	-2.474465077e-12
3402	171.1460698	1.432809427e-11
3403	171.134563	-3.655742375e-11
3404	171.1230507	-1.975664077e-11
3405	171.111533	-2.968292279e-12
3406	171.1000098	-5.380051959e-11
3407	171.0884811	-3.701394746e-11
3408	171.076947	-2.023625711e-11
3409	171.0654074	-3.465672194e-12
3410	171.0538624	1.329425459e-11
3411	171.0423119	-3.746691846e-11
3412	171.0307559	-2.070876803e-11
3413	171.0191945	-3.959499395e-12
3414	171.0076276	1.277555839e-11
3415	170.9960553	2.950883982e-11
3416	170.9844775	4.622613403e-11
3417	170.9728943	-4.455102953e-12
3418	170.9613056	-5.51008128e-11
3419	170.9497115	-3.836930773e-11
3420	170.9381119	-2.165023716e-11
3421	170.9265069	-4.945377441e-12
3422	170.9148964	-5.55289148e-11
3423	170.9032806	-3.881872601e-11
3424	170.8916592	-2.212097172e-11
3425	170.8800325	-5.435651929e-12
3426	170.8684003	1.124078608e-11
3427	170.8567626	2.790478959e-11
3428	170.8451196	-2.259348264e-11
3429	170.8334711	-5.922373703e-12
3430	170.8218172	1.072919531e-11
3431	170.8101578	2.737188254e-11
3432	170.798493	4.400746434e-11
3433	170.7868228	-7.345946074e-11
3434	170.7751472	-5.680256265e-11
3435	170.7634662	-4.015809907e-11
3436	170.7517798	-2.352429362e-11
3437	170.7400879	-6.899369964e-12
3438	170.7283906	9.714895555e-12
3439	170.7166879	-4.060396464e-11
3440	170.7049798	-2.398969912e-11
3441	170.6932663	-7.386091738e-12
3442	170.6815474	9.206857499e-12
3443	170.6698231	2.579092495e-11
3444	170.6580934	-2.445155189e-11
3445	170.6463582	-7.872813512e-12
3446	170.6346177	8.698819443e-12
3447	170.6228718	2.526157061e-11
3448	170.6111205	-2.490985196e-11
3449	170.5993638	-8.354206216e-12
3450	170.5876017	-5.848654894e-11
3451	170.5758342	-4.192735048e-11
3452	170.5640613	-2.537170474e-11
3453	170.552283	-8.833822562e-12
3454	170.5404993	7.693401471e-12
3455	170.5287103	-4.236433426e-11
3456	170.5169159	-2.583178116e-11
3457	170.5051161	-9.316991623e-12
3458	170.4933109	7.1942452e-12
3459	170.4815003	2.36859421e-11
3460	170.4696844	4.017763899e-11
3461	170.457863	-9.796607969e-12
3462	170.4460364	6.689759857e-12
3463	170.4342043	-4.323474911e-11
3464	170.4223669	-2.674838129e-11
3465	170.4105241	-1.027444796e-11
3466	170.3986759	-6.014744258e-11
3467	170.3868224	-4.366818018e-11
3468	170.3749635	-2.7204905e-11
3469	170.3630993	-1.075051159e-11
3470	170.3512297	5.689670957e-12
3471	170.3393547	2.212985351e-11
3472	170.3274744	-2.765787599e-11
3473	170.3155887	-1.122657523e-11
3474	170.3036977	5.195843755e-12
3475	170.2918014	2.161115731e-11
3476	170.2798996	3.801226001e-11
3477	170.2679926	-1.170263886e-11
3478	170.2560802	-6.137845787e-11
3479	170.2441624	-4.496669703e-11
3480	170.2322393	-2.856026526e-11
3481	170.2203109	-1.216982071e-11
3482	170.2083772	4.209965709e-12
3483	170.1964381	-4.539302267e-11
3484	170.1844936	-2.901501261e-11
3485	170.1725439	-1.264410798e-11
3486	170.1605888	3.714362151e-12
3487	170.1486283	2.006217414e-11
3488	170.1366626	-2.94644309e-11
3489	170.1246915	-1.311306619e-11
3490	170.1127151	3.224087664e-12
3491	170.1007334	1.955058337e-11
3492	170.0887464	3.586464459e-11
3493	170.076754	-1.358202439e-11
3494	170.0647563	-6.299849531e-11
3495	170.0527533	-4.66719996e-11
3496	170.040745	-3.035438567e-11
3497	170.0287314	-1.404742989e-11
3498	170.0167125	2.245315045e-12
3499	170.0046883	-4.709477253e-11
3500	169.9926587	-3.079847488e-11
3501	169.9806239	-1.451638809e-11
3502	169.9685838	1.756816914e-12
3503	169.9565383	1.801758742e-11
3504	169.9444876	3.426592343e-11
3505	169.9324316	-1.498179358e-11
3506	169.9203702	1.268318783e-12
3507	169.9083036	1.751310208e-11
3508	169.8962317	-3.168310059e-11
3509	169.8841545	-1.544009365e-11
3510	169.872072	-6.459366375e-11
3511	169.8599842	-4.835598588e-11
3512	169.8478912	-3.21271898e-11
3513	169.8357928	-1.590372278e-11
3514	169.8236892	3.037570195e-13
3515	169.8115803	1.650057868e-11
3516	169.7994661	-3.256417358e-11
3517	169.7873467	-1.636912828e-11
3518	169.7752219	-1.811883976e-13
3519	169.7630919	1.599431698e-11
3520	169.7509567	3.216094058e-11
3521	169.7388161	-1.682565198e-11
3522	169.7266703	-6.643574579e-13
3523	169.7145192	-4.960298838e-11
3524	169.7023629	-3.343636479e-11
3525	169.6902013	-1.728039933e-11
3526	169.6780345	-1.140421091e-12
3527	169.6658624	-5.001687953e-11
3528	169.653685	-3.387334857e-11
3529	169.6415024	-1.77386994e-11
3530	169.6293145	-1.618261081e-12
3531	169.6171214	1.44915191e-11
3532	169.604923	-3.430500328e-11
3533	169.5927194	-1.819344675e-11
3534	169.5805105	-2.101430141e-12
3535	169.5682964	1.398703375e-11
3536	169.5560771	3.006483951e-11
3537	169.5438525	4.613198712e-11
3538	169.5316227	-6.733635871e-11
3539	169.5193876	-5.124789482e-11
3540	169.5071473	-3.517008906e-11
3541	169.4949018	-1.910294145e-11
3542	169.482651	-3.048228336e-12
3543	169.470395	-5.165645689e-11
3544	169.4581338	-3.559996742e-11
3545	169.4458674	-1.955235973e-11
3546	169.4335957	-3.520739256e-12
3547	169.4213189	1.249844672e-11
3548	169.4090367	2.850697456e-11
3549	169.3967494	-2.000533073e-11
3550	169.3844569	-3.993250175e-12
3551	169.3721591	1.200461952e-11
3552	169.3598562	2.799183108e-11
3553	169.347548	-2.044941994e-11
3554	169.3352346	-6.886935466e-11
3555	169.322916	-5.287148497e-11
3556	169.3105922	-3.688427341e-11
3557	169.2982632	-2.090416729e-11
3558	169.285929	-4.931166586e-12
3559	169.2735896	1.102407055e-11
3560	169.261245	-3.730349363e-11
3561	169.2488952	-2.13482565e-11
3562	169.2365403	-5.400124792e-12
3563	169.2241801	1.053024334e-11
3564	169.2118147	2.645705877e-11
3565	169.1994441	-2.179589842e-11
3566	169.1870684	-5.872635711e-12
3567	169.1746875	1.003996886e-11
3568	169.1623014	-3.814193406e-11
3569	169.1499101	-2.223643492e-11
3570	169.1375136	-6.334488489e-12
3571	169.1251119	-5.446665341e-11
3572	169.1127051	-3.856115427e-11
3573	169.1002931	-2.26734187e-11
3574	169.0878759	-6.796341268e-12
3575	169.0754536	9.066525308e-12
3576	169.063026	-3.898747991e-11
3577	169.0505934	-2.311750791e-11
3578	169.0381555	-7.261746759e-12
3579	169.0257125	8.586908962e-12
3580	169.0132643	2.441780111e-11
3581	169.000811	4.024514055e-11
3582	168.9883525	-7.720046824e-12
3583	168.9758888	-5.564615435e-11
3584	168.96342	-3.981170948e-11
3585	168.9509461	-2.399147547e-11
3586	168.938467	-8.178346889e-12
3587	168.9259827	-5.604050557e-11
3588	168.9134933	-4.02309297e-11
3589	168.9009988	-2.443201197e-11
3590	168.8884991	-8.643752381e-12
3591	168.8759942	7.137401781e-12
3592	168.8634843	2.291145051e-11
3593	168.8509692	-2.486189032e-11
3594	168.8384489	-9.098499731e-12
3595	168.8259235	6.661338148e-12
3596	168.813393	2.240341246e-11
3597	168.8008574	3.813838134e-11
3598	168.7883166	-7.295852811e-11
3599	168.7757707	-5.720579566e-11
3600	168.7632197	-4.146372135e-11
3601	168.7506636	-2.572875246e-11
3602	168.7381023	-1.000444172e-11
3603	168.7255359	5.705658168e-12
3604	168.7129644	-4.18687307e-11
3605	168.7003878	-2.615863082e-11
3606	168.6878061	-1.046274178e-11
3607	168.6752192	5.229594535e-12
3608	168.6626273	2.090416729e-11
3609	168.6500302	-2.659206189e-11
3610	168.6374281	-1.091393642e-11
3611	168.6248208	4.749978189e-12
3612	168.6122084	2.040678737e-11
3613	168.5995909	-2.701483481e-11
3614	168.5869684	-1.136157834e-11
3615	168.5743407	-5.874056797e-11
3616	168.5617079	-4.308020607e-11
3617	168.5490701	-2.744116046e-11
3618	168.5364271	-1.180922027e-11
3619	168.5237791	3.812061777e-12
3620	168.511126	-4.349232086e-11
3621	168.4984677	-2.787103881e-11
3622	168.4858044	-1.225686219e-11
3623	168.4731361	3.339550858e-12
3624	168.4604626	1.892530577e-11
3625	168.4477841	3.450040253e-11
3626	168.4351005	-1.270805683e-11
3627	168.4224118	2.867039939e-12
3628	168.409718	-4.428812872e-11
3629	168.3970192	-2.870947924e-11
3630	168.3843153	-1.314859333e-11
3631	168.3716063	-6.025047128e-11
3632	168.3588923	-4.468958537e-11
3633	168.3461732	-2.913225217e-11
3634	168.333449	-1.359268254e-11
3635	168.3207198	1.939781669e-12
3636	168.3079855	1.74544823e-11
3637	168.2952462	-2.955502509e-11
3638	168.2825018	-1.403321903e-11
3639	168.2697524	1.467270749e-12
3640	168.2569979	1.696776053e-11
3641	168.2442383	3.245403946e-11
3642	168.2314737	-1.447730824e-11
3643	168.2187041	-6.136247066e-11
3644	168.2059294	-4.586908631e-11
3645	168.1931497	-3.038280738e-11
3646	168.180365	-1.491073931e-11
3647	168.1675752	5.506706202e-13
3648	168.1547804	-4.625988481e-11
3649	168.1419805	-3.08020276e-11
3650	168.1291756	-1.535482852e-11
3651	168.1163657	8.526512829e-14
3652	168.1035507	1.551470064e-11
3653	168.0907308	-3.121414238e-11
3654	168.0779058	-1.578825959e-11
3655	168.0650758	-3.730349363e-13
3656	168.0522407	1.502797886e-11
3657	168.0394007	3.041833452e-11
3658	168.0265556	-1.621813794e-11
3659	168.0137055	-6.282974141e-11
3660	168.0008504	-4.742872761e-11
3661	167.9879903	-3.203481924e-11
3662	167.9751252	-1.665512173e-11
3663	167.962255	-1.286082352e-12
3664	167.9493799	-4.781242069e-11
3665	167.9364998	-3.244693403e-11
3666	167.9236146	-1.70885528e-11
3667	167.9107245	-1.744382416e-12
3668	167.8978293	1.359268254e-11
3669	167.8849292	2.891553663e-11
3670	167.8720241	-1.752198386e-11
3671	167.859114	-2.199129767e-12
3672	167.8461989	1.310951347e-11
3673	167.8332788	-3.325695275e-11
3674	167.8203537	-1.794830951e-11
3675	167.8074236	-6.427569588e-11
3676	167.7944886	-4.896349992e-11
3677	167.7815486	-3.366551482e-11
3678	167.7686035	-1.837108243e-11
3679	167.7556536	-3.097966328e-12
3680	167.7426986	1.216449164e-11
3681	167.7297387	-3.406341875e-11
3682	167.7167738	-1.880096079e-11
3683	167.7038039	-3.549160965e-12
3684	167.6908291	1.169198072e-11
3685	167.6778493	2.692601697e-11
3686	167.6648645	-1.922728643e-11
3687	167.6518748	-3.996802889e-12
3688	167.6388801	-5.009681558e-11
3689	167.6258804	-3.486633204e-11
3690	167.6128758	-1.965005936e-11
3691	167.5998663	-4.444444812e-12
3692	167.5868518	-5.047695595e-11
3693	167.5738323	-3.526778869e-11
3694	167.5608079	-2.006927957e-11
3695	167.5477786	-4.884981308e-12
3696	167.5347443	1.027800067e-11
3697	167.521705	-3.566569262e-11
3698	167.5086609	-2.04920525e-11
3699	167.4956117	-5.332623232e-12
3700	167.4825577	9.816147895e-12
3701	167.4694987	2.495070817e-11
3702	167.4564348	4.00746103e-11
3703	167.4433659	-6.673772646e-11
3704	167.4302922	-5.158895533e-11
3705	167.4172135	-3.645084234e-11
3706	167.4041298	-2.132694021e-11
3707	167.3910413	-6.217248938e-12
3708	167.3779478	-5.196199027e-11
3709	167.3648494	-3.684874628e-11
3710	167.3517461	-2.174616043e-11
3711	167.3386379	-6.65423272e-12
3712	167.3255247	8.423484132e-12
3713	167.3124067	2.348699013e-11
3714	167.2992837	-2.216182793e-11
3715	167.2861558	-7.094769217e-12
3716	167.2730231	7.961631354e-12
3717	167.2598854	2.300382107e-11
3718	167.2467428	-2.257039e-11
3719	167.2335953	-6.811262665e-11
3720	167.220443	-5.305977879e-11
3721	167.2072857	-3.801403636e-11
3722	167.1941235	-2.29860575e-11
3723	167.1809565	-7.965184068e-12
3724	167.1677845	7.045031225e-12
3725	167.1546077	-3.839772944e-11
3726	167.1414259	-2.3401725e-11
3727	167.1282393	-8.40216785e-12
3728	167.1150478	6.583178447e-12
3729	167.1018515	2.155076118e-11
3730	167.0886502	-2.380673436e-11
3731	167.0754441	-8.839151633e-12
3732	167.0622331	6.128431096e-12
3733	167.0490172	-3.916866831e-11
3734	167.0357965	-2.421174372e-11
3735	167.0225709	-9.261924561e-12
3736	167.0093404	-5.450218055e-11
3737	166.996105	-3.95559141e-11
3738	166.9828648	-2.461675308e-11
3739	166.9696198	-9.688250202e-12
3740	166.9563698	5.218936394e-12
3741	166.943115	-3.993250175e-11
3742	166.9298554	-2.502176244e-11
3743	166.9165909	-1.012523398e-11
3744	166.9033216	4.767741757e-12
3745	166.8900474	1.964295393e-11
3746	166.8767683	3.450750796e-11
3747	166.8634844	-1.054800691e-11
3748	166.8501957	-5.556799465e-11
3749	166.8369021	-4.068922976e-11
3750	166.8236037	-2.582467573e-11
3751	166.8103005	-1.097433255e-11
3752	166.7969924	-5.592326602e-11
3753	166.7836794	-4.106937013e-11
3754	166.7703617	-2.622613238e-11
3755	166.7570391	-1.139710548e-11
3756	166.7437117	3.421263273e-12
3757	166.7303795	1.822897389e-11
3758	166.7170424	-2.66204836e-11
3759	166.7037005	-1.181987841e-11
3760	166.6903538	2.973621349e-12
3761	166.6770023	1.775291025e-11
3762	166.663646	3.252154102e-11
3763	166.6502848	-7.176481631e-11
3764	166.6369188	-5.696776384e-11
3765	166.6235481	-4.218492222e-11
3766	166.6101725	-2.741629146e-11
3767	166.5967921	-1.265831884e-11
3768	166.5834069	2.085442929e-12
3769	166.5700169	-4.255440444e-11
3770	166.5566221	-2.781064268e-11
3771	166.5432225	-1.307398634e-11
3772	166.5298181	1.648459147e-12
3773	166.516409	1.635314106e-11
3774	166.502995	-2.820144118e-11
3775	166.4895762	-1.349675927e-11
3776	166.4761527	1.204369937e-12
3777	166.4627243	1.588773557e-11
3778	166.4492912	-2.859223969e-11
3779	166.4358533	-1.390887405e-11
3780	166.4224106	-5.833911132e-11
3781	166.4089631	-4.365574569e-11
3782	166.3955109	-2.897948548e-11
3783	166.3820539	-1.432454155e-11
3784	166.3685921	3.304023721e-13
3785	166.3551255	-4.402167519e-11
3786	166.3416542	-2.937028398e-11
3787	166.3281781	-1.473665634e-11
3788	166.3146972	-1.065814104e-13
3789	166.3012116	1.450572995e-11
3790	166.2877212	2.910383046e-11
3791	166.274226	-1.514521841e-11
3792	166.2607261	-5.471179065e-13
3793	166.2472215	-4.474287607e-11
3794	166.2337121	-3.014477556e-11
3795	166.2201979	-1.555022777e-11
3796	166.206679	-5.968914252e-11
3797	166.1931553	-4.509814744e-11
3798	166.1796269	-3.052491593e-11
3799	166.1660938	-1.596234256e-11
3800	166.1525559	-1.41042733e-12
3801	166.1390133	1.313082976e-11
3802	166.1254659	-3.090860901e-11
3803	166.1119138	-1.637090463e-11
3804	166.098357	-1.840305686e-12
3805	166.0847954	1.267608241e-11
3806	166.0712291	2.717470693e-11
3807	166.0576581	-1.677236128e-11
3808	166.0440824	-6.068745506e-11
3809	166.0305019	-4.617106697e-11
3810	166.0169167	-3.166178431e-11
3811	166.0033268	-1.717381792e-11
3812	165.9897322	-2.692956969e-12
3813	165.9761329	-4.652278562e-11
3814	165.9625288	-3.204192467e-11
3815	165.94892	-1.757882728e-11
3816	165.9353066	-3.122835324e-12
3817	165.9216884	1.132605121e-11
3818	165.9080655	-3.241851232e-11
3819	165.8944379	-1.797673121e-11
3820	165.8808056	-3.545608251e-12
3821	165.8671687	1.086775114e-11
3822	165.853527	2.527755782e-11
3823	165.8398806	-1.836752972e-11
3824	165.8262295	-6.199130098e-11
3825	165.8125738	-4.757438887e-11
3826	165.7989133	-3.316458219e-11
3827	165.7852482	-1.876898637e-11
3828	165.7715783	-4.394706821e-12
3829	165.7579038	-4.791544939e-11
3830	165.7442247	-3.353406441e-11
3831	165.7305408	-1.91668903e-11
3832	165.7168522	-4.810374321e-12
3833	165.703159	9.5319308e-12
3834	165.6894611	2.387068321e-11
3835	165.6757586	-1.956124152e-11
3836	165.6620513	-5.229594535e-12
3837	165.6483395	9.091394304e-12
3838	165.6346229	-3.427302886e-11
3839	165.6209017	-1.995559273e-11
3840	165.6071758	-6.326672519e-11
3841	165.5934452	-4.894573635e-11
3842	165.57971	-3.463540565e-11
3843	165.5659702	-2.034639124e-11
3844	165.5522257	-6.060929536e-12
3845	165.5384765	8.213874025e-12
3846	165.5247227	-3.500844059e-11
3847	165.5109642	-2.073363703e-11
3848	165.4972011	-6.473044323e-12
3849	165.4834334	7.769784816e-12
3850	165.469661	2.200195581e-11
3851	165.455884	3.622702138e-11
3852	165.4421023	-6.892264537e-12
3853	165.4283161	-4.996891789e-11
3854	165.4145251	-3.572608875e-11
3855	165.4007296	-2.150812861e-11
3856	165.3869294	-7.293721183e-12
3857	165.3731246	-5.029576755e-11
3858	165.3593151	-3.609201826e-11
3859	165.3455011	-2.189182169e-11
3860	165.3316824	-7.709388683e-12
3861	165.3178591	6.462386182e-12
3862	165.3040312	2.062705562e-11
3863	165.2901987	-2.227551477e-11
3864	165.2763615	-8.117950756e-12
3865	165.2625198	6.028955113e-12
3866	165.2486734	2.016520284e-11
3867	165.2348225	3.428723971e-11
3868	165.2209669	-6.544098596e-11
3869	165.2071068	-5.129763281e-11
3870	165.193242	-3.715783237e-11
3871	165.1793726	-2.303579549e-11
3872	165.1654987	-8.927969475e-12
3873	165.1516201	5.172751116e-12
3874	165.137737	-3.751310373e-11
3875	165.1238492	-2.341593586e-11
3876	165.1099569	-9.332978834e-12
3877	165.09606	4.742872761e-12
3878	165.0821585	1.880096079e-11
3879	165.0682524	-2.379252351e-11
3880	165.0543418	-9.73443548e-12
3881	165.0404265	4.312994406e-12
3882	165.0265067	1.834976615e-11
3883	165.0125823	-2.416911116e-11
3884	164.9986534	-1.01287867e-11
3885	164.9847199	-5.260503144e-11
3886	164.9707818	-3.85682597e-11
3887	164.9568391	-2.454214609e-11
3888	164.9428919	-1.053024334e-11
3889	164.9289401	3.467448551e-12
3890	164.9149838	-3.891287292e-11
3891	164.9010229	-2.491518103e-11
3892	164.8870574	-1.093169999e-11
3893	164.8730874	3.044675623e-12
3894	164.8591129	1.700684038e-11
3895	164.8451338	3.095124157e-11
3896	164.8311501	-1.132605121e-11
3897	164.817162	2.618349981e-12
3898	164.8031692	-3.959854666e-11
3899	164.7891719	-2.565414547e-11
3900	164.7751701	-1.1713297e-11
3901	164.7611638	-5.388045565e-11
3902	164.7471529	-3.994315989e-11
3903	164.7331375	-2.602007498e-11
3904	164.7191175	-1.211120093e-11
3905	164.7050931	1.783462267e-12
3906	164.691064	1.567102004e-11
3907	164.6770305	-2.639310992e-11
3908	164.6629925	-1.250199944e-11
3909	164.6489499	1.367794766e-12
3910	164.6349028	1.523048354e-11
3911	164.6208512	2.907540875e-11
3912	164.6067951	-1.289990337e-11
3913	164.5927345	-5.482192478e-11
3914	164.5786693	-4.096278872e-11
3915	164.5645997	-2.71143108e-11
3916	164.5505255	-1.328004373e-11
3917	164.5364469	5.400124792e-13
3918	164.5223637	-4.130384923e-11
3919	164.5082761	-2.748024031e-11
3920	164.4941839	-1.367084224e-11
3921	164.4800873	1.278976924e-13
3922	164.4659862	1.391242677e-11
3923	164.4518805	-2.783551167e-11
3924	164.4377704	-1.405453531e-11
3925	164.4236558	-2.806643806e-13
3926	164.4095367	1.347544298e-11
3927	164.3954131	2.721733949e-11
3928	164.3812851	-1.443467568e-11
3929	164.3671526	-5.605826914e-11
3930	164.3530155	-4.229505635e-11
3931	164.3388741	-2.854960712e-11
3932	164.3247281	-1.481836875e-11
3933	164.3105777	-1.097788527e-12
3934	164.2964228	-4.262901143e-11
3935	164.2822634	-2.89084312e-11
3936	164.2680996	-1.520206183e-11
3937	164.2539313	-1.499245172e-12
3938	164.2397586	1.21822552e-11
3939	164.2255814	2.584954473e-11
3940	164.2113997	-1.557864948e-11
3941	164.1972136	-1.911359959e-12
3942	164.1830231	1.174882414e-11
3943	164.168828	-2.961186851e-11
3944	164.1546286	-1.595168442e-11
3945	164.1404247	-5.726263907e-11
3946	164.1262163	-4.360600769e-11
3947	164.1120035	-2.996358717e-11
3948	164.0977863	-1.633182478e-11
3949	164.0835647	-2.710720537e-12
3950	164.0693386	1.089262014e-11
3951	164.055108	-3.031175311e-11
3952	164.0408731	-1.6701307e-11
3953	164.0266337	-3.112177183e-12
3954	164.0123899	1.046984721e-11
3955	163.9981416	2.403410804e-11
3956	163.983889	-1.707789465e-11
3957	163.9696319	-3.513633828e-12
3958	163.9553704	-4.457234581e-11
3959	163.9411045	-3.100097956e-11
3960	163.9268341	-1.744737688e-11
3961	163.9125594	-3.907985047e-12
3962	163.8982802	-4.489209005e-11
3963	163.8839967	-3.134559279e-11
3964	163.8697087	-1.78168591e-11
3965	163.8554163	-4.298783551e-12
3966	163.8411196	9.201528428e-12
3967	163.8268184	-3.169375873e-11
3968	163.8125128	-1.818634132e-11
3969	163.7982029	-4.700240197e-12
3970	163.7838885	8.782308214e-12
3971	163.7695698	2.224709306e-11
3972	163.7552467	3.570121976e-11
3973	163.7409191	-5.931610758e-11
3974	163.7265872	-4.583355917e-11
3975	163.7122509	-3.237232704e-11
3976	163.6979103	-1.891464763e-11
3977	163.6835652	-5.478284493e-12
3978	163.6692158	-4.614619797e-11
3979	163.654862	-3.270983484e-11
3980	163.6405039	-1.928057713e-11
3981	163.6261413	-5.86197757e-12
3982	163.6117744	7.535305713e-12
3983	163.5974032	2.091837814e-11
3984	163.5830275	-1.964650664e-11
3985	163.5686476	-6.252776075e-12
3986	163.5542632	7.123190926e-12
3987	163.5398745	2.048139436e-11
3988	163.5254814	-1.99982253e-11
3989	163.511084	-6.044942324e-11
3990	163.4966823	-4.707345624e-11
3991	163.4822761	-3.37117001e-11
3992	163.4678657	-2.036060209e-11
3993	163.4534509	-7.020162229e-12
3994	163.4390317	6.298961353e-12
3995	163.4246083	-3.404210247e-11
3996	163.4101804	-2.071942617e-11
3997	163.3957483	-7.40740802e-12
3998	163.3813118	5.893951993e-12
3999	163.366871	1.917754844e-11
4000	163.3524258	-2.107469754e-11
4001	163.3379763	-7.787548384e-12
4002	163.3235225	5.48538992e-12
4003	163.3090644	-3.46993545e-11
4004	163.2946019	-2.14264162e-11
4005	163.2801352	-8.164136034e-12
4006	163.2656641	-4.828493161e-11
4007	163.2511887	-3.502265145e-11
4008	163.236709	-2.177813485e-11
4009	163.222225	-8.544276398e-12
4010	163.2077366	4.675371201e-12
4011	163.193244	-3.53495011e-11
4012	163.1787471	-2.212985351e-11
4013	163.1642458	-8.920864047e-12
4014	163.1497403	4.273914556e-12
4015	163.1352305	1.74544823e-11
4016	163.1207163	3.062439191e-11
4017	163.1061979	-9.293898984e-12
4018	163.0916752	-4.917311003e-11
4019	163.0771482	-3.599254228e-11
4020	163.0626169	-2.282618539e-11
4021	163.0480813	-9.66693392e-12
4022	163.0335415	-4.946798526e-11
4023	163.0189973	-3.63087338e-11
4024	163.0044489	-2.317079861e-11
4025	162.9898962	-1.003641614e-11
4026	162.9753392	3.076650046e-12
4027	162.960778	1.617905809e-11
4028	162.9462125	-2.351541184e-11
4029	162.9316427	-1.040945108e-11
4030	162.9170687	2.678746114e-12
4031	162.9024904	1.575983788e-11
4032	162.8879078	2.882316608e-11
4033	162.873321	-6.342659731e-11
4034	162.8587299	-5.033840011e-11
4035	162.8441346	-3.725730835e-11
4036	162.829535	-2.419398015e-11
4037	162.8149312	-1.114486281e-11
4038	162.8003231	1.893596391e-12
4039	162.7857107	-3.757349987e-11
4040	162.7710942	-2.453504067e-11
4041	162.7564733	-1.151079232e-11
4042	162.7418483	1.502797886e-12
4043	162.727219	1.449862452e-11
4044	162.7125855	-2.486899575e-11
4045	162.6979477	-1.187316911e-11
4046	162.6833057	1.111999381e-12
4047	162.6686595	1.408295702e-11
4048	162.654009	-2.520650355e-11
4049	162.6393544	-1.223554591e-11
4050	162.6246955	-5.147526849e-11
4051	162.6100324	-3.850075814e-11
4052	162.595365	-2.554045864e-11
4053	162.5806935	-1.259792271e-11
4054	162.5660177	3.339550858e-13
4055	162.5513377	-3.880984423e-11
4056	162.5366536	-2.587796644e-11
4057	162.5219652	-1.295319407e-11
4058	162.5072726	-4.97379915e-14
4059	162.4925758	1.284661266e-11
4060	162.4778748	2.572875246e-11
4061	162.4631696	-1.330846544e-11
4062	162.4484602	-4.298783551e-13
4063	162.4337466	-3.941380555e-11
4064	162.4190288	-2.653166575e-11
4065	162.4043068	-1.366373681e-11
4066	162.3895807	-5.258371516e-11
4067	162.3748503	-3.971578622e-11
4068	162.3601158	-2.686206813e-11
4069	162.3453771	-1.402256089e-11
4070	162.3306342	-1.190159082e-12
4071	162.3158872	1.162092644e-11
4072	162.3011359	-2.718891778e-11
4073	162.2863805	-1.437072683e-11
4074	162.2716209	-1.57385216e-12
4075	162.2568572	1.121591708e-11
4076	162.2420893	2.399147547e-11
4077	162.2273172	-1.472955091e-11
4078	162.2125409	-5.339373388e-11
4079	162.1977605	-4.061107006e-11
4080	162.182976	-2.783195896e-11
4081	162.1681873	-1.507416414e-11
4082	162.1533944	-2.323474746e-12
4083	162.1385974	-4.09059453e-11
4084	162.1237962	-2.81552559e-11
4085	162.1089909	-1.541877737e-11
4086	162.0941814	-2.692956969e-12
4087	162.0793678	1.000799443e-11
4088	162.0645501	-2.847855285e-11
4089	162.0497282	-1.576694331e-11
4090	162.0349022	-3.069544618e-12
4091	162.0200721	9.610090501e-12
4092	162.0052378	2.227906748e-11
4093	161.9903994	-1.610800382e-11
4094	161.9755568	-5.445954798e-11
4095	161.9607102	-4.177636015e-11
4096	161.9458594	-2.910738317e-11
4097	161.9310045	-1.645616976e-11
4098	161.9161455	-3.808509064e-12
4099	161.9012824	-4.206412996e-11
4100	161.8864151	-2.942357469e-11
4101	161.8715437	-1.679367756e-11
4102	161.8566683	-4.177991286e-12
4103	161.8417887	8.423484132e-12
4104	161.826905	2.101430141e-11
4105	161.8120172	-1.713473807e-11
4106	161.7971253	-4.540368082e-12
4107	161.7822294	8.032685628e-12
4108	161.7673293	-3.004174687e-11
4109	161.7524251	-1.746869316e-11
4110	161.7375168	-5.548983495e-11
4111	161.7226045	-4.292033395e-11
4112	161.707688	-3.035438567e-11
4113	161.6927675	-1.780620096e-11
4114	161.6778429	-5.268674386e-12
4115	161.6629142	7.251088618e-12
4116	161.6479814	-3.066347176e-11
4117	161.6330446	-1.814370876e-11
4118	161.6181037	-5.631051181e-12
4119	161.6031587	6.863842827e-12
4120	161.5882096	1.934452598e-11
4121	161.5732565	-1.847411113e-11
4122	161.5582993	-5.993427976e-12
4123	161.543338	-4.375166895e-11
4124	161.5283727	-3.12709858e-11
4125	161.5134033	-1.88045135e-11
4126	161.4984299	-6.34514663e-12
4127	161.4834524	-4.402878062e-11
4128	161.4684709	-3.157651918e-11
4129	161.4534853	-1.913491587e-11
4130	161.4384956	-6.703970712e-12
4131	161.4235019	5.709210882e-12
4132	161.4085042	-3.187849984e-11
4133	161.3935024	-1.946176553e-11
4134	161.3784966	-7.062794793e-12
4135	161.3634868	5.325517805e-12
4136	161.3484729	1.769961955e-11
4137	161.333455	3.006306315e-11
4138	161.318433	-5.723421737e-11
4139	161.3034071	-4.484590477e-11
4140	161.2883771	-3.246825031e-11
4141	161.273343	-2.011191214e-11
4142	161.258305	-7.766232102e-12
4143	161.2432629	-4.511235829e-11
4144	161.2282169	-3.277023097e-11
4145	161.2131668	-2.043520908e-11
4146	161.1981126	-8.110845329e-12
4147	161.1830545	4.192202141e-12
4148	161.1679924	1.648814418e-11
4149	161.1529263	-2.075495331e-11
4150	161.1378561	-8.462563983e-12
4151	161.122782	3.819167205e-12
4152	161.1077039	1.608313482e-11
4153	161.0926217	2.83364443e-11
4154	161.0775356	-5.818989735e-11
4155	161.0624455	-4.591171887e-11
4156	161.0473514	-3.364419854e-11
4157	161.0322533	-2.139088906e-11
4158	161.0171512	-9.151790437e-12
4159	161.0020451	3.073097332e-12
4160	160.9869351	-3.393552106e-11
4161	160.971821	-2.171063329e-11
4162	160.956703	-9.499956377e-12
4163	160.941581	2.70361511e-12
4164	160.9264551	1.488587031e-11
4165	160.9113252	-2.202327209e-11
4166	160.8961913	-9.837464177e-12
4167	160.8810534	2.334132887e-12
4168	160.8659116	1.448796638e-11
4169	160.8507658	-2.233235818e-11
4170	160.8356161	-1.017497198e-11
4171	160.8204624	-4.695266398e-11
4172	160.8053047	-3.479172506e-11
4173	160.7901431	-2.26485497e-11
4174	160.7749775	-1.051603249e-11
4175	160.759808	1.602273869e-12
4176	160.7446346	-3.507594215e-11
4177	160.7294572	-2.295763579e-11
4178	160.7142759	-1.085354029e-11
4179	160.6990906	1.23634436e-12
4180	160.6839014	1.331201815e-11
4181	160.6687082	2.537348109e-11
4182	160.6535111	-1.119104809e-11
4183	160.6383101	8.775202787e-13
4184	160.6231052	-3.56337182e-11
4185	160.6078963	-2.356514983e-11
4186	160.5926835	-1.151789775e-11
4187	160.5774668	-4.795808195e-11
4188	160.5622462	-3.591082987e-11
4189	160.5470217	-2.387423592e-11
4190	160.5317932	-1.185185283e-11
4191	160.5165608	1.563194019e-13
4192	160.5013245	1.215028078e-11
4193	160.4860844	-2.41797693e-11
4194	160.4708403	-1.217870249e-11
4195	160.4555923	-2.025046797e-13
4196	160.4403404	1.17665877e-11
4197	160.4250846	2.372146923e-11
4198	160.4098249	-1.251265758e-11
4199	160.3945613	-4.86970464e-11
4200	160.3792938	-3.673150673e-11
4201	160.3640224	-2.47766252e-11
4202	160.3487472	-1.283595452e-11
4203	160.333468	-9.094947018e-13
4204	160.318185	-3.700151296e-11
4205	160.3028981	-2.507505314e-11
4206	160.2876073	-1.315925147e-11
4207	160.2723126	-1.261213356e-12
4208	160.2570141	1.06226139e-11
4209	160.2417117	-2.537348109e-11
4210	160.2264054	-1.348610112e-11
4211	160.2110952	-1.61293201e-12
4212	160.1957812	1.024247354e-11
4213	160.1804634	2.208722094e-11
4214	160.1651416	-1.380584536e-11
4215	160.149816	-4.96598318e-11
4216	160.1344866	-3.779732083e-11
4217	160.1191533	-2.595257342e-11
4218	160.1038161	-1.412203687e-11
4219	160.0884751	-2.309263891e-12
4220	160.0731303	-3.806377435e-11
4221	160.0577816	-2.624389595e-11
4222	160.042429	-1.443822839e-11
4223	160.0270726	-2.653877118e-12
4224	160.0117124	9.119816013e-12
4225	159.9963484	2.087929829e-11
4226	159.9809805	-1.476152534e-11
4227	159.9656088	-2.998490345e-12
4228	159.9502332	8.746781077e-12
4229	159.9348538	-2.682298827e-11
4230	159.9194706	-1.507061143e-11
4231	159.9040836	-5.059064279e-11
4232	159.8886928	-3.883826594e-11
4233	159.8732981	-2.711075808e-11
4234	159.8578996	-1.538680294e-11
4235	159.8424973	-3.680611371e-12
4236	159.8270912	8.014922059e-12
4237	159.8116813	-2.739142246e-11
4238	159.7962676	-1.569588903e-11
4239	159.7808501	-4.018119171e-12
4240	159.7654288	7.645439837e-12
4241	159.7500037	1.929478799e-11
4242	159.7345747	-1.601208055e-11
4243	159.719142	-4.35562697e-12
4244	159.7037055	-3.960565209e-11
4245	159.6882652	-2.795275122e-11
4246	159.6728211	-1.631761393e-11
4247	159.6573733	-4.689582056e-12
4248	159.6419216	-3.985434205e-11
4249	159.6264662	-2.822986289e-11
4250	159.611007	-1.66231473e-11
4251	159.595544	-5.027089856e-12
4252	159.5800772	6.554756737e-12
4253	159.5646067	-2.851052727e-11
4254	159.5491323	-1.692512797e-11
4255	159.5336543	-5.357492228e-12
4256	159.5181724	6.192379942e-12
4257	159.5026868	1.773159397e-11
4258	159.4871975	2.926370257e-11
4259	159.4717043	-5.21538368e-11
4260	159.4562074	-4.059685921e-11
4261	159.4407068	-2.905764518e-11
4262	159.4252024	-1.752908929e-11
4263	159.4096943	-6.018296972e-12
4264	159.3941824	-4.084199645e-11
4265	159.3786668	-2.932765142e-11
4266	159.3631474	-1.783462267e-11
4267	159.3476243	-6.34514663e-12
4268	159.3320974	5.123013125e-12
4269	159.3165668	1.658051474e-11
4270	159.3010325	-1.813305062e-11
4271	159.2854945	-6.671996289e-12
4272	159.2699527	4.767741757e-12
4273	159.2544072	1.620037438e-11
4274	159.2388579	-1.842437314e-11
4275	159.223305	-5.300293537e-11
4276	159.2077483	-4.156319733e-11
4277	159.1921879	-3.013411742e-11
4278	159.1766238	-1.871924837e-11
4279	159.161056	-7.315037465e-12
4280	159.1454845	4.067857162e-12
4281	159.1299092	-3.039346552e-11
4282	159.1143303	-1.900701818e-11
4283	159.0987476	-7.638334409e-12
4284	159.0831613	3.723243935e-12
4285	159.0675712	1.506705871e-11
4286	159.0519775	-1.930189342e-11
4287	159.03638	-7.954525927e-12
4288	159.0207789	3.375077995e-12
4289	159.0051741	-3.091571443e-11
4290	158.9895656	-1.958611051e-11
4291	158.9739534	-8.274270158e-12
4292	158.9583375	-4.249756103e-11
4293	158.9427179	-3.118216796e-11
4294	158.9270947	-1.987743303e-11
4295	158.9114678	-8.586908962e-12
4296	158.8958372	2.685851541e-12
4297	158.8802029	-3.144151606e-11
4298	158.864565	-2.016520284e-11
4299	158.8489234	-8.903100479e-12
4300	158.8332781	2.344791028e-12
4301	158.8176292	1.357847168e-11
4302	158.8019766	2.480149419e-11
4303	158.7863203	-9.215739283e-12
4304	158.7706604	-4.317968205e-11
4305	158.7549969	-3.19460014e-11
4306	158.7393297	-2.073008432e-11
4307	158.7236588	-9.524825373e-12
4308	158.7079843	-4.340705573e-11
4309	158.6923062	-3.220179678e-11
4310	158.6766244	-2.10107487e-11
4311	158.660939	-9.833911463e-12
4312	158.6452499	1.33226763e-12
4313	158.6295572	1.247713044e-11
4314	158.6138609	-2.128786036e-11
4315	158.5981609	-1.014299755e-11
4316	158.5824573	9.947598301e-13
4317	158.5667501	1.211475364e-11
4318	158.5510393	2.321698389e-11
4319	158.5353248	-5.520561785e-11
4320	158.5196067	-4.406786047e-11
4321	158.503885	-3.294786666e-11
4322	158.4881597	-2.183853098e-11
4323	158.4724308	-1.075051159e-11
4324	158.4566983	3.304023721e-13
4325	158.4409621	-3.31930039e-11
4326	158.4252224	-2.211564265e-11
4327	158.409479	-1.104893954e-11
4328	158.3937321	0
4329	158.3779816	1.10382814e-11
4330	158.3622274	-2.238564889e-11
4331	158.3464697	-1.13509202e-11
4332	158.3307084	-3.304023721e-13
4333	158.3149435	1.067945732e-11
4334	158.299175	-2.265565513e-11
4335	158.2834029	-1.164224273e-11
4336	158.2676272	-4.492761718e-11
4337	158.251848	-3.392131021e-11
4338	158.2360652	-2.292210866e-11
4339	158.2202788	-1.19477761e-11
4340	158.2044888	-9.805489753e-13
4341	158.1886953	-3.415578931e-11
4342	158.1728982	-2.318856218e-11
4343	158.1570975	-1.223909862e-11
4344	158.1412933	-1.300293206e-12
4345	158.1254855	9.620748642e-12
4346	158.1096741	2.053113235e-11
4347	158.0938592	-1.253397386e-11
4348	158.0780407	-1.623590151e-12
4349	158.0622187	-3.462830023e-11
4350	158.0463932	-2.371791652e-11
4351	158.030564	-1.282529638e-11
4352	158.0147314	-1.943334382e-12
4353	157.9988952	-3.486633204e-11
4354	157.9830555	-2.398081733e-11
4355	157.9672122	-1.311306619e-11
4356	157.9513654	-2.263078613e-12
4357	157.935515	8.576250821e-12
4358	157.9196612	-2.424016543e-11
4359	157.9038038	-1.340438871e-11
4360	157.8879428	-2.579270131e-12
4361	157.8720784	8.231637594e-12
4362	157.8562104	1.902478175e-11
4363	157.8403389	2.980726777e-11
4364	157.8244639	-4.636291351e-11
4365	157.8085854	-3.554845307e-11
4366	157.7927034	-2.47517562e-11
4367	157.7768178	-1.396927019e-11
4368	157.7609288	-3.204547738e-12
4369	157.7450362	-3.577227403e-11
4370	157.7291402	-2.500755159e-11
4371	157.7132406	-1.425703999e-11
4372	157.6973376	-3.517186542e-12
4373	157.681431	7.208456054e-12
4374	157.665521	1.791633508e-11
4375	157.6496074	-1.453415166e-11
4376	157.6336904	-3.829825346e-12
4377	157.6177699	6.867395541e-12
4378	157.6018459	1.755395829e-11
4379	157.5859184	-1.481481604e-11
4380	157.5699875	-4.713029966e-11
4381	157.5540531	-3.64401842e-11
4382	157.5381152	-2.576072688e-11
4383	157.5221738	-1.509192771e-11
4384	157.5062289	-4.440892099e-12
4385	157.4902806	6.19948537e-12
4386	157.4743288	-2.600941684e-11
4387	157.4583736	-1.536903937e-11
4388	157.4424149	-4.742872761e-12
4389	157.4264527	5.865530284e-12
4390	157.4104871	1.645972247e-11
4391	157.3945181	-1.564259833e-11
4392	157.3785455	-5.051958851e-12
4393	157.3625696	5.531575198e-12
4394	157.3465902	-2.649613862e-11
4395	157.3306073	-1.590905185e-11
4396	157.314621	-5.346834087e-12
4397	157.2986313	-3.730704634e-11
4398	157.2826381	-2.673772315e-11
4399	157.2666415	-1.618261081e-11
4400	157.2506414	-5.645262036e-12
4401	157.234638	4.877875881e-12
4402	157.2186311	-2.697930768e-11
4403	157.2026208	-1.644906433e-11
4404	157.186607	-5.940137271e-12
4405	157.1705898	4.551026223e-12
4406	157.1545693	1.503153158e-11
4407	157.1385453	2.550137879e-11
4408	157.1225178	-6.23856522e-12
4409	157.106487	-3.793587666e-11
4410	157.0904528	-2.74518186e-11
4411	157.0744151	-1.698197138e-11
4412	157.0583741	-6.529887742e-12
4413	157.0423297	-3.813838134e-11
4414	157.0262818	-2.768985041e-11
4415	157.0102306	-1.724842491e-11
4416	156.9941759	-6.828315691e-12
4417	156.9781179	3.581135388e-12
4418	156.9620565	1.397637561e-11
4419	156.9459917	-1.751132572e-11
4420	156.9299235	-7.112532785e-12
4421	156.9138519	3.268496584e-12
4422	156.897777	1.363176239e-11
4423	156.8816986	2.398081733e-11
4424	156.8656169	-4.912692475e-11
4425	156.8495319	-3.874589538e-11
4426	156.8334434	-2.837907687e-11
4427	156.8173516	-1.803002192e-11
4428	156.8012564	-7.691625115e-12
4429	156.7851579	2.632560836e-12
4430	156.7690559	-2.860289783e-11
4431	156.7529507	-1.82858173e-11
4432	156.7368421	-7.975842209e-12
4433	156.7207301	2.316369319e-12
4434	156.7046147	1.260147542e-11
4435	156.6884961	-1.854161269e-11
4436	156.672374	-8.260059303e-12
4437	156.6562487	2.007283229e-12
4438	156.6401199	1.225686219e-11
4439	156.6239879	-1.879385536e-11
4440	156.6078525	-8.540723684e-12
4441	156.5917138	-3.95310451e-11
4442	156.5755717	-2.927436071e-11
4443	156.5594263	-1.90389926e-11
4444	156.5432776	-8.821388064e-12
4445	156.5271256	1.385558335e-12
4446	156.5109702	-2.950173439e-11
4447	156.4948115	-1.929123528e-11
4448	156.4786495	-9.098499731e-12
4449	156.4624842	1.076472245e-12
4450	156.4463155	1.124433879e-11
4451	156.4301436	2.139088906e-11
4452	156.4139683	-9.375611398e-12
4453	156.3977898	7.74491582e-13
4454	156.3816079	-2.993161274e-11
4455	156.3654227	-1.977795705e-11
4456	156.3492342	-9.652723065e-12
4457	156.3330425	-4.02842204e-11
4458	156.3168474	-3.014832828e-11
4459	156.3006491	-2.002309429e-11
4460	156.2844474	-9.922729305e-12
4461	156.2682425	1.669775429e-13
4462	156.2520343	1.024247354e-11
4463	156.2358228	-2.027178425e-11
4464	156.219608	-1.019273554e-11
4465	156.2033899	-1.314504061e-13
4466	156.1871686	9.915623878e-12
4467	156.170944	1.994848731e-11
4468	156.1547161	-1.046274178e-11
4469	156.1384849	-4.083133831e-11
4470	156.1222505	-3.078426403e-11
4471	156.1060128	-2.074429517e-11
4472	156.0897719	-1.072919531e-11
4473	156.0735277	-7.247535905e-13
4474	156.0572802	-3.098676871e-11
4475	156.0410295	-2.098943241e-11
4476	156.0247756	-1.099209612e-11
4477	156.0085184	-1.019628826e-12
4478	155.9922579	8.938627616e-12
4479	155.9759942	-2.122391152e-11
4480	155.9597272	-1.125854965e-11
4481	155.9434571	-1.310951347e-12
4482	155.9271836	8.615330671e-12
4483	155.910907	1.853095455e-11
4484	155.8946271	-1.152145046e-11
4485	155.878344	-4.153122291e-11
4486	155.8620576	-3.159783546e-11
4487	155.845768	-2.168221158e-11
4488	155.8294752	-1.178079856e-11
4489	155.8131792	-1.893596391e-12
4490	155.79688	-3.180034014e-11
4491	155.7805775	-2.190958526e-11
4492	155.7642719	-1.204369937e-11
4493	155.747963	-2.181366199e-12
4494	155.7316509	7.659650691e-12
4495	155.7153356	1.748290401e-11
4496	155.6990171	-1.229949476e-11
4497	155.6826954	-2.465583293e-12
4498	155.6663705	7.347011888e-12
4499	155.6500424	-2.236788532e-11
4500	155.6337111	-1.255173743e-11
4501	155.6173766	-4.220268579e-11
4502	155.601039	-3.239009061e-11
4503	155.5846981	-2.259170628e-11
4504	155.5683541	-1.28039801e-11
4505	155.5520068	-3.034017482e-12
4506	155.5356564	6.718181567e-12
4507	155.5193029	-2.280842182e-11
4508	155.5029461	-1.305622277e-11
4509	155.4865862	-3.318234576e-12
4510	155.4702231	6.41264819e-12
4511	155.4538568	1.612576739e-11
4512	155.4374874	-1.330491273e-11
4513	155.4211148	-3.591793529e-12
4514	155.404739	-3.296207751e-11
4515	155.3883601	-2.324895831e-11
4516	155.371978	-1.355360268e-11
4517	155.3555928	-3.87245791e-12
4518	155.3392044	-3.315037134e-11
4519	155.3228129	-2.346922656e-11
4520	155.3064182	-1.380229264e-11
4521	155.2900204	-4.146016863e-12
4522	155.2736194	5.488942634e-12
4523	155.2572153	-2.368238938e-11
4524	155.2408081	-1.404387717e-11
4525	155.2243977	-4.42312853e-12
4526	155.2079842	5.186961971e-12
4527	155.1915676	1.47792889e-11
4528	155.1751478	2.435740498e-11
4529	155.158725	-4.331113246e-11
4530	155.142299	-3.370104196e-11
4531	155.1258698	-2.410516231e-11
4532	155.1094376	-1.452704623e-11
4533	155.0930022	-4.966693723e-12
4534	155.0765638	-3.388223035e-11
4535	155.0601222	-2.431832513e-11
4536	155.0436775	-1.476507805e-11
4537	155.0272297	-5.229594535e-12
4538	155.0107788	4.28812541e-12
4539	154.9943248	1.378808179e-11
4540	154.9778678	-1.500310987e-11
4541	154.9614076	-5.499600775e-12
4542	154.9449443	3.993250175e-12
4543	154.9284779	1.346478484e-11
4544	154.9120085	-1.523758897e-11
4545	154.8955359	-4.390088293e-11
4546	154.8790603	-3.440803198e-11
4547	154.8625816	-2.49329446e-11
4548	154.8460998	-1.547562078e-11
4549	154.8296149	-6.028955113e-12
4550	154.813127	3.407052418e-12
4551	154.796636	-2.513544928e-11
4552	154.7801419	-1.570654717e-11
4553	154.7636448	-6.291855925e-12
4554	154.7471445	3.115729896e-12
4555	154.7306413	1.250199944e-11
4556	154.7141349	-1.593392085e-11
4557	154.6976256	-6.54765131e-12
4558	154.6811131	2.824407375e-12
4559	154.6645976	-2.553335321e-11
4560	154.6480791	-1.616484724e-11
4561	154.6315575	-6.806999409e-12
4562	154.6150329	-3.508660029e-11
4563	154.5985052	-2.572875246e-11
4564	154.5819745	-1.63886682e-11
4565	154.5654407	-7.05924208e-12
4566	154.5489039	2.252420472e-12
4567	154.5323641	-2.592415171e-11
4568	154.5158213	-1.661604188e-11
4569	154.4992754	-7.315037465e-12
4570	154.4827265	1.968203378e-12
4571	154.4661746	1.123723337e-11
4572	154.4496196	2.04920525e-11
4573	154.4330617	-7.563727422e-12
4574	154.4165007	-3.557687478e-11
4575	154.3999367	-2.630784479e-11
4576	154.3833697	-1.705302566e-11
4577	154.3667997	-7.815970093e-12
4578	154.3502267	-3.574029961e-11
4579	154.3336506	-2.649969133e-11
4580	154.3170716	-1.727329391e-11
4581	154.3004896	-8.068212765e-12
4582	154.2839046	1.12976295e-12
4583	154.2673166	1.030642238e-11
4584	154.2507256	-1.749356215e-11
4585	154.2341316	-8.313350008e-12
4586	154.2175346	8.490985692e-13
4587	154.2009347	1.000088901e-11
4588	154.1843317	1.913491587e-11
4589	154.1677258	-4.537170639e-11
4590	154.1511169	-3.620215239e-11
4591	154.1345051	-2.705391466e-11
4592	154.1178902	-1.792344051e-11
4593	154.1012724	-8.800071782e-12
4594	154.0846516	3.055333764e-13
4595	154.0680279	-2.723510306e-11
4596	154.0514012	-1.813305062e-11
4597	154.0347715	-9.041656313e-12
4598	154.0181389	3.552713679e-14
4599	154.0015033	9.094947018e-12
4600	153.9848648	-1.834266072e-11
4601	153.9682233	-9.283240843e-12
4602	153.9515789	-2.415845302e-13
4603	153.9349316	8.792966355e-12
4604	153.9182813	-1.854871812e-11
4605	153.901628	-9.521272659e-12
4606	153.8849718	-3.6802561e-11
4607	153.8683127	-2.777156283e-11
4608	153.8516507	-1.875832822e-11
4609	153.8349857	-9.755751762e-12
4610	153.8183178	-7.673861546e-13
4611	153.8016469	-2.794919851e-11
4612	153.7849732	-1.89608329e-11
4613	153.7682965	-9.986678151e-12
4614	153.7516169	-1.033839681e-12
4615	153.7349344	7.904787935e-12
4616	153.718249	1.683631012e-11
4617	153.7015607	-1.022470997e-11
4618	153.6848694	-1.296740493e-12
4619	153.6681753	-2.828670631e-11
4620	153.6514782	-1.935873684e-11
4621	153.6347783	-1.045208364e-11
4622	153.6180754	-3.73745479e-11
4623	153.6013697	-2.845723657e-11
4624	153.5846611	-1.956479423e-11
4625	153.5679495	-1.068301003e-11
4626	153.5512351	-1.81543669e-12
4627	153.5345178	7.034373084e-12
4628	153.5177976	-1.975664077e-11
4629	153.5010746	-1.091038371e-11
4630	153.4843486	-2.074784788e-12
4631	153.4676198	6.746603276e-12
4632	153.4508881	1.55573332e-11
4633	153.4341536	-1.113420467e-11
4634	153.4174161	-3.777245183e-11
4635	153.4006758	-2.895461648e-11
4636	153.3839327	-2.014743927e-11
4637	153.3671867	-1.135802563e-11
4638	153.3504378	-2.579270131e-12
4639	153.333686	-2.91144886e-11
4640	153.3169314	-2.033928581e-11
4641	153.300174	-1.157829388e-11
4642	153.2834137	-2.831512802e-12
4643	153.2666506	5.90105742e-12
4644	153.2498846	-2.053113235e-11
4645	153.2331158	-1.179856213e-11
4646	153.2163441	-3.076650046e-12
4647	153.1995696	5.62039304e-12
4648	153.1827923	1.430677798e-11
4649	153.1660121	-1.201172495e-11
4650	153.1492291	-3.829470074e-11
4651	153.1324433	-2.958699952e-11
4652	153.1156547	-2.090061457e-11
4653	153.0988632	-1.22319932e-11
4654	153.0820689	-3.574029961e-12
4655	153.0652718	-2.974331892e-11
4656	153.0484719	-2.108535568e-11
4657	153.0316692	-1.244515602e-11
4658	153.0148637	-3.819167205e-12
4659	152.9980553	4.792610753e-12
4660	152.9812442	1.338662514e-11
4661	152.9644302	-1.265831884e-11
4662	152.9476135	-4.064304449e-12
4663	152.9307939	4.522604513e-12
4664	152.9139716	-2.144773248e-11
4665	152.8971465	-1.286792894e-11
4666	152.8803185	-3.877076438e-11
4667	152.8634878	-3.018740813e-11
4668	152.8466543	-2.162181545e-11
4669	152.8298181	-1.307398634e-11
4670	152.812979	-4.540368082e-12
4671	152.7961372	3.982592034e-12
4672	152.7792926	-2.180655656e-11
4673	152.7624452	-1.328359645e-11
4674	152.7455951	-4.774847184e-12
4675	152.7287421	3.712585794e-12
4676	152.7118865	1.218580792e-11
4677	152.695028	-1.348610112e-11
4678	152.6781668	-5.009326287e-12
4679	152.6613029	-3.062439191e-11
4680	152.6444361	-2.215116979e-11
4681	152.6275667	-1.369215852e-11
4682	152.6106945	-5.24380539e-12
4683	152.5938195	-3.076650046e-11
4684	152.5769418	-2.232525276e-11
4685	152.5600613	-1.388755777e-11
4686	152.5431782	-5.471179065e-12
4687	152.5262922	2.923883358e-12
4688	152.5094036	-2.24922303e-11
4689	152.4925122	-1.409006245e-11
4690	152.475618	-5.702105454e-12
4691	152.4587212	2.664535259e-12
4692	152.4418216	1.101696512e-11
4693	152.4249193	1.935518412e-11
4694	152.4080143	-3.954525596e-11
4695	152.3911065	-3.117506253e-11
4696	152.3741961	-2.281907996e-11
4697	152.3572829	-1.448441367e-11
4698	152.3403671	-6.160405519e-12
4699	152.3234485	-3.131006565e-11
4700	152.3065272	-2.29860575e-11
4701	152.2896032	-1.467981292e-11
4702	152.2726765	-6.380673767e-12
4703	152.2557471	1.897149104e-12
4704	152.238815	1.016076112e-11
4705	152.2218802	-1.487165946e-11
4706	152.2049428	-6.608047443e-12
4707	152.1880026	1.637801006e-12
4708	152.1710598	9.872991313e-12
4709	152.1541143	-1.505640057e-11
4710	152.1371661	-3.99467126e-11
4711	152.1202152	-3.169375873e-11
4712	152.1032616	-2.346212113e-11
4713	152.0863054	-1.52446944e-11
4714	152.0693465	-7.045031225e-12
4715	152.0523849	1.140421091e-12
4716	152.0354207	-2.362199325e-11
4717	152.0184538	-1.543654093e-11
4718	152.0014842	-7.261746759e-12
4719	151.984512	8.952838471e-13
4720	151.9675372	9.041656313e-12
4721	151.9505596	-1.561772933e-11
4722	151.9335795	-7.47490958e-12
4723	151.9165966	6.501466032e-13
4724	151.8996112	-2.392752663e-11
4725	151.8826231	-1.580247044e-11
4726	151.8656323	-7.691625115e-12
4727	151.8486389	-3.219469136e-11
4728	151.8316429	-2.40767406e-11
4729	151.8146443	-1.598365884e-11
4730	151.797643	-7.901235222e-12
4731	151.7806391	1.669775429e-13
4732	151.7636325	-2.422240186e-11
4733	151.7466234	-1.616484724e-11
4734	151.7296116	-8.107292615e-12
4735	151.7125972	-7.460698725e-14
4736	151.6955802	7.943867786e-12
4737	151.6785605	1.595168442e-11
4738	151.6615383	-8.320455436e-12
4739	151.6445135	-3.253575187e-11
4740	151.627486	-2.45172771e-11
4741	151.610456	-1.651301318e-11
4742	151.5934233	-8.519407402e-12
4743	151.5763881	-3.264943871e-11
4744	151.5593502	-2.465938564e-11
4745	151.5423098	-1.668354344e-11
4746	151.5252667	-8.725464795e-12
4747	151.5082211	-7.815970093e-13
4748	151.4911729	7.144507208e-12
4749	151.4741221	-1.685407369e-11
4750	151.4570688	-8.927969475e-12
4751	151.4400128	-1.016076112e-12
4752	151.4229543	6.881606396e-12
4753	151.4058932	1.476152534e-11
4754	151.3888296	-4.088818173e-11
4755	151.3717633	-3.297628837e-11
4756	151.3546945	-2.507860586e-11
4757	151.3376232	-1.719513421e-11
4758	151.3205493	-9.325873407e-12
4759	151.3034728	-1.474376177e-12
4760	151.2863938	-2.521360898e-11
4761	151.2693122	-1.736211175e-11
4762	151.252228	-9.524825373e-12
4763	151.2351414	-1.698197138e-12
4764	151.2180521	6.1035621e-12
4765	151.2009604	-1.752198386e-11
4766	151.1838661	-9.716671912e-12
4767	151.1667692	-1.932676241e-12
4768	151.1496698	5.844214002e-12
4769	151.1325679	-1.768185598e-11
4770	151.1154635	-9.90851845e-12
4771	151.0983565	-3.338485044e-11
4772	151.081247	-2.560440748e-11
4773	151.064135	-1.784172809e-11
4774	151.0470204	-1.010036499e-11
4775	151.0299034	-2.36610731e-12
4776	151.0127838	-2.572875246e-11
4777	150.9956617	-1.800160021e-11
4778	150.9785371	-1.029221153e-11
4779	150.96141	-2.593480986e-12
4780	150.9442804	5.091038702e-12
4781	150.9271483	1.276134753e-11
4782	150.9100137	-1.048050535e-11
4783	150.8928766	-2.81019652e-12
4784	150.875737	-2.598099513e-11
4785	150.8585949	-1.831779173e-11
4786	150.8414504	-1.066169375e-11
4787	150.8243033	-3.375788538e-11
4788	150.8071537	-2.610534011e-11
4789	150.7900017	-1.84670057e-11
4790	150.7728472	-1.084288215e-11
4791	150.7556902	-3.236522161e-12
4792	150.7385307	4.348521543e-12
4793	150.7213688	-1.861621968e-11
4794	150.7042044	-1.103117597e-11
4795	150.6870375	-3.449684982e-12
4796	150.6698682	4.110489726e-12
4797	150.6526964	1.165645358e-11
4798	150.6355221	-1.120881166e-11
4799	150.6183454	-3.401723347e-11
4800	150.6011662	-2.646061148e-11
4801	150.5839846	-1.891464763e-11
4802	150.5668005	-1.138644734e-11
4803	150.549614	-3.868905196e-12
4804	150.532425	-2.65707456e-11
4805	150.5152336	-1.906030889e-11
4806	150.4980398	-1.15569776e-11
4807	150.4808435	-4.078515303e-12
4808	150.4636448	3.392841563e-12
4809	150.4464436	-1.920241743e-11
4810	150.4292401	-1.173461328e-11
4811	150.412034	-4.284572697e-12
4812	150.3948256	3.151257033e-12
4813	150.3776148	1.057998134e-11
4814	150.3604015	-1.190159082e-11
4815	150.3431858	-3.434053042e-11
4816	150.3259677	-2.69082534e-11
4817	150.3087472	-1.948308181e-11
4818	150.2915243	-1.207212108e-11
4819	150.274299	-4.686029342e-12
4820	150.2570712	-2.70112821e-11
4821	150.2398411	-1.961808493e-11
4822	150.2226086	-1.224265134e-11
4823	150.2053737	-4.881428595e-12
4824	150.1881363	2.458477866e-12
4825	150.1708966	9.791278899e-12
4826	150.1536545	-1.241673431e-11
4827	150.13641	-5.080380561e-12
4828	150.1191632	2.23110419e-12
4829	150.1019139	-1.988809117e-11
4830	150.0846623	-1.257660642e-11
4831	150.0674083	-3.463185294e-11
4832	150.0501519	-2.731681548e-11
4833	150.0328932	-2.001954158e-11
4834	150.0156321	-1.274003125e-11
4835	149.9983686	-5.467626352e-12
4836	149.9811027	1.783462267e-12
4837	149.9638345	-2.015099199e-11
4838	149.946564	-1.289635065e-11
4839	149.929291	-5.663025604e-12
4840	149.9120158	1.556088591e-12
4841	149.8947381	8.764544646e-12
4842	149.8774582	-1.305977548e-11
4843	149.8601759	-5.851319429e-12
4844	149.8428912	-2.761169071e-11
4845	149.8256042	-2.040323466e-11
4846	149.8083149	-1.321254217e-11
4847	149.7910232	-6.039613254e-12
4848	149.7737292	-2.770050855e-11
4849	149.7564329	-2.052757964e-11
4850	149.7391342	-1.336886157e-11
4851	149.7218332	-6.224354365e-12
4852	149.7045299	9.023892744e-13
4853	149.6872243	-2.06483719e-11
4854	149.6699163	-1.352518098e-11
4855	149.6526061	-6.409095477e-12
4856	149.6352935	6.821210263e-13
4857	149.6179786	7.766232102e-12
4858	149.6006614	1.483257961e-11
4859	149.5833419	-3.506528401e-11
4860	149.5660201	-2.797051479e-11
4861	149.548696	-2.088995643e-11
4862	149.5313696	-1.382360892e-11
4863	149.5140409	-6.771472272e-12
4864	149.4967099	-2.805222721e-11
4865	149.4793767	-2.100364327e-11
4866	149.4620411	-1.39728229e-11
4867	149.4447033	-6.952660669e-12
4868	149.4273631	5.684341886e-14
4869	149.4100207	7.041478511e-12
4870	149.3926761	-1.411493145e-11
4871	149.3753291	-7.130296353e-12
4872	149.3579799	-1.563194019e-13
4873	149.3406284	6.803446695e-12
4874	149.3232746	-1.426059271e-11
4875	149.3059186	-7.30082661e-12
4876	149.2885603	-2.830091717e-11
4877	149.2711998	-2.134470378e-11
4878	149.253837	-1.440270125e-11
4879	149.2364719	-7.47490958e-12
4880	149.2191046	-5.648814749e-13
4881	149.201735	-2.145483791e-11
4882	149.1843632	-1.454125709e-11
4883	149.1669892	-7.64899255e-12
4884	149.1496129	-7.709388683e-13
4885	149.1322344	6.096456673e-12
4886	149.1148536	1.294608865e-11
4887	149.0974706	-7.815970093e-12
4888	149.0800854	-9.663381206e-13
4889	149.062698	-2.166444801e-11
4890	149.0453083	-1.481481604e-11
4891	149.0279164	-7.982947636e-12
4892	149.0105223	-2.859934511e-11
4893	148.9931259	-2.176747671e-11
4894	148.9757274	-1.494981916e-11
4895	148.9583266	-8.146372465e-12
4896	148.9409236	-1.364242053e-12
4897	148.9235184	5.410782933e-12
4898	148.906111	-1.508482228e-11
4899	148.8887014	-8.309797295e-12
4900	148.8712896	-1.556088591e-12
4901	148.8538757	5.179856544e-12
4902	148.8364595	1.190159082e-11
4903	148.8190411	-8.46966941e-12
4904	148.8016205	-1.74793513e-12
4905	148.7841978	-2.206235195e-11
4906	148.7667728	-1.534417038e-11
4907	148.7493457	-8.636646953e-12
4908	148.7319164	-1.939781669e-12
4909	148.7144849	-2.215827521e-11
4910	148.6970513	-1.546496264e-11
4911	148.6796155	-8.789413641e-12
4912	148.6621775	-2.128075494e-12
4913	148.6447373	4.511946372e-12
4914	148.627295	-1.559286034e-11
4915	148.6098505	-8.945733043e-12
4916	148.5924038	-2.319922032e-12
4917	148.574955	4.291678124e-12
4918	148.5575041	1.089617285e-11
4919	148.540051	1.74793513e-11
4920	148.5225957	-2.904698704e-11
4921	148.5051383	-2.243183417e-11
4922	148.4876788	-1.583799758e-11
4923	148.4702171	-9.25126642e-12
4924	148.4527533	-2.689404255e-12
4925	148.4352873	-2.252065201e-11
4926	148.4178192	-1.595523713e-11
4927	148.400349	-9.400480394e-12
4928	148.3828766	-2.870592652e-12
4929	148.3654022	3.652189662e-12
4930	148.3479256	1.015720841e-11
4931	148.3304468	-9.553247082e-12
4932	148.312966	-3.048228336e-12
4933	148.295483	3.446132268e-12
4934	148.277998	9.915623878e-12
4935	148.2605108	-9.698908343e-12
4936	148.2430215	-2.926014986e-11
4937	148.2255301	-2.277289468e-11
4938	148.2080366	-1.629985036e-11
4939	148.190541	-9.84101689e-12
4940	148.1730433	-3.396394277e-12
4941	148.1555436	3.026912054e-12
4942	148.1380417	-1.640998448e-11
4943	148.1205377	-9.990230865e-12
4944	148.1030317	-3.574029961e-12
4945	148.0855235	2.824407375e-12
4946	148.0680133	9.197975714e-12
4947	148.050501	-1.012523398e-11
4948	148.0329866	-3.748112931e-12
4949	148.0154702	2.614797268e-12
4950	147.9979517	-1.662670002e-11
4951	147.9804311	-1.026378982e-11
4952	147.9629084	-3.915090474e-12
4953	147.9453837	-2.308198077e-11
4954	147.9278569	-1.673683414e-11
4955	147.9103281	-1.039879294e-11
4956	147.8927972	-4.082068017e-12
4957	147.8752642	2.216893336e-12
4958	147.8577292	-1.683986284e-11
4959	147.8401922	-1.053734877e-11
4960	147.8226531	-4.252598274e-12
4961	147.8051119	2.014388656e-12
4962	147.7875687	8.270717444e-12
4963	147.7700235	1.450928266e-11
4964	147.7524763	-4.416023103e-12
4965	147.734927	-2.329159088e-11
4966	147.7173757	-1.70388148e-11
4967	147.6998223	-1.079669687e-11
4968	147.682267	-4.579447932e-12
4969	147.6647096	-2.335909244e-11
4970	147.6471501	-1.713118536e-11
4971	147.6295887	-1.092814728e-11
4972	147.6120253	-4.742872761e-12
4973	147.5944598	1.435296326e-12
4974	147.5768923	7.595701845e-12
4975	147.5593229	-1.105249225e-11
4976	147.5417514	-4.899192163e-12
4977	147.5241779	1.243449788e-12
4978	147.5066024	7.371880884e-12
4979	147.489025	1.348254841e-11
4980	147.4714455	-2.96864755e-11
4981	147.453864	-2.354738626e-11
4982	147.4362806	-1.742250788e-11
4983	147.4186951	-1.130828764e-11
4984	147.4011077	-5.208278253e-12
4985	147.3835183	8.73967565e-13
4986	147.3659269	-1.750777301e-11
4987	147.3483336	-1.142552719e-11
4988	147.3307382	-5.361044941e-12
4989	147.3131409	6.8567374e-13
4990	147.2955417	6.72173428e-12
4991	147.2779404	-1.154276674e-11
4992	147.2603372	-5.513811629e-12
4993	147.2427321	5.009326287e-13
4994	147.225125	6.505018746e-12
4995	147.2075159	-1.166355901e-11
4996	147.1899049	-5.663025604e-12
4997	147.1722919	-2.376765451e-11
4998	147.154677	-1.776356839e-11
4999	147.1370601	-1.177724585e-11
5000	147.1194413	-5.812239579e-12
5001	147.1018205	1.421085472e-13
5002	147.0841979	-1.784883352e-11
5003	147.0665732	-1.18944854e-11
5004	147.0489467	-5.954348126e-12
5005	147.0313182	-3.552713679e-14
5006	147.0136878	5.876188425e-12
5007	146.9960555	1.175948228e-11
5008	146.9784212	-6.100009387e-12
5009	146.960785	-2.060573934e-13
5010	146.9431469	-1.800515292e-11
5011	146.9255069	-1.211475364e-11
5012	146.907865	-6.23856522e-12
5013	146.8902212	-2.395950105e-11
5014	146.8725754	-1.807975991e-11
5015	146.8549278	-1.222488777e-11
5016	146.8372783	-6.377121053e-12
5017	146.8196268	-5.471179065e-13
5018	146.8019735	5.261568958e-12
5019	146.7843183	-1.233146918e-11
5020	146.7666612	-6.519229601e-12
5021	146.7490022	-7.247535905e-13
5022	146.7313413	5.055511565e-12
5023	146.7136785	1.082156587e-11
5024	146.6960139	-6.65423272e-12
5025	146.6783473	-2.408029331e-11
5026	146.6606789	-1.829647545e-11
5027	146.6430087	-1.253397386e-11
5028	146.6253365	-6.792788554e-12
5029	146.6076625	-1.055155963e-12
5030	146.5899866	-1.837108243e-11
5031	146.5723089	-1.263344984e-11
5032	146.5546293	-6.920686246e-12
5033	146.5369478	-1.218580792e-12
5034	146.5192645	4.465761094e-12
5035	146.5015794	-1.273647854e-11
5036	146.4838924	-7.045031225e-12
5037	146.4662035	-1.374900194e-12
5038	146.4485128	4.270361842e-12
5039	146.4308203	9.90851845e-12
5040	146.4131259	-7.180034345e-12
5041	146.3954297	-2.421884915e-11
5042	146.3777316	-1.856292897e-11
5043	146.3600318	-1.292477236e-11
5044	146.34233	-7.304379324e-12
5045	146.3246265	-1.694644425e-12
5046	146.3069212	-1.86233251e-11
5047	146.289214	-1.302069563e-11
5048	146.271505	-7.428724302e-12
5049	146.2537942	-1.858069254e-12
5050	146.2360816	3.705480367e-12
5051	146.2183671	9.244160992e-12
5052	146.2006509	-7.549516567e-12
5053	146.1829329	-2.010835942e-12
5054	146.165213	3.513633828e-12
5055	146.1474914	-1.31947786e-11
5056	146.1297679	-7.673861546e-12
5057	146.1120427	-2.431832513e-11
5058	146.0943157	-1.879385536e-11
5059	146.0765868	-1.328004373e-11
5060	146.0588562	-7.794653811e-12
5061	146.0411239	-2.312816605e-12
5062	146.0233897	3.154809747e-12
5063	146.0056537	-1.336886157e-11
5064	145.987916	-7.908340649e-12
5065	145.9701765	-2.458477866e-12
5066	145.9524353	2.966515922e-12
5067	145.9346922	8.384404282e-12
5068	145.9169474	-8.022027487e-12
5069	145.8992009	-2.60769184e-12
5070	145.8814525	-1.895017476e-11
5071	145.8637025	-1.353583912e-11
5072	145.8459506	-8.135714324e-12
5073	145.828197	-2.749800387e-12
5074	145.8104417	-1.899636004e-11
5075	145.7926846	-1.36104461e-11
5076	145.7749258	-8.242295735e-12
5077	145.7571652	-2.895461648e-12
5078	145.7394029	2.440714297e-12
5079	145.7216388	-1.369215852e-11
5080	145.7038731	-8.355982573e-12
5081	145.6861056	-3.034017482e-12
5082	145.6683363	2.270184041e-12
5083	145.6505653	7.556621995e-12
5084	145.6327926	1.282884909e-11
5085	145.6150182	-2.442490654e-11
5086	145.5972421	-1.912781045e-11
5087	145.5794642	-1.383426707e-11
5088	145.5616847	-8.56559268e-12
5089	145.5439034	-3.311129149e-12
5090	145.5261204	-1.916333758e-11
5091	145.5083357	-1.391242677e-11
5092	145.4905494	-8.668621376e-12
5093	145.4727613	-3.442579555e-12
5094	145.4549715	1.762145985e-12
5095	145.43718	6.956213383e-12
5096	145.4193868	-8.771650073e-12
5097	145.4015919	-3.577582675e-12
5098	145.3837954	1.598721155e-12
5099	145.3659972	6.757261417e-12
5100	145.3481972	-8.871126056e-12
5101	145.3303956	-2.444622282e-11
5102	145.3125924	-1.926991899e-11
5103	145.2947874	-1.411137873e-11
5104	145.2769808	-8.967049325e-12
5105	145.2591725	-3.836930773e-12
5106	145.2413626	1.268318783e-12
5107	145.2235509	-1.417532758e-11
5108	145.2057377	-9.062972595e-12
5109	145.1879227	-3.968381179e-12
5110	145.1701061	1.115552095e-12
5111	145.1522879	6.178169087e-12
5112	145.134468	-9.15534315e-12
5113	145.1166464	-4.089173444e-12
5114	145.0988232	9.521272659e-13
5115	145.0809984	-1.429256713e-11
5116	145.0631719	-9.247713706e-12
5117	145.0453438	-4.213518423e-12
5118	145.0275141	-1.938360583e-11
5119	145.0096827	-1.434941055e-11
5120	144.9918497	-9.332978834e-12
5121	144.9740151	-4.337863402e-12
5122	144.9561788	6.465938895e-13
5123	144.9383409	-1.440270125e-11
5124	144.9205014	-9.428902104e-12
5125	144.9026603	-4.455102953e-12
5126	144.8848176	4.97379915e-13
5127	144.8669732	5.432099215e-12
5128	144.8491273	1.035260766e-11
5129	144.8312797	-4.572342505e-12
5130	144.8134306	-1.945110739e-11
5131	144.7955798	-1.451638809e-11
5132	144.7777275	-9.592326933e-12
5133	144.7598735	-4.686029342e-12
5134	144.742018	-1.946887096e-11
5135	144.7241608	-1.455902066e-11
5136	144.7063021	-9.674039347e-12
5137	144.6884418	-4.803268894e-12
5138	144.6705799	5.684341886e-14
5139	144.6527164	4.895639449e-12
5140	144.6348514	-9.755751762e-12
5141	144.6169848	-4.913403018e-12
5142	144.5991166	-8.881784197e-14
5143	144.5812468	4.718003765e-12
5144	144.5633755	9.510614518e-12
5145	144.5455026	-2.433253599e-11
5146	144.5276281	-1.951150352e-11
5147	144.5097521	-1.47011292e-11
5148	144.4918746	-9.90851845e-12
5149	144.4739954	-5.130118552e-12
5150	144.4561148	-3.730349363e-13
5151	144.4382325	-1.474020905e-11
5152	144.4203488	-9.983125437e-12
5153	144.4024635	-5.240252676e-12
5154	144.3845766	-5.080380561e-13
5155	144.3666882	4.202860282e-12
5156	144.3487983	-1.005417971e-11
5157	144.3309069	-5.343281373e-12
5158	144.3130139	-6.501466032e-13
5159	144.2951194	4.032330025e-12
5160	144.2772233	-1.012523398e-11
5161	144.2593258	-5.442757356e-12
5162	144.2414267	-1.953637252e-11
5163	144.2235261	-1.486100132e-11
5164	144.205624	-1.019273554e-11
5165	144.1877204	-5.545786053e-12
5166	144.1698153	-9.094947018e-13
5167	144.1519086	-1.488942303e-11
5168	144.1340005	-1.02602371e-11
5169	144.1160908	-5.641709322e-12
5170	144.0981797	-1.044497822e-12
5171	144.0802671	3.538502824e-12
5172	144.062353	8.110845329e-12
5173	144.0444373	-5.737632591e-12
5174	144.0265202	-1.172395514e-12
5175	144.0086017	-1.495337187e-11
5176	143.9906816	-1.038458208e-11
5177	143.97276	-5.833555861e-12
5178	143.954837	-1.953281981e-11
5179	143.9369125	-1.498179358e-11
5180	143.9189865	-1.044497822e-11
5181	143.9010591	-5.922373703e-12
5182	143.8831302	-1.424638185e-12
5183	143.8651998	3.065991905e-12
5184	143.847268	-1.050537435e-11
5185	143.8293347	-6.014744258e-12
5186	143.8114	-1.54543045e-12
5187	143.7934638	2.909672503e-12
5188	143.7755261	7.347011888e-12
5189	143.757587	-6.1035621e-12
5190	143.7396465	-1.951150352e-11
5191	143.7217045	-1.505284786e-11
5192	143.7037611	-1.061906119e-11
5193	143.6858162	-6.192379942e-12
5194	143.6678699	-1.78701498e-12
5195	143.6499222	-1.507416414e-11
5196	143.631973	-1.067235189e-11
5197	143.6140224	-6.274092357e-12
5198	143.5960704	-1.897149104e-12
5199	143.578117	2.458477866e-12
5200	143.5601621	-1.071853717e-11
5201	143.5422059	-6.355804771e-12
5202	143.5242482	-2.014388656e-12
5203	143.5062891	2.309263891e-12
5204	143.4883286	6.625811011e-12
5205	143.4703667	-6.437517186e-12
5206	143.4524034	-1.945110739e-11
5207	143.4344386	-1.512034942e-11
5208	143.4164725	-1.081446044e-11
5209	143.398505	-6.519229601e-12
5210	143.3805361	-2.238209618e-12
5211	143.3625658	-1.513811299e-11
5212	143.3445942	-1.085354029e-11
5213	143.3266211	-6.593836588e-12
5214	143.3086467	-2.344791028e-12
5215	143.2906709	1.879385536e-12
5216	143.2726937	-2.789590781e-11
5217	143.2547151	1.028865881e-11
5218	143.2367351	-1.938715855e-11
5219	143.2187538	1.863398325e-11
5220	143.2007712	-1.093880542e-11
5221	143.1827871	-6.743050562e-12
5222	143.1648017	-2.565059276e-12
5223	143.146815	1.605826583e-12
5224	143.1288268	5.75539616e-12
5225	143.1108374	9.887202168e-12
5226	143.0928466	-1.933386784e-11
5227	143.0748544	-1.517008741e-11
5228	143.0568609	-1.102051783e-11
5229	143.038866	-6.881606396e-12
5230	143.0208698	-2.771116669e-12
5231	143.0028723	-3.167599516e-11
5232	142.9848734	5.41788836e-12
5233	142.9668732	-2.338751415e-11
5234	142.9488717	1.353939183e-11
5235	142.9308689	-1.517008741e-11
5236	142.9128647	-1.108801939e-11
5237	142.8948592	-7.016609516e-12
5238	142.8768524	-2.966515922e-12
5239	142.8588442	1.072919531e-12
5240	142.8408348	5.094591415e-12
5241	142.822824	9.094947018e-12
5242	142.804812	-1.920597015e-11
5243	142.7867986	-1.516653469e-11
5244	142.7687839	-1.11413101e-11
5245	142.750768	-7.140954494e-12
5246	142.7327507	-3.151257033e-12
5247	142.7147321	8.242295735e-13
5248	142.6967123	-2.711786351e-11
5249	142.6786911	8.714806654e-12
5250	142.6606687	-1.912425773e-11
5251	142.642645	1.65449876e-11
5252	142.62462	-1.119815352e-11
5253	142.6065937	-7.258194046e-12
5254	142.5885662	-3.332445431e-12
5255	142.5705373	5.719869023e-13
5256	142.5525073	4.465761094e-12
5257	142.5344759	-2.296829393e-11
5258	142.5164433	-1.904254532e-11
5259	142.4984094	-1.513100756e-11
5260	142.4803742	-1.124078608e-11
5261	142.4623378	-7.36832817e-12
5262	142.4443001	-3.510081115e-12
5263	142.4262612	3.339550858e-13
5264	142.4082211	4.160227718e-12
5265	142.3901796	-2.281197453e-11
5266	142.372137	1.17665877e-11
5267	142.3540931	-1.510613856e-11
5268	142.336048	1.930899884e-11
5269	142.3180016	-7.464251439e-12
5270	142.299954	-3.673505944e-12
5271	142.2819051	1.065814104e-13
5272	142.2638551	-2.644995334e-11
5273	142.2458038	7.613465414e-12
5274	142.2277513	-1.884359335e-11
5275	142.2096975	-1.507061143e-11
5276	142.1916426	-1.130473493e-11
5277	142.1735864	-7.567280136e-12
5278	142.155529	-3.829825346e-12
5279	142.1374704	-1.207922651e-13
5280	142.1194106	-2.621902695e-11
5281	142.1013496	7.258194046e-12
5282	142.0832874	-1.873345923e-11
5283	142.065224	1.457323151e-11
5284	142.0471594	-1.132605121e-11
5285	142.0290936	2.18172147e-11
5286	142.0110266	-3.982592034e-12
5287	141.9929585	-3.339550858e-13
5288	141.9748891	3.300471008e-12
5289	141.9568186	-2.228617291e-11
5290	141.9387468	1.05195852e-11
5291	141.9206739	-1.497113544e-11
5292	141.9025998	-1.134026206e-11
5293	141.8845246	-7.720046824e-12
5294	141.8664482	-4.124700581e-12
5295	141.8483706	-5.400124792e-13
5296	141.8302918	3.026912054e-12
5297	141.8122119	-2.209787908e-11
5298	141.7941309	1.011812856e-11
5299	141.7760486	-1.491429202e-11
5300	141.7579652	1.713473807e-11
5301	141.7398807	-7.791101098e-12
5302	141.721795	-4.256150987e-12
5303	141.7037082	-7.425171589e-13
5304	141.6856202	-2.545164079e-11
5305	141.6675311	6.249223361e-12
5306	141.6494409	-1.836397701e-11
5307	141.6313495	1.317346232e-11
5308	141.613257	-1.134026206e-11
5309	141.5951633	-7.858602658e-12
5310	141.5770685	-4.380495966e-12
5311	141.5589726	-9.272582702e-13
5312	141.5408756	2.504663144e-12
5313	141.5227775	5.92947913e-12
5314	141.5046782	-1.822542117e-11
5315	141.4865778	1.27258204e-11
5316	141.4684763	-1.132960392e-11
5317	141.4503738	1.945110739e-11
5318	141.4322701	-4.504840945e-12
5319	141.4141653	-2.833999702e-11
5320	141.3960593	2.255973186e-12
5321	141.3779523	-2.148325962e-11
5322	141.3598442	8.959943898e-12
5323	141.3417351	-1.468691835e-11
5324	141.3236248	-1.130828764e-11
5325	141.3055134	-7.950973213e-12
5326	141.287401	-4.614975069e-12
5327	141.2692874	-1.293187779e-12
5328	141.2511728	2.01794137e-12
5329	141.2330571	5.31130695e-12
5330	141.2149404	8.586908962e-12
5331	141.1968225	-1.459454779e-11
5332	141.1787036	1.508837499e-11
5333	141.1605836	-7.993605777e-12
5334	141.1424626	-4.721556479e-12
5335	141.1243405	-1.456612608e-12
5336	141.1062174	-2.432898327e-11
5337	141.0880932	5.012879001e-12
5338	141.0699679	-1.775291025e-11
5339	141.0518416	1.141842176e-11
5340	141.0337142	-1.125144422e-11
5341	141.0155858	-8.0255802e-12
5342	140.9974564	-4.813927035e-12
5343	140.9793259	-1.616484724e-12
5344	140.9611944	1.563194019e-12
5345	140.9430618	4.725109193e-12
5346	140.9249282	-1.758593271e-11
5347	140.9067936	1.099920155e-11
5348	140.888658	-1.121236437e-11
5349	140.8705213	-8.043343769e-12
5350	140.8523836	-4.899192163e-12
5351	140.8342449	-1.765698698e-12
5352	140.8161052	1.342925771e-12
5353	140.7979645	-2.054889592e-11
5354	140.7798227	7.521094858e-12
5355	140.76168	-1.427125085e-11
5356	140.7435362	1.362820967e-11
5357	140.7253914	-8.061107337e-12
5358	140.7072457	-4.980904578e-12
5359	140.6890989	-1.914912673e-12
5360	140.6709512	1.133315664e-12
5361	140.6528024	4.163780432e-12
5362	140.6346527	7.180034345e-12
5363	140.616502	-1.414690587e-11
5364	140.5983503	-1.110223025e-11
5365	140.5801976	-8.068212765e-12
5366	140.562044	-5.051958851e-12
5367	140.5438893	-2.05702122e-12
5368	140.5257337	-2.306776992e-11
5369	140.5075772	3.897326906e-12
5370	140.4894196	-1.701749852e-11
5371	140.4712611	9.780620758e-12
5372	140.4531016	-1.103472869e-11
5373	140.4349412	1.559996576e-11
5374	140.4167798	-5.112354984e-12
5375	140.3986175	-2.177813485e-12
5376	140.3804542	7.389644452e-13
5377	140.36229	3.637978807e-12
5378	140.3441248	6.526335028e-12
5379	140.3259586	-1.387689963e-11
5380	140.3077916	-1.095656899e-11
5381	140.2896236	-8.050449196e-12
5382	140.2714546	-5.165645689e-12
5383	140.2532847	-2.29860575e-12
5384	140.2351139	5.506706202e-13
5385	140.2169422	-1.948663453e-11
5386	140.1987696	6.206590797e-12
5387	140.180596	-1.373123837e-11
5388	140.1624215	1.179856213e-11
5389	140.1442461	-8.036238341e-12
5390	140.1260697	-5.218936394e-12
5391	140.1078925	-2.415845302e-12
5392	140.0897143	3.694822226e-13
5393	140.0715353	3.147704319e-12
5394	140.0533553	-1.637801006e-11
5395	140.0351745	8.636646953e-12
5396	140.0169927	-1.078603873e-11
5397	139.9988101	-8.014922059e-12
5398	139.9806265	-5.258016245e-12
5399	139.9624421	-2.522426712e-12
5400	139.9442568	2.025046797e-13
5401	139.9260705	2.906119789e-12
5402	139.9078835	-1.61541891e-11
5403	139.8896955	8.270717444e-12
5404	139.8715066	-1.069011546e-11
5405	139.8533169	1.357136625e-11
5406	139.8351263	-5.293543381e-12
5407	139.8169349	-2.621902695e-12
5408	139.7987426	4.263256415e-14
5409	139.7805494	-1.860556154e-11
5410	139.7623553	5.304201522e-12
5411	139.7441604	-1.324096388e-11
5412	139.7259647	-1.058353405e-11
5413	139.707768	-7.940315072e-12
5414	139.6895706	-5.314859663e-12
5415	139.6713723	-2.707167823e-12
5416	139.6531731	-1.172395514e-13
5417	139.6349731	2.462030579e-12
5418	139.6167723	5.019984428e-12
5419	139.5985706	-1.30633282e-11
5420	139.5803681	1.008970685e-11
5421	139.5621648	-7.890577081e-12
5422	139.5439606	1.509548042e-11
5423	139.5257556	-2.788880238e-12
5424	139.5075498	-2.055244863e-11
5425	139.4893432	2.245315045e-12
5426	139.4711357	-1.542233008e-11
5427	139.4529275	7.219114195e-12
5428	139.4347184	-1.034905495e-11
5429	139.4165085	-7.837286375e-12
5430	139.3982978	-5.339728659e-12
5431	139.3800863	-2.863487225e-12
5432	139.361874	-4.014566457e-13
5433	139.3436609	2.042810365e-12
5434	139.325447	-1.515587655e-11
5435	139.3072323	6.88515911e-12
5436	139.2890168	-1.021760454e-11
5437	139.2708006	1.166000629e-11
5438	139.2525835	-5.343281373e-12
5439	139.2343657	-2.927436071e-12
5440	139.216147	-5.293543381e-13
5441	139.1979277	-1.731592647e-11
5442	139.1797075	4.209965709e-12
5443	139.1614865	-1.247713044e-11
5444	139.1432648	8.888889624e-12
5445	139.1250424	-7.702283256e-12
5446	139.1068191	-5.339728659e-12
5447	139.0885951	-2.987832204e-12
5448	139.0703703	-6.572520306e-13
5449	139.0521448	1.655564574e-12
5450	139.0339186	3.950617611e-12
5451	139.0156915	-1.226396762e-11
5452	138.9974638	8.505196547e-12
5453	138.9792352	-7.617018127e-12
5454	138.961006	-5.318412377e-12
5455	138.942776	-3.041122909e-12
5456	138.9245453	-1.894662205e-11
5457	138.9063138	1.47792889e-12
5458	138.8880816	-1.432809427e-11
5459	138.8698487	5.922373703e-12
5460	138.851615	-9.780620758e-12
5461	138.8333806	1.03099751e-11
5462	138.8151455	-5.297096095e-12
5463	138.7969097	-3.08020276e-12
5464	138.7786732	-8.810729923e-13
5465	138.7604359	1.30384592e-12
5466	138.7421979	3.471001264e-12
5467	138.7239593	5.62039304e-12
5468	138.7057199	-9.617195929e-12
5469	138.6874798	-7.432277016e-12
5470	138.669239	-5.261568958e-12
5471	138.6509976	-3.11928261e-12
5472	138.6327554	-9.805489753e-13
5473	138.6145126	-1.590194643e-11
5474	138.596269	3.236522161e-12
5475	138.5780248	-1.158184659e-11
5476	138.5597799	7.396749879e-12
5477	138.5415343	-7.329248319e-12
5478	138.523288	-5.229594535e-12
5479	138.505041	-3.144151606e-12
5480	138.4867934	-1.072919531e-12
5481	138.4685451	9.805489753e-13
5482	138.4502961	3.019806627e-12
5483	138.4320465	5.037747997e-12
5484	138.4137962	-9.276135415e-12
5485	138.3955453	-7.215561482e-12
5486	138.3772937	-5.183409257e-12
5487	138.3590414	-3.161915174e-12
5488	138.3407885	-1.154631946e-12
5489	138.3225349	8.313350008e-13
5490	138.3042807	-1.311306619e-11
5491	138.2860259	4.76063633e-12
5492	138.2677704	-9.08784159e-12
5493	138.2495143	8.611777957e-12
5494	138.2312575	-5.123013125e-12
5495	138.2130001	-3.172573315e-12
5496	138.1947421	-1.229238933e-12
5497	138.1764834	6.927791674e-13
5498	138.1582241	2.593480986e-12
5499	138.1399642	-1.082867129e-11
5500	138.1217037	-8.892442338e-12
5501	138.1034426	-6.970424238e-12
5502	138.0851808	-5.062616992e-12
5503	138.0669185	-3.172573315e-12
5504	138.0486555	-1.300293206e-12
5505	138.0303919	5.577760476e-13
5506	138.0121277	2.398081733e-12
5507	137.993863	-1.056932319e-11
5508	137.9755976	6.021849686e-12
5509	137.9573316	-6.835421118e-12
5510	137.9390651	9.592326933e-12
5511	137.9207979	-3.169020601e-12
5512	137.9025302	-1.360689339e-12
5513	137.8842618	4.298783551e-13
5514	137.8659929	-1.211830636e-11
5515	137.8477234	3.961275752e-12
5516	137.8294534	-8.487432979e-12
5517	137.8111827	-6.693312571e-12
5518	137.7929115	-4.916955731e-12
5519	137.7746398	-3.15836246e-12
5520	137.7563674	-1.417532758e-12
5521	137.7380945	3.090860901e-13
5522	137.7198211	-1.17665877e-11
5523	137.701547	3.712585794e-12
5524	137.6832725	-8.270717444e-12
5525	137.6649973	7.052136652e-12
5526	137.6467217	-4.828137889e-12
5527	137.6284454	1.032418595e-11
5528	137.6101687	-1.460165322e-12
5529	137.5918914	-1.312372433e-11
5530	137.5736135	1.843858399e-12
5531	137.5553351	-9.720224625e-12
5532	137.5370562	5.083933274e-12
5533	137.5187768	-6.380673767e-12
5534	137.5004968	-4.735767334e-12
5535	137.4822163	-3.108624469e-12
5536	137.4639353	-1.499245172e-12
5537	137.4456537	9.947598301e-14
5538	137.4273717	1.673328143e-12
5539	137.4090891	-9.42534939e-12
5540	137.390806	4.778399898e-12
5541	137.3725224	-6.217248938e-12
5542	137.3542383	7.826628234e-12
5543	137.3359537	-3.076650046e-12
5544	137.3176686	-1.385203063e-11
5545	137.299383	3.552713679e-15
5546	137.2810969	-1.06759046e-11
5547	137.2628103	3.0127012e-12
5548	137.2445232	-7.563727422e-12
5549	137.2262357	5.954348126e-12
5550	137.2079476	-4.526157227e-12
5551	137.1896591	-3.030464768e-12
5552	137.1713701	-1.548983164e-12
5553	137.1530806	-8.171241461e-14
5554	137.1347906	1.360689339e-12
5555	137.1165002	2.795985665e-12
5556	137.0982093	-7.318590178e-12
5557	137.0799179	5.602629471e-12
5558	137.061626	-4.405364962e-12
5559	137.0433338	-2.980726777e-12
5560	137.025041	-1.563194019e-12
5561	137.0067478	-1.136157834e-11
5562	136.9884541	1.222133506e-12
5563	136.97016	-8.476774838e-12
5564	136.9518655	3.932854042e-12
5565	136.9335705	-5.663025604e-12
5566	136.915275	-4.281019983e-12
5567	136.8969791	-2.91677793e-12
5568	136.8786828	-1.566746732e-12
5569	136.860386	-2.309263891e-13
5570	136.8420889	1.083577672e-12
5571	136.8237912	2.380318165e-12
5572	136.8054932	3.666400517e-12
5573	136.7871947	-5.467626352e-12
5574	136.7688959	-4.149569577e-12
5575	136.7505966	-2.84927637e-12
5576	136.7322968	-1.563194019e-12
5577	136.7139967	-2.98427949e-13
5578	136.6956962	-9.109157872e-12
5579	136.6773952	2.188471626e-12
5580	136.6590939	-6.526335028e-12
5581	136.6407921	4.604316928e-12
5582	136.62249	-4.00746103e-12
5583	136.6041874	-2.767563956e-12
5584	136.5858845	-1.556088591e-12
5585	136.5675812	-3.517186542e-13
5586	136.5492775	8.277822872e-13
5587	136.5309734	2.000177801e-12
5588	136.5126689	-6.249223361e-12
5589	136.494364	-5.04130071e-12
5590	136.4760588	-3.854694341e-12
5591	136.4577532	-2.692956969e-12
5592	136.4394472	-1.538325023e-12
5593	136.4211408	-4.014566457e-13
5594	136.4028341	7.176481631e-13
5595	136.384527	-7.108980071e-12
5596	136.3662196	2.906119789e-12
5597	136.3479117	-4.821032462e-12
5598	136.3296036	5.027089856e-12
5599	136.3112951	-2.593480986e-12
5600	136.2929862	-1.509903313e-12
5601	136.274677	-4.405364962e-13
5602	136.2563674	6.146194664e-13
5603	136.2380575	1.652011861e-12
5604	136.2197473	-5.663025604e-12
5605	136.2014367	-4.593658787e-12
5606	136.1831258	-3.531397397e-12
5607	136.1648146	-2.50111043e-12
5608	136.146503	-1.470823463e-12
5609	136.1281911	-4.689582056e-13
5610	136.1098789	-7.418066161e-12
5611	136.0915663	1.488587031e-12
5612	136.0732535	-5.353939514e-12
5613	136.0549403	3.382183422e-12
5614	136.0366268	-3.36086714e-12
5615	136.018313	5.211830967e-12
5616	135.9999989	-1.43884904e-12
5617	135.9816845	-4.938272014e-13
5618	135.9633698	4.263256415e-13
5619	135.9450548	-6.000533403e-12
5620	135.9267395	2.220446049e-12
5621	135.9084239	-4.106937013e-12
5622	135.890108	-3.179678743e-12
5623	135.8717918	-2.277289468e-12
5624	135.8534754	-1.389111048e-12
5625	135.8351586	-5.115907697e-13
5626	135.8168416	3.446132268e-13
5627	135.7985243	-5.613287613e-12
5628	135.7802067	2.010835942e-12
5629	135.7618889	-3.847588914e-12
5630	135.7435707	3.606004384e-12
5631	135.7252523	-2.156497203e-12
5632	135.7069337	-1.325162202e-12
5633	135.6886148	-5.186961971e-13
5634	135.6702956	-6.06448225e-12
5635	135.6519762	1.048050535e-12
5636	135.6336565	-4.398259534e-12
5637	135.6153366	2.547295708e-12
5638	135.5970164	-2.795985665e-12
5639	135.578696	-2.021494083e-12
5640	135.5603753	-1.261213356e-12
5641	135.5420544	-5.186961971e-13
5642	135.5237333	2.09610107e-13
5643	135.5054119	9.166001291e-13
5644	135.4870903	-4.057199021e-12
5645	135.4687684	2.284394895e-12
5646	135.4504464	-2.586375558e-12
5647	135.4321241	3.581135388e-12
5648	135.4138016	-1.186606369e-12
5649	135.3954788	-5.840661288e-12
5650	135.3771559	1.456612608e-13
5651	135.3588327	-4.408917675e-12
5652	135.3405094	1.417532758e-12
5653	135.3221858	-3.037570195e-12
5654	135.303862	2.629008122e-12
5655	135.285538	-1.733724275e-12
5656	135.2672138	-1.104893954e-12
5657	135.2488895	-4.938272014e-13
5658	135.2305649	9.947598301e-14
5659	135.2122401	6.75015599e-13
5660	135.1939152	1.23634436e-12
5661	135.17559	-2.753353101e-12
5662	135.1572647	2.312816605e-12
5663	135.1389392	-1.577404873e-12
5664	135.1206135	-1.016076112e-12
5665	135.1022877	-4.725109193e-13
5666	135.0839617	-4.146016863e-12
5667	135.0656355	5.684341886e-13
5668	135.0473091	-3.002043059e-12
5669	135.0289826	1.54543045e-12
5670	135.0106559	-1.925570814e-12
5671	134.992329	-1.413980044e-12
5672	134.974002	-9.201528428e-13
5673	134.9556749	-4.405364962e-13
5674	134.9373476	2.131628207e-14
5675	134.9190201	4.689582056e-13
5676	134.9006925	8.988365607e-13
5677	134.8823647	1.310951347e-12
5678	134.8640369	-1.687538997e-12
5679	134.8457088	-1.243449788e-12
5680	134.8273807	-8.171241461e-13
5681	134.8090524	-3.97903932e-13
5682	134.790724	-7.105427358e-15
5683	134.7723954	-2.689404255e-12
5684	134.7540667	7.425171589e-13
5685	134.735738	-1.840305686e-12
5686	134.717409	1.417532758e-12
5687	134.69908	-1.065814104e-12
5688	134.6807509	-6.998845947e-13
5689	134.6624216	-3.552713679e-13
5690	134.6440923	-2.131628207e-14
5691	134.6257628	2.87769808e-13
5692	134.6074332	5.897504707e-13
5693	134.5891036	-1.527666882e-12
5694	134.5707738	-1.193711796e-12
5695	134.552444	-8.810729923e-13
5696	134.534114	-5.790923296e-13
5697	134.515784	-3.019806627e-13
5698	134.4974539	-2.842170943e-14
5699	134.4791236	2.131628207e-13
5700	134.4607934	-1.481481604e-12
5701	134.442463	6.643574579e-13
5702	134.4241326	-9.343636975e-13
5703	134.405802	1.048050535e-12
5704	134.3874715	-4.547473509e-13
5705	134.3691408	-2.380318165e-13
5706	134.3508101	-3.552713679e-14
5707	134.3324793	1.492139745e-13
5708	134.3141485	3.161915174e-13
5709	134.2958176	-8.668621376e-13
5710	134.2774866	-6.643574579e-13
5711	134.2591556	-4.831690603e-13
5712	134.2408246	-3.126388037e-13
5713	134.2224935	-1.669775429e-13
5714	134.2041624	-3.197442311e-14
5715	134.1858312	-8.455458556e-13
5716	134.1675	1.88293825e-13
5717	134.1491687	-5.293543381e-13
5718	134.1308374	3.410605132e-13
5719	134.1125061	-2.700062396e-13
5720	134.0941748	4.263256415e-13
5721	134.0758434	-8.881784197e-14
5722	134.0575121	-1.776356839e-14
5723	134.0391807	3.552713679e-14
5724	134.0208492	-2.629008122e-13
5725	134.0025178	9.237055565e-14
5726	133.9841864	-1.065814104e-13
5727	133.9658549	-5.684341886e-14
5728	133.9475235	-1.776356839e-14
5729	133.929192	0
5730	133.9108605	0
5731	133.8925291	-1.065814104e-14
5732	133.8741976	1.598721155e-13
5733	133.8558662	-9.237055565e-14
5734	133.8375348	1.847411113e-13
5735	133.8192033	-2.273736754e-13
5736	133.8008719	1.421085472e-13
5737	133.7825406	9.947598301e-14
5738	133.7642092	3.197442311e-14
5739	133.7458779	6.181721801e-13
5740	133.7275466	-1.385558335e-13
5741	133.7092153	5.435651929e-13
5742	133.690884	-3.836930773e-13
5743	133.6725528	4.050093594e-13
5744	133.6542217	3.126388037e-13
5745	133.6358905	1.953992523e-13
5746	133.6175594	6.75015599e-14
5747	133.5992284	-7.460698725e-14
5748	133.5808974	-2.344791028e-13
5749	133.5625664	9.166001291e-13
5750	133.5442356	-6.146194664e-13
5751	133.5259047	6.465938895e-13
5752	133.5075739	-1.051603249e-12
5753	133.4892432	3.055333764e-13
5754	133.4709126	1.779909553e-12
5755	133.452582	-9.947598301e-14
5756	133.4342515	1.47792889e-12
5757	133.4159211	-5.719869023e-13
5758	133.3975907	1.108446668e-12
5759	133.3792604	8.952838471e-13
5760	133.3609302	6.714628853e-13
5761	133.3426001	4.298783551e-13
5762	133.3242701	1.669775429e-13
5763	133.3059401	-1.065814104e-13
5764	133.2876103	-4.014566457e-13
5765	133.2692805	-7.105427358e-13
5766	133.2509508	1.428190899e-12
5767	133.2326213	-1.382005621e-12
5768	133.2142918	8.597567103e-13
5769	133.1959625	5.506706202e-13
5770	133.1776332	2.273736754e-13
5771	133.1593041	2.689404255e-12
5772	133.1409751	-4.725109193e-13
5773	133.1226462	2.085442929e-12
5774	133.1043174	-1.243449788e-12
5775	133.0859887	1.421085472e-12
5776	133.0676602	1.058708676e-12
5777	133.0493318	6.8567374e-13
5778	133.0310035	2.948752353e-13
5779	133.0126753	-1.136868377e-13
5780	132.9943473	-5.400124792e-13
5781	132.9760194	2.486899575e-12
5782	132.9576917	-1.435296326e-12
5783	132.9393641	1.691091711e-12
5784	132.9210366	1.268318783e-12
5785	132.9027093	8.277822872e-13
5786	132.8843822	3.730349363e-13
5787	132.8660552	-9.947598301e-14
5788	132.8477284	3.343103572e-12
5789	132.8294017	-1.094235813e-12
5790	132.8110751	2.444267011e-12
5791	132.7927488	-2.16360263e-12
5792	132.7744226	1.485034318e-12
5793	132.7560966	9.769962617e-13
5794	132.7377707	4.547473509e-13
5795	132.7194451	-8.171241461e-14
5796	132.7011196	-6.465938895e-13
5797	132.6827943	-1.207922651e-12
5798	132.6644691	2.803091093e-12
5799	132.6461442	2.263078613e-12
5800	132.6278194	1.705302566e-12
5801	132.6094949	1.133315664e-12
5802	132.5911705	5.471179065e-13
5803	132.5728463	4.881428595e-12
5804	132.5545224	-6.785683127e-13
5805	132.5361986	3.751665645e-12
5806	132.517875	-1.971756092e-12
5807	132.4995517	2.557953849e-12
5808	132.4812285	-3.328892717e-12
5809	132.4629056	1.300293206e-12
5810	132.4445829	6.501466032e-13
5811	132.4262604	-2.131628207e-14
5812	132.4079381	-7.105427358e-13
5813	132.389616	-1.413980044e-12
5814	132.3712942	3.531397397e-12
5815	132.3529726	2.870592652e-12
5816	132.3346512	2.174260771e-12
5817	132.3163301	1.474376177e-12
5818	132.2980092	7.531752999e-13
5819	132.2796886	2.131628207e-14
5820	132.2613681	5.336175946e-12
5821	132.243048	-1.5063506e-12
5822	132.2247281	3.915090474e-12
5823	132.2064084	-3.094413614e-12
5824	132.188089	2.422950729e-12
5825	132.1697698	1.655564574e-12
5826	132.1514509	8.668621376e-13
5827	132.1331323	6.394884622e-14
5828	132.1148139	-7.531752999e-13
5829	132.0964958	5.087485988e-12
5830	132.0781779	-2.437161584e-12
5831	132.0598604	3.49587026e-12
5832	132.0415431	2.678746114e-12
5833	132.0232261	1.843858399e-12
5834	132.0049093	9.912071164e-13
5835	131.9865929	1.243449788e-13
5836	131.9682767	-7.531752999e-13
5837	131.9499609	5.545786053e-12
5838	131.9316453	-2.579270131e-12
5839	131.91333	3.826272632e-12
5840	131.895015	-4.462208381e-12
5841	131.8767003	2.046363079e-12
5842	131.8583859	1.12976295e-12
5843	131.8400718	1.953992523e-13
5844	131.821758	6.906475392e-12
5845	131.8034446	-1.726618848e-12
5846	131.7851314	5.094591415e-12
5847	131.7668186	4.163780432e-12
5848	131.748506	3.211653166e-12
5849	131.7301938	2.248867759e-12
5850	131.7118819	1.26476607e-12
5851	131.6935704	2.664535259e-13
5852	131.6752592	-7.460698725e-13
5853	131.6569483	-1.779909553e-12
5854	131.6386377	5.506706202e-12
5855	131.6203275	-3.897326906e-12
5856	131.6020176	3.488764833e-12
5857	131.5837081	-6.078693104e-12
5858	131.5653989	1.41042733e-12
5859	131.54709	9.013234603e-12
5860	131.5287815	-7.389644452e-13
5861	131.5104734	6.966871524e-12
5862	131.4921656	-2.948752353e-12
5863	131.4738582	4.860112313e-12
5864	131.4555511	3.776534641e-12
5865	131.4372444	2.6751934e-12
5866	131.418938	1.563194019e-12
5867	131.4006321	4.405364962e-13
5868	131.3823265	-7.105427358e-13
5869	131.3640212	7.453593298e-12
5870	131.3457164	-3.055333764e-12
5871	131.3274119	5.21538368e-12
5872	131.3091078	-5.464073638e-12
5873	131.2908042	2.906119789e-12
5874	131.2725008	1.726618848e-12
5875	131.2541979	5.364597655e-13
5876	131.2358954	9.123368727e-12
5877	131.2175933	-1.907807246e-12
5878	131.1992915	6.782130413e-12
5879	131.1809902	-4.419575816e-12
5880	131.1626893	4.373390539e-12
5881	131.1443888	3.144151606e-12
5882	131.1260887	1.897149104e-12
5883	131.107789	6.394884622e-13
5884	131.0894897	-6.394884622e-13
5885	131.0711908	-1.929123528e-12
5886	131.0528924	7.219114195e-12
5887	131.0345944	-4.572342505e-12
5888	131.0162968	4.682476629e-12
5889	130.9979996	3.385736136e-12
5890	130.9797029	2.074784788e-12
5891	130.9614066	1.154987217e-11
5892	130.9431107	-5.897504707e-13
5893	130.9248153	8.974154753e-12
5894	130.9065203	-3.325340003e-12
5895	130.8882258	6.341593917e-12
5896	130.8699317	-6.128431096e-12
5897	130.851638	3.637978807e-12
5898	130.8333448	2.263078613e-12
5899	130.8150521	8.704148513e-13
5900	130.7967598	-5.364597655e-13
5901	130.778468	-1.961097951e-12
5902	130.7601767	-3.403499704e-12
5903	130.7418858	6.732392421e-12
5904	130.7235954	5.321965091e-12
5905	130.7053054	3.897326906e-12
5906	130.6870159	2.458477866e-12
5907	130.6687269	9.983125437e-13
5908	130.6504384	1.14539489e-11
5909	130.6321504	-1.964650664e-12
5910	130.6138629	8.590461675e-12
5911	130.5955758	-4.998668146e-12
5912	130.5772892	5.65947289e-12
5913	130.5590032	4.170885859e-12
5914	130.5407176	2.657429832e-12
5915	130.5224325	1.140421091e-12
5916	130.5041479	-4.050093594e-13
5917	130.4858638	-1.964650664e-12
5918	130.4675803	-3.53495011e-12
5919	130.4492972	7.54241114e-12
5920	130.4310147	6.000533403e-12
5921	130.4127326	4.440892099e-12
5922	130.3944511	2.874145366e-12
5923	130.3761701	1.282529638e-12
5924	130.3578896	-3.197442311e-13
5925	130.3396097	1.11164411e-11
5926	130.3213303	-3.584688102e-12
5927	130.3030514	7.950973213e-12
5928	130.284773	-6.906475392e-12
5929	130.2664952	4.725109193e-12
5930	130.2482179	3.090860901e-12
5931	130.2299412	1.431743613e-12
5932	130.211665	-2.415845302e-13
5933	130.1933893	-1.925570814e-12
5934	130.1751142	1.002931072e-11
5935	130.1568397	8.373746141e-12
5936	130.1385657	6.703970712e-12
5937	130.1202922	5.019984428e-12
5938	130.1020194	3.314681862e-12
5939	130.0837471	1.591615728e-12
5940	130.0654753	-1.421085472e-13
5941	130.0472041	-1.900701818e-12
5942	130.0289335	1.052313792e-11
5943	130.0106635	-5.449862783e-12
5944	129.992394	7.069900221e-12
5945	129.9741252	-9.073630736e-12
5946	129.9558569	3.545608251e-12
5947	129.9375891	1.762145985e-12
5948	129.919322	-4.263256415e-14
5949	129.9010555	1.279687467e-11
5950	129.8827895	-3.694822226e-12
5951	129.8645242	9.244160992e-12
5952	129.8462594	7.439382443e-12
5953	129.8279953	5.623945754e-12
5954	129.8097317	3.790745495e-12
5955	129.7914688	1.936228955e-12
5956	129.7732065	7.105427358e-14
5957	129.7549447	1.3375967e-11
5958	129.7366836	-3.716138508e-12
5959	129.7184231	9.688250202e-12
5960	129.7001633	-7.567280136e-12
5961	129.681904	5.940137271e-12
5962	129.6636454	-1.14788179e-11
5963	129.6453874	2.120970066e-12
5964	129.62713	1.583799758e-11
5965	129.6088733	-1.762145985e-12
5966	129.5906172	1.206146294e-11
5967	129.5723617	-5.712763596e-12
5968	129.5541069	8.210321312e-12
5969	129.5358527	6.259881502e-12
5970	129.5175992	4.295230838e-12
5971	129.4993463	2.312816605e-12
5972	129.4810941	3.161915174e-13
5973	129.4628425	-1.701749852e-12
5974	129.4445916	1.258371185e-11
5975	129.4263414	-5.780265155e-12
5976	129.4080918	8.60467253e-12
5977	129.3898428	-9.929834732e-12
5978	129.3715946	4.55813165e-12
5979	129.353347	1.916333758e-11
5980	129.3351001	4.476419235e-13
5981	129.3168538	1.514877113e-11
5982	129.2986082	-3.726796649e-12
5983	129.2803634	1.107025582e-11
5984	129.2621192	-7.972289495e-12
5985	129.2438756	6.927791674e-12
5986	129.2256328	4.835243317e-12
5987	129.2073907	2.717825964e-12
5988	129.1891492	5.897504707e-13
5989	129.1709085	-1.556088591e-12
5990	129.1526685	-3.719691222e-12
5991	129.1344291	1.154987217e-11
5992	129.1161905	-8.09308176e-12
5993	129.0979525	7.275957614e-12
5994	129.0797153	5.112354984e-12
5995	129.0614788	2.930988785e-12
5996	129.043243	1.851674369e-11
5997	129.025008	-1.470823463e-12
5998	129.0067736	1.4207302e-11
5999	128.98854	-5.947242698e-12
6000	128.9703071	9.84101689e-12
6001	128.9520749	7.627676268e-12
6002	128.9338435	5.400124792e-12
6003	128.9156128	3.15836246e-12
6004	128.8973828	8.988365607e-13
6005	128.8791536	-1.378452907e-12
6006	128.8609251	-3.673505944e-12
6007	128.8426974	-5.982769835e-12
6008	128.8244704	1.026734253e-11
6009	128.8062442	7.98650035e-12
6010	128.7880187	5.695000027e-12
6011	128.769794	3.385736136e-12
6012	128.75157	1.058708676e-12
6013	128.7333468	1.762145985e-11
6014	128.7151244	-3.637978807e-12
6015	128.6969027	1.302424835e-11
6016	128.6786818	-8.405720564e-12
6017	128.6604616	8.363088e-12
6018	128.6422423	6.000533403e-12
6019	128.6240237	3.623767952e-12
6020	128.6058059	1.23634436e-12
6021	128.5875889	-1.172395514e-12
6022	128.5693727	-3.595346243e-12
6023	128.5511572	1.35322864e-11
6024	128.5329426	1.11413101e-11
6025	128.5147287	8.736122936e-12
6026	128.4965156	6.309619494e-12
6027	128.4783034	3.87245791e-12
6028	128.4600919	1.413980044e-12
6029	128.4418813	-1.055155963e-12
6030	128.4236714	1.648459147e-11
6031	128.4054624	-6.050271395e-12
6032	128.3872541	1.159250473e-11
6033	128.3690467	-1.110933567e-11
6034	128.3508401	6.629363725e-12
6035	128.3326344	4.128253295e-12
6036	128.3144294	1.598721155e-12
6037	128.2962253	-9.343636975e-13
6038	128.278022	-3.485212119e-12
6039	128.2598195	1.456612608e-11
6040	128.2416179	1.20508048e-11
6041	128.2234171	9.510614518e-12
6042	128.2052171	6.956213383e-12
6043	128.187018	4.391154107e-12
6044	128.1688198	1.801225835e-12
6045	128.1506223	2.022204626e-11
6046	128.1324258	-3.417710559e-12
6047	128.11423	1.509903313e-11
6048	128.0960352	-8.71125394e-12
6049	128.0778412	9.90851845e-12
6050	128.059648	-1.406164074e-11
6051	128.0414557	4.657607633e-12
6052	128.0232643	2.007283229e-12
6053	128.0050738	-6.608047443e-13
6054	127.9868841	1.827160645e-11
6055	127.9686953	-6.046718681e-12
6056	127.9505074	1.29851685e-11
6057	127.9323203	1.031708052e-11
6058	127.9141342	7.634781696e-12
6059	127.8959489	4.9347193e-12
6060	127.8777645	2.216893336e-12
6061	127.859581	-5.186961971e-13
6062	127.8413984	1.887912049e-11
6063	127.8232167	-6.032507827e-12
6064	127.8050358	1.346833756e-11
6065	127.7868559	-1.16102683e-11
6066	127.7686769	7.982947636e-12
6067	127.7504988	5.218936394e-12
6068	127.7323216	2.440714297e-12
6069	127.7141453	2.225419848e-11
6070	127.69597	-3.176126029e-12
6071	127.6777955	1.674038685e-11
6072	127.659622	-8.856915201e-12
6073	127.6414493	1.115907367e-11
6074	127.6232777	8.341771718e-12
6075	127.6051069	5.513811629e-12
6076	127.5869371	2.671640686e-12
6077	127.5687682	-1.98951966e-13
6078	127.5506002	-3.076650046e-12
6079	127.5324332	1.730171562e-11
6080	127.5142671	-8.885336911e-12
6081	127.496102	1.159250473e-11
6082	127.4779378	-1.476507805e-11
6083	127.4597745	5.812239579e-12
6084	127.4416122	2.649969133e-11
6085	127.4234509	-2.842170943e-14
6086	127.4052905	2.076916417e-11
6087	127.3871311	-5.936584557e-12
6088	127.3689726	1.495692459e-11
6089	127.3508151	1.202948852e-11
6090	127.3326586	9.080736163e-12
6091	127.314503	6.124878382e-12
6092	127.2963484	3.144151606e-12
6093	127.2781948	1.527666882e-13
6094	127.2600422	-2.856381798e-12
6095	127.2418905	-5.886846566e-12
6096	127.2237399	1.546851536e-11
6097	127.2055902	-1.198685595e-11
6098	127.1874415	9.46442924e-12
6099	127.1692938	6.437517186e-12
6100	127.1511471	3.392841563e-12
6101	127.1330014	2.5064395e-11
6102	127.1148567	-2.735589533e-12
6103	127.096713	1.902833446e-11
6104	127.0785703	-8.938627616e-12
6105	127.0604286	1.293187779e-11
6106	127.0422879	9.855227745e-12
6107	127.0241482	6.760814131e-12
6108	127.0060096	3.652189662e-12
6109	126.9878719	5.258016245e-13
6110	126.9697353	-2.611244554e-12
6111	126.9515997	1.961808493e-11
6112	126.9334651	-8.938627616e-12
6113	126.9153316	1.338662514e-11
6114	126.8971991	1.025313168e-11
6115	126.8790676	7.094769217e-12
6116	126.8609372	3.922195901e-12
6117	126.8428078	7.318590178e-13
6118	126.8246794	2.337685601e-11
6119	126.8065521	-5.695000027e-12
6120	126.7884259	1.705302566e-11
6121	126.7703006	-1.218936063e-11
6122	126.7521765	1.065458832e-11
6123	126.7340534	7.432277016e-12
6124	126.7159313	4.192202141e-12
6125	126.6978104	9.450218386e-13
6126	126.6796904	-2.32702746e-12
6127	126.6615716	-5.613287613e-12
6128	126.6434538	1.758948542e-11
6129	126.6253371	1.433519969e-11
6130	126.6072214	1.107025582e-11
6131	126.5891069	7.780442957e-12
6132	126.5709934	4.476419235e-12
6133	126.552881	2.799538379e-11
6134	126.5347697	-2.177813485e-12
6135	126.5166595	2.144062705e-11
6136	126.4985503	-8.895995052e-12
6137	126.4804423	1.481836875e-11
6138	126.4623353	-1.568167818e-11
6139	126.4442295	8.135714324e-12
6140	126.4261247	4.767741757e-12
6141	126.4080211	1.382005621e-12
6142	126.3899185	-2.01794137e-12
6143	126.3718171	-5.435651929e-12
6144	126.3537168	1.869437938e-11
6145	126.3356176	1.531574867e-11
6146	126.3175195	1.191580168e-11
6147	126.2994225	8.49809112e-12
6148	126.2813267	5.066169706e-12
6149	126.2632319	1.620037438e-12
6150	126.2451383	2.610534011e-11
6151	126.2270459	-5.329070518e-12
6152	126.2089546	1.926281357e-11
6153	126.1908644	-1.233857461e-11
6154	126.1727753	1.234568003e-11
6155	126.1546874	-1.941202754e-11
6156	126.1366006	5.371703082e-12
6157	126.118515	1.858069254e-12
6158	126.1004305	-1.673328143e-12
6159	126.0823472	2.332711802e-11
6160	126.064265	-8.7787555e-12
6161	126.046184	1.632116664e-11
6162	126.0281041	1.279332196e-11
6163	126.0100254	9.244160992e-12
6164	125.9919479	5.6878946e-12
6165	125.9738715	2.106759212e-12
6166	125.9557963	-1.485034318e-12
6167	125.9377223	2.397726462e-11
6168	125.9196495	-8.725464795e-12
6169	125.9015778	1.683986284e-11
6170	125.8835073	-1.602984412e-11
6171	125.865438	9.631406783e-12
6172	125.8473699	6.011191545e-12
6173	125.829303	2.362554596e-12
6174	125.8112372	2.823696832e-11
6175	125.7931727	-4.97379915e-12
6176	125.7751093	2.100364327e-11
6177	125.7570472	-1.237054903e-11
6178	125.7389862	1.370636937e-11
6179	125.7209265	1.0025758e-11
6180	125.702868	6.330935776e-12
6181	125.6848106	2.629008122e-12
6182	125.6667545	-1.097788527e-12
6183	125.6486996	-4.838796031e-12
6184	125.6306459	2.160049917e-11
6185	125.6125935	-1.236699632e-11
6186	125.5945423	1.416822215e-11
6187	125.5764922	-1.996269816e-11
6188	125.5584435	6.671996289e-12
6189	125.5403959	3.342037758e-11
6190	125.5223496	-8.917311334e-13
6191	125.5043045	2.595612614e-11
6192	125.4862607	-8.512301974e-12
6193	125.4682181	1.843147857e-11
6194	125.4501767	1.464428578e-11
6195	125.4321366	1.083222401e-11
6196	125.4140978	7.020162229e-12
6197	125.3960602	3.179678743e-12
6198	125.3780238	-6.75015599e-13
6199	125.3599887	-4.547473509e-12
6200	125.3419549	-8.427036846e-12
6201	125.3239223	1.897504376e-11
6202	125.305891	-1.625011237e-11
6203	125.287861	1.125499693e-11
6204	125.2698322	7.36832817e-12
6205	125.2518047	3.467448551e-12
6206	125.2337785	3.117861525e-11
6207	125.2157536	-4.387601393e-12
6208	125.1977299	2.343014671e-11
6209	125.1797075	-1.230304747e-11
6210	125.1616865	1.56106239e-11
6211	125.1436667	1.167776986e-11
6212	125.1256482	7.727152251e-12
6213	125.107631	3.755218358e-12
6214	125.0896151	-2.238209618e-13
6215	125.0716004	-4.22062385e-12
6216	125.0535871	2.405542432e-11
6217	125.0355751	-1.226396762e-11
6218	125.0175644	1.610800382e-11
6219	124.9995551	1.210764822e-11
6220	124.981547	8.09308176e-12
6221	124.9635402	4.060751735e-12
6222	124.9455348	1.421085472e-14
6223	124.9275307	2.86988211e-11
6224	124.9095279	-8.125056183e-12
6225	124.8915264	2.065547733e-11
6226	124.8735263	-1.633893021e-11
6227	124.8555275	1.254818471e-11
6228	124.83753	8.46966941e-12
6229	124.8195339	4.369837825e-12
6230	124.8015391	2.629008122e-13
6231	124.7835457	-3.865352483e-12
6232	124.7655536	-8.007816632e-12
6233	124.7475628	2.123456966e-11
6234	124.7295734	1.71169745e-11
6235	124.7115854	1.299582664e-11
6236	124.6935987	8.849809774e-12
6237	124.6756133	4.689582056e-12
6238	124.6576293	3.424105444e-11
6239	124.6396467	-3.673505944e-12
6240	124.6216655	2.597744242e-11
6241	124.6036856	-1.211475364e-11
6242	124.5857071	1.76356707e-11
6243	124.56773	-2.061284476e-11
6244	124.5497542	9.240608279e-12
6245	124.5317798	5.016431714e-12
6246	124.5138069	7.74491582e-13
6247	124.4958352	-3.478106692e-12
6248	124.477865	-7.759126675e-12
6249	124.4598962	2.241051789e-11
6250	124.4419288	1.816502504e-11
6251	124.4239627	1.391242677e-11
6252	124.4059981	9.634959497e-12
6253	124.3880348	5.3503868e-12
6254	124.370073	1.048050535e-12
6255	124.3521125	3.156941375e-11
6256	124.3341535	-7.613465414e-12
6257	124.3161959	2.30109265e-11
6258	124.2982397	-1.63353775e-11
6259	124.2802849	1.438138497e-11
6260	124.2623316	1.004352157e-11
6261	124.2443796	5.691447313e-12
6262	124.2264291	1.318056775e-12
6263	124.20848	-3.065991905e-12
6264	124.1905323	2.796340937e-11
6265	124.1725861	-1.188737997e-11
6266	124.1546413	1.924505e-11
6267	124.1366979	1.48574486e-11
6268	124.118756	1.045563636e-11
6269	124.1008156	6.039613254e-12
6270	124.0828765	1.609379296e-12
6271	124.0649389	-2.845723657e-12
6272	124.0470028	2.864553039e-11
6273	124.0290681	-1.17914567e-11
6274	124.0111349	1.97921679e-11
6275	123.9932032	-2.08046913e-11
6276	123.9752729	1.087840928e-11
6277	123.957344	6.394884622e-12
6278	123.9394166	1.897149104e-12
6279	123.9214907	3.379341251e-11
6280	123.9035663	-7.144507208e-12
6281	123.8856434	2.484057404e-11
6282	123.8677219	2.034994395e-11
6283	123.8498019	1.583799758e-11
6284	123.8318834	1.130473493e-11
6285	123.8139663	6.757261417e-12
6286	123.7960508	2.199129767e-12
6287	123.7781367	-2.380318165e-12
6288	123.7602242	-6.977529665e-12
6289	123.7423131	2.547295708e-11
6290	123.7244036	-1.621103252e-11
6291	123.7064955	1.63353775e-11
6292	123.6885889	-2.551203693e-11
6293	123.6706839	7.133849067e-12
6294	123.6527803	3.988986919e-11
6295	123.6348783	-2.135180921e-12
6296	123.6169778	3.072386789e-11
6297	123.5990788	-1.146815976e-11
6298	123.5811813	2.148681233e-11
6299	123.5632853	1.684341555e-11
6300	123.5453909	1.218580792e-11
6301	123.527498	7.513989431e-12
6302	123.5096066	2.820854661e-12
6303	123.4917167	-1.886490963e-12
6304	123.4738284	3.14273052e-11
6305	123.4559416	-1.134736749e-11
6306	123.4380564	2.206235195e-11
6307	123.4201727	-2.087574558e-11
6308	123.4022906	1.264055527e-11
6309	123.38441	7.894129794e-12
6310	123.3665309	3.144151606e-12
6311	123.3486534	3.686650984e-11
6312	123.3307775	-6.41264819e-12
6313	123.3129031	2.740918603e-11
6314	123.2950303	-1.603694955e-11
6315	123.277159	1.788080795e-11
6316	123.2592894	1.309530262e-11
6317	123.2414212	8.288481013e-12
6318	123.2235547	3.474553978e-12
6319	123.2056897	-1.364242053e-12
6320	123.1878263	-6.213696224e-12
6321	123.1699645	2.806288535e-11
6322	123.1521043	-1.596234256e-11
6323	123.1342456	1.8413715e-11
6324	123.1163886	1.356070811e-11
6325	123.0985331	8.693490372e-12
6326	123.0806792	4.328271075e-11
6327	123.0628269	-1.087130386e-12
6328	123.0449763	3.360156597e-11
6329	123.0271272	-1.09352527e-11
6330	123.0092797	2.384581421e-11
6331	122.9914338	-2.084377115e-11
6332	122.9735896	1.403321903e-11
6333	122.9557469	9.102052445e-12
6334	122.9379059	4.156675004e-12
6335	122.9200664	-8.029132914e-13
6336	122.9022286	-5.787370583e-12
6337	122.8843925	-1.07789333e-11
6338	122.8665579	2.445688096e-11
6339	122.848725	1.949373996e-11
6340	122.8308937	1.451638809e-11
6341	122.813064	9.524825373e-12
6342	122.795236	4.511946372e-12
6343	122.7774096	4.006039944e-11
6344	122.7595848	-5.55289148e-12
6345	122.7417617	3.008437943e-11
6346	122.7239402	-1.569233632e-11
6347	122.7061204	2.0051516e-11
6348	122.6883022	1.500666258e-11
6349	122.6704857	9.947598301e-12
6350	122.6526709	4.870770454e-12
6351	122.6348577	-2.202682481e-13
6352	122.6170461	-5.325517805e-12
6353	122.5992363	-1.045208364e-11
6354	122.581428	2.570033075e-11
6355	122.5636215	2.060929205e-11
6356	122.5458166	1.550048978e-11
6357	122.5280134	1.038102937e-11
6358	122.5102119	5.240252676e-12
6359	122.4924121	8.526512829e-14
6360	122.4746139	3.659295089e-11
6361	122.4568175	-1.027089525e-11
6362	122.4390227	2.633271379e-11
6363	122.4212296	-2.069100447e-11
6364	122.4034382	1.600497512e-11
6365	122.3856485	1.082156587e-11
6366	122.3678605	5.62039304e-12
6367	122.3500741	4.014566457e-13
6368	122.3322895	-4.838796031e-12
6369	122.3145066	3.216982236e-11
6370	122.2967254	2.697220225e-11
6371	122.278946	2.174971314e-11
6372	122.2611682	1.651656589e-11
6373	122.2433921	1.126920779e-11
6374	122.2256178	6.004086117e-12
6375	122.2078452	7.176481631e-13
6376	122.1900743	-4.575895218e-12
6377	122.1723051	3.287681238e-11
6378	122.1545377	-1.522337811e-11
6379	122.136772	2.23359109e-11
6380	122.119008	-2.593125714e-11
6381	122.1012458	1.172040243e-11
6382	122.0834853	6.391331908e-12
6383	122.0657266	1.051603249e-12
6384	122.0479696	3.890932021e-11
6385	122.0302143	-9.691802916e-12
6386	122.0124608	2.826894274e-11
6387	121.9947091	2.292210866e-11
6388	121.9769591	1.756461643e-11
6389	121.9592108	1.218580792e-11
6390	121.9414643	6.792788554e-12
6391	121.9237196	1.382005621e-12
6392	121.9059767	3.969802265e-11
6393	121.8882355	-9.485745522e-12
6394	121.8704961	2.892974749e-11
6395	121.8527584	-2.041744551e-11
6396	121.8350226	1.809752348e-11
6397	121.8172885	-3.141309435e-11
6398	121.7995562	7.197797913e-12
6399	121.7818257	4.59188243e-11
6400	121.764097	-3.758771072e-12
6401	121.74637	3.505817858e-11
6402	121.7286449	-1.478994704e-11
6403	121.7109215	2.412647859e-11
6404	121.6931999	1.863753596e-11
6405	121.6754802	1.313082976e-11
6406	121.6577622	7.613465414e-12
6407	121.6400461	2.078337502e-12
6408	121.6223317	-3.474553978e-12
6409	121.6046192	3.579714303e-11
6410	121.5869085	-1.462652222e-11
6411	121.5691996	2.473399263e-11
6412	121.5514925	-2.584954473e-11
6413	121.5337872	1.362110424e-11
6414	121.5160838	5.319478191e-11
6415	121.4983821	2.43360887e-12
6416	121.4806824	4.211386795e-11
6417	121.4629844	-8.810729923e-12
6418	121.4452883	3.095479428e-11
6419	121.427594	-2.01296757e-11
6420	121.4099015	1.974242991e-11
6421	121.3922109	1.411137873e-11
6422	121.3745221	8.466116697e-12
6423	121.3568352	2.803091093e-12
6424	121.3391502	-2.87769808e-12
6425	121.3214669	-8.576250821e-12
6426	121.3037856	3.165112616e-11
6427	121.2861061	-2.001598887e-11
6428	121.2684284	2.030731139e-11
6429	121.2507526	1.461231136e-11
6430	121.2330787	8.899547765e-12
6431	121.2154066	4.943245813e-11
6432	121.1977365	-2.56861199e-12
6433	121.1800681	3.805666893e-11
6434	121.1624017	-1.41042733e-11
6435	121.1447371	2.66204836e-11
6436	121.1270745	2.087574558e-11
6437	121.1094137	1.51167967e-11
6438	121.0917548	9.343636975e-12
6439	121.0740977	3.552713679e-12
6440	121.0564426	-2.252420472e-12
6441	121.0387894	-8.071765478e-12
6442	121.021138	-1.391242677e-11
6443	121.0034886	2.725997206e-11
6444	120.985841	2.145128519e-11
6445	120.9681954	1.56354929e-11
6446	120.9505516	9.794831612e-12
6447	120.9329098	3.943512183e-12
6448	120.9152699	4.542144438e-11
6449	120.8976319	-7.808864666e-12
6450	120.8799958	3.37649908e-11
6451	120.8623616	-1.962874308e-11
6452	120.8447294	2.204103566e-11
6453	120.8270991	1.616129452e-11
6454	120.8094707	1.025668439e-11
6455	120.7918442	4.341416115e-12
6456	120.7742197	-1.591615728e-12
6457	120.7565971	-7.538858426e-12
6458	120.7389764	3.448263897e-11
6459	120.7213577	2.856737069e-11
6460	120.703741	2.263789156e-11
6461	120.6861261	1.669064886e-11
6462	120.6685132	1.072208988e-11
6463	120.6509023	4.742872761e-12
6464	120.6332933	-1.250555215e-12
6465	120.6156863	4.117239882e-11
6466	120.5980812	-1.328714916e-11
6467	120.5804781	2.923172815e-11
6468	120.562877	-2.539124466e-11
6469	120.5452778	1.722355591e-11
6470	120.5276806	1.119815352e-11
6471	120.5100854	5.154987548e-12
6472	120.4924921	-9.059419881e-13
6473	120.4749008	-6.977529665e-12
6474	120.4573115	3.594280429e-11
6475	120.4397242	2.990674375e-11
6476	120.4221388	2.384581421e-11
6477	120.4045555	1.777067382e-11
6478	120.3869741	1.167776986e-11
6479	120.3693947	5.577760476e-12
6480	120.3518174	4.884981308e-11
6481	120.334242	-6.686207144e-12
6482	120.3166686	3.668532145e-11
6483	120.2990972	-1.90105709e-11
6484	120.2815278	2.445688096e-11
6485	120.2639605	-3.139177807e-11
6486	120.2463951	1.216804435e-11
6487	120.2288317	6.004086117e-12
6488	120.2112704	-1.847411113e-13
6489	120.1937111	4.358469141e-11
6490	120.1761538	-1.260147542e-11
6491	120.1585985	3.126388037e-11
6492	120.1410453	2.507860586e-11
6493	120.1234941	1.887912049e-11
6494	120.1059449	1.266542426e-11
6495	120.0883977	6.437517186e-12
6496	120.0708526	1.847411113e-13
6497	120.0533095	4.440536827e-11
6498	120.0357685	-1.235633817e-11
6499	120.0182295	3.196021225e-11
6500	120.0006925	-2.496136631e-11
6501	119.9831576	1.944755468e-11
6502	119.9656247	1.316990961e-11
6503	119.9480939	6.874500968e-12
6504	119.9305652	5.149658477e-11
6505	119.9130385	-5.766054301e-12
6506	119.8955139	3.895195277e-11
6507	119.8779913	-1.846345299e-11
6508	119.8604708	2.635047736e-11
6509	119.8429524	2.002309429e-11
6510	119.8254361	1.368505309e-11
6511	119.8079218	7.325695606e-12
6512	119.7904096	9.521272659e-13
6513	119.7728995	-5.435651929e-12
6514	119.7553914	3.971933893e-11
6515	119.7378855	-1.826805374e-11
6516	119.7203816	2.699351853e-11
6517	119.7028798	-3.115019354e-11
6518	119.6853801	1.420019657e-11
6519	119.6678825	5.966427352e-11
6520	119.6503871	1.346478484e-12
6521	119.6328937	4.690292599e-11
6522	119.6154024	-1.157474117e-11
6523	119.5979132	3.407762961e-11
6524	119.5804261	2.764721785e-11
6525	119.5629411	2.119193709e-11
6526	119.5454583	1.472955091e-11
6527	119.5279775	8.245848448e-12
6528	119.5104989	1.74793513e-12
6529	119.4930224	-4.771294471e-12
6530	119.475548	-1.12976295e-11
6531	119.4580758	3.480593591e-11
6532	119.4406057	-2.441069569e-11
6533	119.4231377	2.179234571e-11
6534	119.4056718	1.525890525e-11
6535	119.3882081	8.718359368e-12
6536	119.3707465	5.511680001e-11
6537	119.3532871	-4.426681244e-12
6538	119.3358298	4.207834081e-11
6539	119.3183746	-1.762856527e-11
6540	119.3009216	2.896882734e-11
6541	119.2834707	2.239630703e-11
6542	119.2660221	1.579536502e-11
6543	119.2485755	9.194423001e-12
6544	119.2311311	2.56861199e-12
6545	119.2136889	-4.064304449e-12
6546	119.1962488	4.287414868e-11
6547	119.178811	-1.739408617e-11
6548	119.1613752	2.964384294e-11
6549	119.1439417	2.300382107e-11
6550	119.1265103	1.634958835e-11
6551	119.1090811	9.681144775e-12
6552	119.0916541	2.991384918e-12
6553	119.0742293	5.033840011e-11
6554	119.0568066	-1.042721465e-11
6555	119.0393861	3.700861839e-11
6556	119.0219679	-2.390976306e-11
6557	119.0045518	2.362554596e-11
6558	118.9871379	1.69073644e-11
6559	118.9697262	1.017497198e-11
6560	118.9523167	3.424815986e-12
6561	118.9349094	-3.339550858e-12
6562	118.9175044	-1.011812856e-11
6563	118.9001015	3.776179369e-11
6564	118.8827008	3.10116377e-11
6565	118.8653024	2.425082357e-11
6566	118.8479061	1.746514044e-11
6567	118.8305121	1.067235189e-11
6568	118.8131203	5.885780752e-11
6569	118.7957307	-2.959410494e-12
6570	118.7783434	4.531486297e-11
6571	118.7609583	-1.666222715e-11
6572	118.7435754	3.17115223e-11
6573	118.7261947	-3.043254537e-11
6574	118.7088163	1.804068006e-11
6575	118.6914401	1.118394266e-11
6576	118.6740662	4.309441692e-12
6577	118.6566945	-2.579270131e-12
6578	118.6393251	-9.485745522e-12
6579	118.6219579	3.928590786e-11
6580	118.6045929	3.241495961e-11
6581	118.5872302	2.552269507e-11
6582	118.5698698	1.861977239e-11
6583	118.5525116	1.169908614e-11
6584	118.5351557	4.76063633e-12
6585	118.517802	5.388045565e-11
6586	118.5004506	-9.151790437e-12
6587	118.4831015	4.006039944e-11
6588	118.4657547	-2.313882419e-11
6589	118.4484101	2.616928896e-11
6590	118.4310678	1.920597015e-11
6591	118.4137278	1.221778234e-11
6592	118.3963901	5.222489108e-12
6593	118.3790546	-1.790567694e-12
6594	118.3617214	4.781952612e-11
6595	118.3443906	-1.586286658e-11
6596	118.327062	3.383959779e-11
6597	118.3097357	2.682298827e-11
6598	118.2924117	1.979572062e-11
6599	118.27509	1.275424211e-11
6600	118.2577706	5.684341886e-12
6601	118.2404535	-1.385558335e-12
6602	118.2231388	4.866507197e-11
6603	118.2058263	-1.55822022e-11
6604	118.1885162	3.456079867e-11
6605	118.1712083	-2.98427949e-11
6606	118.1539028	2.039257652e-11
6607	118.1365996	1.328714916e-11
6608	118.1192987	6.167510946e-12
6609	118.1020002	5.661249247e-11
6610	118.0847039	-8.12150347e-12
6611	118.06741	4.241584861e-11
6612	118.0501185	3.529265769e-11
6613	118.0328293	2.815880862e-11
6614	118.0155424	2.100364327e-11
6615	117.9982578	1.383426707e-11
6616	117.9809756	6.650680007e-12
6617	117.9636958	-5.506706202e-13
6618	117.9464182	-7.762679388e-12
6619	117.9291431	4.321520919e-11
6620	117.9118703	-2.223998763e-11
6621	117.8945998	2.883382422e-11
6622	117.8773317	-3.678479743e-11
6623	117.860066	1.438493769e-11
6624	117.8428026	6.566835964e-11
6625	117.8255416	-1.278976924e-13
6626	117.808283	5.125144753e-11
6627	117.7910267	-1.469402378e-11
6628	117.7737728	3.6777692e-11
6629	117.7565213	2.951594524e-11
6630	117.7392722	2.223998763e-11
6631	117.7220254	1.494626645e-11
6632	117.7047811	7.638334409e-12
6633	117.6875391	3.161915174e-13
6634	117.6702995	5.213252052e-11
6635	117.6530623	-1.437783226e-11
6636	117.6358275	3.75308673e-11
6637	117.618595	-2.913580488e-11
6638	117.601365	2.287237066e-11
6639	117.5841374	1.551114792e-11
6640	117.5669122	8.146372465e-12
6641	117.5496894	6.034994726e-11
6642	117.532469	-6.643574579e-12
6643	117.515251	4.565592349e-11
6644	117.4980354	-2.149036504e-11
6645	117.4808223	3.090860901e-11
6646	117.4636116	2.35047537e-11
6647	117.4464032	1.608668754e-11
6648	117.4291974	8.654410522e-12
6649	117.4119939	1.207922651e-12
6650	117.3947929	-6.252776075e-12
6651	117.3775943	4.648725849e-11
6652	117.3603981	-2.122391152e-11
6653	117.3432044	3.16084936e-11
6654	117.3260131	2.414424216e-11
6655	117.3088242	1.666933258e-11
6656	117.2916378	9.173106719e-12
6657	117.2744539	1.669775429e-12
6658	117.2572724	5.479705578e-11
6659	117.2400933	-1.339373057e-11
6660	117.2229167	3.982592034e-11
6661	117.2057426	-2.852473813e-11
6662	117.1885709	2.479794148e-11
6663	117.1714017	1.725553034e-11
6664	117.1542349	9.702461057e-12
6665	117.1370706	2.131628207e-12
6666	117.1199088	-5.456968211e-12
6667	117.1027494	-1.305267006e-11
6668	117.0855926	4.061462278e-11
6669	117.0684382	3.304023721e-11
6670	117.0512862	2.545519351e-11
6671	117.0341368	1.785238624e-11
6672	117.0169899	1.023536811e-11
6673	116.9998454	6.419398346e-11
6674	116.9827034	-5.044853424e-12
6675	116.9655639	4.90096852e-11
6676	116.948427	-2.038547109e-11
6677	116.9312925	3.37649908e-11
6678	116.9141605	-3.578648489e-11
6679	116.897031	1.845634756e-11
6680	116.879904	1.078248602e-11
6681	116.8627795	3.08020276e-12
6682	116.8456576	-4.62563321e-12
6683	116.8285381	-1.234923275e-11
6684	116.8114212	4.218492222e-11
6685	116.7943068	3.449684982e-11
6686	116.7771949	2.678746114e-11
6687	116.7600855	1.906741431e-11
6688	116.7429786	1.132605121e-11
6689	116.7258743	3.570477247e-12
6690	116.7087725	5.845635087e-11
6691	116.6916733	-1.197975052e-11
6692	116.6745765	4.299138823e-11
6693	116.6574823	-2.760103257e-11
6694	116.6403907	2.746602945e-11
6695	116.6233016	1.968558649e-11
6696	116.606215	1.188382726e-11
6697	116.589131	4.067857162e-12
6698	116.5720496	-3.7658765e-12
6699	116.5549707	5.159606076e-11
6700	116.5378943	-1.947597639e-11
6701	116.5208205	3.598188414e-11
6702	116.5037493	2.815170319e-11
6703	116.4866806	2.030731139e-11
6704	116.4696145	1.244515602e-11
6705	116.452551	4.568789791e-12
6706	116.43549	-3.32178729e-12
6707	116.4184316	5.247358104e-11
6708	116.4013758	-1.915267944e-11
6709	116.3843225	3.673505944e-11
6710	116.3672719	-3.504396773e-11
6711	116.3502238	2.093614171e-11
6712	116.3331783	1.302069563e-11
6713	116.3161354	5.076827847e-12
6714	116.2990951	6.126654739e-11
6715	116.2820573	-1.084998758e-11
6716	116.2650222	4.543920795e-11
6717	116.2479897	3.749889288e-11
6718	116.2309597	2.954791967e-11
6719	116.2139324	2.157918289e-11
6720	116.1969077	1.359268254e-11
6721	116.1798856	5.599076758e-12
6722	116.1628661	-2.419398015e-12
6723	116.1458492	-1.044497822e-11
6724	116.1288349	4.626699024e-11
6725	116.1118233	-2.655298204e-11
6726	116.0948142	3.025490969e-11
6727	116.0778078	-4.27249347e-11
6728	116.060804	1.417532758e-11
6729	116.0438029	7.11892767e-11
6730	116.0268043	-1.957545237e-12
6731	116.0098084	5.514877444e-11
6732	115.9928152	-1.81543669e-11
6733	115.9758246	3.90372179e-11
6734	115.9588366	3.096900514e-11
6735	115.9418512	2.287592338e-11
6736	115.9248685	1.476863076e-11
6737	115.9078885	6.65423272e-12
6738	115.8909111	-1.488587031e-12
6739	115.8739364	5.6047611e-11
6740	115.8569643	-1.780620096e-11
6741	115.8399948	3.982592034e-11
6742	115.8230281	-3.418776373e-11
6743	115.806064	2.353672812e-11
6744	115.7891025	1.536903937e-11
6745	115.7721437	7.190692486e-12
6746	115.7551876	6.511413631e-11
6747	115.7382342	-9.22284471e-12
6748	115.7212835	4.880007509e-11
6749	115.7043354	-2.568967261e-11
6750	115.68739	3.241851232e-11
6751	115.6704473	2.420819101e-11
6752	115.6535072	1.598010613e-11
6753	115.6365699	7.734257679e-12
6754	115.6196353	-5.258016245e-13
6755	115.6027033	-8.796519069e-12
6756	115.585774	4.964917366e-11
6757	115.5688475	-2.539124466e-11
6758	115.5519236	3.315392405e-11
6759	115.5350024	2.487965389e-11
6760	115.518084	1.659827831e-11
6761	115.5011682	7.532818813e-11
6762	115.4842552	-3.552713679e-14
6763	115.4673449	5.880451681e-11
6764	115.4504373	-1.671551786e-11
6765	115.4335324	4.220979122e-11
6766	115.4166302	-3.345945743e-11
6767	115.3997308	2.556177492e-11
6768	115.382834	1.721645049e-11
6769	115.36594	8.849809774e-12
6770	115.3490488	4.689582056e-13
6771	115.3321602	-7.929656931e-12
6772	115.3152744	-1.63353775e-11
6773	115.2983914	4.301980994e-11
6774	115.2815111	3.46460638e-11
6775	115.2646335	2.624744866e-11
6776	115.2477586	1.784172809e-11
6777	115.2308866	9.414691249e-12
6778	115.2140172	6.90612012e-11
6779	115.1971506	-7.482015008e-12
6780	115.1802868	5.226041822e-11
6781	115.1634257	-2.443556468e-11
6782	115.1465674	3.53992391e-11
6783	115.1297119	2.694378054e-11
6784	115.1128591	1.847055842e-11
6785	115.0960091	9.990230865e-12
6786	115.0791618	1.488587031e-12
6787	115.0623174	-7.027267657e-12
6788	115.0454757	-1.555378049e-11
6789	115.0286367	-2.41016096e-11
6790	115.0118006	3.616662525e-11
6791	114.9949672	2.764721785e-11
6792	114.9781367	1.911359959e-11
6793	114.9613089	1.057287591e-11
6794	114.9444839	2.010835942e-12
6795	114.9276617	6.25668406e-11
6796	114.9108423	-1.515587655e-11
6797	114.8940256	4.549605137e-11
6798	114.8772118	-3.238298518e-11
6799	114.8604008	2.835776058e-11
6800	114.8435926	1.976729891e-11
6801	114.8267872	1.115907367e-11
6802	114.8099846	2.536637567e-12
6803	114.7931848	-6.096456673e-12
6804	114.7763879	-1.474376177e-11
6805	114.7595937	4.633093909e-11
6806	114.7428024	3.770850299e-11
6807	114.7260139	2.907540875e-11
6808	114.7092282	2.042099823e-11
6809	114.6924453	1.175592956e-11
6810	114.6756653	3.073097332e-12
6811	114.6588881	-5.62039304e-12
6812	114.6421138	5.583444818e-11
6813	114.6253422	-2.306066449e-11
6814	114.6085735	3.84901e-11
6815	114.5918077	-4.055422664e-11
6816	114.5750447	2.108535568e-11
6817	114.5582845	1.23634436e-11
6818	114.5415272	3.616662525e-12
6819	114.5247728	-5.13722398e-12
6820	114.5080212	-1.391242677e-11
6821	114.4912724	4.801847808e-11
6822	114.4745266	3.928590786e-11
6823	114.4577835	3.052491593e-11
6824	114.4410434	2.175681857e-11
6825	114.4243061	1.296740493e-11
6826	114.4075717	4.174438573e-12
6827	114.3908401	6.643574579e-11
6828	114.3741114	-1.34789957e-11
6829	114.3573856	4.888178751e-11
6830	114.3406627	-3.118572067e-11
6831	114.3239426	3.126388037e-11
6832	114.3072255	-4.895639449e-11
6833	114.2905112	1.358557711e-11
6834	114.2737998	4.728661906e-12
6835	114.2570913	-4.149569577e-12
6836	114.2403857	5.859135399e-11
6837	114.223683	-2.194866511e-11
6838	114.2069832	4.088462902e-11
6839	114.1902863	3.200995025e-11
6840	114.1735923	2.311395519e-11
6841	114.1569012	1.421796014e-11
6842	114.140213	5.289990668e-12
6843	114.1235277	-3.645084234e-12
6844	114.1068453	5.952216497e-11
6845	114.0901659	-2.156141932e-11
6846	114.0734893	4.169464773e-11
6847	114.0568157	-3.954170325e-11
6848	114.040145	2.380673436e-11
6849	114.0234773	1.485034318e-11
6850	114.0068124	5.86197757e-12
6851	113.9901505	6.940581443e-11
6852	113.9734915	-1.214672807e-11
6853	113.9568355	5.149303206e-11
6854	113.9401824	-3.021227712e-11
6855	113.9235322	3.351630085e-11
6856	113.906885	2.451017167e-11
6857	113.8902407	1.54791735e-11
6858	113.8735994	6.4410699e-12
6859	113.856961	-2.618349981e-12
6860	113.8403256	-1.168487529e-11
6861	113.8236931	5.237410505e-11
6862	113.8070636	-2.987121661e-11
6863	113.790437	3.428013429e-11
6864	113.7738134	-4.811795407e-11
6865	113.7571928	1.612221467e-11
6866	113.7405751	8.047607025e-11
6867	113.7239604	-2.088995643e-12
6868	113.7073487	6.235012506e-11
6869	113.6907399	-2.037126023e-11
6870	113.6741341	4.416733645e-11
6871	113.6575313	3.505462587e-11
6872	113.6409315	2.5920599e-11
6873	113.6243347	1.678301942e-11
6874	113.6077409	7.617018127e-12
6875	113.59115	-1.556088591e-12
6876	113.5745621	-1.074695888e-11
6877	113.5579773	-1.994493459e-11
6878	113.5413954	4.500577688e-11
6879	113.5248165	-3.840483487e-11
6880	113.5082406	2.663824716e-11
6881	113.4916678	1.743316602e-11
6882	113.4750979	8.220979453e-12
6883	113.458531	7.346301345e-11
6884	113.4419672	-1.026734253e-11
6885	113.4254063	5.506706202e-11
6886	113.4088485	-2.880540251e-11
6887	113.3922937	3.661781989e-11
6888	113.3757419	2.737010618e-11
6889	113.3591932	1.810107619e-11
6890	113.3426474	8.824940778e-12
6891	113.3261047	-4.689582056e-13
6892	113.3095651	-9.777068044e-12
6893	113.2930284	5.598010944e-11
6894	113.2764948	-2.8439473e-11
6895	113.2599642	3.741007504e-11
6896	113.2434367	2.809485977e-11
6897	113.2269122	1.877964451e-11
6898	113.2103908	9.443112958e-12
6899	113.1938724	8.881784197e-14
6900	113.177357	6.621547755e-11
6901	113.1608447	-1.866240495e-11
6902	113.1443355	4.75566253e-11
6903	113.1278293	-3.747047117e-11
6904	113.1113262	2.884092964e-11
6905	113.0948261	1.945821282e-11
6906	113.0783291	1.005773242e-11
6907	113.0618352	6.465938895e-13
6908	113.0453443	-8.7787555e-12
6909	113.0288565	-1.821476303e-11
6910	113.0123718	4.842704016e-11
6911	112.9958902	3.901234891e-11
6912	112.9794116	2.958699952e-11
6913	112.9629361	2.014388656e-11
6914	112.9464637	1.069011546e-11
6915	112.9299944	7.761613574e-11
6916	112.9135282	-8.270717444e-12
6917	112.8970651	5.874767339e-11
6918	112.880605	-2.728484105e-11
6919	112.8641481	3.982592034e-11
6920	112.8476942	-4.635936079e-11
6921	112.8312435	2.083311301e-11
6922	112.8147959	1.132249849e-11
6923	112.7983513	1.790567694e-12
6924	112.7819099	-7.752021247e-12
6925	112.7654716	-1.730882104e-11
6926	112.7490364	5.017142257e-11
6927	112.7326043	4.06465972e-11
6928	112.7161753	3.110045554e-11
6929	112.6997494	2.153655032e-11
6930	112.6833267	1.196198696e-11
6931	112.6669071	2.380318165e-12
6932	112.6504906	7.019096415e-11
6933	112.6340773	-1.684341555e-11
6934	112.617667	5.105604828e-11
6935	112.60126	-3.612399269e-11
6936	112.584856	3.18678417e-11
6937	112.5684552	2.225064577e-11
6938	112.5520575	1.261568627e-11
6939	112.535663	2.970068635e-12
6940	112.5192716	-6.696865285e-12
6941	112.5028834	6.157918619e-11
6942	112.4864983	-2.606270755e-11
6943	112.4701164	4.229860906e-11
6944	112.4537376	3.264233328e-11
6945	112.437362	2.296474122e-11
6946	112.4209896	1.32729383e-11
6947	112.4046203	3.56337182e-12
6948	112.3882542	-6.156852805e-12
6949	112.3718912	6.253486617e-11
6950	112.3555314	-2.564348733e-11
6951	112.3391748	4.31406022e-11
6952	112.3228214	-4.518341257e-11
6953	112.3064712	2.36859421e-11
6954	112.2901241	1.393729576e-11
6955	112.2737802	4.170885859e-12
6956	112.2574395	7.323208706e-11
6957	112.241102	-1.540456651e-11
6958	112.2247676	5.374900525e-11
6959	112.2084365	4.398614806e-11
6960	112.1921085	3.42055273e-11
6961	112.1757838	2.441069569e-11
6962	112.1594622	1.459810051e-11
6963	112.1431439	4.781952612e-12
6964	112.1268288	-5.059064279e-12
6965	112.1105168	-1.491429202e-11
6966	112.0942081	5.465849995e-11
6967	112.0779026	-3.466382736e-11
6968	112.0616003	3.500133516e-11
6969	112.0453012	-5.447020612e-11
6970	112.0290053	1.528022153e-11
6971	112.0127127	8.513367789e-11
6972	111.9964233	-4.497735517e-12
6973	111.9801371	6.544453868e-11
6974	111.9638541	-2.43360887e-11
6975	111.9475744	4.569500334e-11
6976	111.9312978	3.580069574e-11
6977	111.9150246	2.588862458e-11
6978	111.8987545	1.596589527e-11
6979	111.8824878	6.021849686e-12
6980	111.8662242	-3.929301329e-12
6981	111.8499639	6.642864037e-11
6982	111.8337068	-2.388134135e-11
6983	111.817453	4.656186547e-11
6984	111.8012025	-4.389733022e-11
6985	111.7849552	2.664179988e-11
6986	111.7687111	1.665512173e-11
6987	111.7524703	6.65423272e-12
6988	111.7362328	7.738165664e-11
6989	111.7199986	-1.338662514e-11
6990	111.7037676	5.742961662e-11
6991	111.6875398	-3.348432642e-11
6992	111.6713154	3.742428589e-11
6993	111.6550942	2.739497518e-11
6994	111.6388763	1.735145361e-11
6995	111.6226617	7.297273896e-12
6996	111.6064503	-2.774669383e-12
6997	111.5902423	-1.286437623e-11
6998	111.5740375	5.836753303e-11
6999	111.557836	-3.308286978e-11
7000	111.5416378	3.824141004e-11
7001	111.5254429	2.815170319e-11
7002	111.5092513	1.805844363e-11
7003	111.493063	8.956391184e-11
7004	111.4768779	-2.19202434e-12
7005	111.4606962	6.940581443e-11
7006	111.4445178	-2.24922303e-11
7007	111.4283427	4.919442631e-11
7008	111.4121709	-4.285283239e-11
7009	111.3960024	2.892619477e-11
7010	111.3798373	1.876543365e-11
7011	111.3636754	8.590461675e-12
7012	111.3475169	-1.591615728e-12
7013	111.3313617	-1.179500941e-11
7014	111.3152098	-2.201261395e-11
7015	111.2990612	5.008971016e-11
7016	111.282916	3.990052733e-11
7017	111.2667741	2.970068635e-11
7018	111.2506355	1.94795291e-11
7019	111.2345003	9.25126642e-12
7020	111.2183684	8.163425491e-11
7021	111.2022398	-1.125499693e-11
7022	111.1861146	6.121325669e-11
7023	111.1699928	-3.181455099e-11
7024	111.1538742	4.073896775e-11
7025	111.1377591	3.048583608e-11
7026	111.1216472	2.020428269e-11
7027	111.1055388	9.919176591e-12
7028	111.0894337	-3.836930773e-13
7029	111.0733319	-1.07007736e-11
7030	111.0572335	-2.103561769e-11
7031	111.0411385	5.189093599e-11
7032	111.0250468	4.158806632e-11
7033	111.0089586	3.126743309e-11
7034	110.9928736	2.093969442e-11
7035	110.9767921	1.059063948e-11
7036	110.9607139	2.309263891e-13
7037	110.9446391	7.34772243e-11
7038	110.9285677	-2.053468506e-11
7039	110.9124997	5.280398341e-11
7040	110.896435	-4.135713993e-11
7041	110.8803738	3.206324095e-11
7042	110.8643159	2.167865887e-11
7043	110.8482614	1.12727605e-11
7044	110.8322104	8.597567103e-13
7045	110.8161627	-9.578116078e-12
7046	110.8001184	6.412292919e-11
7047	110.7840775	5.372413625e-11
7048	110.76804	4.32969216e-11
7049	110.752006	3.286970696e-11
7050	110.7359753	2.241762331e-11
7051	110.7199481	1.195843424e-11
7052	110.7039242	1.481481604e-12
7053	110.6879038	-9.006129176e-12
7054	110.6718868	6.510347816e-11
7055	110.6558732	-3.002753601e-11
7056	110.639863	4.416733645e-11
7057	110.6238563	-5.110933898e-11
7058	110.607853	2.317079861e-11
7059	110.5918531	1.265831884e-11
7060	110.5758567	2.12452278e-12
7061	110.5598637	7.659650691e-11
7062	110.5438741	-1.898925461e-11
7063	110.5278879	5.556799465e-11
7064	110.5119053	4.504130402e-11
7065	110.495926	3.449329711e-11
7066	110.4799502	2.392752663e-11
7067	110.4639778	1.3351098e-11
7068	110.4480089	2.764011242e-12
7069	110.4320435	7.764100474e-11
7070	110.4160815	-1.845990028e-11
7071	110.400123	5.650946378e-11
7072	110.3841679	-3.974065521e-11
7073	110.3682163	3.531397397e-11
7074	110.3522681	-6.108180628e-11
7075	110.3363234	1.405808803e-11
7076	110.3203822	8.930456374e-11
7077	110.3044445	-7.254641332e-12
7078	110.2885102	6.808420494e-11
7079	110.2725794	-2.861710868e-11
7080	110.2566521	4.679989729e-11
7081	110.2407283	3.614175625e-11
7082	110.224808	2.546229894e-11
7083	110.2088911	1.477573619e-11
7084	110.1929777	4.067857162e-12
7085	110.1770679	-6.647127293e-12
7086	110.1611615	6.908962291e-11
7087	110.1452586	-2.81268342e-11
7088	110.1293592	4.769518114e-11
7089	110.1134633	-4.967048994e-11
7090	110.0975709	2.624744866e-11
7091	110.081682	1.022577578e-10
7092	110.0657967	4.735767334e-12
7093	110.0499148	8.083489433e-11
7094	110.0340364	-1.68292047e-11
7095	110.0181616	5.935518743e-11
7096	110.0022903	-3.845812557e-11
7097	109.9864225	3.78150844e-11
7098	109.9705582	2.702904567e-11
7099	109.9546974	1.622169066e-11
7100	109.9388402	5.407230219e-12
7101	109.9229865	-5.428546501e-12
7102	109.9071363	-1.627498136e-11
7103	109.8912897	6.031797284e-11
7104	109.8754466	-3.801048365e-11
7105	109.859607	3.866418297e-11
7106	109.843771	2.781774811e-11
7107	109.8279385	1.695710239e-11
7108	109.8121096	9.382716826e-11
7109	109.7962842	-4.806821607e-12
7110	109.7804623	7.214495668e-11
7111	109.764644	-2.663114174e-11
7112	109.7488293	5.040590167e-11
7113	109.7330181	3.952038696e-11
7114	109.7172105	2.861710868e-11
7115	109.7014064	1.769961955e-11
7116	109.6856059	6.764366844e-12
7117	109.669809	-4.181544e-12
7118	109.6540156	-1.51416657e-11
7119	109.6382258	-2.611244554e-11
7120	109.6224396	5.132960723e-11
7121	109.6066569	4.037659096e-11
7122	109.5908779	2.942002197e-11
7123	109.5751024	1.844213671e-11
7124	109.5593305	7.457146012e-12
7125	109.5435621	8.517275774e-11
7126	109.5277974	-1.456257337e-11
7127	109.5120362	6.323830348e-11
7128	109.4962787	-3.664268888e-11
7129	109.4805247	4.124700581e-11
7130	109.4647743	3.023359341e-11
7131	109.4490276	1.919886472e-11
7132	109.4332844	8.157030607e-12
7133	109.4175448	-2.906119789e-12
7134	109.4018088	-1.397992833e-11
7135	109.3860765	6.42295106e-11
7136	109.3703477	5.317701834e-11
7137	109.3546226	4.212097338e-11
7138	109.3389011	3.104716484e-11
7139	109.3231832	1.996269816e-11
7140	109.3074689	8.853362488e-12
7141	109.2917582	-2.255973186e-12
7142	109.2760512	7.630518439e-11
7143	109.2603478	-2.453148795e-11
7144	109.244648	5.411848747e-11
7145	109.2289518	-4.686384614e-11
7146	109.2132593	3.187139441e-11
7147	109.1975704	2.073363703e-11
7148	109.1818851	9.567457937e-12
7149	109.1662035	-1.598721155e-12
7150	109.1505256	-1.279332196e-11
7151	109.1348512	6.621547755e-11
7152	109.1191805	5.505995659e-11
7153	109.1035135	4.388667207e-11
7154	109.0878501	3.270628213e-11
7155	109.0721904	2.149747047e-11
7156	109.0565343	1.028865881e-11
7157	109.0408819	8.960654441e-11
7158	109.0252332	-1.218580792e-11
7159	109.0095881	6.722089552e-11
7160	108.9939466	-3.471001264e-11
7161	108.9783089	4.477840321e-11
7162	108.9626748	-5.72946135e-11
7163	108.9470444	2.228262019e-11
7164	108.9314176	1.10134124e-11
7165	108.9157946	-2.735589533e-13
7166	108.9001752	7.948841585e-11
7167	108.8845595	-2.288658152e-11
7168	108.8689474	5.696421113e-11
7169	108.8533391	4.568079248e-11
7170	108.8377345	3.437605756e-11
7171	108.8221335	2.307132263e-11
7172	108.8065362	1.174171871e-11
7173	108.7909427	4.014566457e-13
7174	108.7753528	8.056133538e-11
7175	108.7597666	-2.232170004e-11
7176	108.7441841	5.791989111e-11
7177	108.7286054	-4.510170015e-11
7178	108.7130303	3.522870884e-11
7179	108.6974589	-6.793854368e-11
7180	108.6818913	1.248068315e-11
7181	108.6663274	9.299583326e-11
7182	108.6507671	-1.032773866e-11
7183	108.6352106	7.027267657e-11
7184	108.6196579	-3.318945119e-11
7185	108.6041088	4.749267646e-11
7186	108.5885635	3.608846555e-11
7187	108.5730219	2.465938564e-11
7188	108.557484	1.322320031e-11
7189	108.5419499	1.769251412e-12
7190	108.5264194	-9.695355629e-12
7191	108.5108928	7.130296353e-11
7192	108.4953698	-3.266720228e-11
7193	108.4798506	4.84128293e-11
7194	108.4643352	-5.569944506e-11
7195	108.4488235	2.546940436e-11
7196	108.4333155	1.067341771e-10
7197	108.4178113	2.465583293e-12
7198	108.4023108	8.381562111e-11
7199	108.3868141	-2.059152848e-11
7200	108.3713212	6.084377446e-11
7201	108.355832	-4.370548368e-11
7202	108.3403466	3.78150844e-11
7203	108.3248649	2.628652851e-11
7204	108.309387	1.472955091e-11
7205	108.2939129	3.169020601e-12
7206	108.2784425	-8.409273278e-12
7207	108.2629759	-1.99982253e-11
7208	108.2475131	6.183142887e-11
7209	108.2320541	-4.322231462e-11
7210	108.2165988	3.869260468e-11
7211	108.2011473	2.709654723e-11
7212	108.1856997	1.549693707e-11
7213	108.1702558	9.758949204e-11
7214	108.1548156	-7.759126675e-12
7215	108.1393793	7.442579886e-11
7216	108.1239468	-3.106137569e-11
7217	108.108518	5.120526225e-11
7218	108.0930931	3.957367767e-11
7219	108.077672	2.792432952e-11
7220	108.0622546	1.626787594e-11
7221	108.0468411	4.590106073e-12
7222	108.0314314	-7.09832193e-12
7223	108.0160254	-1.880096079e-11
7224	108.0006233	-3.051425779e-11
7225	107.985225	5.214317866e-11
7226	107.9698305	4.045475066e-11
7227	107.9544399	2.875566452e-11
7228	107.939053	1.704236752e-11
7229	107.92367	5.31130695e-12
7230	107.9082908	8.823874964e-11
7231	107.8929155	-1.818634132e-11
7232	107.8775439	6.482281378e-11
7233	107.8621762	-4.174438573e-11
7234	107.8468123	4.135358722e-11
7235	107.8314523	2.959410494e-11
7236	107.8160961	1.782041181e-11
7237	107.8007438	6.039613254e-12
7238	107.7853952	-5.758948873e-12
7239	107.7700506	-1.756461643e-11
7240	107.7547097	6.583178447e-11
7241	107.7393728	5.404388048e-11
7242	107.7240396	4.225242378e-11
7243	107.7087104	3.04396508e-11
7244	107.693385	1.861266696e-11
7245	107.6780634	6.775024985e-12
7246	107.6627457	-5.076827847e-12
7247	107.6474319	7.86712917e-11
7248	107.6321219	-2.882671879e-11
7249	107.6168158	5.50102186e-11
7250	107.6015136	-5.262634772e-11
7251	107.5862152	3.129230208e-11
7252	107.5709208	1.940847483e-11
7253	107.5556302	7.513989431e-12
7254	107.5403434	-4.391154107e-12
7255	107.5250606	-1.631406121e-11
7256	107.5097816	6.786748941e-11
7257	107.4945066	5.597655672e-11
7258	107.4792354	4.406786047e-11
7259	107.4639681	3.215205879e-11
7260	107.4487047	2.021138812e-11
7261	107.4334452	8.263612017e-12
7262	107.4181895	9.275424873e-11
7263	107.4029378	-1.567812546e-11
7264	107.38769	6.889777637e-11
7265	107.3724461	-3.966960094e-11
7266	107.3572061	4.49844606e-11
7267	107.34197	-6.371791983e-11
7268	107.3267378	2.102140684e-11
7269	107.3115095	9.02034003e-12
7270	107.2962852	-3.002043059e-12
7271	107.2810647	8.191847201e-11
7272	107.2658482	-2.707878366e-11
7273	107.2506356	5.792344382e-11
7274	107.2354269	4.591171887e-11
7275	107.2202222	3.387867764e-11
7276	107.2050214	2.183497827e-11
7277	107.1898245	9.777068044e-12
7278	107.1746315	-2.291500323e-12
7279	107.1594425	8.301270782e-11
7280	107.1442574	-2.647837505e-11
7281	107.1290762	5.891109822e-11
7282	107.113899	-5.071854048e-11
7283	107.0987258	3.475619792e-11
7284	107.0835564	2.265920784e-11
7285	107.0683911	1.05444542e-11
7286	107.0532296	9.619682828e-11
7287	107.0380722	-1.372058023e-11
7288	107.0229187	7.201350627e-11
7289	107.0077691	-3.804245807e-11
7290	106.9926235	4.777334084e-11
7291	106.9774819	3.564082363e-11
7292	106.9623442	2.348343742e-11
7293	106.9472105	1.131894578e-11
7294	106.9320808	-8.633094239e-13
7295	106.916955	-1.305622277e-11
7296	106.9018332	7.306866223e-11
7297	106.8867154	-3.748468203e-11
7298	106.8716016	4.871836268e-11
7299	106.8564917	-6.19699847e-11
7300	106.8413858	2.431477242e-11
7301	106.8262839	1.107025582e-10
7302	106.811186	-1.385558335e-13
7303	106.7960921	8.633094239e-11
7304	106.7810021	-2.46487275e-11
7305	106.7659162	6.189893043e-11
7306	106.7508343	4.967048994e-11
7307	106.7357563	3.742073318e-11
7308	106.7206824	2.515676556e-11
7309	106.7056124	1.28821398e-11
7310	106.6905465	5.96855898e-13
7311	106.6754845	-1.170974429e-11
7312	106.6604266	-2.401989718e-11
7313	106.6453727	6.291500654e-11
7314	106.6303228	-4.86970464e-11
7315	106.6152769	3.832312245e-11
7316	106.600235	2.600231142e-11
7317	106.5851972	1.367439495e-11
7318	106.5701633	1.008686468e-10
7319	106.5551335	-1.102051783e-11
7320	106.5401078	7.625189369e-11
7321	106.525086	-3.577582675e-11
7322	106.5100683	5.15818499e-11
7323	106.4950546	3.922906444e-11
7324	106.4800449	2.685851541e-11
7325	106.4650393	1.447730824e-11
7326	106.4500377	2.078337502e-12
7327	106.4350402	-1.033129138e-11
7328	106.4200467	7.732836593e-11
7329	106.4050572	-3.51931817e-11
7330	106.3900718	5.254818802e-11
7331	106.3750905	4.014211186e-11
7332	106.3601132	2.771827212e-11
7333	106.34514	1.527666882e-11
7334	106.3301708	2.831512802e-12
7335	106.3152056	9.082867791e-11
7336	106.3002446	-2.211208994e-11
7337	106.2852876	6.59703403e-11
7338	106.2703346	-4.710543067e-11
7339	106.2553858	4.105871199e-11
7340	106.240441	2.858513426e-11
7341	106.2255002	1.609024025e-11
7342	106.2105636	3.591793529e-12
7343	106.195631	-8.931522189e-12
7344	106.1807025	-2.145839062e-11
7345	106.1657781	6.700417998e-11
7346	106.1508577	5.449862783e-11
7347	106.1359415	4.198597026e-11
7348	106.1210293	2.94519964e-11
7349	106.1061213	1.691091711e-11
7350	106.0912173	1.056328358e-10
7351	106.0763174	-8.220979453e-12
7352	106.0614216	8.058265166e-11
7353	106.0465299	-3.339906129e-11
7354	106.0316423	5.548272952e-11
7355	106.0167588	-5.863753927e-11
7356	106.0018795	3.033306939e-11
7357	105.9870042	1.77386994e-11
7358	105.972133	5.123013125e-12
7359	105.957266	-7.499778576e-12
7360	105.942403	-2.014033385e-11
7361	105.9275442	6.90860702e-11
7362	105.9126895	5.647748935e-11
7363	105.8978389	4.384759222e-11
7364	105.8829925	3.121414238e-11
7365	105.8681501	1.856292897e-11
7366	105.8533119	5.90105742e-12
7367	105.8384778	9.542588941e-11
7368	105.8236479	-1.946531825e-11
7369	105.8088221	7.013412073e-11
7370	105.7940004	-4.489209005e-11
7371	105.7791828	4.479261406e-11
7372	105.7643694	3.210587352e-11
7373	105.7495602	1.939781669e-11
7374	105.7347551	6.686207144e-12
7375	105.7199541	-6.046718681e-12
7376	105.7051573	8.389378081e-11
7377	105.6903646	-3.154809747e-11
7378	105.6755761	5.847411444e-11
7379	105.6607917	4.574474133e-11
7380	105.6460115	3.299760465e-11
7381	105.6312355	2.024336254e-11
7382	105.6164636	7.467804153e-12
7383	105.6016959	-5.31130695e-12
7384	105.5869323	8.500578019e-11
7385	105.5721729	-3.091926715e-11
7386	105.5574177	5.947953241e-11
7387	105.5426667	-5.657696533e-11
7388	105.5279198	3.389999392e-11
7389	105.5131771	2.109601382e-11
7390	105.4984386	8.270717444e-12
7391	105.4837043	9.892175967e-11
7392	105.4689741	-1.741540245e-11
7393	105.4542482	7.331379948e-11
7394	105.4395264	6.049560852e-11
7395	105.4248088	4.765610129e-11
7396	105.4100954	3.480948862e-11
7397	105.3953862	2.194866511e-11
7398	105.3806812	9.073630736e-12
7399	105.3659804	-3.819167205e-12
7400	105.3512838	-1.671907057e-11
7401	105.3365914	7.439027172e-11
7402	105.3219032	-4.256150987e-11
7403	105.3072193	4.862954484e-11
7404	105.2925395	-6.846079259e-11
7405	105.2778639	2.280842182e-11
7406	105.2631926	1.141700068e-10
7407	105.2485254	-3.062439191e-12
7408	105.2338625	8.838085819e-11
7409	105.2192038	-2.898303819e-11
7410	105.2045494	6.253841889e-11
7411	105.1898991	4.959943567e-11
7412	105.1752531	3.664268888e-11
7413	105.1606113	2.367528396e-11
7414	105.1459737	1.069366817e-11
7415	105.1313404	-2.295053037e-12
7416	105.1167113	8.951772656e-11
7417	105.1020865	-2.832578616e-11
7418	105.0874658	6.356870585e-11
7419	105.0728495	-5.440625728e-11
7420	105.0582373	3.756994715e-11
7421	105.0436295	2.454569881e-11
7422	105.0290258	1.151434503e-11
7423	105.0144264	1.036681851e-10
7424	104.9998313	-1.459454779e-11
7425	104.9852404	7.763745202e-11
7426	104.9706538	-4.07496259e-11
7427	104.9560714	5.156053362e-11
7428	104.9414933	3.850075814e-11
7429	104.9269195	2.54267718e-11
7430	104.9123499	1.234568003e-11
7431	104.8977846	-7.567280136e-13
7432	104.8832236	-1.386624149e-11
7433	104.8686668	7.873168784e-11
7434	104.8541143	-4.0127901e-11
7435	104.8395661	5.255174074e-11
7436	104.8250222	3.943512183e-11
7437	104.8104825	2.631495022e-11
7438	104.7959472	1.191651222e-10
7439	104.7814161	2.486899575e-14
7440	104.7668893	9.296030612e-11
7441	104.7523668	-2.631495022e-11
7442	104.7378485	6.669154118e-11
7443	104.7233346	-5.270806014e-11
7444	104.708825	4.038014367e-11
7445	104.6943196	2.720668135e-11
7446	104.6798186	1.401545546e-11
7447	104.6653219	8.135714324e-13
7448	104.6508294	-1.240962888e-11
7449	104.6363413	-2.562927648e-11
7450	104.6218575	6.775380257e-11
7451	104.607378	5.45412604e-11
7452	104.5929028	4.133227094e-11
7453	104.5784319	2.809841249e-11
7454	104.5639654	1.486100132e-11
7455	104.5495031	1.08496323e-10
7456	104.5350452	-1.166355901e-11
7457	104.5205916	8.204992241e-11
7458	104.5061423	-3.823785732e-11
7459	104.4916974	5.55537838e-11
7460	104.4772568	4.228795092e-11
7461	104.4628205	2.900435447e-11
7462	104.4483885	1.571720532e-11
7463	104.4339609	2.401634447e-12
7464	104.4195376	-1.091393642e-11
7465	104.4051187	-2.424727086e-11
7466	104.3907041	6.987121992e-11
7467	104.3762938	5.656630719e-11
7468	104.3618879	4.32436309e-11
7469	104.3474864	2.991384918e-11
7470	104.3330892	1.65698566e-11
7471	104.3186963	3.215205879e-12
7472	104.3043078	9.761791375e-11
7473	104.2899237	-2.354383355e-11
7474	104.2755439	7.094058674e-11
7475	104.2611685	-5.035261097e-11
7476	104.2467974	4.421352173e-11
7477	104.2324307	3.083400202e-11
7478	104.2180684	1.742961331e-11
7479	104.2037104	4.021671884e-12
7480	104.1893568	-9.404033108e-12
7481	104.1750076	8.541434227e-11
7482	104.1606628	7.20206117e-11
7483	104.1463223	5.860556485e-11
7484	104.1319863	4.518341257e-11
7485	104.1176546	3.174704943e-11
7486	104.1033273	1.830358087e-11
7487	104.0890043	4.838796031e-12
7488	104.0746858	-8.633094239e-12
7489	104.0603717	8.655121064e-11
7490	104.0460619	-3.562306006e-11
7491	104.0317565	5.963585181e-11
7492	104.0174556	-6.265565844e-11
7493	104.003159	3.267786042e-11
7494	103.9888669	1.918110115e-11
7495	103.9745791	5.663025604e-12
7496	103.9602958	1.011670747e-10
7497	103.9460168	-2.14015472e-11
7498	103.9317423	7.418421433e-11
7499	103.9174722	6.067679692e-11
7500	103.9032065	4.714451052e-11
7501	103.8889452	3.361577683e-11
7502	103.8746883	2.005862143e-11
7503	103.8604358	6.501466032e-12
7504	103.8461878	1.023714447e-10
7505	103.8319442	-2.066968818e-11
7506	103.817705	7.527845014e-11
7507	103.8034703	-4.789058039e-11
7508	103.78924	4.813927035e-11
7509	103.7750141	-7.515410516e-11
7510	103.7607926	2.094679985e-11
7511	103.7465756	1.171436281e-10
7512	103.732363	-6.298961353e-12
7513	103.7181549	8.997602663e-11
7514	103.7039512	-3.358735512e-11
7515	103.6897519	6.276223985e-11
7516	103.6755571	4.913758289e-11
7517	103.6613668	3.549160965e-11
7518	103.6471809	2.18420837e-11
7519	103.6329994	8.171241461e-12
7520	103.6188225	-5.506706202e-12
7521	103.6046499	9.113065857e-11
7522	103.5904818	-3.289812867e-11
7523	103.5763182	6.381739581e-11
7524	103.5621591	-6.034639455e-11
7525	103.5480044	3.644373692e-11
7526	103.5338542	1.333262389e-10
7527	103.5197085	9.023892744e-12
7528	103.5055672	1.05977449e-10
7529	103.4914304	-1.844568942e-11
7530	103.4772981	7.858602658e-11
7531	103.4631702	-4.597566772e-11
7532	103.4490469	5.113776069e-11
7533	103.434928	3.73994169e-11
7534	103.4208136	2.364330953e-11
7535	103.4067037	9.883649454e-12
7536	103.3925983	-3.904432333e-12
7537	103.3784974	-1.769251412e-11
7538	103.3644009	7.970157867e-11
7539	103.350309	-4.531486297e-11
7540	103.3362215	5.21538368e-11
7541	103.3221386	3.835864959e-11
7542	103.3080602	2.455635695e-11
7543	103.2939862	1.22195587e-10
7544	103.2799168	-3.094413614e-12
7545	103.2658519	9.462297612e-11
7546	103.2517915	-3.078781674e-11
7547	103.2377356	6.700062727e-11
7548	103.2236842	5.317346563e-11
7549	103.2096373	3.932854042e-11
7550	103.1955949	2.547650979e-11
7551	103.1815571	1.160316287e-11
7552	103.1675238	-2.270184041e-12
7553	103.153495	-1.617195267e-11
7554	103.1394708	-3.007372129e-11
7555	103.125451	6.807709951e-11
7556	103.1114358	5.419309446e-11
7557	103.0974251	4.030198397e-11
7558	103.083419	2.639666263e-11
7559	103.0694174	1.247713044e-11
7560	103.0554204	1.108695358e-10
7561	103.0414278	-1.539746108e-11
7562	103.0274399	8.307310395e-11
7563	103.0134564	-4.331823789e-11
7564	102.9994775	5.522338142e-11
7565	102.9855032	4.128253295e-11
7566	102.9715334	2.732036819e-11
7567	102.9575682	1.335820343e-11
7568	102.9436075	-6.252776075e-13
7569	102.9296514	-1.461586407e-11
7570	102.9156998	8.420641961e-11
7571	102.9017528	7.023714943e-11
7572	102.8878104	5.62572211e-11
7573	102.8738725	4.226308192e-11
7574	102.8599392	2.82582846e-11
7575	102.8460105	1.423572371e-11
7576	102.8320863	2.09610107e-13
7577	102.8181667	9.935163803e-11
7578	102.8042517	-2.788880238e-11
7579	102.7903413	7.133138524e-11
7580	102.7764354	-5.604050557e-11
7581	102.7625341	4.325428904e-11
7582	102.7486374	2.920330644e-11
7583	102.7347453	1.512745484e-11
7584	102.7208578	1.055155963e-12
7585	102.7069749	-1.304556463e-11
7586	102.6930965	8.649436722e-11
7587	102.6792228	7.242917377e-11
7588	102.6653537	5.833911132e-11
7589	102.6514891	4.425260158e-11
7590	102.6376292	3.014122285e-11
7591	102.6237738	1.602984412e-11
7592	102.6099231	1.158397822e-10
7593	102.5960769	-1.224265134e-11
7594	102.5822354	8.764544646e-11
7595	102.5683985	-4.05684375e-11
7596	102.5545662	5.939426728e-11
7597	102.5407385	-6.894396165e-11
7598	102.5269154	3.109335012e-11
7599	102.5130969	1.692868068e-11
7600	102.4992831	2.746247674e-12
7601	102.4854739	1.029540897e-10
7602	102.4716693	-2.565059276e-11
7603	102.4578693	7.462830354e-11
7604	102.444074	6.045297596e-11
7605	102.4302833	4.62563321e-11
7606	102.4164972	3.205258281e-11
7607	102.4027158	1.783462267e-11
7608	102.388939	3.606004384e-12
7609	102.3751668	1.041584596e-10
7610	102.3613993	-2.489031203e-11
7611	102.3476364	7.574030292e-11
7612	102.3338782	-5.343636644e-11
7613	102.3201246	4.72688555e-11
7614	102.3063757	3.301892093e-11
7615	102.2926314	1.874767008e-11
7616	102.2788917	1.196163169e-10
7617	102.2651568	-9.819700608e-12
7618	102.2514264	9.112000043e-11
7619	102.2377008	-3.844391472e-11
7620	102.2239798	6.257749874e-11
7621	102.2102634	4.829203704e-11
7622	102.1965518	3.397815362e-11
7623	102.1828447	1.966782293e-11
7624	102.1691424	5.336175946e-12
7625	102.1554447	-8.999023748e-12
7626	102.1417517	9.229239595e-11
7627	102.1280634	-3.771560841e-11
7628	102.1143798	6.365041827e-11
7629	102.1007008	-6.64890365e-11
7630	102.0870265	3.495514989e-11
7631	102.0733569	1.364881541e-10
7632	102.059692	6.217248938e-12
7633	102.0460318	1.078177547e-10
7634	102.0323762	-2.257394272e-11
7635	102.0187254	7.910472277e-11
7636	102.0050792	6.473399594e-11
7637	101.9914378	5.03348474e-11
7638	101.977801	3.593569886e-11
7639	101.9641689	2.152233947e-11
7640	101.9505416	7.101874644e-12
7641	101.9369189	-7.343459174e-12
7642	101.923301	-2.179234571e-11
7643	101.9096877	8.023448572e-11
7644	101.8960792	-5.072919862e-11
7645	101.8824754	5.13722398e-11
7646	101.8688762	3.691624784e-11
7647	101.8552818	2.246025588e-11
7648	101.8416922	1.247251191e-10
7649	101.8281072	-6.505018746e-12
7650	101.814527	9.583445149e-11
7651	101.8009514	-3.551292593e-11
7652	101.7873806	6.689759857e-11
7653	101.7738146	5.24131849e-11
7654	101.7602532	3.791100767e-11
7655	101.7466966	2.340527772e-11
7656	101.7331448	8.87467877e-12
7657	101.7195976	-5.65947289e-12
7658	101.7060552	9.702816328e-11
7659	101.6925176	-3.476685606e-11
7660	101.6789846	6.799183438e-11
7661	101.6654565	5.345413001e-11
7662	101.651933	3.890932021e-11
7663	101.6384143	2.434674684e-11
7664	101.6249004	9.777068044e-12
7665	101.6113912	1.127702376e-10
7666	101.5978868	-1.940492211e-11
7667	101.5843871	8.366285442e-11
7668	101.5708922	-4.863309755e-11
7669	101.557402	5.450928597e-11
7670	101.5439166	3.991118547e-11
7671	101.530436	2.530242682e-11
7672	101.5169601	1.068301003e-11
7673	101.503489	-3.954170325e-12
7674	101.4900227	-1.859845611e-11
7675	101.4765611	8.481393365e-11
7676	101.4631043	7.019096415e-11
7677	101.4496523	5.556088922e-11
7678	101.436205	4.091660344e-11
7679	101.4227626	2.626165951e-11
7680	101.4093249	1.299049757e-10
7681	101.395892	-3.087308187e-12
7682	101.3824639	1.006270622e-10
7683	101.3690406	-3.248601388e-11
7684	101.355622	7.129941082e-11
7685	101.3422083	-6.193445756e-11
7686	101.3287993	4.192557412e-11
7687	101.3153951	2.722444492e-11
7688	101.3019958	1.250555215e-11
7689	101.2886012	-2.220446049e-12
7690	101.2752115	-1.696420782e-11
7691	101.2618265	8.713030297e-11
7692	101.2484463	7.241851563e-11
7693	101.235071	5.7685412e-11
7694	101.2217004	4.294875566e-11
7695	101.2083347	2.819078304e-11
7696	101.1949738	1.343281042e-11
7697	101.1816177	1.177937747e-10
7698	101.1682664	-1.613642553e-11
7699	101.1549199	8.829914577e-11
7700	101.1415782	-4.575539947e-11
7701	101.1282414	5.875477882e-11
7702	101.1149094	-7.541700597e-11
7703	101.1015822	2.91677793e-11
7704	101.0882599	1.436006869e-11
7705	101.0749423	-4.689582056e-13
7706	101.0616297	1.042685938e-10
7707	101.0483218	-3.015543371e-11
7708	101.0350188	7.465672525e-11
7709	101.0217206	5.983835649e-11
7710	101.0084272	4.499511874e-11
7711	100.9951387	3.015188099e-11
7712	100.9818551	1.528377425e-11
7713	100.9685763	4.156675004e-13
7714	100.9553023	1.054978327e-10
7715	100.9420332	-2.936673127e-11
7716	100.9287689	7.57864882e-11
7717	100.9155095	-5.919531532e-11
7718	100.902255	4.602895842e-11
7719	100.8890053	3.113953539e-11
7720	100.8757604	1.622524337e-11
7721	100.8625204	1.216093892e-10
7722	100.8492853	-1.362110424e-11
7723	100.8360551	9.182699046e-11
7724	100.8228297	-4.352784799e-11
7725	100.8096092	6.199840641e-11
7726	100.7963935	4.707345624e-11
7727	100.7831828	3.21271898e-11
7728	100.7699769	1.717026521e-11
7729	100.7567758	2.199129767e-12
7730	100.7435797	-1.277200568e-11
7731	100.7303884	9.301359682e-11
7732	100.7172021	-4.276756727e-11
7733	100.7040206	6.309264222e-11
7734	100.690844	-7.280931413e-11
7735	100.6776722	3.312550234e-11
7736	100.6645054	1.391420312e-10
7737	100.6513435	3.105071755e-12
7738	100.6381864	1.091962076e-10
7739	100.6250343	-2.696154411e-11
7740	100.611887	7.920064604e-11
7741	100.5987447	6.419398346e-11
7742	100.5856073	4.915889917e-11
7743	100.5724747	3.41273676e-11
7744	100.5593471	1.907096703e-11
7745	100.5462243	4.014566457e-12
7746	100.5331065	-1.10631504e-11
7747	100.5199936	-2.614441996e-11
7748	100.5068856	8.035172527e-11
7749	100.4937826	-5.635314437e-11
7750	100.4806844	5.021760785e-11
7751	100.4675911	3.513278557e-11
7752	100.4545028	2.003375243e-11
7753	100.4414194	1.267608241e-10
7754	100.428341	-1.019273554e-11
7755	100.4152674	9.660539035e-11
7756	100.4021988	-4.047251423e-11
7757	100.3891351	6.639666594e-11
7758	100.3760764	5.127986924e-11
7759	100.3630225	3.614530897e-11
7760	100.3499737	2.100009056e-11
7761	100.3369297	5.840661288e-12
7762	100.3238907	-9.322320693e-12
7763	100.3108567	9.780620758e-11
7764	100.2978275	-3.969091722e-11
7765	100.2848034	6.751221804e-11
7766	100.2717842	5.233857792e-11
7767	100.2587699	3.716138508e-11
7768	100.2457606	2.196998139e-11
7769	100.2327562	6.771472272e-12
7770	100.2197568	1.141948758e-10
7771	100.2067623	-2.366817853e-11
7772	100.1937728	8.382627925e-11
7773	100.1807883	-5.415756732e-11
7774	100.1678087	5.341149745e-11
7775	100.1548341	3.818811933e-11
7776	100.1418645	2.294697765e-11
7777	100.1288998	7.705835969e-12
7778	100.1159401	-7.560174708e-12
7779	100.1029854	-2.28297381e-11
7780	100.0900357	8.499512205e-11
7781	100.0770909	6.974332223e-11
7782	100.0641511	5.448796969e-11
7783	100.0512163	3.921485359e-11
7784	100.0382865	2.393107934e-11
7785	100.0253616	1.319797605e-10
7786	100.0124418	-6.671996289e-12
7787	99.99952691	1.014512918e-10
7788	99.98661703	-3.732480991e-11
7789	99.97371214	7.087308518e-11
7790	99.96081224	-6.801315067e-11
7791	99.94791734	4.024514055e-11
7792	99.93502744	2.492228646e-11
7793	99.92214254	9.574563364e-12
7794	99.90926264	-5.773159728e-12
7795	99.89638775	-2.11421991e-11
7796	99.88351786	8.733991308e-11
7797	99.87065297	7.200640084e-11
7798	99.8577931	5.664801961e-11
7799	99.84493823	4.128608566e-11
7800	99.83208838	2.590994086e-11
7801	99.81924354	1.052669063e-11
7802	99.80640372	1.192681509e-10
7803	99.79356892	-2.028599511e-11
7804	99.78073914	8.852651945e-11
7805	99.76791438	-5.114131341e-11
7806	99.75509465	5.773870271e-11
7807	99.74227994	4.233768891e-11
7808	99.72947026	2.69082534e-11
7809	99.71666561	1.14788179e-11
7810	99.70386599	-3.971933893e-12
7811	99.6910714	1.051354559e-10
7812	99.67828185	-3.489830647e-11
7813	99.66549733	7.42801376e-11
7814	99.65271786	5.884004395e-11
7815	99.63994343	4.337863402e-11
7816	99.62717404	2.791367137e-11
7817	99.61440969	1.243094516e-11
7818	99.60165039	-3.055333764e-12
7819	99.58889614	1.063718003e-10
7820	99.57614694	-3.407407689e-11
7821	99.5634028	7.543121683e-11
7822	99.5506637	-6.51390053e-11
7823	99.53792966	4.443378998e-11
7824	99.52520069	2.892619477e-11
7825	99.51247677	1.339728328e-11
7826	99.49975791	1.231157398e-10
7827	99.48704411	-1.768896141e-11
7828	99.47433538	9.210054941e-11
7829	99.46163172	7.657874335e-11
7830	99.44893313	6.104272643e-11
7831	99.43623961	4.549605137e-11
7832	99.42355116	2.993161274e-11
7833	99.41086779	1.436717412e-11
7834	99.39818949	-1.218580792e-12
7835	99.38551627	-1.681144113e-11
7836	99.37284813	9.330491935e-11
7837	99.36018508	-4.803624165e-11
7838	99.34752711	6.21511731e-11
7839	99.33487422	-7.930012202e-11
7840	99.32222642	3.095124157e-11
7841	99.30958371	1.412878703e-10
7842	99.2969461	-2.913225217e-13
7843	99.28431357	1.101128078e-10
7844	99.27168614	-3.158007189e-11
7845	99.25906381	7.889155995e-11
7846	99.24644658	6.326672519e-11
7847	99.23383445	4.762412686e-11
7848	99.22122742	3.197797582e-11
7849	99.2086255	1.631406121e-11
7850	99.19602868	6.465938895e-13
7851	99.18343697	1.113669157e-10
7852	99.17085037	-3.073452604e-11
7853	99.15826888	8.005685004e-11
7854	99.14569251	-6.216183124e-11
7855	99.13312125	4.870059911e-11
7856	99.12055511	3.300115736e-11
7857	99.10799408	1.72981629e-11
7858	99.09543818	1.283133599e-10
7859	99.08288741	-1.414690587e-11
7860	99.07034175	9.693224001e-11
7861	99.05780123	-4.563815992e-11
7862	99.04526583	6.550493481e-11
7863	99.03273556	4.978062407e-11
7864	99.02021043	3.404210247e-11
7865	99.00769043	1.829292273e-11
7866	98.99517556	2.522426712e-12
7867	98.98266584	-1.324806931e-11
7868	98.97016125	9.815437352e-11
7869	98.9576618	-4.48281412e-11
7870	98.9451675	6.663825047e-11
7871	98.93267834	5.086064903e-11
7872	98.92019433	3.508304758e-11
7873	98.90771547	1.466951005e-10
7874	98.89524176	3.474553978e-12
7875	98.8827732	1.151576612e-10
7876	98.8703098	-2.817301947e-11
7877	98.85785155	8.357758929e-11
7878	98.84539846	-5.98667782e-11
7879	98.83295053	5.195488484e-11
7880	98.82050776	3.61275454e-11
7881	98.80807015	2.027888968e-11
7882	98.79563771	4.437339385e-12
7883	98.78321044	-1.143263262e-11
7884	98.77078834	-2.730615734e-11
7885	98.7583714	8.476419566e-11
7886	98.74595964	6.890843451e-11
7887	98.73355306	5.304912065e-11
7888	98.72115165	3.717204322e-11
7889	98.70875541	2.128786036e-11
7890	98.69636436	1.335749289e-10
7891	98.68397849	-1.051603249e-11
7892	98.6715978	1.018314322e-10
7893	98.6592223	-4.236611062e-11
7894	98.64685199	7.005240832e-11
7895	98.63448686	5.414690918e-11
7896	98.62212693	3.822719918e-11
7897	98.60977219	2.230038376e-11
7898	98.59742264	6.352252058e-12
7899	98.58507829	-9.592326933e-12
7900	98.57273913	-2.556177492e-11
7901	98.56040518	8.714096111e-11
7902	98.54807643	7.120348755e-11
7903	98.53575288	5.524469771e-11
7904	98.52343454	3.928946057e-11
7905	98.5111214	2.330935445e-11
7906	98.49881347	7.329248319e-12
7907	98.48651076	1.202771216e-10
7908	98.47421326	-2.467714921e-11
7909	98.46192097	8.834177834e-11
7910	98.44963389	-5.67226266e-11
7911	98.43735204	5.63602498e-11
7912	98.4250754	4.035882739e-11
7913	98.41280399	2.433253599e-11
7914	98.4005378	8.304468224e-12
7915	98.38827684	-7.737810392e-12
7916	98.3760211	1.055564525e-10
7917	98.36377059	8.954259556e-11
7918	98.35152531	7.350919873e-11
7919	98.33928526	5.747224918e-11
7920	98.32705045	4.141753607e-11
7921	98.31482088	2.535749388e-11
7922	98.30259654	9.281464486e-12
7923	98.29037744	-6.799893981e-12
7924	98.27816358	1.068070077e-10
7925	98.26595497	-3.900169077e-11
7926	98.2537516	7.467271246e-11
7927	98.24155348	-7.125144919e-11
7928	98.22936061	4.249223196e-11
7929	98.21717298	2.639310992e-11
7930	98.20499061	1.027089525e-11
7931	98.1928135	1.241549086e-10
7932	98.18064163	-2.199485039e-11
7933	98.16847503	9.195488815e-11
7934	98.15631369	7.584155526e-11
7935	98.1441576	5.97104588e-11
7936	98.13200678	4.357403327e-11
7937	98.11986123	2.742339689e-11
7938	98.10772094	1.126387872e-11
7939	98.09558592	1.254587545e-10
7940	98.08345617	-2.10889084e-11
7941	98.07133169	9.316991623e-11
7942	98.05921248	-5.348965715e-11
7943	98.04709855	6.083844539e-11
7944	98.0349899	-8.592948575e-11
7945	98.02288653	2.846256564e-11
7946	98.01078844	1.429345531e-10
7947	97.99869563	-3.957723038e-12
7948	97.9866081	1.105799896e-10
7949	97.97452586	-3.641886792e-11
7950	97.96244891	7.818456993e-11
7951	97.95037725	6.197531377e-11
7952	97.93831088	4.574296497e-11
7953	97.9262498	2.951061617e-11
7954	97.91419401	1.325872745e-11
7955	97.90214353	-2.996713988e-12
7956	97.89009834	1.118500847e-10
7957	97.87805845	-3.554490036e-11
7958	97.86602387	7.936407087e-11
7959	97.85399459	-6.814104836e-11
7960	97.84197061	4.683720078e-11
7961	97.82995194	1.618900569e-10
7962	97.81793858	1.426592178e-11
7963	97.80593054	1.293880558e-10
7964	97.7939278	-1.834798979e-11
7965	97.78193038	9.683986946e-11
7966	97.76993827	-5.100453393e-11
7967	97.75795149	6.424727417e-11
7968	97.74597002	4.793854202e-11
7969	97.73399387	3.161026996e-11
7970	97.72202305	1.528199789e-11
7971	97.71005755	-1.069366817e-12
7972	97.69809738	-1.741895517e-11
7973	97.68614254	9.80726611e-11
7974	97.67419303	-5.016254079e-11
7975	97.66224885	6.539302433e-11
7976	97.65031	4.903455419e-11
7977	97.63837649	3.267253135e-11
7978	97.62644832	1.483684287e-10
7979	97.61452548	-9.059419881e-14
7980	97.60260799	1.156710283e-10
7981	97.59069584	-3.289990502e-11
7982	97.57878903	8.292744269e-11
7983	97.56688757	6.654765627e-11
7984	97.55499146	5.014300086e-11
7985	97.54310069	3.374189816e-11
7986	97.53121528	1.731770283e-11
7987	97.51933522	8.899547765e-13
7988	97.50746052	-1.555378049e-11
7989	97.49559117	-3.200106846e-11
7990	97.48372718	8.412825991e-11
7991	97.47186855	6.769518279e-11
7992	97.46001529	5.126032931e-11
7993	97.44816738	3.480060684e-11
7994	97.43632484	1.834443708e-11
7995	97.42448767	1.346833756e-10
7996	97.41265587	-1.4610535e-11
7997	97.40082944	1.017887996e-10
7998	97.38900838	-4.760991601e-11
7999	97.37719269	6.885514381e-11
8000	97.36538238	5.237765777e-11
8001	97.35357745	3.587707909e-11
8002	97.34177789	1.937827676e-11
8003	97.32998372	2.861710868e-12
8004	97.31819493	-1.366196045e-11
8005	97.30641153	1.030393548e-10
8006	97.29463351	8.653167072e-11
8007	97.28286087	7.002221025e-11
8008	97.27109363	5.34914335e-11
8009	97.25933178	3.696065676e-11
8010	97.24757532	2.040856373e-11
8011	97.23582426	3.856470698e-12
8012	97.22407859	1.208277922e-10
8013	97.21233833	-2.929212428e-11
8014	97.20060346	8.774314608e-11
8015	97.18887399	-6.247802276e-11
8016	97.17714993	5.462119645e-11
8017	97.16543127	3.804778714e-11
8018	97.15371802	2.145128519e-11
8019	97.14201018	4.860112313e-12
8020	97.13030774	-1.175592956e-11
8021	97.11861072	1.05544018e-10
8022	97.10691912	8.896172687e-11
8023	97.09523292	7.235634314e-11
8024	97.08355215	5.575273576e-11
8025	97.0718768	3.91278121e-11
8026	97.06020686	2.250288844e-11
8027	97.04854235	1.400373151e-10
8028	97.03688326	-1.078959144e-11
8029	97.0252296	1.068070077e-10
8030	97.01358136	-4.412648025e-11
8031	97.00193856	7.353584408e-11
8032	96.99030118	-7.750600162e-11
8033	96.97866924	4.022382427e-11
8034	96.96704273	2.355449169e-11
8035	96.95542166	6.867395541e-12
8036	96.94380603	1.247340009e-10
8037	96.93219583	-2.65298894e-11
8038	96.92059108	9.139888846e-11
8039	96.90899177	7.471889774e-11
8040	96.8973979	5.802469616e-11
8041	96.88580948	4.132338915e-11
8042	96.87422651	2.46078713e-11
8043	96.86264899	7.883471653e-12
8044	96.85107692	1.260449523e-10
8045	96.8395103	-2.55955257e-11
8046	96.82794914	9.262635103e-11
8047	96.81639343	-5.911893197e-11
8048	96.80484318	5.916866996e-11
8049	96.7932984	4.242650675e-11
8050	96.78175907	2.566657997e-11
8051	96.77022521	1.440909614e-10
8052	96.75869681	-7.872813512e-12
8053	96.74717388	1.10611964e-10
8054	96.73565641	-4.145839227e-11
8055	96.72414442	7.709033412e-11
8056	96.7126379	6.031797284e-11
8057	96.70113685	4.353140071e-11
8058	96.68964128	2.673772315e-11
8059	96.67815118	9.922729305e-12
8060	96.66666656	-6.888711823e-12
8061	96.65518743	1.118891646e-10
8062	96.64371377	-4.0556003e-11
8063	96.6322456	7.828582227e-11
8064	96.62078291	-7.426237403e-11
8065	96.60932571	4.464162373e-11
8066	96.597874	1.636184521e-10
8067	96.58642778	1.095656899e-11
8068	96.57498705	1.299955699e-10
8069	96.56355182	-2.277289468e-11
8070	96.55212208	9.63318314e-11
8071	96.54069783	7.948841585e-11
8072	96.52927909	6.262546037e-11
8073	96.51786585	4.575895218e-11
8074	96.50645811	2.887468042e-11
8075	96.49505587	1.199040867e-11
8076	96.48365914	-4.911626661e-12
8077	96.47226791	-2.181543834e-11
8078	96.4608822	9.757528119e-11
8079	96.44950199	-5.566924699e-11
8080	96.4381273	6.37889741e-11
8081	96.42675812	4.687272792e-11
8082	96.41539445	2.99582581e-11
8083	96.40403631	1.495479296e-10
8084	96.39268368	-3.913314117e-12
8085	96.38133657	1.157403062e-10
8086	96.36999498	-3.782574254e-11
8087	96.35865892	8.188827394e-11
8088	96.34732839	6.495426419e-11
8089	96.33600338	4.800249087e-11
8090	96.3246839	3.104538848e-11
8091	96.31336995	1.407052252e-11
8092	96.30206153	-2.909672503e-12
8093	96.29075865	1.170352704e-10
8094	96.2794613	-3.690026062e-11
8095	96.26816949	8.310507837e-11
8096	96.25688322	6.611955428e-11
8097	96.24560248	4.913225382e-11
8098	96.23432729	3.21271898e-11
8099	96.22305765	1.511857306e-11
8100	96.21179355	1.353193113e-10
8101	96.20053499	-1.893241119e-11
8102	96.18928199	1.013269468e-10
8103	96.17803454	-5.302602801e-11
8104	96.16679263	6.72955025e-11
8105	96.15555629	5.026734584e-11
8106	96.14432549	3.321964925e-11
8107	96.13310026	1.617372902e-11
8108	96.12188058	-8.917311334e-13
8109	96.11066646	-1.7960744e-11
8110	96.09945791	1.025863838e-10
8111	96.08825492	8.553335817e-11
8112	96.07705749	6.847500345e-11
8113	96.06586563	5.14006615e-11
8114	96.05467934	3.432099049e-11
8115	96.04349862	1.550617412e-10
8116	96.03232347	1.296740493e-13
8117	96.0211539	1.209325973e-10
8118	96.0099899	-3.410605132e-11
8119	95.99883148	8.675726804e-11
8120	95.98767863	-6.838085653e-11
8121	95.97653137	5.254463531e-11
8122	95.96538968	3.542588445e-11
8123	95.95425358	1.828937002e-11
8124	95.94312307	1.154631946e-12
8125	95.93199814	-1.600319877e-11
8126	95.9208788	1.051123633e-10
8127	95.90976505	8.798650697e-11
8128	95.8986569	7.084288711e-11
8129	95.88755433	5.369216183e-11
8130	95.87645736	3.652722569e-11
8131	95.86536599	1.935873684e-11
8132	95.85428021	1.406963435e-10
8133	95.84320003	-1.501376801e-11
8134	95.83212546	1.063877875e-10
8135	95.82105649	-4.942890541e-11
8136	95.80999312	7.203304619e-11
8137	95.79893536	5.484501742e-11
8138	95.78788321	3.764100143e-11
8139	95.77683666	2.043343272e-11
8140	95.76579573	3.208100452e-12
8141	95.75476041	1.248583459e-10
8142	95.74373071	-3.126565673e-11
8143	95.73270662	9.044676119e-11
8144	95.72168814	7.322853435e-11
8145	95.71067529	5.599609665e-11
8146	95.69966806	3.875477717e-11
8147	95.68866645	2.150102318e-11
8148	95.67767046	4.245492846e-12
8149	95.6666801	1.26178179e-10
8150	95.65569537	-3.030642404e-11
8151	95.64471627	9.168665827e-11
8152	95.63374279	-6.489564441e-11
8153	95.62277495	5.715605766e-11
8154	95.61181275	3.987921104e-11
8155	95.60085617	2.258637721e-11
8156	95.58990524	1.44765977e-10
8157	95.57895994	-1.202415945e-11
8158	95.56802028	1.102193892e-10
8159	95.55708627	9.293010805e-11
8160	95.5461579	7.562839244e-11
8161	95.53523517	5.832312411e-11
8162	95.52431809	4.09965395e-11
8163	95.51340666	2.367173124e-11
8164	95.50250088	6.327383062e-12
8165	95.49160075	-1.101518876e-11
8166	95.48070627	1.115054715e-10
8167	95.46981745	-4.574651769e-11
8168	95.45893428	7.683631509e-11
8169	95.44805678	-8.050982103e-11
8170	95.43718493	4.212630245e-11
8171	95.42631874	1.648370329e-10
8172	95.41545821	7.382539025e-12
8173	95.40460335	1.301501129e-10
8174	95.39375416	-2.740385696e-11
8175	95.38291063	9.54223367e-11
8176	95.37207277	7.804779045e-11
8177	95.36124058	6.065548064e-11
8178	95.35041407	4.326494718e-11
8179	95.33959322	2.585132108e-11
8180	95.32877806	8.441247701e-12
8181	95.31796857	1.314841569e-10
8182	95.30716476	-2.642508434e-11
8183	95.29636662	9.667822098e-11
8184	95.28557418	-6.132871988e-11
8185	95.27478741	6.183675794e-11
8186	95.26400633	4.439648649e-11
8187	95.25323093	2.695266232e-11
8188	95.24246123	1.502424851e-10
8189	95.23169721	-7.970513138e-12
8190	95.22093888	1.153814821e-10
8191	95.21018625	-4.292921574e-11
8192	95.19943931	8.047784661e-11
8193	95.18869807	6.301803523e-11
8194	95.17796253	4.553868393e-11
8195	95.16723268	2.805755628e-11
8196	95.15650853	1.05568887e-11
8197	95.14579009	-6.942002528e-12
8198	95.13507735	1.166835517e-10
8199	95.12437032	-4.197708847e-11
8200	95.11366899	8.170530919e-11
8201	95.10297338	6.419575982e-11
8202	95.09228347	4.66844341e-11
8203	95.08159927	2.915712116e-11
8204	95.07092079	1.162980823e-11
8205	95.06024802	1.35496947e-10
8206	95.04958097	-2.346567385e-11
8207	95.03891964	1.004583083e-10
8208	95.02826402	-5.860023577e-11
8209	95.01761413	6.538769526e-11
8210	95.00696996	4.783728969e-11
8211	94.99633152	3.02708969e-11
8212	94.9856988	1.270450412e-11
8213	94.97507181	-4.881428595e-12
8214	94.96445054	-2.24673613e-11
8215	94.95383501	1.017319562e-10
8216	94.94322521	8.415668162e-11
8217	94.93262114	6.65796307e-11
8218	94.92202281	4.898659256e-11
8219	94.91143022	3.138822535e-11
8220	94.90084336	1.557687312e-10
8221	94.89026224	-3.83870713e-12
8222	94.87968687	1.206004185e-10
8223	94.86911724	-3.910294311e-11
8224	94.85855335	8.539124963e-11
8225	94.84799521	-7.440981165e-11
8226	94.83744281	5.014655358e-11
8227	94.82689617	3.251088287e-11
8228	94.81635528	1.485922496e-11
8229	94.80582014	-2.790656595e-12
8230	94.79529075	-2.046185443e-11
8231	94.78476712	1.042756992e-10
8232	94.77424924	8.663292306e-11
8233	94.76373713	6.897238336e-11
8234	94.75323077	5.130651459e-11
8235	94.74273017	3.362821133e-11
8236	94.73223534	1.59481317e-11
8237	94.72174628	1.408935191e-10
8238	94.71126298	-1.945110739e-11
8239	94.70078544	1.055564525e-10
8240	94.69031368	-5.488587362e-11
8241	94.67984769	7.017497694e-11
8242	94.66938747	5.247713375e-11
8243	94.65893302	3.475975063e-11
8244	94.64848435	1.704236752e-11
8245	94.63804146	-6.96331881e-13
8246	94.62760434	1.245492598e-10
8247	94.61717301	-3.618794153e-11
8248	94.60674745	8.911271721e-11
8249	94.59632768	7.138467595e-11
8250	94.5859137	5.364242384e-11
8251	94.5755055	3.589661901e-11
8252	94.56510308	1.81294979e-11
8253	94.55470646	3.659295089e-13
8254	94.54431563	1.258761984e-10
8255	94.53393059	-3.520383984e-11
8256	94.52355135	9.036504878e-11
8257	94.5131779	-7.08020309e-11
8258	94.50281024	5.481659571e-11
8259	94.49244839	3.703526374e-11
8260	94.48209233	1.92326155e-11
8261	94.47174208	1.449773634e-10
8262	94.46139763	-1.639044456e-11
8263	94.45105899	1.094129232e-10
8264	94.44072615	9.161915671e-11
8265	94.43039911	7.381117939e-11
8266	94.42007789	5.599787301e-11
8267	94.40976248	3.816857941e-11
8268	94.39945288	2.033928581e-11
8269	94.38914909	2.488675932e-12
8270	94.37885112	-1.535838123e-11
8271	94.36855897	1.107061109e-10
8272	94.35827263	-5.109157541e-11
8273	94.34799211	7.502798383e-11
8274	94.33771742	-8.686207309e-11
8275	94.32744855	3.931432957e-11
8276	94.3171855	1.655564574e-10
8277	94.30692827	3.561595463e-12
8278	94.29667688	1.298623431e-10
8279	94.28643131	-3.222488942e-11
8280	94.27619157	9.412914892e-11
8281	94.26595767	7.62554464e-11
8282	94.2557296	5.836220396e-11
8283	94.24550736	4.046896152e-11
8284	94.23529096	2.255262643e-11
8285	94.2250804	4.641620421e-12
8286	94.21487568	1.311999398e-10
8287	94.20467679	-3.12176951e-11
8288	94.19448375	9.539391499e-11
8289	94.18429656	-6.711786682e-11
8290	94.17411521	5.95541394e-11
8291	94.1639397	4.161115896e-11
8292	94.15377005	2.366995489e-11
8293	94.14360624	1.504645297e-10
8294	94.13344828	-1.224442769e-11
8295	94.12329618	1.146034379e-10
8296	94.11314993	-4.819966648e-11
8297	94.10300954	7.870326613e-11
8298	94.09287501	6.074607484e-11
8299	94.08274633	4.277111998e-11
8300	94.07262351	2.479616512e-11
8301	94.06250656	6.799893981e-12
8302	94.05239547	-1.119282445e-11
8303	94.04229024	1.159090601e-10
8304	94.03219088	-4.722089386e-11
8305	94.02209739	7.99431632e-11
8306	94.01200977	-8.328271406e-11
8307	94.00192801	4.393641007e-11
8308	93.99185213	1.712159303e-10
8309	93.98178212	7.890577081e-12
8310	93.97171799	1.352251644e-10
8311	93.96165974	-2.818900668e-11
8312	93.95160736	9.920420041e-11
8313	93.94156086	-6.430411759e-11
8314	93.93152024	6.314060386e-11
8315	93.92148551	4.510347651e-11
8316	93.91145666	2.704325652e-11
8317	93.90143369	8.986589251e-12
8318	93.89141662	-9.091394304e-12
8319	93.88140543	-2.716582514e-11
8320	93.87140013	1.004796246e-10
8321	93.86140072	-6.335199032e-11
8322	93.8514072	6.435030286e-11
8323	93.84141958	4.626521388e-11
8324	93.83143785	2.818190126e-11
8325	93.82146202	1.559978813e-10
8326	93.81149209	-8.0255802e-12
8327	93.80152806	1.19850796e-10
8328	93.79156994	-4.426325972e-11
8329	93.78161771	8.366107807e-11
8330	93.77167139	6.556000187e-11
8331	93.76173097	4.74376094e-11
8332	93.75179647	2.931699328e-11
8333	93.74186787	1.118038995e-11
8334	93.73194518	-6.956213383e-12
8335	93.7220284	-2.5114133e-11
8336	93.71211754	-4.327027625e-11
8337	93.70221259	8.490985692e-11
8338	93.69231356	6.676437181e-11
8339	93.68242044	4.861533398e-11
8340	93.67253325	3.045386165e-11
8341	93.66265197	1.228706026e-11
8342	93.65277662	1.406412764e-10
8343	93.64290719	-2.40767406e-11
8344	93.63304369	1.043307662e-10
8345	93.62318611	-6.047962131e-11
8346	93.61333446	6.79829526e-11
8347	93.60348874	4.980016399e-11
8348	93.59364895	3.160138817e-11
8349	93.58381509	1.339905964e-11
8350	93.57398716	-4.817479748e-12
8351	93.56416517	-2.303401914e-11
8352	93.55434912	1.056204013e-10
8353	93.54453901	8.741452007e-11
8354	93.53473483	6.920330975e-11
8355	93.52493659	5.097611222e-11
8356	93.5151443	3.27524674e-11
8357	93.50535795	1.450572995e-11
8358	93.49557755	-3.735678433e-12
8359	93.48580309	1.251443393e-10
8360	93.47603458	-4.026112777e-11
8361	93.46627202	8.867218071e-11
8362	93.45651541	-7.682032788e-11
8363	93.44676476	5.21662713e-11
8364	93.43702005	3.390709935e-11
8365	93.42728131	1.562838747e-11
8366	93.41754851	-2.653877118e-12
8367	93.40782168	-2.095035256e-11
8368	93.39810081	1.082085532e-10
8369	93.3883859	8.993517042e-11
8370	93.37867694	7.16458004e-11
8371	93.36897396	5.336353581e-11
8372	93.35927694	3.505462587e-11
8373	93.34958588	1.6751045e-11
8374	93.3399008	1.46100021e-10
8375	93.33022168	-1.98951966e-11
8376	93.32054853	1.095070701e-10
8377	93.31088136	-5.657341262e-11
8378	93.30122016	7.288036841e-11
8379	93.29156493	-9.329070849e-11
8380	93.28191568	3.62181396e-11
8381	93.27227241	1.787725523e-11
8382	93.26263512	-4.778399898e-13
8383	93.25300381	1.291446949e-10
8384	93.24337848	-3.721112307e-11
8385	93.23375914	9.246470256e-11
8386	93.22414578	7.411493641e-11
8387	93.21453841	5.574918305e-11
8388	93.20493702	3.738520604e-11
8389	93.19534163	1.900168911e-11
8390	93.18575222	6.163958233e-13
8391	93.17616881	1.304858444e-10
8392	93.16659139	-3.618261246e-11
8393	93.15701997	9.373657406e-11
8394	93.14745454	-7.301892424e-11
8395	93.13789511	5.695532934e-11
8396	93.12834168	3.85558252e-11
8397	93.11879425	2.013678113e-11
8398	93.10925282	1.502247216e-10
8399	93.09971739	-1.671551786e-11
8400	93.09018797	1.134239369e-10
8401	93.08066456	-5.360156763e-11
8402	93.07114715	7.658762513e-11
8403	93.06163576	5.816325199e-11
8404	93.05213037	3.971933893e-11
8405	93.04263099	2.127897858e-11
8406	93.03313763	2.81552559e-12
8407	93.02365029	-1.564259833e-11
8408	93.01416895	1.147366646e-10
8409	93.00469364	-5.259970237e-11
8410	92.99522435	7.783640399e-11
8411	92.98576107	-8.958700448e-11
8412	92.97630382	4.090061623e-11
8413	92.96685259	1.714397513e-10
8414	92.95740738	3.927524972e-12
8415	92.9479682	1.345217271e-10
8416	92.93853505	-3.307754071e-11
8417	92.92910792	9.756995212e-11
8418	92.91968683	7.908518285e-11
8419	92.91027176	6.058087365e-11
8420	92.90086273	4.208011717e-11
8421	92.89145973	2.355982076e-11
8422	92.88206277	5.039524353e-12
8423	92.87267185	-1.349853562e-11
8424	92.86328696	-3.203304288e-11
8425	92.85390811	9.885425811e-11
8426	92.84453531	-6.91393609e-11
8427	92.83516855	6.179945444e-11
8428	92.82580783	4.325428904e-11
8429	92.81645315	2.471089999e-11
8430	92.80710452	1.557580731e-10
8431	92.79776194	-1.241140524e-11
8432	92.78842541	1.186908349e-10
8433	92.77909493	-4.956746125e-11
8434	92.7697705	8.158274056e-11
8435	92.76045212	6.302336431e-11
8436	92.7511398	4.444622448e-11
8437	92.74183354	2.58673083e-11
8438	92.73253333	7.270628544e-12
8439	92.72323918	-1.132249849e-11
8440	92.71395109	1.200142208e-10
8441	92.70466907	-4.854783242e-11
8442	92.6953931	8.284217756e-11
8443	92.6861232	6.423839238e-11
8444	92.67685937	4.563638356e-11
8445	92.6676016	2.701483481e-11
8446	92.6583499	8.398615137e-12
8447	92.64910427	1.399484972e-10
8448	92.63986472	-2.887645678e-11
8449	92.63063123	1.027249397e-10
8450	92.62140382	-6.618350312e-11
8451	92.61218248	6.546940767e-11
8452	92.60296722	4.683187171e-11
8453	92.59375804	2.817834854e-11
8454	92.58455494	9.52660173e-12
8455	92.57535791	-9.144685009e-12
8456	92.56616697	-2.781241903e-11
8457	92.55698212	1.040234565e-10
8458	92.54780334	8.536105156e-11
8459	92.53863066	6.669864661e-11
8460	92.52946406	4.802025444e-11
8461	92.52030355	2.934186227e-11
8462	92.51114912	1.61342939e-10
8463	92.5020008	-8.043343769e-12
8464	92.49285856	1.240003655e-10
8465	92.48372242	-4.546407695e-11
8466	92.47459237	8.662937034e-11
8467	92.46546842	-8.292033726e-11
8468	92.45635057	4.922640073e-11
8469	92.44723881	3.051425779e-11
8470	92.43813316	1.178612763e-11
8471	92.42903361	-6.936673458e-12
8472	92.41994016	-2.568256718e-11
8473	92.41085282	1.066187139e-10
8474	92.40177158	8.790124184e-11
8475	92.39269646	6.91642299e-11
8476	92.38362744	5.043254703e-11
8477	92.37456453	3.167954787e-11
8478	92.36550773	1.293010143e-11
8479	92.35645704	1.454143472e-10
8480	92.34741247	-2.460431858e-11
8481	92.33837402	1.079296652e-10
8482	92.32934168	-6.217248938e-11
8483	92.32031546	7.040767969e-11
8484	92.31129535	5.164224604e-11
8485	92.30228137	3.28554961e-11
8486	92.29327351	1.40758516e-11
8487	92.28427178	-4.72688555e-12
8488	92.27527617	1.280096029e-10
8489	92.26628668	-4.234301798e-11
8490	92.25730333	9.044320848e-11
8491	92.2483261	7.165290583e-11
8492	92.239355	5.284483962e-11
8493	92.23039003	3.40367734e-11
8494	92.2214312	1.521449633e-11
8495	92.2124785	-3.611333455e-12
8496	92.20353193	1.293560814e-10
8497	92.1945915	-4.128963838e-11
8498	92.18565721	9.172573812e-11
8499	92.17672906	-7.900347043e-11
8500	92.16780705	5.406164405e-11
8501	92.15889118	3.522337977e-11
8502	92.14998146	1.636735192e-11
8503	92.14107787	1.495354951e-10
8504	92.13218044	-2.136246735e-11
8505	92.12328915	1.118554138e-10
8506	92.11440401	9.300826775e-11
8507	92.10552502	7.414513448e-11
8508	92.09665218	5.528022484e-11
8509	92.08778549	3.6399328e-11
8510	92.07892496	1.752198386e-11
8511	92.07007058	-1.374900194e-12
8512	92.06122236	-2.027000789e-11
8513	92.05238029	1.13175247e-10
8514	92.04354439	-5.809397408e-11
8515	92.03471464	7.539924241e-11
8516	92.02589105	-9.594813832e-11
8517	92.01707363	3.759303979e-11
8518	92.00826238	1.71189285e-10
8519	91.99945728	-2.486899575e-13
8520	91.99065836	1.334008459e-10
8521	91.9818656	-3.811884142e-11
8522	91.97307901	9.557687974e-11
8523	91.96429859	7.665690305e-11
8524	91.95552435	5.77227155e-11
8525	91.94675627	3.878852795e-11
8526	91.93799437	1.983657683e-11
8527	91.92923865	8.828493492e-13
8528	91.9204891	1.347544298e-10
8529	91.91174573	-3.70494746e-11
8530	91.90300855	9.687006752e-11
8531	91.89427754	-7.501377297e-11
8532	91.88555271	5.895373079e-11
8533	91.87683407	3.997513431e-11
8534	91.86812161	2.100186691e-11
8535	91.85941534	1.55070623e-10
8536	91.85071525	-1.697841867e-11
8537	91.84202136	1.171382991e-10
8538	91.83333365	-5.498890232e-11
8539	91.82465214	7.917222433e-11
8540	91.81597681	6.018652243e-11
8541	91.80730768	4.117950425e-11
8542	91.79864475	2.217248607e-11
8543	91.78998801	3.151257033e-12
8544	91.78133747	-1.587174836e-11
8545	91.77269313	1.184687903e-10
8546	91.76405498	-5.394618086e-11
8547	91.75542304	8.044054312e-11
8548	91.7467973	6.141220865e-11
8549	91.73817777	4.238387419e-11
8550	91.72956444	1.768700741e-10
8551	91.72095732	4.295230838e-12
8552	91.7123564	1.388293924e-10
8553	91.70376169	-3.382716329e-11
8554	91.69517319	1.007531836e-10
8555	91.68659091	-7.197975549e-11
8556	91.67801484	6.265032937e-11
8557	91.66944498	4.359179684e-11
8558	91.66088133	2.451372438e-11
8559	91.6523239	5.439204642e-12
8560	91.64377269	-1.364952595e-11
8561	91.6352277	-3.274358562e-11
8562	91.62668893	1.020588059e-10
8563	91.61815638	8.297718068e-11
8564	91.60963006	6.389377916e-11
8565	91.60110995	4.479439042e-11
8566	91.59259608	2.569677804e-11
8567	91.58408842	1.606430544e-10
8568	91.575587	-1.252864479e-11
8569	91.56709181	1.224602642e-10
8570	91.55860284	-5.078959475e-11
8571	91.55012011	8.425082854e-11
8572	91.54164361	6.513722894e-11
8573	91.53317334	4.60094185e-11
8574	91.52470931	2.687983169e-11
8575	91.51625152	7.736034036e-12
8576	91.50779996	-1.140598727e-11
8577	91.49935464	-3.056577214e-11
8578	91.49091556	1.04662945e-10
8579	91.48248273	8.552980546e-11
8580	91.47405613	6.637890237e-11
8581	91.46563578	4.722622293e-11
8582	91.45722168	2.805933264e-11
8583	91.44881382	8.894218695e-12
8584	91.44041221	1.442952424e-10
8585	91.43201684	-2.946975997e-11
8586	91.42362773	1.059756727e-10
8587	91.41524487	-6.786571305e-11
8588	91.40686826	6.762945759e-11
8589	91.39849791	4.844658008e-11
8590	91.39013381	2.924949172e-11
8591	91.38177597	1.005417971e-11
8592	91.37342438	-9.158895864e-12
8593	91.36507905	1.264783833e-10
8594	91.35673999	1.072919531e-10
8595	91.34840718	8.808598295e-11
8596	91.34008064	6.888178916e-11
8597	91.33176036	4.966160816e-11
8598	91.32344634	3.044497987e-11
8599	91.31513859	1.120881166e-11
8600	91.30683711	-8.022027487e-12
8601	91.29854189	1.278266382e-10
8602	91.29025295	-4.652278562e-11
8603	91.28197028	8.937561802e-11
8604	91.27369388	-8.505196547e-11
8605	91.26542375	5.089084709e-11
8606	91.2571599	3.164224438e-11
8607	91.24890232	1.237765446e-11
8608	91.24065102	1.484146139e-10
8609	91.232406	-2.616573624e-11
8610	91.22416725	1.099191849e-10
8611	91.21593479	9.066170037e-11
8612	91.20770861	7.138822866e-11
8613	91.19948871	5.212008602e-11
8614	91.1912751	3.283240346e-11
8615	91.18306777	1.354827361e-11
8616	91.17486673	1.497983959e-10
8617	91.16667198	-2.505196051e-11
8618	91.15848352	1.112407944e-10
8619	91.15030134	-6.368239269e-11
8620	91.14212546	7.265477109e-11
8621	91.13395587	-1.023465757e-10
8622	91.12579258	3.403854976e-11
8623	91.11763558	1.704734132e-10
8624	91.10948487	-4.609645998e-12
8625	91.10134047	1.31873179e-10
8626	91.09320236	-4.328271075e-11
8627	91.08507055	9.32409705e-11
8628	91.07694504	7.39177608e-11
8629	91.06882584	5.45821166e-11
8630	91.06071294	3.524647241e-11
8631	91.05260634	1.589306464e-11
8632	91.04450605	-3.456790409e-12
8633	91.03641207	1.33226763e-10
8634	91.02832439	-4.219202765e-11
8635	91.02024303	9.454126371e-11
8636	91.01216797	-8.095213389e-11
8637	91.00409923	5.582201368e-11
8638	90.9960368	1.926494519e-10
8639	90.98798068	1.707434194e-11
8640	90.97993088	1.539461891e-10
8641	90.9718874	-2.170352786e-11
8642	90.96385023	1.152127282e-10
8643	90.95581938	-6.050804302e-11
8644	90.94779486	7.645084565e-11
8645	90.93977665	5.706546347e-11
8646	90.93176477	3.7658765e-11
8647	90.92375921	1.825917195e-11
8648	90.91575997	-1.159961016e-12
8649	90.90776706	-2.057376491e-11
8650	90.89978048	1.165449959e-10
8651	90.89180023	-5.94386762e-11
8652	90.8838263	7.772449351e-11
8653	90.87585871	5.830003147e-11
8654	90.86789745	3.887734579e-11
8655	90.85994252	1.761328861e-10
8656	90.85199392	1.776356839e-15
8657	90.84405166	1.373017255e-10
8658	90.83611574	-3.890399114e-11
8659	90.82818616	9.843859061e-11
8660	90.82026291	7.899991772e-11
8661	90.812346	5.955058668e-11
8662	90.80443544	4.009947929e-11
8663	90.79653122	2.062883198e-11
8664	90.78863334	1.161737373e-12
8665	90.7807418	-1.831956808e-11
8666	90.77285661	-3.779909719e-11
8667	90.76497777	9.97477656e-11
8668	90.75710528	8.027178922e-11
8669	90.74923914	6.079936554e-11
8670	90.74137934	4.131095466e-11
8671	90.7335259	2.182432013e-11
8672	90.72567881	1.595044097e-10
8673	90.71783808	-1.717914699e-11
8674	90.7100037	1.205417988e-10
8675	90.70217567	-5.621281218e-11
8676	90.69435401	8.155431885e-11
8677	90.6865387	6.205347347e-11
8678	90.67872975	4.253664088e-11
8679	90.67092716	2.302158464e-11
8680	90.66313094	3.490541189e-12
8681	90.65534108	-1.603694955e-11
8682	90.64755758	1.218847245e-10
8683	90.63978045	1.023625629e-10
8684	90.63200968	8.284040121e-11
8685	90.62424528	6.329869962e-11
8686	90.61648725	4.376587981e-11
8687	90.60873559	2.421529643e-11
8688	90.6009903	4.66471306e-12
8689	90.59325139	1.427640228e-10
8690	90.58551885	-3.446665175e-11
8691	90.57779268	1.036752906e-10
8692	90.57007289	-7.362466192e-11
8693	90.56235947	6.456168933e-11
8694	90.55465243	4.49968951e-11
8695	90.54695178	2.541611366e-11
8696	90.5392575	5.840661288e-12
8697	90.5315696	-1.375255465e-11
8698	90.52388809	1.24565247e-10
8699	90.51621296	1.049933473e-10
8700	90.50854421	8.54090132e-11
8701	90.50088185	6.582290268e-11
8702	90.49322588	4.622258132e-11
8703	90.48557629	2.662403631e-11
8704	90.4779331	7.009504088e-12
8705	90.47029629	-1.259969906e-11
8706	90.46266588	1.259099491e-10
8707	90.45504186	-5.185718521e-11
8708	90.44742423	8.670042462e-11
8709	90.439813	-9.113598765e-11
8710	90.43220816	4.745892568e-11
8711	90.42460972	2.783551167e-11
8712	90.41701768	8.192557743e-12
8713	90.40943204	1.468780653e-10
8714	90.4018528	-3.11022319e-11
8715	90.39427996	1.076259082e-10
8716	90.38671352	8.799538875e-11
8717	90.37915349	6.834710575e-11
8718	90.37159986	4.869882275e-11
8719	90.36405264	2.90363289e-11
8720	90.35651182	9.377387755e-12
8721	90.34897741	1.482582945e-10
8722	90.34144942	-2.997069259e-11
8723	90.33392783	1.089528467e-10
8724	90.32641265	-6.934719465e-11
8725	90.31890389	6.961542454e-11
8726	90.31140154	-1.087485657e-10
8727	90.30390561	3.025668605e-11
8728	90.29641609	1.693045704e-10
8729	90.28893299	-9.134026868e-12
8730	90.2814563	1.299529373e-10
8731	90.27398604	-4.855316149e-11
8732	90.2665222	9.058354067e-11
8733	90.25906477	7.088907239e-11
8734	90.25161377	5.118039326e-11
8735	90.2441692	3.147171412e-11
8736	90.23673105	1.175060049e-11
8737	90.22929932	-7.968736782e-12
8738	90.22187402	1.313100739e-10
8739	90.21445515	-4.743938575e-11
8740	90.20704271	9.188383387e-11
8741	90.1996367	-8.693312736e-11
8742	90.19223712	5.242739576e-11
8743	90.18484397	1.918394332e-10
8744	90.17745726	1.294608865e-11
8745	90.17007698	1.523954296e-10
8746	90.16270314	-2.656186382e-11
8747	90.15533573	1.12926557e-10
8748	90.14797476	-6.609823799e-11
8749	90.14062023	7.343281538e-11
8750	90.13327214	5.367795097e-11
8751	90.12593049	3.391242842e-11
8752	90.11859529	1.414335316e-11
8753	90.11126652	-5.639932965e-12
8754	90.1039442	-2.541611366e-11
8755	90.09662833	1.142623773e-10
8756	90.0893189	-6.500400218e-11
8757	90.08201592	7.471356867e-11
8758	90.07471939	5.492317712e-11
8759	90.06742931	3.513811464e-11
8760	90.06014568	1.74942727e-10
8761	90.0528685	-4.465761094e-12
8762	90.04559777	1.353797074e-10
8763	90.0383335	-4.408917675e-11
8764	90.03107568	9.579181892e-11
8765	90.02382432	7.599432195e-11
8766	90.01657942	5.61790614e-11
8767	90.00934097	3.636912993e-11
8768	90.00210899	1.654143489e-11
8769	89.99488346	-3.286260153e-12
8770	89.9876644	-2.312461334e-11
8771	89.98045179	-4.296296652e-11
8772	89.97324565	9.710454663e-11
8773	89.96604598	7.727152251e-11
8774	89.95885277	5.744027476e-11
8775	89.95166603	3.759303979e-11
8776	89.94448576	1.774935754e-11
8777	89.93731195	1.579412157e-10
8778	89.93014462	-2.196642868e-11
8779	89.92298375	1.182662857e-10
8780	89.91582936	-6.171241296e-11
8781	89.90868144	7.855938122e-11
8782	89.90154	5.870148811e-11
8783	89.89440503	3.882938415e-11
8784	89.88727653	1.895905655e-11
8785	89.88015452	-9.272582702e-13
8786	89.87303898	-2.080824402e-11
8787	89.86592992	1.196038824e-10
8788	89.85882734	9.972822568e-11
8789	89.85173124	7.984723993e-11
8790	89.84464163	5.995559604e-11
8791	89.8375585	4.006750487e-11
8792	89.83048185	2.016165013e-11
8793	89.82341169	2.611244554e-13
8794	89.81634802	1.408331229e-10
8795	89.80929083	-3.957190131e-11
8796	89.80224013	1.010409534e-10
8797	89.79519592	-7.942624336e-11
8798	89.78815821	6.122213847e-11
8799	89.78112698	4.13091783e-11
8800	89.77410225	2.138023092e-11
8801	89.76708401	1.449507181e-12
8802	89.76007227	-1.848832198e-11
8803	89.75306702	1.222844048e-10
8804	89.74606827	1.023625629e-10
8805	89.73907601	8.242651006e-11
8806	89.73209026	6.249578632e-11
8807	89.72511101	4.254196995e-11
8808	89.71813825	2.259881171e-11
8809	89.711172	1.635100944e-10
8810	89.70421226	-1.73230319e-11
8811	89.69725901	1.236273306e-10
8812	89.69031227	-5.726619179e-11
8813	89.68337204	8.37214742e-11
8814	89.67643832	-9.723599703e-11
8815	89.6695111	4.378897245e-11
8816	89.66259039	2.382094522e-11
8817	89.6556762	3.833378059e-12
8818	89.64876851	1.449418363e-10
8819	89.64186734	-3.615063804e-11
8820	89.63497268	1.049969001e-10
8821	89.62808453	8.50217674e-11
8822	89.6212029	6.502709482e-11
8823	89.61432779	4.504130402e-11
8824	89.60745919	2.503242058e-11
8825	89.60059712	5.030642569e-12
8826	89.59374156	1.463167365e-10
8827	89.58689252	-3.500133516e-11
8828	89.58005	1.063238386e-10
8829	89.57321401	-7.505462918e-11
8830	89.56638454	6.630429539e-11
8831	89.55956159	4.629363559e-11
8832	89.55274517	2.626165951e-11
8833	89.54593528	1.677022965e-10
8834	89.53913191	-1.380939807e-11
8835	89.53233507	1.276703188e-10
8836	89.52554476	-5.389821922e-11
8837	89.51876098	8.761702475e-11
8838	89.51198373	6.758149595e-11
8839	89.50521302	4.753530902e-11
8840	89.49844884	2.749089845e-11
8841	89.49169119	7.430500659e-12
8842	89.48494008	-1.262634441e-11
8843	89.4781955	1.29025679e-10
8844	89.47145747	-5.276845627e-11
8845	89.46472597	8.892087067e-11
8846	89.45800101	-9.293366077e-11
8847	89.45128259	4.879474602e-11
8848	89.44457071	1.905604563e-10
8849	89.43786537	8.640199667e-12
8850	89.43116658	1.504432134e-10
8851	89.42447433	-3.153566297e-11
8852	89.41778863	1.103028779e-10
8853	89.41110947	9.022649294e-11
8854	89.40443686	7.01394498e-11
8855	89.3977708	5.005063031e-11
8856	89.39111129	2.994937631e-11
8857	89.38445833	9.849898674e-12
8858	89.37781192	-1.026378982e-11
8859	89.37117206	-3.03739256e-11
8860	89.36453876	1.116351456e-10
8861	89.35791201	-7.062261886e-11
8862	89.35129181	7.142020308e-11
8863	89.34467817	5.130296188e-11
8864	89.33807109	3.118749703e-11
8865	89.33147056	1.733120314e-10
8866	89.3248766	-9.071854379e-12
8867	89.31828919	1.330882071e-10
8868	89.31170835	-4.935785114e-11
8869	89.30513406	9.28377375e-11
8870	89.29856634	7.270983815e-11
8871	89.29200519	5.256595159e-11
8872	89.28545059	3.242917046e-11
8873	89.27890257	1.227107305e-11
8874	89.27236111	-7.881695296e-12
8875	89.26582622	1.344488965e-10
8876	89.2592979	-4.821032462e-11
8877	89.25277614	9.41504652e-11
8878	89.24626096	7.398881507e-11
8879	89.23975235	5.383427037e-11
8880	89.23325031	3.365840939e-11
8881	89.22675485	1.348965384e-11
8882	89.22026595	1.559676832e-10
8883	89.21378364	-2.687627898e-11
8884	89.2073079	1.156390539e-10
8885	89.20083874	-6.726530444e-11
8886	89.19437615	7.528200285e-11
8887	89.18792015	5.509903644e-11
8888	89.18147073	3.490541189e-11
8889	89.17502788	1.471711641e-11
8890	89.16859162	-5.494271704e-12
8891	89.16216194	-2.570033075e-11
8892	89.15573885	1.169766506e-10
8893	89.14932234	9.677414425e-11
8894	89.14291241	7.657696699e-11
8895	89.13650908	5.636380251e-11
8896	89.13011233	3.615419075e-11
8897	89.12372217	1.789413062e-10
8898	89.1173386	-4.291678124e-12
8899	89.11096161	1.385274118e-10
8900	89.10459122	-4.4762416e-11
8901	89.09822743	9.809397739e-11
8902	89.09187022	-8.525447015e-11
8903	89.08551961	5.763745037e-11
8904	89.0791756	3.740652232e-11
8905	89.07283818	1.715605435e-11
8906	89.06650736	-3.087308187e-12
8907	89.06018314	-2.33484343e-11
8908	89.05386551	1.19651844e-10
8909	89.04755449	9.941558687e-11
8910	89.04125006	7.916156619e-11
8911	89.03495224	5.891465094e-11
8912	89.02866102	3.86464194e-11
8913	89.0223764	1.838529329e-11
8914	89.01609839	1.615134693e-10
8915	89.00982699	-2.216360429e-11
8916	89.00356219	1.209947698e-10
8917	88.99730399	-6.273204178e-11
8918	88.99105241	8.045830668e-11
8919	88.98480743	6.019007515e-11
8920	88.97856907	3.989697461e-11
8921	88.97233731	1.961808493e-11
8922	88.96611217	-6.803446695e-13
8923	88.95989364	1.426201379e-10
8924	88.95368172	-4.128963838e-11
8925	88.94747642	1.020517004e-10
8926	88.94127773	8.17621526e-11
8927	88.93508566	6.145661757e-11
8928	88.92890021	4.115641161e-11
8929	88.92272138	2.084377115e-11
8930	88.91654916	5.293543381e-13
8931	88.91038356	1.439950381e-10
8932	88.90422459	-4.011724286e-11
8933	88.89807224	1.03378639e-10
8934	88.89192651	-8.078870906e-11
8935	88.8857874	6.274003539e-11
8936	88.87965492	4.241851315e-11
8937	88.87352906	2.208011551e-11
8938	88.86740983	1.656825788e-10
8939	88.86129723	-1.860112064e-11
8940	88.85519125	1.250350934e-10
8941	88.84909191	1.047038012e-10
8942	88.84299919	8.436185084e-11
8943	88.83691311	6.402522956e-11
8944	88.83083365	4.36717329e-11
8945	88.82476083	2.331912441e-11
8946	88.81869464	2.953193246e-12
8947	88.81263509	-1.740563249e-11
8948	88.80658217	1.263851246e-10
8949	88.80053589	-5.815348203e-11
8950	88.79449625	8.566924947e-11
8951	88.78846324	-9.892353603e-11
8952	88.78243687	4.493294625e-11
8953	88.77641715	1.888293966e-10
8954	88.77040406	4.176214929e-12
8955	88.76439761	1.481046397e-10
8956	88.75839781	-3.660360903e-11
8957	88.75240465	1.073576783e-10
8958	88.74641813	8.698020082e-11
8959	88.74043826	6.65876243e-11
8960	88.73446504	4.620037686e-11
8961	88.72849846	2.57971422e-11
8962	88.72253853	5.398348435e-12
8963	88.71658525	1.494813162e-10
8964	88.71063861	-3.542410809e-11
8965	88.70469863	1.086881696e-10
8966	88.6987653	-7.626876908e-11
8967	88.69283862	6.787814755e-11
8968	88.6869186	4.74580375e-11
8969	88.68100522	2.704592106e-11
8970	88.67509851	1.712594511e-10
8971	88.66919844	-1.380939807e-11
8972	88.66330504	1.304369945e-10
8973	88.65741829	-5.468603348e-11
8974	88.6515382	8.959144537e-11
8975	88.64566477	6.916689443e-11
8976	88.639798	4.872724446e-11
8977	88.63393788	2.829025902e-11
8978	88.62808444	7.843503624e-12
8979	88.62223765	-1.260591631e-11
8980	88.61639752	1.317923548e-10
8981	88.61056407	-5.351985521e-11
8982	88.60473727	9.090861397e-11
8983	88.59891714	7.045120043e-11
8984	88.59310368	5.000089232e-11
8985	88.58729689	1.945004158e-10
8986	88.58149676	9.073630736e-12
8987	88.5757033	1.536033523e-10
8988	88.56991652	-3.18758353e-11
8989	88.5641364	1.126858606e-10
8990	88.55836296	-7.284572945e-11
8991	88.55259619	7.17488291e-11
8992	88.54683609	5.127454017e-11
8993	88.54108267	3.07895931e-11
8994	88.53533592	1.030642238e-11
8995	88.52959585	-1.019184737e-11
8996	88.52386245	-3.068389987e-11
8997	88.51813574	1.140234573e-10
8998	88.5124157	9.35331812e-11
8999	88.50670234	7.304468141e-11
9000	88.50099566	5.254285895e-11
9001	88.49529566	3.20445892e-11
9002	88.48960235	1.768514224e-10
9003	88.48391571	-8.977707466e-12
9004	88.47823576	1.358611001e-10
9005	88.4725625	-5.001954406e-11
9006	88.46689592	9.48503498e-11
9007	88.46123603	7.434231009e-11
9008	88.45558282	5.382183588e-11
9009	88.4499363	3.330313803e-11
9010	88.44429647	1.276845296e-11
9011	88.43866333	-7.759126675e-12
9012	88.43303688	-2.830180534e-11
9013	88.42741712	1.166959862e-10
9014	88.42180406	9.617018293e-11
9015	88.41619768	7.563283333e-11
9016	88.410598	5.510170098e-11
9017	88.40500501	3.455369324e-11
9018	88.39941872	1.401012639e-11
9019	88.39383913	1.591207166e-10
9020	88.38826623	-2.710365266e-11
9021	88.38270003	1.180406883e-10
9022	88.37714053	-6.823608345e-11
9023	88.37158773	7.693579107e-11
9024	88.36604162	5.638334244e-11
9025	88.36050222	3.58149066e-11
9026	88.35496952	1.525179982e-11
9027	88.34944352	-5.32818234e-12
9028	88.34392423	1.399405036e-10
9029	88.33841164	1.193836141e-10
9030	88.33290576	9.880984919e-11
9031	88.32740658	7.824052517e-11
9032	88.32191411	5.765699029e-11
9033	88.31642834	3.707789631e-11
9034	88.31094929	1.648547965e-11
9035	88.30547694	-4.101607942e-12
9036	88.3000113	1.413047457e-10
9037	88.29455238	-4.530420483e-11
9038	88.28910016	1.001341232e-10
9039	88.28365466	-8.652367711e-11
9040	88.27821587	5.894218447e-11
9041	88.27278379	3.834710327e-11
9042	88.26735843	1.773248215e-11
9043	88.26193979	1.632649571e-10
9044	88.25652786	-2.349676009e-11
9045	88.25112264	1.220650248e-10
9046	88.24572415	1.014610618e-10
9047	88.24033237	8.084199976e-11
9048	88.23494732	6.023181953e-11
9049	88.22956898	3.960387573e-11
9050	88.22419737	1.898037283e-11
9051	88.21883247	1.646505154e-10
9052	88.2134743	-2.228706109e-11
9053	88.20812286	1.234106151e-10
9054	88.20277813	-6.357314675e-11
9055	88.19744014	8.215028657e-11
9056	88.19210886	-1.048814369e-10
9057	88.18678432	4.08730827e-11
9058	88.1814665	1.866640176e-10
9059	88.17615541	-4.227729278e-13
9060	88.17085105	1.453930309e-10
9061	88.16555342	-4.173905666e-11
9062	88.16026252	1.041096098e-10
9063	88.15497835	8.346301428e-11
9064	88.14970091	6.28013197e-11
9065	88.1444302	4.214495419e-11
9066	88.13916623	2.147615419e-11
9067	88.133909	8.109068972e-13
9068	88.12865849	1.467643784e-10
9069	88.12341473	-4.05435685e-11
9070	88.1181777	1.054383247e-10
9071	88.11294741	-8.191491929e-11
9072	88.10772385	6.409450748e-11
9073	88.10250704	2.10137685e-10
9074	88.09729696	2.272937394e-11
9075	88.09209363	1.688036377e-10
9076	88.08689703	-1.865085864e-11
9077	88.08170718	1.27447386e-10
9078	88.07652407	-6.005240749e-11
9079	88.07134771	8.60795879e-11
9080	88.06617809	6.538858344e-11
9081	88.06101521	4.468692083e-11
9082	88.05585908	2.398792276e-11
9083	88.0507097	3.275602012e-12
9084	88.04556706	-1.742961331e-11
9085	88.04043117	1.288009699e-10
9086	88.03530204	-5.886846566e-11
9087	88.03017965	8.739231561e-11
9088	88.02506401	6.667466579e-11
9089	88.01995512	4.596500958e-11
9090	88.01485298	1.922844106e-10
9091	88.0097576	4.518163621e-12
9092	88.00466897	1.508668745e-10
9093	87.99958709	-3.694911044e-11
9094	87.99451197	1.094262458e-10
9095	87.98944361	8.87094842e-11
9096	87.984382	6.797140628e-11
9097	87.97932715	4.72439865e-11
9098	87.97427905	2.649880315e-11
9099	87.96923772	5.76072523e-12
9100	87.96420314	-1.499245172e-11
9101	87.95917533	-3.574296414e-11
9102	87.95415427	1.107656189e-10
9103	87.94913998	9.001599466e-11
9104	87.94413244	6.927081131e-11
9105	87.93913168	4.851319346e-11
9106	87.93413767	2.776001651e-11
9107	87.92915043	1.743520883e-10
9108	87.92416996	-1.376498915e-11
9109	87.91919625	1.328546162e-10
9110	87.9142293	-5.531219927e-11
9111	87.90926913	9.133316325e-11
9112	87.90431572	7.057288087e-11
9113	87.89936909	4.97957231e-11
9114	87.89442922	2.902567076e-11
9115	87.88949612	8.243183913e-12
9116	87.88456979	-1.253752657e-11
9117	87.87965024	1.342073119e-10
9118	87.87473745	1.13429266e-10
9119	87.86983144	9.265210821e-11
9120	87.86493221	7.186518047e-11
9121	87.86003975	5.107825274e-11
9122	87.85515406	3.02833314e-11
9123	87.85027515	9.491962771e-12
9124	87.84540302	1.563487118e-10
9125	87.84053767	-3.211653166e-11
9126	87.83567909	1.14768639e-10
9127	87.83082729	-7.374190147e-11
9128	87.82598227	7.316813821e-11
9129	87.82114404	5.23678878e-11
9130	87.81631258	3.155253836e-11
9131	87.81148791	1.074429434e-11
9132	87.80667001	-1.008082506e-11
9133	87.8018589	1.369127034e-10
9134	87.79705458	1.161080121e-10
9135	87.79225704	9.528555722e-11
9136	87.78746628	7.447464867e-11
9137	87.78268231	5.364508837e-11
9138	87.77790513	3.282085714e-11
9139	87.77313474	1.799129734e-10
9140	87.76837113	-8.84625706e-12
9141	87.76361431	1.3826984e-10
9142	87.75886429	-5.053024665e-11
9143	87.75412105	9.660894307e-11
9144	87.7493846	-9.223466435e-11
9145	87.74465495	5.493472344e-11
9146	87.73993208	3.4094505e-11
9147	87.73521601	1.323829935e-11
9148	87.73050674	1.604627542e-10
9149	87.72580426	-2.846967107e-11
9150	87.72110857	1.187787646e-10
9151	87.71641968	9.793499345e-11
9152	87.71173758	7.70787878e-11
9153	87.70706229	5.622613486e-11
9154	87.70239379	3.536015925e-11
9155	87.69773209	1.449773634e-11
9156	87.69307719	1.618412071e-10
9157	87.68842909	-2.724664938e-11
9158	87.68378778	1.201225786e-10
9159	87.67915329	-6.900702232e-11
9160	87.67452559	7.838529825e-11
9161	87.66990469	5.751843446e-11
9162	87.6652906	3.663203074e-11
9163	87.66068331	1.840829711e-10
9164	87.65608283	-5.134559444e-12
9165	87.65148916	1.42336809e-10
9166	87.64690228	-4.691980138e-11
9167	87.64232222	1.005799888e-10
9168	87.63774896	7.96962496e-11
9169	87.63318251	5.880007592e-11
9170	87.62862287	3.791011949e-11
9171	87.62407004	1.700684038e-11
9172	87.61952402	-3.891997835e-12
9173	87.61498481	1.436983865e-10
9174	87.61045241	-4.570832601e-11
9175	87.60592683	1.019060392e-10
9176	87.60140805	-8.754419412e-11
9177	87.59689609	6.009592823e-11
9178	87.59239095	2.077644723e-10
9179	87.58789262	1.826894191e-11
9180	87.5834011	1.659614668e-10
9181	87.5789164	-2.357314344e-11
9182	87.57443852	1.241442504e-10
9183	87.56996745	1.032329777e-10
9184	87.5655032	8.231193505e-11
9185	87.56104577	6.139000419e-11
9186	87.55659517	4.046185609e-11
9187	87.55215138	1.953281981e-11
9188	87.54771441	-1.407762795e-12
9189	87.54328426	-2.234035179e-11
9190	87.53886093	1.254898407e-10
9191	87.53444443	-6.423039878e-11
9192	87.53003475	8.362111004e-11
9193	87.52563189	6.268052744e-11
9194	87.52123586	4.174349755e-11
9195	87.51684666	1.896500734e-10
9196	87.51246428	-1.563194019e-13
9197	87.50808872	1.477751255e-10
9198	87.50372	-4.207034721e-11
9199	87.4993581	1.058824139e-10
9200	87.49500303	8.494005499e-11
9201	87.49065479	6.397815611e-11
9202	87.48631338	4.302602719e-11
9203	87.48197879	2.205879923e-11
9204	87.47765104	1.097788527e-12
9205	87.47333013	1.491375912e-10
9206	87.46901604	-4.08482137e-11
9207	87.46470879	1.072191225e-10
9208	87.46040837	8.624478909e-11
9209	87.45611478	6.527933749e-11
9210	87.45182803	4.429967504e-11
9211	87.44754811	2.332711802e-11
9212	87.44327503	1.714663966e-10
9213	87.43900879	-1.864020049e-11
9214	87.43474939	1.295212826e-10
9215	87.43049682	-6.062439439e-11
9216	87.42625109	8.756284586e-11
9217	87.4220122	6.658140705e-11
9218	87.41778015	4.558575739e-11
9219	87.41355494	2.459810133e-11
9220	87.40933657	3.5971226e-12
9221	87.40512504	-1.739852706e-11
9222	87.40092036	1.308730901e-10
9223	87.39672252	1.098721114e-10
9224	87.39253152	8.888001446e-11
9225	87.38834737	6.787548301e-11
9226	87.38417006	4.687539246e-11
9227	87.37999959	2.586197922e-11
9228	87.37583598	4.852118707e-12
9229	87.3716792	1.532196592e-10
9230	87.36752928	-3.718092501e-11
9231	87.3633862	1.112061554e-10
9232	87.35924998	-7.9235285e-11
9233	87.3551206	6.918110529e-11
9234	87.35099807	4.816413934e-11
9235	87.34688239	2.713651526e-11
9236	87.34277356	6.111555706e-12
9237	87.33867159	-1.492317381e-11
9238	87.33457646	1.335598299e-10
9239	87.33048819	1.125410876e-10
9240	87.32640677	9.15081344e-11
9241	87.32233221	7.048228667e-11
9242	87.3182645	4.944489262e-11
9243	87.31420364	2.840927493e-11
9244	87.31014964	1.769731028e-10
9245	87.3061025	-1.367705948e-11
9246	87.30206221	1.349089729e-10
9247	87.29802878	-5.577849294e-11
9248	87.29400221	9.282796753e-11
9249	87.2899825	-9.789413724e-11
9250	87.28596965	5.073630405e-11
9251	87.28196365	2.968825186e-11
9252	87.27796452	8.626876991e-12
9253	87.27397225	1.573026154e-10
9254	87.26998684	-3.34976491e-11
9255	87.26600829	1.152020701e-10
9256	87.26203661	9.415224156e-11
9257	87.25807178	7.30864258e-11
9258	87.25411383	5.202860365e-11
9259	87.25016273	3.095657064e-11
9260	87.2462185	9.890754882e-12
9261	87.24228114	1.586686338e-10
9262	87.23835065	-3.226130474e-11
9263	87.23442702	1.165378904e-10
9264	87.23051025	-7.442579886e-11
9265	87.22660036	7.439560079e-11
9266	87.22269733	5.332356778e-11
9267	87.21880118	3.223554756e-11
9268	87.21491189	1.811066852e-10
9269	87.21102947	-9.936051981e-12
9270	87.20715393	1.38951961e-10
9271	87.20328525	-5.212275056e-11
9272	87.19942345	9.678746693e-11
9273	87.19556852	7.570477578e-11
9274	87.19172046	5.460787378e-11
9275	87.18787928	3.351896538e-11
9276	87.18404497	1.241495795e-11
9277	87.18021754	-8.683720409e-12
9278	87.17639698	1.403028804e-10
9279	87.1725833	-5.089795252e-11
9280	87.16877649	9.810907642e-11
9281	87.16497656	-9.312461913e-11
9282	87.16118351	5.590461427e-11
9283	87.15739733	2.049542758e-10
9284	87.15361804	1.36806122e-11
9285	87.14984562	1.627578072e-10
9286	87.14608009	-2.854960712e-11
9287	87.14232143	1.205417988e-10
9288	87.13856966	9.943601498e-11
9289	87.13482477	7.831602034e-11
9290	87.13108676	5.720046659e-11
9291	87.12735563	3.607425469e-11
9292	87.12363138	1.495426005e-11
9293	87.11991402	-6.179057266e-12
9294	87.11620354	-2.730704551e-11
9295	87.11249995	1.218811718e-10
9296	87.10880324	-6.958256193e-11
9297	87.10511342	7.962785986e-11
9298	87.10143049	5.849010165e-11
9299	87.09775444	3.735944887e-11
9300	87.09408528	1.866125032e-10
9301	87.09042301	-4.919620267e-12
9302	87.08676762	1.443503095e-10
9303	87.08311913	-4.721556479e-11
9304	87.07947753	1.020765694e-10
9305	87.07584281	8.093969939e-11
9306	87.07221499	5.97886185e-11
9307	87.06859405	3.864464304e-11
9308	87.06498001	1.749000944e-11
9309	87.06137286	-3.659295089e-12
9310	87.05777261	1.457038934e-10
9311	87.05417925	-4.597922043e-11
9312	87.05059278	1.034052843e-10
9313	87.0470132	8.224354531e-11
9314	87.04344052	6.108891171e-11
9315	87.03987474	3.992361997e-11
9316	87.03631585	1.876365729e-11
9317	87.03276386	1.682103346e-10
9318	87.02921877	-2.357580797e-11
9319	87.02568057	1.258921856e-10
9320	87.02214927	-6.592770774e-11
9321	87.01862487	8.355804937e-11
9322	87.01510737	6.239098127e-11
9323	87.01159677	4.121325503e-11
9324	87.00809307	2.003908151e-11
9325	87.00459627	-1.143973805e-12
9326	87.00110637	-2.232702911e-11
9327	86.99762337	1.272351113e-10
9328	86.99414728	1.060485033e-10
9329	86.99067809	8.487432979e-11
9330	86.9872158	6.368239269e-11
9331	86.98376041	4.250466645e-11
9332	86.98031193	1.921183213e-10
9333	86.97687036	1.190159082e-13
9334	86.97343568	1.49753987e-10
9335	86.97000792	-4.227551642e-11
9336	86.96658706	1.073772182e-10
9337	86.96317311	-8.46842596e-11
9338	86.95976606	6.498623861e-11
9339	86.95636593	4.379252516e-11
9340	86.9529727	2.258460086e-11
9341	86.94958638	1.383781978e-12
9342	86.94620697	-1.982769504e-11
9343	86.94283447	1.299031993e-10
9344	86.93946888	1.087059331e-10
9345	86.9361102	8.749623248e-11
9346	86.93275843	6.629186089e-11
9347	86.92941357	4.50750548e-11
9348	86.92607563	2.386713049e-11
9349	86.92274459	1.7366375e-10
9350	86.91942048	-1.857181076e-11
9351	86.91610327	1.312443487e-10
9352	86.91279298	-6.102141015e-11
9353	86.9094896	8.881073654e-11
9354	86.90619314	6.759925952e-11
9355	86.9029036	4.636824258e-11
9356	86.89962097	2.514788378e-11
9357	86.89634526	3.91153776e-12
9358	86.89307646	1.538023042e-10
9359	86.88981458	-3.855404884e-11
9360	86.88655963	1.113544812e-10
9361	86.88331158	9.013234603e-11
9362	86.88007046	6.889067095e-11
9363	86.87683626	4.766498307e-11
9364	86.87360898	2.641975527e-11
9365	86.87038862	5.185185614e-12
9366	86.86717517	1.551558881e-10
9367	86.86396865	-3.730526998e-11
9368	86.86076906	1.126849725e-10
9369	86.85757638	-7.980993644e-11
9370	86.85439063	7.019984594e-11
9371	86.8512118	4.895817085e-11
9372	86.84803989	2.770406127e-11
9373	86.84487491	1.777511471e-10
9374	86.84171686	-1.48041579e-11
9375	86.83856573	1.352589152e-10
9376	86.83542152	1.140154637e-10
9377	86.83228424	9.275602508e-11
9378	86.82915389	7.150546821e-11
9379	86.82603046	5.024247685e-11
9380	86.82291396	2.898659091e-11
9381	86.81980439	7.718270467e-12
9382	86.81670175	-1.354294454e-11
9383	86.81360603	1.366000646e-10
9384	86.81051725	-5.608313813e-11
9385	86.8074354	9.407408186e-11
9386	86.80436047	-9.863576622e-11
9387	86.80129248	5.15409937e-11
9388	86.79823141	2.017355172e-10
9389	86.79517728	8.995471035e-12
9390	86.79213008	1.592077581e-10
9391	86.78908982	-3.356426248e-11
9392	86.78605648	1.166640118e-10
9393	86.78303008	9.53974677e-11
9394	86.78001062	7.411493641e-11
9395	86.77699808	5.283951054e-11
9396	86.77399249	3.154987382e-11
9397	86.77099382	1.026911889e-11
9398	86.7680021	1.605577893e-10
9399	86.76501731	-3.23083782e-11
9400	86.76203945	1.179962794e-10
9401	86.75906853	-7.490008613e-11
9402	86.75610455	7.542233504e-11
9403	86.75314751	5.412736925e-11
9404	86.7501974	3.283595618e-11
9405	86.74725424	1.831956808e-10
9406	86.74431801	-9.755751762e-12
9407	86.74138872	1.406164074e-10
9408	86.73846638	-5.236344691e-11
9409	86.73555097	9.802647583e-11
9410	86.7326425	7.673328639e-11
9411	86.72974098	5.54258861e-11
9412	86.72684639	3.412559124e-11
9413	86.72395875	1.281463824e-11
9414	86.72107805	-8.489209335e-12
9415	86.7182043	1.419593332e-10
9416	86.71533748	-5.111644441e-11
9417	86.71247761	9.934630896e-11
9418	86.70962469	7.803180324e-11
9419	86.70677871	5.672617931e-11
9420	86.70393967	2.072244598e-10
9421	86.70110758	1.409361516e-11
9422	86.69828244	1.646061065e-10
9423	86.69546424	-2.854783077e-11
9424	86.69265299	1.219806478e-10
9425	86.68984869	-7.119993484e-11
9426	86.68705133	7.934453095e-11
9427	86.68426092	5.80229198e-11
9428	86.68147746	3.669420323e-11
9429	86.67870095	1.537259209e-11
9430	86.67593139	-5.959677196e-12
9431	86.67316877	-2.728661741e-11
9432	86.67041311	1.233111391e-10
9433	86.6676644	1.019788698e-10
9434	86.66492263	8.065370594e-11
9435	86.66218782	5.931788394e-11
9436	86.65945996	3.798916737e-11
9437	86.65673906	1.886348855e-10
9438	86.6540251	-4.687805699e-12
9439	86.6513181	1.459738996e-10
9440	86.64861805	-4.737721326e-11
9441	86.64592495	1.033022556e-10
9442	86.64323881	8.196643364e-11
9443	86.64055962	6.06199535e-11
9444	86.63788739	3.928057879e-11
9445	86.63522211	1.792699322e-11
9446	86.63256379	-3.414157845e-12
9447	86.62991243	-2.477307248e-11
9448	86.62726802	1.259632398e-10
9449	86.62463056	1.046220888e-10
9450	86.62200007	8.326672685e-11
9451	86.61937653	6.192202306e-11
9452	86.61675995	4.056133207e-11
9453	86.61415033	1.921307557e-11
9454	86.61154766	1.700009022e-10
9455	86.60895196	-2.350830641e-11
9456	86.60636321	1.272972838e-10
9457	86.60378143	-6.623501747e-11
9458	86.6012066	8.458123091e-11
9459	86.59863874	6.322586898e-11
9460	86.59607783	4.185807256e-11
9461	86.59352389	2.049560521e-11
9462	86.59097691	-8.73967565e-13
9463	86.58843689	1.49983137e-10
9464	86.58590383	1.286277751e-10
9465	86.58337774	1.07256426e-10
9466	86.58085861	8.589573497e-11
9467	86.57834644	6.451728041e-11
9468	86.57584124	4.315126034e-11
9469	86.573343	2.177102942e-11
9470	86.57085172	4.014566457e-13
9471	86.56836741	1.513242864e-10
9472	86.56589007	-4.236078155e-11
9473	86.56341969	1.085798118e-10
9474	86.56095628	-8.512834881e-11
9475	86.55849983	6.582290268e-11
9476	86.55605035	4.444800084e-11
9477	86.55360784	2.305888813e-11
9478	86.5511723	1.740403377e-10
9479	86.54874372	-1.971578456e-11
9480	86.54632211	1.312798759e-10
9481	86.54390747	1.099014213e-10
9482	86.5414998	8.850875588e-11
9483	86.5390991	6.71267486e-11
9484	86.53670537	4.573230683e-11
9485	86.5343186	2.434674684e-11
9486	86.53193881	1.753868162e-10
9487	86.52956599	-1.844391306e-11
9488	86.52720014	1.326085908e-10
9489	86.52484126	-6.124523111e-11
9490	86.52248936	8.982148358e-11
9491	86.52014442	-1.040518782e-10
9492	86.51780646	4.703082368e-11
9493	86.51547547	1.981224074e-10
9494	86.51315146	4.225952921e-12
9495	86.51083441	1.553335238e-10
9496	86.50852434	-3.858779962e-11
9497	86.50622125	1.125339821e-10
9498	86.50392513	9.113421129e-11
9499	86.50163598	6.97237823e-11
9500	86.49935381	4.832401146e-11
9501	86.49707862	2.691002976e-11
9502	86.4948104	5.506706202e-12
9503	86.49254916	1.566711205e-10
9504	86.49029489	-3.732303355e-11
9505	86.4880476	1.13857368e-10
9506	86.48580729	-8.015987873e-11
9507	86.48357395	7.102940458e-11
9508	86.4813476	2.222382278e-10
9509	86.47912822	2.820144118e-11
9510	86.47691582	1.794173698e-10
9511	86.4747104	-1.464073307e-11
9512	86.47251195	1.365894065e-10
9513	86.47032049	-5.748646004e-11
9514	86.46813601	9.375256127e-11
9515	86.46595851	7.233857957e-11
9516	86.46378798	5.090861066e-11
9517	86.46162444	2.948929989e-11
9518	86.45946788	8.057554624e-12
9519	86.4573183	-1.336708522e-11
9520	86.4551757	1.379198977e-10
9521	86.45304009	-5.622879939e-11
9522	86.45091145	9.506706533e-11
9523	86.4487898	7.363354371e-11
9524	86.44667514	5.220535115e-11
9525	86.44456745	2.035296376e-10
9526	86.44246675	9.340084262e-12
9527	86.44037303	1.606750288e-10
9528	86.4382863	-3.353228806e-11
9529	86.43620655	1.178097619e-10
9530	86.43413379	9.638156939e-11
9531	86.43206801	7.494094234e-11
9532	86.43000922	5.350742072e-11
9533	86.42795741	3.205968824e-11
9534	86.42591259	1.062439026e-11
9535	86.42387475	-1.082511858e-11
9536	86.4218439	-3.226396927e-11
9537	86.41982004	1.191313714e-10
9538	86.41780317	9.768719167e-11
9539	86.41579328	7.624656462e-11
9540	86.41379038	5.479350307e-11
9541	86.41179447	3.335465237e-11
9542	86.40980555	1.847855202e-10
9543	86.40782361	-9.544365298e-12
9544	86.40584867	1.418971607e-10
9545	86.40388071	-5.245581747e-11
9546	86.40191974	9.899991937e-11
9547	86.39996577	7.755396325e-11
9548	86.39801878	5.609379627e-11
9549	86.39607879	3.464428744e-11
9550	86.39414578	1.318412046e-11
9551	86.39221977	-8.268941087e-12
9552	86.39030074	1.432258756e-10
9553	86.38838871	1.217657086e-10
9554	86.38648367	1.003108707e-10
9555	86.38458562	7.88524801e-11
9556	86.38269457	5.739586584e-11
9557	86.38081051	3.592859343e-11
9558	86.37893344	1.447375553e-11
9559	86.37706336	1.660040994e-10
9560	86.37520028	-2.845901292e-11
9561	86.37334419	1.230873181e-10
9562	86.37149509	-7.13988868e-11
9563	86.36965299	8.015810238e-11
9564	86.36781789	5.869260633e-11
9565	86.36598977	3.722355757e-11
9566	86.36416866	1.575806152e-11
9567	86.36235454	-5.719869023e-12
9568	86.36054741	1.458673182e-10
9569	86.35874728	1.244053749e-10
9570	86.35695415	1.029292207e-10
9571	86.35516801	8.146550101e-11
9572	86.35338887	5.998579411e-11
9573	86.35161673	3.851496899e-11
9574	86.34985158	1.901394597e-10
9575	86.34809344	-4.439115742e-12
9576	86.34634228	1.471942568e-10
9577	86.34459813	-4.739852955e-11
9578	86.34286098	1.042437248e-10
9579	86.34113082	-9.036504878e-11
9580	86.33940767	6.128608732e-11
9581	86.33769151	3.980993313e-11
9582	86.33598235	1.832134444e-11
9583	86.33428019	1.699955732e-10
9584	86.33258503	-2.46487275e-11
9585	86.33089687	1.270326067e-10
9586	86.32921571	1.055546761e-10
9587	86.32754155	8.406608742e-11
9588	86.32587439	6.258460417e-11
9589	86.32421424	4.109246277e-11
9590	86.32256108	1.961275586e-11
9591	86.32091493	1.713260644e-10
9592	86.31927578	-2.336975058e-11
9593	86.31764363	1.283542161e-10
9594	86.31601848	-6.635580974e-11
9595	86.31440033	8.537526242e-11
9596	86.31278919	6.388667373e-11
9597	86.31118505	4.238920326e-11
9598	86.30958791	1.941398153e-10
9599	86.30799778	-6.004086117e-13
9600	86.30641465	1.511573089e-10
9601	86.30483852	-4.359712591e-11
9602	86.3032694	1.081712497e-10
9603	86.30170728	8.668088469e-11
9604	86.30015217	6.517808515e-11
9605	86.29860406	4.368416739e-11
9606	86.29706296	2.21795915e-11
9607	86.29552886	6.803446695e-13
9608	86.29400177	1.524842475e-10
9609	86.29248168	-4.232525441e-11
9610	86.2909686	1.094839774e-10
9611	86.28946253	-8.533973528e-11
9612	86.28796346	6.648015471e-11
9613	86.2864714	2.183035974e-10
9614	86.28498634	2.346922656e-11
9615	86.2835083	1.753051038e-10
9616	86.28203726	-1.954880702e-11
9617	86.28057322	1.32295952e-10
9618	86.2791162	1.107949288e-10
9619	86.27766618	8.928502382e-11
9620	86.27622317	6.778044792e-11
9621	86.27478717	4.62687666e-11
9622	86.27335818	2.476063798e-11
9623	86.27193619	3.243627589e-12
9624	86.27052122	-1.826450102e-11
9625	86.26911325	1.336122324e-10
9626	86.2677123	-6.12949691e-11
9627	86.26631835	9.059242245e-11
9628	86.26493141	6.907185934e-11
9629	86.26355149	4.756017802e-11
9630	86.26217857	1.994635568e-10
9631	86.26081266	4.526157227e-12
9632	86.25945377	1.564419705e-10
9633	86.25810188	-3.851141628e-11
9634	86.25675701	1.134061733e-10
9635	86.25541915	9.189626837e-11
9636	86.25408829	7.037037619e-11
9637	86.25276445	4.885869487e-11
9638	86.25144763	2.733280269e-11
9639	86.25013781	5.814015935e-12
9640	86.24883501	1.577564746e-10
9641	86.24753921	-3.723243935e-11
9642	86.24625043	1.147171247e-10
9643	86.24496867	9.319300887e-11
9644	86.24369391	7.167244576e-11
9645	86.24242617	5.014122451e-11
9646	86.24116545	2.86206614e-11
9647	86.23991173	1.805950944e-10
9648	86.23866503	-1.443112296e-11
9649	86.23742535	1.375450864e-10
9650	86.23619268	-5.749178911e-11
9651	86.23496702	9.449685479e-11
9652	86.23374837	7.297451532e-11
9653	86.23253675	5.1437965e-11
9654	86.23133213	2.991207282e-11
9655	86.23013453	8.377298855e-12
9656	86.22894395	-1.314859333e-11
9657	86.22776038	1.388613668e-10
9658	86.22658382	1.173283692e-10
9659	86.22541429	9.580070071e-11
9660	86.22425177	7.426059767e-11
9661	86.22309626	5.273470549e-11
9662	86.22194777	2.047659819e-10
9663	86.2208063	9.66693392e-12
9664	86.21967184	1.617053158e-10
9665	86.2185444	-3.340616672e-11
9666	86.21742397	1.186357679e-10
9667	86.21631057	-7.648459643e-11
9668	86.21520418	7.556444359e-11
9669	86.2141048	5.403322234e-11
9670	86.21301245	3.248779024e-11
9671	86.21192711	1.095301627e-11
9672	86.21084879	-1.058886312e-11
9673	86.20977749	1.414779405e-10
9674	86.20871321	1.199449429e-10
9675	86.20765594	9.83977344e-11
9676	86.2066057	7.686651315e-11
9677	86.20556247	5.531752834e-11
9678	86.20452626	3.378097801e-11
9679	86.20349707	1.858690979e-10
9680	86.2024749	-9.308109838e-12
9681	86.20145974	1.427906682e-10
9682	86.20045161	-5.239719769e-11
9683	86.1994505	9.970335668e-11
9684	86.1984564	7.816325365e-11
9685	86.19746933	5.661426883e-11
9686	86.19648927	3.507594215e-11
9687	86.19551624	1.352162826e-11
9688	86.19455022	1.656381698e-10
9689	86.19359123	-2.957456502e-11
9690	86.19263926	1.22549082e-10
9691	86.1916943	1.010054262e-10
9692	86.19075637	7.945288871e-11
9693	86.18982546	5.790923296e-11
9694	86.18890157	3.635491908e-11
9695	86.1879847	1.481126333e-11
9696	86.18707485	1.669508976e-10
9697	86.18617203	-2.829203538e-11
9698	86.18527622	1.238529279e-10
9699	86.18438744	-7.140066316e-11
9700	86.18350568	8.075318192e-11
9701	86.18263094	5.92041971e-11
9702	86.18176322	3.76463305e-11
9703	86.18090253	1.898090574e-10
9704	86.18004885	-5.458744567e-12
9705	86.1792022	1.46707535e-10
9706	86.17836257	1.251585502e-10
9707	86.17752997	1.035989072e-10
9708	86.17670439	8.204992241e-11
9709	86.17588583	6.049027945e-11
9710	86.17507429	3.893774192e-11
9711	86.17426978	1.737809896e-11
9712	86.17347229	-4.174438573e-12
9713	86.17268182	1.480131573e-10
9714	86.17189838	-4.729194814e-11
9715	86.17112196	1.049027532e-10
9716	86.17035257	-9.040768134e-11
9717	86.1695902	6.178701994e-11
9718	86.16883485	2.139888267e-10
9719	86.16808653	1.866773403e-11
9720	86.16734523	1.708713171e-10
9721	86.16661095	-2.445155189e-11
9722	86.1658837	1.277573602e-10
9723	86.16516348	1.0620127e-10
9724	86.16445027	8.463629797e-11
9725	86.1637441	6.308198408e-11
9726	86.16304495	4.151701205e-11
9727	86.16235282	1.996269816e-11
9728	86.16166772	1.721822684e-10
9729	86.16098964	-2.316369319e-11
9730	86.16031859	1.290594298e-10
9731	86.15965457	-6.62954136e-11
9732	86.15899757	8.593481482e-11
9733	86.15834759	6.436629008e-11
9734	86.15770464	4.280842347e-11
9735	86.15706872	1.950475337e-10
9736	86.15643982	-3.232969448e-13
9737	86.15581795	1.51919366e-10
9738	86.15520311	-4.345324101e-11
9739	86.15459529	1.087911983e-10
9740	86.15399449	8.722977896e-11
9741	86.15340073	6.566125421e-11
9742	86.15281399	4.409983489e-11
9743	86.15223427	2.252775744e-11
9744	86.15166159	9.663381206e-13
9745	86.15109593	1.532196592e-10
9746	86.15053729	-4.217071137e-11
9747	86.14998568	1.100879388e-10
9748	86.1494411	8.851763766e-11
9749	86.14890355	6.695444199e-11
9750	86.14837302	4.538414089e-11
9751	86.14784952	2.382094522e-11
9752	86.14733305	1.760867008e-10
9753	86.14682361	-1.931965699e-11
9754	86.14632119	1.329514276e-10
9755	86.1458258	-6.246025919e-11
9756	86.14533744	8.98126018e-11
9757	86.1448561	6.825118248e-11
9758	86.1443818	4.667377596e-11
9759	86.14391452	2.510880392e-11
9760	86.14345427	3.533173754e-12
9761	86.14300104	-1.803357463e-11
9762	86.14255485	1.342499445e-10
9763	86.14211568	1.126743143e-10
9764	86.14168354	9.110578958e-11
9765	86.14125843	6.953193576e-11
9766	86.14084034	4.796518738e-11
9767	86.14042929	2.002540356e-10
9768	86.14002526	4.819256105e-12
9769	86.13962826	1.571152097e-10
9770	86.13923829	-3.832667517e-11
9771	86.13885535	1.139692785e-10
9772	86.13847943	-8.147083008e-11
9773	86.13811055	7.08268999e-11
9774	86.13774869	4.92565988e-11
9775	86.13739387	2.767919227e-11
9776	86.13704607	6.108891171e-12
9777	86.1367053	-1.547206807e-11
9778	86.13637156	1.368345437e-10
9779	86.13604484	1.15266019e-10
9780	86.13572516	9.368683607e-11
9781	86.13541251	7.211653497e-11
9782	86.13510688	5.053735208e-11
9783	86.13480828	2.896882734e-11
9784	86.13451672	1.812736627e-10
9785	86.13423218	-1.418065665e-11
9786	86.13395467	1.381277315e-10
9787	86.13368419	-5.733191699e-11
9788	86.13342074	9.498002385e-11
9789	86.13316432	7.34114991e-11
9790	86.13291493	5.182521079e-11
9791	86.13267257	3.02584624e-11
9792	86.13243723	8.673950447e-12
9793	86.13220893	1.60989444e-10
9794	86.13198766	-3.447198083e-11
9795	86.13177341	1.178417364e-10
9796	86.1315662	9.626965891e-11
9797	86.13136601	7.468869967e-11
9798	86.13117286	5.312017493e-11
9799	86.13098673	3.153921568e-11
9800	86.13080763	9.963585512e-12
9801	86.13063557	1.622879608e-10
9802	86.13047053	-3.318589847e-11
9803	86.13031252	1.191367005e-10
9804	86.13016155	-7.633893517e-11
9805	86.1300176	7.598011109e-11
9806	86.12988068	5.440980999e-11
9807	86.12975079	3.282885075e-11
9808	86.12962794	1.125499693e-11
9809	86.12951211	-1.033129138e-11
9810	86.12940331	1.419948603e-10
9811	86.12930154	1.204245592e-10
9812	86.1292068	9.884359997e-11
9813	86.12911909	7.727152251e-11
9814	86.12903842	5.568701056e-11
9815	86.12896477	3.411670946e-11
9816	86.12889815	1.25321975e-11
9817	86.12883856	-9.038103599e-12
9818	86.128786	1.432880481e-10
9819	86.12874047	-5.219469301e-11
9820	86.12870198	1.00133235e-10
9821	86.12867051	-9.534950607e-11
9822	86.12864607	5.697664562e-11
9823	86.12862866	3.540634452e-11
9824	86.12861828	1.382005621e-11
9825	86.12861493	1.661479843e-10
9826	86.12861861	-2.933475685e-11
9827	86.12862933	1.229913948e-10
9828	86.12864707	1.014228701e-10
9829	86.12867184	7.98401345e-11
9830	86.12870364	5.826272798e-11
9831	86.12874247	3.668354509e-11
9832	86.12878834	1.511324399e-11
9833	86.12884123	1.674376193e-10
9834	86.12890115	-2.804334542e-11
9835	86.1289681	1.242828063e-10
9836	86.12904208	-7.119993484e-11
9837	86.12912309	8.112621686e-11
9838	86.12921114	-1.143529715e-10
9839	86.12930621	3.797495651e-11
9840	86.12940831	1.902975555e-10
9841	86.12951744	-5.185185614e-12
9842	86.1296336	1.471427424e-10
9843	86.12975679	-4.833999867e-11
9844	86.12988701	1.03986153e-10
9845	86.13002426	8.241407556e-11
9846	86.13016854	6.083133997e-11
9847	86.13031986	3.925926251e-11
9848	86.1304782	1.767652691e-11
9849	86.13064357	-3.895550549e-12
9850	86.13081597	1.484252721e-10
9851	86.13099539	-4.704503453e-11
9852	86.13118185	1.052740117e-10
9853	86.13137534	-9.019984759e-11
9854	86.13157586	6.211919867e-11
9855	86.13178341	2.144346922e-10
9856	86.13199799	1.896616197e-11
9857	86.13221959	1.712798792e-10
9858	86.13244823	-2.418687473e-11
9859	86.1326839	1.281268425e-10
9860	86.13292659	-6.733813507e-11
9861	86.13317632	8.497558213e-11
9862	86.13343307	6.340350467e-11
9863	86.13369685	4.182076907e-11
9864	86.13396767	2.025402068e-11
9865	86.13424551	-1.328714916e-12
9866	86.13453038	-2.289723966e-11
9867	86.13482228	1.294093721e-10
9868	86.13512121	-6.604672365e-11
9869	86.13542717	8.625811176e-11
9870	86.13574016	6.467892888e-11
9871	86.13606017	4.310862778e-11
9872	86.13638722	1.954116868e-10
9873	86.13672129	-4.085620731e-14
9874	86.1370624	1.522622028e-10
9875	86.13741053	-4.318678748e-11
9876	86.13776569	1.091091661e-10
9877	86.13812788	8.754241776e-11
9878	86.1384971	6.596145852e-11
9879	86.13887334	4.439471013e-11
9880	86.13925662	2.281907996e-11
9881	86.13964692	1.248778858e-12
9882	86.14004425	-2.033040403e-11
9883	86.14044861	-4.189715241e-11
9884	86.14086	1.103916958e-10
9885	86.14127842	8.88125129e-11
9886	86.14170386	6.724576451e-11
9887	86.14213634	4.566835798e-11
9888	86.14257584	2.409983324e-11
9889	86.14302237	1.76381576e-10
9890	86.14347592	-1.90389926e-11
9891	86.14393651	1.332391975e-10
9892	86.14440412	-6.217959481e-11
9893	86.14487876	9.009681889e-11
9894	86.14536043	6.853007051e-11
9895	86.14584913	4.695444034e-11
9896	86.14634485	2.538769195e-11
9897	86.1468476	3.813838134e-12
9898	86.14735738	-1.77511339e-11
9899	86.14787418	1.345181744e-10
9900	86.14839801	1.129407678e-10
9901	86.14892887	9.137757218e-11
9902	86.14946676	6.9801942e-11
9903	86.15001167	4.823696997e-11
9904	86.15056361	2.666489252e-11
9905	86.15112258	5.099920486e-12
9906	86.15168857	1.573550179e-10
9907	86.15226159	-3.803357629e-11
9908	86.15284164	1.142161921e-10
9909	86.15342871	-8.116174399e-11
9910	86.15402281	7.108447164e-11
9911	86.15462394	4.952305233e-11
9912	86.15523209	2.795097487e-11
9913	86.15584727	6.391331908e-12
9914	86.15646948	-1.518074555e-11
9915	86.15709871	1.370565883e-10
9916	86.15773496	1.15495169e-10
9917	86.15837824	9.392486788e-11
9918	86.15902855	7.236344857e-11
9919	86.15968588	5.079314747e-11
9920	86.16035024	2.923528086e-11
9921	86.16102163	1.814584039e-10
9922	86.16170004	-1.38946632e-11
9923	86.16238547	1.383284598e-10
9924	86.16307793	-5.701394912e-11
9925	86.16377741	9.519851574e-11
9926	86.16448392	-1.001350114e-10
9927	86.16519746	5.207390075e-11
9928	86.16591802	3.052136321e-11
9929	86.1666456	8.954614827e-12
9930	86.16738021	1.611564215e-10
9931	86.16812184	-3.416822381e-11
9932	86.1688705	1.180318066e-10
9933	86.16962618	9.64757163e-11
9934	86.17038888	7.491252063e-11
9935	86.17115861	5.335643039e-11
9936	86.17193536	3.179145835e-11
9937	86.17271914	1.024069718e-11
9938	86.17350993	1.624247403e-10
9939	86.17430776	-3.287503603e-11
9940	86.1751126	1.19303678e-10
9941	86.17592447	-7.598721652e-11
9942	86.17674336	7.618794484e-11
9943	86.17756928	5.463540731e-11
9944	86.17840222	3.307754071e-11
9945	86.17924218	1.852402676e-10
9946	86.18008916	-1.003463979e-11
9947	86.18094317	1.421263107e-10
9948	86.18180419	-5.314326756e-11
9949	86.18267224	9.901413023e-11
9950	86.18354732	7.746336905e-11
9951	86.18442941	5.590550245e-11
9952	86.18531853	3.435474127e-11
9953	86.18621466	1.280220374e-11
9954	86.18711782	-8.746781077e-12
9955	86.188028	1.433893004e-10
9956	86.18894521	-5.184652707e-11
9957	86.18986943	1.002877781e-10
9958	86.19080067	-9.494272035e-11
9959	86.19173894	5.718270302e-11
9960	86.19268422	2.0930635e-10
9961	86.19363653	1.408295702e-11
9962	86.19459586	1.661994986e-10
9963	86.1955622	-2.900968354e-11
9964	86.19653557	1.230997526e-10
9965	86.19751596	1.015543205e-10
9966	86.19850337	8.000000662e-11
9967	86.19949779	5.846167994e-11
9968	86.20049924	3.690914241e-11
9969	86.20150771	1.537081573e-11
9970	86.20252319	-6.181721801e-12
9971	86.2035457	-2.772004848e-11
9972	86.20457522	1.24366295e-10
9973	86.20561176	-7.080558362e-11
9974	86.20665532	8.127543083e-11
9975	86.2077059	5.972822237e-11
9976	86.2087635	3.818989569e-11
9977	86.20982812	1.902566993e-10
9978	86.21089975	-4.892086736e-12
9979	86.2119784	1.471693878e-10
9980	86.21306407	-4.797406916e-11
9981	86.21415676	1.040838526e-10
9982	86.21525646	8.254907868e-11
9983	86.21636319	6.100009387e-11
9984	86.21747693	3.947064897e-11
9985	86.21859768	1.792521687e-11
9986	86.21972546	-3.606004384e-12
9987	86.22086025	1.484270484e-10
9988	86.22200205	-4.667910503e-11
9989	86.22315087	1.053521714e-10
9990	86.22430671	8.380673933e-11
9991	86.22546957	6.227551808e-11
9992	86.22663944	4.073363868e-11
9993	86.22781632	1.920597015e-11
9994	86.22900023	1.712123776e-10
9995	86.23019114	-2.385824871e-11
9996	86.23138907	1.281428297e-10
9997	86.23259402	-6.69171385e-11
9998	86.23380598	8.507683447e-11
9999	86.23502496	6.355094229e-11
10000	86.23625095	4.201261561e-11
10001	86.23748395	2.049027614e-11
10002	86.23872397	-1.044497822e-12
10003	86.23997101	-2.256683729e-11
10004	86.24122505	1.294022667e-10
10005	86.24248611	1.078657164e-10
10006	86.24375418	8.634337689e-11
10007	86.24502927	6.481215564e-11
10008	86.24631137	4.328981618e-11
10009	86.24760048	1.952358275e-10
10010	86.2488966	2.415845302e-13
10011	86.25019974	1.521804904e-10
10012	86.25150989	-4.280131805e-11
10013	86.25282705	1.091287061e-10
10014	86.25415122	-8.583889155e-11
10015	86.25548241	6.608402714e-11
10016	86.2568206	4.456346403e-11
10017	86.25816581	2.303934821e-11
10018	86.25951802	1.525890525e-12
10019	86.26087725	-1.999644894e-11
10020	86.26224349	1.319051535e-10
10021	86.26361674	1.103916958e-10
10022	86.264997	8.886402725e-11
10023	86.26638427	6.735412228e-11
10024	86.26777855	4.583178281e-11
10025	86.26917984	2.432187785e-11
10026	86.27058813	1.761950585e-10
10027	86.27200344	-1.870681388e-11
10028	86.27342576	1.331592614e-10
10029	86.27485508	-6.172840017e-11
10030	86.27629142	9.013056967e-11
10031	86.27773476	6.861888835e-11
10032	86.27918511	4.710543067e-11
10033	86.28064246	2.560085477e-11
10034	86.28210683	4.083844374e-12
10035	86.2835782	1.559179452e-10
10036	86.28505658	-3.892708378e-11
10037	86.28654197	1.128945826e-10
10038	86.28803436	9.139000667e-11
10039	86.28953376	6.987832535e-11
10040	86.29104017	4.837552581e-11
10041	86.29255358	2.68673972e-11
10042	86.294074	5.368150369e-12
10043	86.29560143	1.57161395e-10
10044	86.29713586	-3.763744871e-11
10045	86.29867729	1.141486905e-10
10046	86.30022573	-8.063238965e-11
10047	86.30178118	7.114486777e-11
10048	86.30334362	4.964562095e-11
10049	86.30491308	2.814282141e-11
10050	86.30648954	1.799005389e-10
10051	86.308073	-1.485211953e-11
10052	86.30966346	1.368984925e-10
10053	86.31126093	1.154063511e-10
10054	86.3128654	9.389999889e-11
10055	86.31447688	7.240785749e-11
10056	86.31609536	5.090861066e-11
10057	86.31772084	2.942002197e-11
10058	86.31935332	7.920775147e-12
10059	86.3209928	-1.356248447e-11
10060	86.32263929	1.38145495e-10
10061	86.32429278	-5.654321455e-11
10062	86.32595326	9.515765953e-11
10063	86.32762075	-9.95132865e-11
10064	86.32929525	5.21787058e-11
10065	86.33097674	2.038564872e-10
10066	86.33266523	9.201528428e-12
10067	86.33436072	1.608739808e-10
10068	86.33606321	-3.37649908e-11
10069	86.3377727	1.178968034e-10
10070	86.33948919	9.641354382e-11
10071	86.34121268	7.492495513e-11
10072	86.34294317	5.344524823e-11
10073	86.34468065	3.195665954e-11
10074	86.34642514	1.048050535e-11
10075	86.34817662	1.621085488e-10
10076	86.3499351	-3.247535574e-11
10077	86.35170058	1.191438059e-10
10078	86.35347305	-7.542588776e-11
10079	86.35525252	7.618261577e-11
10080	86.35703899	5.470113251e-11
10081	86.35883246	3.323208375e-11
10082	86.36063292	1.848174946e-10
10083	86.36244037	-9.718448268e-12
10084	86.36425483	1.418580808e-10
10085	86.36607627	-5.265476943e-11
10086	86.36790472	9.890932517e-11
10087	86.36974016	7.744205277e-11
10088	86.37158259	5.596589858e-11
10089	86.37343201	3.450040253e-11
10090	86.37528843	1.302780106e-11
10091	86.37715185	-8.427036846e-12
10092	86.37902226	1.430979779e-10
10093	86.38089966	-5.135625258e-11
10094	86.38278405	1.001616567e-10
10095	86.38467544	7.868727891e-11
10096	86.38657382	5.723066465e-11
10097	86.38847919	2.087254813e-10
10098	86.39039155	1.430677798e-11
10099	86.39231091	1.657927129e-10
10100	86.39423725	-2.86082269e-11
10101	86.39617059	1.228634972e-10
10102	86.39811092	-7.152145542e-11
10103	86.40005823	7.994493956e-11
10104	86.40201254	5.849365436e-11
10105	86.40397384	3.702993467e-11
10106	86.40594213	1.558397855e-11
10107	86.4079174	-5.876188425e-12
10108	86.40989967	-2.731859183e-11
10109	86.41188892	1.241033942e-10
10110	86.41388517	1.0264678e-10
10111	86.4158884	8.120082384e-11
10112	86.41789861	5.974420958e-11
10113	86.41991582	3.830002981e-11
10114	86.42194001	1.896935942e-10
10115	86.42397119	-4.59188243e-12
10116	86.42600936	1.467874711e-10
10117	86.42805451	-4.747668925e-11
10118	86.43010665	1.038937825e-10
10119	86.43216578	8.245493177e-11
10120	86.43423188	6.100542294e-11
10121	86.43630498	3.95683486e-11
10122	86.43838506	1.812416883e-11
10123	86.44047212	-3.307576435e-12
10124	86.44256617	-2.474997984e-11
10125	86.4446672	1.265707539e-10
10126	86.44677522	1.051336795e-10
10127	86.44889022	8.369482885e-11
10128	86.4510122	6.226308358e-11
10129	86.45314116	4.082245653e-11
10130	86.45527711	1.939604033e-11
10131	86.45742004	1.706741415e-10
10132	86.45956995	-2.346034478e-11
10133	86.46172684	1.278035455e-10
10134	86.46389071	-6.631140081e-11
10135	86.46606157	8.49436077e-11
10136	86.4682394	6.351896786e-11
10137	86.47042422	4.208544624e-11
10138	86.47261601	2.066791183e-11
10139	86.47481478	-7.602807273e-13
10140	86.47702054	1.504574243e-10
10141	86.47923327	1.290381135e-10
10142	86.48145298	1.076045919e-10
10143	86.48367966	8.61906102e-11
10144	86.48591333	6.476597036e-11
10145	86.48815397	4.335198867e-11
10146	86.49040159	2.193090154e-11
10147	86.49265619	5.186961971e-13
10148	86.49491776	1.516795578e-10
10149	86.49718631	-4.230216177e-11
10150	86.49946184	1.088462653e-10
10151	86.50174434	-8.511946703e-11
10152	86.50403381	6.602007829e-11
10153	86.50633027	4.461142566e-11
10154	86.50863369	2.319922032e-11
10155	86.51094409	1.743050149e-10
10156	86.51326146	-1.960920315e-11
10157	86.51558581	1.314823805e-10
10158	86.51791713	1.100808333e-10
10159	86.52025542	8.866685164e-11
10160	86.52260069	6.727240986e-11
10161	86.52495292	4.586198088e-11
10162	86.52731213	2.446931546e-11
10163	86.52967831	1.755129375e-10
10164	86.53205146	-1.832489716e-11
10165	86.53443159	1.327080668e-10
10166	86.53681868	-6.111200435e-11
10167	86.53921274	8.991207778e-11
10168	86.54161377	-1.038884534e-10
10169	86.54402177	4.712141788e-11
10170	86.54643674	1.981135256e-10
10171	86.54885868	4.341416115e-12
10172	86.55128759	1.55319313e-10
10173	86.55372346	-3.843148022e-11
10174	86.55616631	1.125357585e-10
10175	86.55861612	9.115197486e-11
10176	86.56107289	6.97610858e-11
10177	86.56353664	4.838085488e-11
10178	86.56600734	2.699174217e-11
10179	86.56848502	5.618616683e-12
10180	86.57096966	1.565307883e-10
10181	86.57346126	-3.713651608e-11
10182	86.57595983	1.137649974e-10
10183	86.57846537	-7.988454342e-11
10184	86.58097786	7.100453558e-11
10185	86.58349732	2.218794037e-10
10186	86.58602375	2.825473189e-11
10187	86.58855714	1.791136128e-10
10188	86.59109748	-1.448441367e-11
10189	86.5936448	1.363602564e-10
10190	86.59619907	-5.721823015e-11
10191	86.5987603	9.361755815e-11
10192	86.6013285	7.225331444e-11
10193	86.60390365	5.088018895e-11
10194	86.60648577	2.951949796e-11
10195	86.60907484	8.157030607e-12
10196	86.61167088	-1.320366039e-11
10197	86.61427387	1.375752845e-10
10198	86.61688382	-5.591616059e-11
10199	86.61950074	9.48503498e-11
10200	86.6221246	7.348432973e-11
10201	86.62475543	5.213607324e-11
10202	86.62739321	2.028670565e-10
10203	86.63003795	9.423573033e-12
10204	86.63268965	1.601421218e-10
10205	86.6353483	-3.32711636e-11
10206	86.63801391	1.174313979e-10
10207	86.64068647	9.608136509e-11
10208	86.64336599	7.472422681e-11
10209	86.64605246	5.338307574e-11
10210	86.64874588	3.203126653e-11
10211	86.65144626	1.069544453e-11
10212	86.65415359	-1.065103561e-11
10213	86.65686788	-3.198330489e-11
10214	86.65958912	1.186499787e-10
10215	86.6623173	9.730172223e-11
10216	86.66505244	7.596590024e-11
10217	86.66779454	5.462297281e-11
10218	86.67054358	3.329425624e-11
10219	86.67329957	1.838813546e-10
10220	86.67606251	-9.375611398e-12
10221	86.67883241	1.411990525e-10
10222	86.68160925	-5.202771547e-11
10223	86.68439304	9.853273752e-11
10224	86.68718378	7.720046824e-11
10225	86.68998146	5.586997531e-11
10226	86.6927861	3.455014053e-11
10227	86.69559768	1.322142396e-11
10228	86.6984162	-8.094858117e-12
10229	86.70124168	1.424105278e-10
10230	86.7040741	1.210764822e-10
10231	86.70691346	9.975487103e-11
10232	86.70975977	7.842970717e-11
10233	86.71261302	5.712053053e-11
10234	86.71547322	3.579359031e-11
10235	86.71834036	1.448441367e-11
10236	86.72121445	1.649240744e-10
10237	86.72409548	-2.813393962e-11
10238	86.72698345	1.222861812e-10
10239	86.72987836	-7.073985842e-11
10240	86.73278022	7.966249882e-11
10241	86.73568901	5.83604276e-11
10242	86.73860475	3.705125096e-11
10243	86.74152742	1.575095609e-11
10244	86.74445704	-5.55289148e-12
10245	86.7473936	1.448015041e-10
10246	86.75033709	1.234994329e-10
10247	86.75328753	1.021884799e-10
10248	86.7562449	8.089529047e-11
10249	86.75920921	5.959499561e-11
10250	86.76218045	3.830180617e-11
10251	86.76515864	1.700328767e-11
10252	86.76814376	-4.279243626e-12
10253	86.77113581	1.459987686e-10
10254	86.7741348	-4.685141164e-11
10255	86.77714073	1.034123898e-10
10256	86.78015359	-8.941292151e-11
10257	86.78317339	6.083311632e-11
10258	86.78620012	3.955413774e-11
10259	86.78923378	1.826627738e-11
10260	86.79227437	1.684750117e-10
10261	86.7953219	-2.428635071e-11
10262	86.79837636	1.259046201e-10
10263	86.80143775	1.046274178e-10
10264	86.80450607	8.33466629e-11
10265	86.80758133	6.20730134e-11
10266	86.81066351	4.079403482e-11
10267	86.81375262	1.952749074e-11
10268	86.81684867	1.696616181e-10
10269	86.81995164	-2.300559743e-11
10270	86.82306154	1.2710899e-10
10271	86.82617836	-6.552625109e-11
10272	86.82930212	8.457234912e-11
10273	86.8324328	-1.080397993e-10
10274	86.83557041	4.204281367e-11
10275	86.83871494	1.920987813e-10
10276	86.8418664	-4.76063633e-13
10277	86.84502479	1.495692459e-10
10278	86.8481901	-4.298250644e-11
10279	86.85136233	1.070450395e-10
10280	86.85454149	8.579448263e-11
10281	86.85772757	6.453504398e-11
10282	86.86092057	4.328981618e-11
10283	86.8641205	2.203393024e-11
10284	86.86732734	7.904787935e-13
10285	86.87054111	1.507558522e-10
10286	86.8737618	-4.168754231e-11
10287	86.87698941	1.082547385e-10
10288	86.88022394	-8.416023434e-11
10289	86.88346539	6.576961198e-11
10290	86.88671376	2.156728129e-10
10291	86.88996905	2.328981452e-11
10292	86.89323126	1.731788046e-10
10293	86.89650038	-1.917577208e-11
10294	86.89977642	1.306954545e-10
10295	86.90305938	-6.162714783e-11
10296	86.90634925	8.822453879e-11
10297	86.90964604	6.700062727e-11
10298	86.91294974	4.576428125e-11
10299	86.91626036	2.454569881e-11
10300	86.91957789	3.316458219e-12
10301	86.92290234	-1.789857151e-11
10302	86.9262337	1.318873899e-10
10303	86.92957197	-6.032685462e-11
10304	86.93291716	8.944134322e-11
10305	86.93626925	6.821565535e-11
10306	86.93962826	4.700773104e-11
10307	86.94299418	1.967350727e-10
10308	86.94636701	4.584777002e-12
10309	86.94974674	1.542925787e-10
10310	86.95313339	-3.782929525e-11
10311	86.95652695	1.118625192e-10
10312	86.95992741	9.06563713e-11
10313	86.96333478	6.944489428e-11
10314	86.96674906	4.82440754e-11
10315	86.97017025	2.703792745e-11
10316	86.97359834	5.845990358e-12
10317	86.97703334	-1.535482852e-11
10318	86.98047524	-3.65432129e-11
10319	86.98392405	1.130615601e-10
10320	86.98737977	9.185718852e-11
10321	86.99084238	7.066880414e-11
10322	86.9943119	4.946976162e-11
10323	86.99778832	2.828492995e-11
10324	87.00127165	1.778293068e-10
10325	87.00476187	-1.408118067e-11
10326	87.008259	1.354418799e-10
10327	87.01176303	-5.64384095e-11
10328	87.01527396	9.306866389e-11
10329	87.01879178	7.1892714e-11
10330	87.02231651	5.070610598e-11
10331	87.02584814	2.953370881e-11
10332	87.02938666	8.357758929e-12
10333	87.03293208	-1.280753281e-11
10334	87.0364844	1.366231572e-10
10335	87.04004361	1.154436546e-10
10336	87.04360972	9.427658654e-11
10337	87.04718273	7.310063665e-11
10338	87.05076263	5.194067398e-11
10339	87.05434943	3.077005317e-11
10340	87.05794312	9.615419572e-12
10341	87.0615437	1.589661736e-10
10342	87.06515117	-3.269384763e-11
10343	87.06876554	1.166355901e-10
10344	87.0723868	-7.49960094e-11
10345	87.07601495	7.431744109e-11
10346	87.07964999	5.316991292e-11
10347	87.08329192	3.201527932e-11
10348	87.08694075	1.08695275e-11
10349	87.09059646	-1.027800067e-11
10350	87.09425905	1.38971501e-10
10351	87.09792854	1.178257492e-10
10352	87.10160492	9.667644463e-11
10353	87.10528818	7.553246917e-11
10354	87.10897832	5.438849371e-11
10355	87.11267536	3.325340003e-11
10356	87.11637928	1.824318474e-10
10357	87.12009008	-9.006129176e-12
10358	87.12380777	1.401456728e-10
10359	87.12753234	-5.126388203e-11
10360	87.13126379	9.787370914e-11
10361	87.13500213	-9.35003186e-11
10362	87.13874735	5.561595628e-11
10363	87.14249945	3.449862618e-11
10364	87.14625843	1.337419064e-11
10365	87.15002429	1.624389512e-10
10366	87.15379703	-2.886046957e-11
10367	87.15757666	1.201883038e-10
10368	87.16136315	9.907275e-11
10369	87.16515653	7.794653811e-11
10370	87.16895679	5.683986615e-11
10371	87.17276392	3.57243124e-11
10372	87.17657793	1.462119315e-11
10373	87.18039881	1.635953595e-10
10374	87.18422657	-2.758149265e-11
10375	87.18806121	1.213713574e-10
10376	87.19190272	-6.976996758e-11
10377	87.1957511	7.915801348e-11
10378	87.19960636	5.806199965e-11
10379	87.20346848	3.69588804e-11
10380	87.20733748	1.858477816e-10
10381	87.21121336	-5.222489108e-12
10382	87.2150961	1.436415431e-10
10383	87.21898571	-4.739142412e-11
10384	87.22288219	1.014512918e-10
10385	87.22678554	8.036593613e-11
10386	87.23069576	5.927347502e-11
10387	87.23461285	3.819167205e-11
10388	87.23853681	1.711164543e-11
10389	87.24246763	-3.963052109e-12
10390	87.24640532	1.448015041e-10
10391	87.25034987	-4.610178905e-11
10392	87.25430129	1.026396745e-10
10393	87.25825957	-8.823342057e-11
10394	87.26222472	6.049205581e-11
10395	87.26619673	2.091891105e-10
10396	87.2701756	1.835687158e-11
10397	87.27416134	1.670308336e-10
10398	87.27815394	-2.376587815e-11
10399	87.2821534	1.248867676e-10
10400	87.28615971	1.038298336e-10
10401	87.29017289	8.276046515e-11
10402	87.29419293	6.170708389e-11
10403	87.29821982	4.064482084e-11
10404	87.30225358	1.960032137e-11
10405	87.30629419	-1.453059895e-12
10406	87.31034166	-2.24922303e-11
10407	87.31439598	1.260573868e-10
10408	87.31845716	-6.456879476e-11
10409	87.3225252	8.39559533e-11
10410	87.32660009	6.290967747e-11
10411	87.33068183	4.187583613e-11
10412	87.33477043	1.903526226e-10
10413	87.33886588	-1.971756092e-13
10414	87.34296818	1.482618472e-10
10415	87.34707733	-4.225064743e-11
10416	87.35119333	1.061835064e-10
10417	87.35531619	8.515677052e-11
10418	87.35944589	6.412115283e-11
10419	87.36358244	4.309796964e-11
10420	87.36772584	2.207123373e-11
10421	87.37187609	1.058708676e-12
10422	87.37603319	1.494129265e-10
10423	87.38019713	-4.096456507e-11
10424	87.38436792	1.073630074e-10
10425	87.38854555	8.634160054e-11
10426	87.39273003	6.532907548e-11
10427	87.39692135	4.431477407e-11
10428	87.40111952	2.331290716e-11
10429	87.40532453	1.71567649e-10
10430	87.40953638	-1.869260302e-11
10431	87.41375507	-3.969269358e-11
10432	87.41798061	2.777476027e-10
10433	87.42221298	8.752998326e-11
10434	87.4264522	-1.02652109e-10
10435	87.43069825	4.554401301e-11
10436	87.43495114	1.936921734e-10
10437	87.43921087	3.550937322e-12
10438	87.44347744	-1.865529953e-10
10439	87.44775084	2.997975201e-10
10440	87.45203108	1.097042457e-10
10441	87.45631815	-8.03588307e-11
10442	87.46061206	6.773781536e-11
10443	87.46491281	2.157936052e-10
10444	87.46922039	2.577316138e-11
10445	87.4735348	1.738218458e-10
10446	87.47785604	-1.615951817e-11
10447	87.48218411	1.318465337e-10
10448	87.48651902	-5.809930315e-11
10449	87.49086075	8.990497236e-11
10450	87.49520932	-9.999645556e-11
10451	87.49956471	4.796163466e-11
10452	87.50392693	1.959090667e-10
10453	87.50829598	6.052047752e-12
10454	87.51267186	1.539568473e-10
10455	87.51705456	3.018563177e-10
10456	87.52144409	1.120401549e-10
10457	87.52584045	-7.773692801e-11
10458	87.53024363	7.011990988e-11
10459	87.53465363	2.179696423e-10
10460	87.53907046	2.823341561e-11
10461	87.54349411	-1.614619549e-10
10462	87.54792458	3.238369573e-10
10463	87.55236187	1.341469158e-10
10464	87.55680598	-5.550759852e-11
10465	87.56125692	-2.451265857e-10
10466	87.56571467	2.399946908e-10
10467	87.57017924	5.038458539e-11
10468	87.57465063	-1.391864402e-10
10469	87.57912883	3.45783846e-10
10470	87.58361386	1.562199259e-10
10471	87.5881057	-3.330491438e-11
10472	87.59260435	1.143671824e-10
10473	87.59710982	2.619930939e-10
10474	87.6016221	7.250910983e-11
10475	87.6061412	-1.169375707e-10
10476	87.61066711	3.068834076e-11
10477	87.61519983	1.782662906e-10
10478	87.61973936	-1.113420467e-11
10479	87.62428571	1.364366398e-10
10480	87.62883886	-5.292655203e-11
10481	87.63339882	9.46034362e-11
10482	87.63796559	-9.471889939e-11
10483	87.64253917	5.280220705e-11
10484	87.64711956	2.002771282e-10
10485	87.65170676	1.100630698e-11
10486	87.65630076	1.584687936e-10
10487	87.66090156	-3.076117139e-11
10488	87.66550917	1.166604591e-10
10489	87.67012358	2.640749841e-10
10490	87.6747448	7.488765164e-11
10491	87.67937282	-1.14260601e-10
10492	87.68400764	3.31148442e-11
10493	87.68864927	1.804743022e-10
10494	87.69329769	-8.625988812e-12
10495	87.69795291	-1.976871999e-10
10496	87.70261494	2.859987802e-10
10497	87.70728376	9.694289815e-11
10498	87.71195938	-9.207568041e-11
10499	87.71664179	3.914557567e-10
10500	87.72133101	2.024478363e-10
10501	87.72602701	1.34789957e-11
10502	87.73072982	-1.754543177e-10
10503	87.73543942	3.078852728e-10
10504	87.74015581	1.189626175e-10
10505	87.74487899	-6.992095791e-11
10506	87.74960897	7.725731166e-11
10507	87.75434574	2.243876196e-10
10508	87.7590893	3.555022943e-11
10509	87.76383965	-1.5325341e-10
10510	87.76859679	-6.123102025e-12
10511	87.77336072	1.409539152e-10
10512	87.77813143	-4.779998619e-11
10513	87.78290894	9.927170197e-11
10514	87.78769323	2.462900994e-10
10515	87.7924843	5.758593602e-11
10516	87.79728217	2.046025571e-10
10517	87.80208681	1.594102628e-11
10518	87.80689824	1.629096857e-10
10519	87.81171646	-2.570565982e-11
10520	87.81654145	1.212523415e-10
10521	87.82137323	-6.73203715e-11
10522	87.82621179	7.95932209e-11
10523	87.83105713	2.264961552e-10
10524	87.83590925	3.797495651e-11
10525	87.84076815	-1.505089386e-10
10526	87.84563382	-3.652189662e-12
10527	87.85050628	1.432010066e-10
10528	87.85538551	-4.523492692e-11
10529	87.86027151	1.015685314e-10
10530	87.86516429	2.483613315e-10
10531	87.87006385	5.997513597e-11
10532	87.87497018	-1.283702034e-10
10533	87.87988329	3.534559312e-10
10534	87.88480316	1.651141446e-10
10535	87.88972981	-2.31796804e-11
10536	87.89466323	-2.114379782e-10
10537	87.89960342	2.70187428e-10
10538	87.90455038	8.1943341e-11
10539	87.9095041	-1.062669952e-10
10540	87.9144646	4.039080181e-11
10541	87.91943186	1.869953081e-10
10542	87.92440589	-1.159961016e-12
10543	87.92938669	1.454374399e-10
10544	87.93437425	2.919833264e-10
10545	87.93936857	1.038777953e-10
10546	87.94436966	-8.419220876e-11
10547	87.94937752	6.235190142e-11
10548	87.95439213	2.088427209e-10
10549	87.95941351	2.082600759e-11
10550	87.96444164	1.673097216e-10
10551	87.96947654	-2.066258276e-11
10552	87.97451819	1.25774946e-10
10553	87.97956661	-6.21511731e-11
10554	87.98462178	8.427747389e-11
10555	87.98968371	-1.036024599e-10
10556	87.9947524	4.277822541e-11
10557	87.99982784	1.891464763e-10
10558	88.00491003	1.318056775e-12
10559	88.00999898	-1.864695065e-10
10560	88.01509469	2.939462007e-10
10561	88.02019714	1.061639665e-10
10562	88.02530635	-8.156675335e-11
10563	88.03042231	6.469491609e-11
10564	88.03554502	2.109459274e-10
10565	88.04067448	2.326139281e-11
10566	88.04581069	-1.643822856e-10
10567	88.05095364	3.156586104e-10
10568	88.05610335	1.280238138e-10
10569	88.0612598	-5.956835025e-11
10570	88.06642299	-2.471214344e-10
10571	88.07159293	2.327151805e-10
10572	88.07676962	4.517275443e-11
10573	88.08195304	-1.423252627e-10
10574	88.08714321	3.785416425e-12
10575	88.09234013	1.498445812e-10
10576	88.09754378	-3.760192158e-11
10577	88.10275418	1.08446585e-10
10578	88.10797131	2.54441801e-10
10579	88.11319518	6.704681255e-11
10580	88.1184258	-1.203037669e-10
10581	88.12366314	2.569144897e-11
10582	88.12890723	1.716298215e-10
10583	88.13415805	-1.567102004e-11
10584	88.13941561	1.302620234e-10
10585	88.1446799	-5.699263284e-11
10586	88.14995092	8.88906726e-11
10587	88.15522868	2.347579908e-10
10588	88.16051317	4.755840166e-11
10589	88.16580439	-1.395967786e-10
10590	88.17110234	6.224354365e-12
10591	88.17640702	1.520383819e-10
10592	88.18171843	-3.506706037e-11
10593	88.18703657	1.106954528e-10
10594	88.19236143	2.564402024e-10
10595	88.19769302	6.939337993e-11
10596	88.20303134	-1.176143627e-10
10597	88.20837638	2.808775434e-11
10598	88.21372815	1.737756605e-10
10599	88.21908663	-1.317523868e-11
10600	88.22445185	-2.000852817e-10
10601	88.22982378	2.780851105e-10
10602	88.23520243	9.118750199e-11
10603	88.24058781	-9.566747394e-11
10604	88.2459799	4.99316144e-11
10605	88.25137872	1.95477412e-10
10606	88.25678425	8.675726804e-12
10607	88.26219649	-1.780815495e-10
10608	88.26761546	2.996962678e-10
10609	88.27304114	1.129478733e-10
10610	88.27847353	-7.375611233e-11
10611	88.28391264	7.172040739e-11
10612	88.28935846	2.1714186e-10
10613	88.29481099	3.049471786e-11
10614	88.30027024	-1.561115681e-10
10615	88.30573619	-1.069189182e-11
10616	88.31120886	1.346709411e-10
10617	88.31668823	-5.187850149e-11
10618	88.32217432	9.347367325e-11
10619	88.3276671	-9.302780768e-11
10620	88.3331666	5.227640543e-11
10621	88.3386728	1.975646313e-10
10622	88.34418571	1.111821746e-11
10623	88.34970532	1.56354929e-10
10624	88.35523164	-3.003819415e-11
10625	88.36076465	1.151860829e-10
10626	88.36630437	-7.115730227e-11
10627	88.37185079	7.401901314e-11
10628	88.37740391	2.191793413e-10
10629	88.38296373	3.289102324e-11
10630	88.38853025	-1.533528859e-10
10631	88.39410347	3.230962164e-10
10632	88.39968338	1.368629654e-10
10633	88.40526999	-4.932587672e-11
10634	88.41086329	-2.354649808e-10
10635	88.41646329	2.407585242e-10
10636	88.42206998	5.462830188e-11
10637	88.42768336	-1.314610643e-10
10638	88.43330344	3.445759234e-10
10639	88.43893021	1.585025444e-10
10640	88.44456367	-2.752820194e-11
10641	88.45020381	-2.135145394e-10
10642	88.45585065	2.622986273e-10
10643	88.46150417	7.632294796e-11
10644	88.46716438	-1.096029933e-10
10645	88.47283128	3.528022319e-11
10646	88.47850486	1.800994909e-10
10647	88.48418513	-5.769607014e-12
10648	88.48987207	1.390425552e-10
10649	88.49556571	-4.678035737e-11
10650	88.50126602	9.798384326e-11
10651	88.50697302	-8.778400229e-11
10652	88.51268669	5.696421113e-11
10653	88.51840705	2.016609102e-10
10654	88.52413408	1.595168442e-11
10655	88.52986779	1.606323963e-10
10656	88.53560818	-2.502531515e-11
10657	88.54135525	1.196074351e-10
10658	88.54710898	-6.600053837e-11
10659	88.5528694	7.861977736e-11
10660	88.55863649	-1.069402344e-10
10661	88.56441025	3.763034329e-11
10662	88.57019068	1.821849338e-10
10663	88.57597778	-3.312905505e-12
10664	88.58177155	-1.887627832e-10
10665	88.58757199	2.856683778e-10
10666	88.5933791	1.002291583e-10
10667	88.59919288	-8.516032324e-11
10668	88.60501333	5.927347502e-11
10669	88.61084044	2.036948388e-10
10670	88.61667421	1.836042429e-11
10671	88.62251465	-1.669260286e-10
10672	88.62836176	3.070788068e-10
10673	88.63421552	1.218012358e-10
10674	88.64007595	-6.342659731e-11
10675	88.64594303	8.089884318e-11
10676	88.65181678	2.251638875e-10
10677	88.65769719	3.999467424e-11
10678	88.66358425	-1.451248011e-10
10679	88.66947797	-8.650857808e-13
10680	88.67537835	1.433342334e-10
10681	88.68128538	-4.172662216e-11
10682	88.68719907	1.024638152e-10
10683	88.69311941	2.465938564e-10
10684	88.69904641	6.159162069e-11
10685	88.70498005	-1.233608771e-10
10686	88.71092035	2.076205874e-11
10687	88.7168673	1.648281511e-10
10688	88.7228209	-2.007105593e-11
10689	88.72878114	1.239843783e-10
10690	88.73474804	-6.085620896e-11
10691	88.74072158	8.314415822e-11
10692	88.74670176	2.271285382e-10
10693	88.75268859	4.234834705e-11
10694	88.75868207	-1.423856588e-10
10695	88.76468219	1.550759521e-12
10696	88.77068895	1.454694143e-10
10697	88.77670235	-3.920419545e-11
10698	88.78272239	1.04662945e-10
10699	88.78874907	2.485052164e-10
10700	88.79478239	6.389377916e-11
10701	88.80082235	-1.206696965e-10
10702	88.80686895	2.312994241e-11
10703	88.81292218	1.669109295e-10
10704	88.81898205	-1.759392632e-11
10705	88.82504855	-2.020463796e-10
10706	88.83112169	2.698410384e-10
10707	88.83720145	8.539924323e-11
10708	88.84328785	-9.899014941e-11
10709	88.84938088	4.468869719e-11
10710	88.85548054	1.883053713e-10
10711	88.86158683	3.978151142e-12
10712	88.86769975	-1.803028837e-10
10713	88.8738193	2.911333397e-10
10714	88.87994547	1.068665156e-10
10715	88.88607826	-7.735678764e-11
10716	88.89221768	6.618350312e-11
10717	88.89836373	2.096669505e-10
10718	88.90451639	2.550848421e-11
10719	88.91067568	1.68974168e-10
10720	88.91684159	-1.51292312e-11
10721	88.92301412	1.282867146e-10
10722	88.92919327	-5.575984119e-11
10723	88.93537904	8.764189374e-11
10724	88.94157142	-9.635137133e-11
10725	88.94777042	4.699529654e-11
10726	88.95397604	1.903206481e-10
10727	88.96018827	6.393108265e-12
10728	88.96640711	1.496669455e-10
10729	88.97263257	-3.420730366e-11
10730	88.97886464	1.090558754e-10
10731	88.98510331	-7.476330666e-11
10732	88.9913486	6.843947631e-11
10733	88.9976005	2.116262721e-10
10734	89.00385901	2.787459152e-11
10735	89.01012412	-1.55827351e-10
10736	89.01639584	3.141131799e-10
10737	89.02267417	1.304218955e-10
10738	89.02895909	-5.321787455e-11
10739	89.03525063	-2.368025775e-10
10740	89.04154876	2.328892634e-10
10741	89.0478535	4.931166586e-11
10742	89.05416484	-1.342108646e-10
10743	89.06048277	3.352660372e-10
10744	89.06680731	1.517523884e-10
10745	89.07313844	-3.17115223e-11
10746	89.07947618	-2.151221423e-10
10747	89.0858205	2.541042932e-10
10748	89.09217143	7.070610764e-11
10749	89.09852894	-1.126423399e-10
10750	89.10489305	3.022648798e-11
10751	89.11126375	1.730366961e-10
10752	89.11764105	-1.024780261e-11
10753	89.12402493	1.325428656e-10
10754	89.1304154	-5.067946063e-11
10755	89.13681247	9.205614049e-11
10756	89.14321612	-9.111111865e-11
10757	89.14962635	5.161737704e-11
10758	89.15604317	1.942765948e-10
10759	89.16246658	1.116973181e-11
10760	89.16889657	1.538218442e-10
10761	89.17533314	-2.922817544e-11
10762	89.1817763	1.133670935e-10
10763	89.18822604	-6.962252996e-11
10764	89.19468235	7.295497539e-11
10765	89.20114525	-1.099742519e-10
10766	89.20761472	3.254641001e-11
10767	89.21409077	1.750528611e-10
10768	89.2205734	-7.814193737e-12
10769	89.2270626	-1.906244051e-10
10770	89.23355838	2.770512708e-10
10771	89.24006073	9.42534939e-11
10772	89.24656965	-8.849099231e-11
10773	89.25308514	5.388400837e-11
10774	89.25960721	1.962359164e-10
10775	89.26613584	1.35571554e-11
10776	89.27267105	-1.69073644e-10
10777	89.27921282	2.981259684e-10
10778	89.28576115	1.155111562e-10
10779	89.29231606	-6.705036526e-11
10780	89.29887752	7.519673773e-11
10781	89.30544555	2.173763392e-10
10782	89.31202015	3.48805429e-11
10783	89.3186013	-1.475619626e-10
10784	89.32518902	-5.393019364e-12
10785	89.3317833	1.367208569e-10
10786	89.33838413	-4.565592349e-11
10787	89.34499153	9.644018917e-11
10788	89.35160548	2.384741293e-10
10789	89.35822598	5.615774512e-11
10790	89.36485305	-1.260964666e-10
10791	89.37148666	1.592859178e-11
10792	89.37812683	1.578861486e-10
10793	89.38477355	-2.430766699e-11
10794	89.39142682	1.17641008e-10
10795	89.39808665	-6.449241141e-11
10796	89.40475302	7.739586749e-11
10797	89.41142594	2.19257501e-10
10798	89.4181054	3.719691222e-11
10799	89.42479142	-1.448121623e-10
10800	89.43148398	-2.998490345e-12
10801	89.43818308	1.387920889e-10
10802	89.44488872	-4.314770763e-11
10803	89.45160091	9.858780459e-11
10804	89.45831964	2.402966714e-10
10805	89.46504491	5.842437645e-11
10806	89.47177672	-1.233964042e-10
10807	89.47851507	1.826094831e-11
10808	89.48525995	1.599005373e-10
10809	89.49201138	-2.184918912e-11
10810	89.49876933	-2.035456248e-10
10811	89.50553382	2.612843275e-10
10812	89.51230485	7.960387904e-11
10813	89.51908241	-1.020268314e-10
10814	89.52586649	3.950262339e-11
10815	89.53265711	1.809645767e-10
10816	89.53945426	-5.950795412e-13
10817	89.54625794	-1.82101445e-10
10818	89.55306814	2.822346801e-10
10819	89.55988487	1.0073542e-10
10820	89.56670813	-8.070344393e-11
10821	89.57353791	6.066969149e-11
10822	89.58037421	2.019824308e-10
10823	89.58721704	2.060929205e-11
10824	89.59406638	1.618971623e-10
10825	89.60092225	-1.940669847e-11
10826	89.60778464	1.218243284e-10
10827	89.61465354	-5.941735992e-11
10828	89.62152897	8.179767974e-11
10829	89.62841091	-9.938538881e-11
10830	89.63529936	4.177103108e-11
10831	89.64219433	1.829043583e-10
10832	89.64909581	1.790567694e-12
10833	89.6560038	1.428652752e-10
10834	89.66291831	-3.818456662e-11
10835	89.66983933	1.028688246e-10
10836	89.67676685	-7.81117393e-11
10837	89.68370088	6.288836119e-11
10838	89.69064142	2.038635927e-10
10839	89.69758847	2.293809587e-11
10840	89.70454202	-1.579163467e-10
10841	89.71150208	3.047535557e-10
10842	89.71846864	1.23907995e-10
10843	89.7254417	-5.688782778e-11
10844	89.73242126	-2.376232544e-10
10845	89.73940732	2.247713127e-10
10846	89.74639988	4.405187326e-11
10847	89.75339894	-1.366142754e-10
10848	89.7604045	3.255458125e-10
10849	89.76741655	1.448885456e-10
10850	89.77443509	-3.570477247e-11
10851	89.78146014	-2.162430235e-10
10852	89.78849167	2.456346238e-10
10853	89.79552969	6.511058359e-11
10854	89.80257421	-1.153619422e-10
10855	89.80962521	2.526334697e-11
10856	89.81668271	1.65822911e-10
10857	89.82374669	-1.457323151e-11
10858	89.83081716	1.259685689e-10
10859	89.83789411	-5.436717743e-11
10860	89.84497755	8.611777957e-11
10861	89.85206747	-9.41504652e-11
10862	89.85916388	4.631495187e-11
10863	89.86626676	1.867128674e-10
10864	89.87337613	6.51390053e-12
10865	89.88049197	1.468958288e-10
10866	89.8876143	-3.324096554e-11
10867	89.8947431	1.070805666e-10
10868	89.90187838	2.473754535e-10
10869	89.90902013	6.731326607e-11
10870	89.91616835	-1.126885252e-10
10871	89.92332305	2.755129458e-11
10872	89.93048422	1.677662453e-10
10873	89.93765187	-1.216093892e-11
10874	89.94482598	-1.920312798e-10
10875	89.95200656	2.681304068e-10
10876	89.95919361	8.826717135e-11
10877	89.96638712	-9.153389158e-11
10878	89.9735871	4.854250335e-11
10879	89.98079355	1.885958056e-10
10880	89.98800645	8.864020629e-12
10881	89.99522583	-1.708055919e-10
10882	90.00245166	2.888249639e-10
10883	90.00968395	1.091677859e-10
10884	90.0169227	-7.043077233e-11
10885	90.02416791	6.950529041e-11
10886	90.03141958	2.093738516e-10
10887	90.0386777	2.984634762e-11
10888	90.04594228	-1.496189839e-10
10889	90.05321331	-9.766409903e-12
10890	90.0604908	1.300222152e-10
10891	90.06777473	-4.937206199e-11
10892	90.07506512	9.039524684e-11
10893	90.08236196	2.300986068e-10
10894	90.08966524	5.07753839e-11
10895	90.09697498	-1.284821138e-10
10896	90.10429116	1.120525894e-11
10897	90.11161378	1.508269065e-10
10898	90.11894285	-2.835953694e-11
10899	90.12627836	1.112425707e-10
10900	90.13362032	-6.788525297e-11
10901	90.14096871	7.166001126e-11
10902	90.14832355	2.111768538e-10
10903	90.15568482	3.212896615e-11
10904	90.16305253	-1.468620781e-10
10905	90.17042668	-7.398526236e-12
10906	90.17780727	1.320330512e-10
10907	90.18519429	-4.687983335e-11
10908	90.19258774	9.249134791e-11
10909	90.19998762	2.318394365e-10
10910	90.20739394	5.300115902e-11
10911	90.21480668	-1.257820514e-10
10912	90.22222586	3.315463459e-10
10913	90.22965146	1.527773463e-10
10914	90.23708349	-2.592770443e-11
10915	90.24452195	-2.045776881e-10
10916	90.25196683	2.524522813e-10
10917	90.25941813	7.382894296e-11
10918	90.26687586	-1.047517628e-10
10919	90.27434001	3.439382112e-11
10920	90.28181057	1.734736799e-10
10921	90.28928756	-5.023537142e-12
10922	90.29677097	-1.834621344e-10
10923	90.30426079	2.730153881e-10
10924	90.31175703	9.459455441e-11
10925	90.31925968	-8.376943583e-11
10926	90.32676875	5.520561785e-11
10927	90.33428423	1.941149463e-10
10928	90.34180612	1.58291158e-11
10929	90.34933442	1.547100226e-10
10930	90.35686913	-2.35047537e-11
10931	90.36441025	1.153157569e-10
10932	90.37195778	-6.283329412e-11
10933	90.37951171	7.596767659e-11
10934	90.38707205	-1.021156493e-10
10935	90.39463879	3.662847803e-11
10936	90.40221193	1.753388545e-10
10937	90.40979148	-2.666311616e-12
10938	90.41737742	1.359836688e-10
10939	90.42496976	-4.195221948e-11
10940	90.43256851	9.667644463e-11
10941	90.44017365	-8.11901657e-11
10942	90.44778518	5.738165498e-11
10943	90.45540311	1.959179485e-10
10944	90.46302744	1.812416883e-11
10945	90.47065815	-1.596003329e-10
10946	90.47829526	2.950493183e-10
10947	90.48593876	1.173354747e-10
10948	90.49358865	-6.031619648e-11
10949	90.50124492	-2.379074715e-10
10950	90.50890759	2.164419755e-10
10951	90.51657664	3.886668765e-11
10952	90.52425207	-1.386464277e-10
10953	90.53193389	3.154418948e-10
10954	90.53962208	1.37941214e-10
10955	90.54731667	-3.949196525e-11
10956	90.55501763	9.874590035e-11
10957	90.56272497	2.369127117e-10
10958	90.57043868	5.955236304e-11
10959	90.57815878	-1.17740484e-10
10960	90.58588525	2.041211644e-11
10961	90.59361809	1.584918863e-10
10962	90.60135731	-1.87263538e-11
10963	90.6091029	1.193392052e-10
10964	90.61685486	-5.781153334e-11
10965	90.62461319	8.01900768e-11
10966	90.63237789	-9.688960745e-11
10967	90.64014896	4.109068641e-11
10968	90.64792639	1.789963733e-10
10969	90.65571019	1.998401444e-12
10970	90.66350036	1.39882772e-10
10971	90.67129689	-3.705480367e-11
10972	90.67909977	1.007727235e-10
10973	90.68690902	2.385664999e-10
10974	90.69472463	6.17106366e-11
10975	90.7025466	-1.150723961e-10
10976	90.71037493	2.266453691e-11
10977	90.71820961	1.603730482e-10
10978	90.72605064	-1.633893021e-11
10979	90.73389803	-1.929851834e-10
10980	90.74175178	2.589182202e-10
10981	90.74961187	8.228440151e-11
10982	90.75747832	-9.428191561e-11
10983	90.76535111	4.327915804e-11
10984	90.77323025	1.808082573e-10
10985	90.78111574	4.318323477e-12
10986	90.78900758	-1.721058851e-10
10987	90.79690576	2.792184262e-10
10988	90.80481028	1.028084284e-10
10989	90.81272115	-7.353939679e-11
10990	90.82063835	6.385647566e-11
10991	90.8285619	2.011830702e-10
10992	90.83649178	2.492406281e-11
10993	90.84442801	-1.512816539e-10
10994	90.85237057	-1.39728229e-11
10995	90.86031946	1.232702829e-10
10996	90.86827469	-5.285016869e-11
10997	90.87623625	8.436451537e-11
10998	90.88420415	2.215152506e-10
10999	90.89217837	4.547118237e-11
11000	90.90015892	1.825952722e-10
11001	90.90814581	6.622258297e-12
11002	90.91613902	1.436841757e-10
11003	90.92413855	-3.221245493e-11
11004	90.93214441	1.048192644e-10
11005	90.94015659	-7.100453558e-11
11006	90.9481751	6.596856394e-11
11007	90.95619993	2.029079127e-10
11008	90.96423107	2.715871972e-11
11009	90.97226854	-1.485140899e-10
11010	90.98031232	-1.163158458e-11
11011	90.98836242	1.252189463e-10
11012	90.99641884	-5.037570361e-11
11013	91.00448157	8.641265481e-11
11014	91.01255061	2.231654861e-10
11015	91.02062597	4.764899586e-11
11016	91.02870763	-1.278035455e-10
11017	91.03679561	3.210036681e-10
11018	91.04488989	1.455653376e-10
11019	91.05299048	-2.980371505e-11
11020	91.06109737	-2.051123715e-10
11021	91.06921057	2.433697688e-10
11022	91.07733008	6.807709951e-11
11023	91.08545588	-1.071445155e-10
11024	91.09358799	2.938804755e-11
11025	91.10172639	1.658548854e-10
11026	91.1098711	-9.286793556e-12
11027	91.1180221	-1.843627473e-10
11028	91.1261794	2.635189844e-10
11029	91.13434299	8.845901789e-11
11030	91.14251288	-8.653877615e-11
11031	91.15068906	4.980904578e-11
11032	91.15887153	1.860858134e-10
11033	91.16706029	1.117683723e-11
11034	91.17525535	1.474305122e-10
11035	91.18345668	-2.740918603e-11
11036	91.19166431	1.087752111e-10
11037	91.19987822	-6.598455116e-11
11038	91.20809842	7.017852965e-11
11039	91.21632489	-1.045101783e-10
11040	91.22455765	3.158717732e-11
11041	91.23279669	1.676507821e-10
11042	91.24104201	-6.956213383e-12
11043	91.24929361	1.290416662e-10
11044	91.25755149	2.650093478e-10
11045	91.26581564	9.048584104e-11
11046	91.27408606	-8.397371687e-11
11047	91.28236276	5.194067398e-11
11048	91.29064573	1.878142086e-10
11049	91.29893497	1.343813949e-11
11050	91.30723048	-1.608668754e-10
11051	91.31553226	2.850288894e-10
11052	91.32384031	1.107398617e-10
11053	91.33215462	-6.348699344e-11
11054	91.3404752	-2.37641018e-10
11055	91.34880204	2.079261208e-10
11056	91.35713514	3.377920166e-11
11057	91.3654745	-1.402895577e-10
11058	91.37382013	3.049933639e-10
11059	91.38217201	1.309352626e-10
11060	91.39053015	-4.305533707e-11
11061	91.39889455	9.249667698e-11
11062	91.4072652	2.279723077e-10
11063	91.4156421	5.406874948e-11
11064	91.42402526	-1.197690835e-10
11065	91.43241467	1.568878361e-11
11066	91.44081033	1.510738201e-10
11067	91.44921223	-2.267697141e-11
11068	91.45762039	1.126796434e-10
11069	91.46603479	-6.099476479e-11
11070	91.47445544	7.429790116e-11
11071	91.48288233	-9.929834732e-11
11072	91.49131546	3.596234421e-11
11073	91.49975483	1.711590869e-10
11074	91.50820045	-2.359001883e-12
11075	91.5166523	1.328075427e-10
11076	91.52511039	-4.063060999e-11
11077	91.53357472	9.447376215e-11
11078	91.54204528	2.295372781e-10
11079	91.55052207	5.618261412e-11
11080	91.5590051	-1.171027719e-10
11081	91.56749436	1.790390058e-11
11082	91.57598985	1.528785987e-10
11083	91.58449157	-2.032152224e-11
11084	91.59299952	-1.934541416e-10
11085	91.60151369	2.49453791e-10
11086	91.61003409	7.634426424e-11
11087	91.61856071	-9.670664269e-11
11088	91.62709355	3.459224018e-10
11089	91.63563262	1.728928112e-10
11090	91.64417791	-7.105427358e-14
11091	91.65272941	-1.729638655e-10
11092	91.66128713	2.693205658e-10
11093	91.66985107	9.64472946e-11
11094	91.67842123	-7.636025146e-11
11095	91.68699759	5.828049154e-11
11096	91.69558017	1.928448512e-10
11097	91.70416897	2.012257028e-11
11098	91.71276397	-1.5252688e-10
11099	91.72136518	-1.798383664e-11
11100	91.7299726	1.164899288e-10
11101	91.73858622	-5.607425635e-11
11102	91.74720605	7.836931104e-11
11103	91.75583208	2.127400478e-10
11104	91.76446432	4.026112777e-11
11105	91.77310275	1.745981137e-10
11106	91.78174739	2.206235195e-12
11107	91.79039823	1.364739433e-10
11108	91.79905526	-3.584155195e-11
11109	91.80771849	9.840306348e-11
11110	91.81638791	-7.384137746e-11
11111	91.82506353	6.034106548e-11
11112	91.83374533	1.944826522e-10
11113	91.84243333	2.232880547e-11
11114	91.85112752	-1.497593161e-10
11115	91.8598279	-1.567457275e-11
11116	91.86853447	1.183764198e-10
11117	91.87724722	-5.36193312e-11
11118	91.88596615	8.036060706e-11
11119	91.89469127	2.143032418e-10
11120	91.90342257	4.239097962e-11
11121	91.91216006	-1.294448992e-10
11122	91.92090372	3.101128243e-10
11123	91.92965356	1.382911563e-10
11124	91.93840957	-3.346123378e-11
11125	91.94717176	-2.051407932e-10
11126	91.95594013	2.34066988e-10
11127	91.96471467	6.239986305e-11
11128	91.97349538	-1.091873258e-10
11129	91.98228226	2.451550074e-11
11130	91.99107531	1.581437203e-10
11131	91.99987453	-1.33635325e-11
11132	92.00867992	1.202380417e-10
11133	92.01749147	2.537667854e-10
11134	92.02630918	8.235190307e-11
11135	92.03513306	-8.899014858e-11
11136	92.04396309	4.450839697e-11
11137	92.05279929	1.779376646e-10
11138	92.06164165	6.686207144e-12
11139	92.07049016	1.40081724e-10
11140	92.07934483	-3.109335012e-11
11141	92.08820566	1.022399942e-10
11142	92.09707264	-6.885692017e-11
11143	92.10594577	6.444800249e-11
11144	92.11482505	-1.065689759e-10
11145	92.12371048	2.666489252e-11
11146	92.13260206	1.598614574e-10
11147	92.14149979	-1.105959768e-11
11148	92.15040366	1.220694656e-10
11149	92.15931368	2.551594491e-10
11150	92.16822984	8.432188281e-11
11151	92.17715214	-8.643930016e-11
11152	92.18608059	4.658851083e-11
11153	92.19501517	1.795861237e-10
11154	92.20395589	8.910205906e-12
11155	92.21290274	-1.616911049e-10
11156	92.22185574	2.747242434e-10
11157	92.23081486	1.041406961e-10
11158	92.23978012	-6.637179695e-11
11159	92.24875151	-2.368114593e-10
11160	92.25772903	1.992468412e-10
11161	92.26671267	2.882316608e-11
11162	92.27570245	-1.415241258e-10
11163	92.28469835	2.942286415e-10
11164	92.29370038	1.238973368e-10
11165	92.30270852	-4.636468987e-11
11166	92.3117228	8.62812044e-11
11167	92.32074319	2.18848939e-10
11168	92.3297697	4.86721774e-11
11169	92.33880233	-1.21419319e-10
11170	92.34784107	1.112354653e-11
11171	92.35688593	1.435882524e-10
11172	92.36593691	-2.641620256e-11
11173	92.374994	1.06021858e-10
11174	92.3840572	-6.39044373e-11
11175	92.39312651	6.84643453e-11
11176	92.40220192	2.007958244e-10
11177	92.41128345	3.096189971e-11
11178	92.42037108	1.632241009e-10
11179	92.42946482	-6.526335028e-12
11180	92.43856466	1.25700339e-10
11181	92.4476706	-4.396483178e-11
11182	92.45678264	8.819256436e-11
11183	92.46590078	2.203179861e-10
11184	92.47502502	5.073985676e-11
11185	92.48415536	-1.187654419e-10
11186	92.49329179	1.329958366e-11
11187	92.50243432	1.45323753e-10
11188	92.51158293	-2.40891751e-11
11189	92.52073764	-1.934257199e-10
11190	92.52989844	2.397779753e-10
11191	92.53906533	7.045564132e-11
11192	92.54823831	-9.878675655e-11
11193	92.55741737	3.341042998e-10
11194	92.56660251	1.648778891e-10
11195	92.57579374	-4.277467269e-12
11196	92.58499105	-1.733511112e-10
11197	92.59419444	2.591722392e-10
11198	92.60340392	9.011280611e-11
11199	92.61261946	-7.887379638e-11
11200	92.62184109	5.27879962e-11
11201	92.63106879	1.843716291e-10
11202	92.64030256	1.547739714e-11
11203	92.64954241	-1.533351224e-10
11204	92.65878832	-2.177813485e-11
11205	92.66804031	1.09700693e-10
11206	92.67729837	-5.90230087e-11
11207	92.68656249	7.242917377e-11
11208	92.69583267	2.038014202e-10
11209	92.70510893	3.517186542e-11
11210	92.71439124	1.665085847e-10
11211	92.72367962	-2.039257652e-12
11212	92.73297405	1.292299601e-10
11213	92.74227455	-3.922906444e-11
11214	92.7515811	9.20064025e-11
11215	92.76089371	-7.63709096e-11
11216	92.77021237	5.479883214e-11
11217	92.77953708	1.85929494e-10
11218	92.78886785	1.763922342e-11
11219	92.79820467	-1.505711111e-10
11220	92.80754754	2.797158061e-10
11221	92.81689645	1.115267878e-10
11222	92.82625141	-5.658939983e-11
11223	92.83561242	7.436540272e-11
11224	92.84497947	2.052846781e-10
11225	92.85435256	3.725553199e-11
11226	92.8637317	-1.306901254e-10
11227	92.87311687	2.989075654e-10
11228	92.88250808	1.309761188e-10
11229	92.89190533	-3.687716799e-11
11230	92.90130861	-2.046540715e-10
11231	92.91071793	2.245741371e-10
11232	92.92013328	5.680789172e-11
11233	92.92955466	-1.108730885e-10
11234	92.93898207	1.978506248e-11
11235	92.94841551	1.503703828e-10
11236	92.95785497	-1.722710863e-11
11237	92.96730047	1.133262373e-10
11238	92.97675198	2.437943181e-10
11239	92.98620952	7.629807897e-11
11240	92.99567308	-9.111644772e-11
11241	93.00514266	3.932676407e-11
11242	93.01461826	1.696918162e-10
11243	93.02409988	2.36610731e-12
11244	93.03358751	1.32699185e-10
11245	93.04308116	-3.453592967e-11
11246	93.05258082	9.572431736e-11
11247	93.06208649	-7.14237558e-11
11248	93.07159817	5.880274045e-11
11249	93.08111586	-1.082600676e-10
11250	93.09063956	2.189892712e-11
11251	93.10016927	1.520117365e-10
11252	93.10970498	-1.495337187e-11
11253	93.11924669	1.150883833e-10
11254	93.1287944	2.450910586e-10
11255	93.13834812	7.8214768e-11
11256	93.14790783	-8.85780338e-11
11257	93.15747354	4.135891629e-11
11258	93.16704525	1.712550102e-10
11259	93.17662296	4.55813165e-12
11260	93.18620665	-1.620623635e-10
11261	93.19579634	2.641655783e-10
11262	93.20539202	9.756107033e-11
11263	93.21499369	-6.895817251e-11
11264	93.22460135	6.077449655e-11
11265	93.23421499	1.90439664e-10
11266	93.24383462	2.40110154e-11
11267	93.25346023	-1.423394735e-10
11268	93.26309182	2.831797019e-10
11269	93.2727294	1.168452002e-10
11270	93.28237295	-4.940936549e-11
11271	93.29202248	8.011014074e-11
11272	93.30167799	2.0955504e-10
11273	93.31133948	4.339106852e-11
11274	93.32100693	-1.226894142e-10
11275	93.33068036	6.727063351e-12
11276	93.34035976	1.360671575e-10
11277	93.35004513	-2.991562553e-11
11278	93.35973647	9.938005974e-11
11279	93.36943377	-6.651035278e-11
11280	93.37913704	6.271605457e-11
11281	93.38884628	1.91898053e-10
11282	93.39856147	2.610534011e-11
11283	93.40828263	1.552127316e-10
11284	93.41800974	-1.049649256e-11
11285	93.42774282	1.185860299e-10
11286	93.43748185	-4.703792911e-11
11287	93.44722683	8.197353907e-11
11288	93.45697777	2.109352693e-10
11289	93.46673466	4.541078624e-11
11290	93.4764975	-1.200319844e-10
11291	93.4862663	8.867573342e-12
11292	93.49604103	1.377244985e-10
11293	93.50582172	-2.762412521e-11
11294	93.51560835	-1.928910365e-10
11295	93.52540093	2.298996549e-10
11296	93.53519944	6.465228353e-11
11297	93.5450039	-1.005187045e-10
11298	93.5548143	3.219433609e-10
11299	93.56463063	1.567954655e-10
11300	93.5744529	-8.277822872e-12
11301	93.58428111	-1.732658461e-10
11302	93.59411525	2.487965389e-10
11303	93.60395532	8.383160832e-11
11304	93.61380132	-8.106404437e-11
11305	93.62365325	4.740741133e-11
11306	93.63351111	1.757953783e-10
11307	93.6433749	1.100630698e-11
11308	93.65324461	-1.53706381e-10
11309	93.66312024	-2.534505938e-11
11310	93.6730018	1.029363261e-10
11311	93.68288927	-6.167688582e-11
11312	93.69278267	6.657074891e-11
11313	93.70268198	1.947331185e-10
11314	93.71258721	3.021938255e-11
11315	93.72249835	1.583480014e-10
11316	93.73241541	-6.080469461e-12
11317	93.74233838	1.219788714e-10
11318	93.75226726	-4.235367612e-11
11319	93.76220205	8.566480858e-11
11320	93.77214274	-7.857892115e-11
11321	93.78208934	4.936850928e-11
11322	93.79204185	1.772697544e-10
11323	93.80200026	1.312194797e-11
11324	93.81196457	-1.509405934e-10
11325	93.82193478	2.687414735e-10
11326	93.83191088	1.04693143e-10
11327	93.84189289	-5.926814595e-11
11328	93.85188079	6.844835809e-11
11329	93.86187459	1.961240059e-10
11330	93.87187427	3.226219292e-11
11331	93.88187985	-1.315232367e-10
11332	93.89189132	2.874180893e-10
11333	93.90190868	1.236521996e-10
11334	93.91193192	-4.003197773e-11
11335	93.92196105	-2.036344426e-10
11336	93.93199607	2.149125322e-10
11337	93.94203696	5.132605452e-11
11338	93.95208374	-1.121769344e-10
11339	93.9621364	1.522337811e-11
11340	93.97219493	1.425490836e-10
11341	93.98225934	-2.085620565e-11
11342	93.99232963	1.064286437e-10
11343	94.00240579	2.336246752e-10
11344	94.01248782	7.032596727e-11
11345	94.02257572	-9.288925185e-11
11346	94.03266949	3.428191064e-11
11347	94.04276913	1.613713607e-10
11348	94.05287463	-1.74793513e-12
11349	94.062986	1.253042115e-10
11350	94.07310323	-3.772271384e-11
11351	94.08322633	8.925660211e-11
11352	94.09335528	-7.367439991e-11
11353	94.10349009	5.326405983e-11
11354	94.11363076	-1.09576348e-10
11355	94.12377729	1.729461019e-11
11356	94.13392967	1.441122777e-10
11357	94.1440879	-1.86233251e-11
11358	94.15425198	1.081215117e-10
11359	94.16442192	2.34823716e-10
11360	94.1745977	7.218581288e-11
11361	94.18477933	-9.036682513e-11
11362	94.1949668	3.626610123e-11
11363	94.20516012	1.628546187e-10
11364	94.21535928	4.032330025e-13
11365	94.22556428	-1.619682166e-10
11366	94.23577512	2.533830923e-10
11367	94.24599179	9.103295895e-11
11368	94.25621431	-7.123546197e-11
11369	94.26644266	5.518963064e-11
11370	94.27667684	1.815241291e-10
11371	94.28691685	1.935696048e-11
11372	94.29716269	-1.427213903e-10
11373	94.30741437	2.718785197e-10
11374	94.31767186	1.098161562e-10
11375	94.32793519	-5.216449495e-11
11376	94.33820434	7.40207895e-11
11377	94.34847931	2.001243615e-10
11378	94.3587601	3.825029182e-11
11379	94.36904671	-1.235385128e-10
11380	94.37933914	2.531308496e-12
11381	94.38963739	1.285265228e-10
11382	94.39994145	-3.316280583e-11
11383	94.41025133	9.278977586e-11
11384	94.42056702	-6.880895853e-11
11385	94.43088851	5.707434525e-11
11386	94.44121582	1.829008056e-10
11387	94.45154894	2.140865263e-11
11388	94.46188786	1.471658351e-10
11389	94.47223258	-1.423750007e-11
11390	94.48258311	1.114841552e-10
11391	94.49293944	-4.981970392e-11
11392	94.50330157	7.582201533e-11
11393	94.5136695	2.014193257e-10
11394	94.52404322	4.021494249e-11
11395	94.53442274	-1.209006228e-10
11396	94.54480806	4.629185923e-12
11397	94.55519916	1.301110331e-10
11398	94.56559606	-3.090505629e-11
11399	94.57599874	-1.918323278e-10
11400	94.58640722	2.198579097e-10
11401	94.59682148	5.895017807e-11
11402	94.60724152	-1.018687357e-10
11403	94.61766735	3.094697831e-10
11404	94.62809896	1.486668566e-10
11405	94.63853635	-1.205613387e-11
11406	94.64897952	-1.726885301e-10
11407	94.65942846	2.382325448e-10
11408	94.66988318	7.76179121e-11
11409	94.68034367	-8.291678455e-11
11410	94.69080994	4.216182958e-11
11411	94.70128198	1.671445204e-10
11412	94.71175978	6.723510637e-12
11413	94.72224336	1.316742271e-10
11414	94.7327327	-2.865441218e-11
11415	94.7432278	9.621459185e-11
11416	94.75372867	-6.401990049e-11
11417	94.7642353	6.081002368e-11
11418	94.77474769	1.855582354e-10
11419	94.78526584	2.543387723e-11
11420	94.79578974	1.501412328e-10
11421	94.8063194	-9.894307595e-12
11422	94.81685482	1.14738441e-10
11423	94.82739598	-4.519584706e-11
11424	94.8379429	7.939604529e-11
11425	94.84849557	-8.045120126e-11
11426	94.85905398	4.407318954e-11
11427	94.86961814	1.685371842e-10
11428	94.88018804	8.798295426e-12
11429	94.89076369	-1.508517755e-10
11430	94.90134508	2.575362146e-10
11431	94.91193221	9.790213085e-11
11432	94.92252507	-6.163958233e-11
11433	94.93312368	6.263611851e-11
11434	94.94372802	1.868656341e-10
11435	94.95433809	2.742339689e-11
11436	94.96495389	-1.319264697e-10
11437	94.97557543	2.756799233e-10
11438	94.98620269	1.163407148e-10
11439	94.99683568	-4.290434674e-11
11440	95.0074744	-2.020623668e-10
11441	95.01811884	2.051159242e-10
11442	95.028769	4.597922043e-11
11443	95.03942489	-1.130775473e-10
11444	95.05008649	1.086242207e-11
11445	95.06075381	1.347064682e-10
11446	95.07142685	-2.424016543e-11
11447	95.08210561	9.957545899e-11
11448	95.09279007	2.232987129e-10
11449	95.10348025	6.445688427e-11
11450	95.11417614	-9.429612646e-11
11451	95.12487774	2.939515298e-11
11452	95.13558504	1.5300472e-10
11453	95.14629805	-5.641709322e-12
11454	95.15701676	1.179216724e-10
11455	95.16774118	-4.062528092e-11
11456	95.17847129	8.28652702e-11
11457	95.18920711	2.063007543e-10
11458	95.19994862	4.786215868e-11
11459	95.21069583	-1.104929481e-10
11460	95.22144873	1.287858709e-11
11461	95.23220733	1.362021607e-10
11462	95.24297161	-2.204458838e-11
11463	95.25374159	1.011990491e-10
11464	95.26451725	2.243911723e-10
11465	95.27529861	6.62545574e-11
11466	95.28608564	-9.179679239e-11
11467	95.29687836	3.133138193e-11
11468	95.30767676	1.544027128e-10
11469	95.31848084	-3.538502824e-12
11470	95.3292906	-1.613891243e-10
11471	95.34010604	2.42405207e-10
11472	95.35092715	8.457057277e-11
11473	95.36175393	-7.317346729e-11
11474	95.37258639	4.972555701e-11
11475	95.38342452	1.725393162e-10
11476	95.39426831	1.490008117e-11
11477	95.40511778	-1.426485596e-10
11478	95.41597291	2.603499638e-10
11479	95.4268337	1.02826192e-10
11480	95.43770016	-5.46194201e-11
11481	95.44857227	6.803269059e-11
11482	95.45945005	1.905977598e-10
11483	95.47033349	3.326405817e-11
11484	95.48122258	-1.239790492e-10
11485	95.49211732	-1.449507181e-12
11486	95.50301772	1.209983225e-10
11487	95.51392377	-3.613820354e-11
11488	95.52483547	8.626344083e-11
11489	95.53575282	-7.076828012e-11
11490	95.54667581	5.155520455e-11
11491	95.55760445	1.738307276e-10
11492	95.56853873	1.689848261e-11
11493	95.57947865	1.390976223e-10
11494	95.59042422	-1.773159397e-11
11495	95.60137542	1.044249132e-10
11496	95.61233226	-5.230305078e-11
11497	95.62329473	6.977529665e-11
11498	95.63426284	1.91798577e-10
11499	95.64523658	3.517541813e-11
11500	95.65621595	-1.213535938e-10
11501	95.66720095	2.790159215e-10
11502	95.67819158	1.225064494e-10
11503	95.68918783	-3.391065206e-11
11504	95.70018971	-1.902389357e-10
11505	95.71119721	2.09684714e-10
11506	95.72221032	5.337952302e-11
11507	95.73322906	-1.028386265e-10
11508	95.74425342	2.967173174e-10
11509	95.75528339	1.405169314e-10
11510	95.76631898	-1.559108398e-11
11511	95.77736018	-1.716102815e-10
11512	95.78840699	2.275086786e-10
11513	95.7994594	7.150546821e-11
11514	95.81051743	-8.440181887e-11
11515	95.82158106	3.707079088e-11
11516	95.8326503	1.584545828e-10
11517	95.84372514	2.657429832e-12
11518	95.85480558	1.239950365e-10
11519	95.86589162	-3.170264051e-11
11520	95.87698326	8.956391184e-11
11521	95.8880805	-6.603428915e-11
11522	95.89918333	5.518252522e-11
11523	95.91029175	1.763176272e-10
11524	95.92140577	2.082600759e-11
11525	95.93252537	1.419131479e-10
11526	95.94365056	-1.347011391e-11
11527	95.95478134	1.075370903e-10
11528	95.96591771	-4.774491913e-11
11529	95.97705965	7.322142892e-11
11530	95.98820718	-8.196110457e-11
11531	95.99936029	3.892708378e-11
11532	96.01051898	1.597602051e-10
11533	96.02168324	4.684252985e-12
11534	96.03285308	-1.502975522e-10
11535	96.0440285	2.461426618e-10
11536	96.05520948	9.118572564e-11
11537	96.06639603	-6.368416905e-11
11538	96.07758816	5.69446712e-11
11539	96.08878585	1.775219971e-10
11540	96.0999891	2.276756561e-11
11541	96.11119792	-1.31898048e-10
11542	96.1224123	2.6371616e-10
11543	96.13363224	1.090700863e-10
11544	96.14485774	-4.548184052e-11
11545	96.1560888	7.491074427e-11
11546	96.16732541	1.952180639e-10
11547	96.17856757	4.077627125e-11
11548	96.18981529	-1.135731509e-10
11549	96.20106856	6.696865285e-12
11550	96.21232737	1.268833927e-10
11551	96.22359174	-2.735589533e-11
11552	96.23486165	9.278444679e-11
11553	96.2461371	2.128324184e-10
11554	96.25741809	5.870681719e-11
11555	96.26870463	-9.532463707e-11
11556	96.2799967	2.468780735e-11
11557	96.29129431	1.44616763e-10
11558	96.30259746	-9.299228054e-12
11559	96.31390614	1.10581766e-10
11560	96.32522035	-4.323830183e-11
11561	96.33654009	7.656275613e-11
11562	96.34786536	1.963122997e-10
11563	96.35919616	4.260947151e-11
11564	96.37053248	-1.110027625e-10
11565	96.38187433	8.67750316e-12
11566	96.3932217	1.2829382e-10
11567	96.40457459	-2.519762177e-11
11568	96.415933	9.43440881e-11
11569	96.42729693	2.138307309e-10
11570	96.43866637	6.044764689e-11
11571	96.45004132	-9.284306657e-11
11572	96.46142179	2.657252196e-11
11573	96.47280777	1.459383725e-10
11574	96.48419925	-7.238654121e-12
11575	96.49559624	-1.603233102e-10
11576	96.50699874	2.312745551e-10
11577	96.51840675	7.821299164e-11
11578	96.52982025	-7.475797759e-11
11579	96.54123925	4.441957913e-11
11580	96.55266376	1.635012126e-10
11581	96.56409376	1.06474829e-11
11582	96.57552925	-1.421156526e-10
11583	96.58697024	2.486366668e-10
11584	96.59841672	9.589662398e-11
11585	96.60986869	-5.675460102e-11
11586	96.62132615	6.216360759e-11
11587	96.6327891	1.809894457e-10
11588	96.64425753	2.845368385e-11
11589	96.65573145	1.472386657e-10
11590	96.66721084	-5.194067398e-12
11591	96.67869572	1.135074257e-10
11592	96.69018608	-3.881694965e-11
11593	96.70168191	7.983480543e-11
11594	96.71318322	-7.238298849e-11
11595	96.72469	4.619060689e-11
11596	96.73620225	1.647073589e-10
11597	96.74771997	1.259792271e-11
11598	96.75924316	1.31036515e-10
11599	96.77077182	-2.096278706e-11
11600	96.78230594	9.742961993e-11
11601	96.79384553	-5.446842977e-11
11602	96.80539058	6.384581752e-11
11603	96.81694108	1.820996687e-10
11604	96.82849705	3.031708218e-11
11605	96.84005847	-1.213731338e-10
11606	96.85162535	2.666062926e-10
11607	96.86319768	1.14942722e-10
11608	96.87477546	-3.662670167e-11
11609	96.88635869	-1.881073075e-10
11610	96.89794736	1.994102661e-10
11611	96.90954149	4.795630559e-11
11612	96.92114106	-1.03403508e-10
11613	96.93274607	2.837197144e-10
11614	96.94435652	1.323794407e-10
11615	96.95597241	-1.886668599e-11
11616	96.96759374	-1.700151131e-10
11617	96.97922051	2.166444801e-10
11618	96.99085271	6.551736931e-11
11619	97.00249034	-8.551737096e-11
11620	97.0141334	3.215383515e-11
11621	97.02578189	1.497362234e-10
11622	97.03743581	-1.179500941e-12
11623	97.04909516	1.163531493e-10
11624	97.06075993	-3.445776997e-11
11625	97.07243012	8.299849696e-11
11626	97.08410573	-6.770939365e-11
11627	97.09578676	4.970068801e-11
11628	97.10747321	1.670148464e-10
11629	97.11916507	1.642419534e-11
11630	97.13086235	1.336974975e-10
11631	97.14256504	-1.679012485e-11
11632	97.15427314	1.004032413e-10
11633	97.16598665	2.175326586e-10
11634	97.17770556	6.71640521e-11
11635	97.18942988	-8.310152566e-11
11636	97.2011596	3.395683734e-11
11637	97.21289473	1.509583569e-10
11638	97.22463525	8.046896482e-13
11639	97.23638117	-1.492530544e-10
11640	97.24813249	2.345892369e-10
11641	97.25988921	8.454925648e-11
11642	97.27165131	-6.53859189e-11
11643	97.28341881	5.140599058e-11
11644	97.2951917	1.681410566e-10
11645	97.30696997	1.831779173e-11
11646	97.31875363	-1.314077736e-10
11647	97.33054268	2.515658792e-10
11648	97.34233711	1.018598539e-10
11649	97.35413692	-4.774491913e-11
11650	97.3659421	6.879119496e-11
11651	97.37775267	1.852438203e-10
11652	97.38956861	3.575273411e-11
11653	97.40138992	-1.136424288e-10
11654	97.41321661	2.771116669e-12
11655	97.42504867	1.190887389e-10
11656	97.43688609	-3.018563177e-11
11657	97.44872889	8.608580515e-11
11658	97.46057705	2.022648715e-10
11659	97.47243057	5.310774043e-11
11660	97.48428945	-9.595524375e-11
11661	97.49615369	2.018829548e-11
11662	97.5080233	1.362376878e-10
11663	97.51989825	-1.270450412e-11
11664	97.53177857	1.032987029e-10
11665	97.54366423	-4.553513122e-11
11666	97.55555525	7.038103433e-11
11667	97.56745161	1.862368038e-10
11668	97.57935333	3.752731459e-11
11669	97.59126039	-1.11089804e-10
11670	97.60317279	4.696687483e-12
11671	97.61509054	1.204281119e-10
11672	97.62701363	-2.807176713e-11
11673	97.63894205	8.75779449e-11
11674	97.65087582	2.031654844e-10
11675	97.66281492	5.478462128e-11
11676	97.67475935	-9.349498953e-11
11677	97.68670911	2.857376558e-10
11678	97.69866421	1.374775849e-10
11679	97.71062463	-1.068478639e-11
11680	97.72259038	-1.587512344e-10
11681	97.73456146	2.200017946e-10
11682	97.74653786	7.196554463e-11
11683	97.75851958	-7.598011109e-11
11684	97.77050662	3.927524972e-11
11685	97.78249897	1.544453454e-10
11686	97.79449665	6.62048194e-12
11687	97.80649963	-1.411049055e-10
11688	97.81850793	2.367670504e-10
11689	97.83052154	8.906120286e-11
11690	97.84254046	-5.854516871e-11
11691	97.85456469	5.643663314e-11
11692	97.86659422	1.713349462e-10
11693	97.87862906	2.384581421e-11
11694	97.8906692	1.386908366e-10
11695	97.90271464	-8.684608588e-12
11696	97.91476538	1.060787014e-10
11697	97.92682141	-4.119193875e-11
11698	97.93888274	7.352163323e-11
11699	97.95094936	-7.363709642e-11
11700	97.96302127	4.099476314e-11
11701	97.97509847	1.555644502e-10
11702	97.98718097	8.522960115e-12
11703	97.99926874	1.230109348e-10
11704	98.0113618	-2.391686849e-11
11705	98.02346015	9.052314454e-11
11706	98.03556377	-5.630340638e-11
11707	98.04767267	5.805844694e-11
11708	98.05978685	1.72349246e-10
11709	98.07190631	2.565414547e-11
11710	98.08403104	-1.209485845e-10
11711	98.09616104	2.540119226e-10
11712	98.10829631	1.07435838e-10
11713	98.12043684	-3.904077062e-11
11714	98.13258265	-1.854196796e-10
11715	98.14473372	1.890612111e-10
11716	98.15689005	4.269828935e-11
11717	98.16905164	-1.03558051e-10
11718	98.1812185	2.705089486e-10
11719	98.19339061	1.242739245e-10
11720	98.20556797	-2.185984727e-11
11721	98.21775059	9.195666451e-11
11722	98.22993847	2.056825821e-10
11723	98.24213159	5.966604988e-11
11724	98.25432996	-8.624745362e-11
11725	98.26653358	2.743583138e-11
11726	98.27874244	1.410285222e-10
11727	98.29095654	-4.764189043e-12
11728	98.30317589	1.087734347e-10
11729	98.31540048	-3.69055897e-11
11730	98.3276303	7.655209799e-11
11731	98.33986536	-6.901679228e-11
11732	98.35210565	4.438582835e-11
11733	98.36435118	1.576996311e-10
11734	98.37660194	1.224975676e-11
11735	98.38885792	1.255084925e-10
11736	98.40111914	-1.982591868e-11
11737	98.41338557	9.334932827e-11
11738	98.42565723	2.064659554e-10
11739	98.43793412	6.124878382e-11
11740	98.45021622	-8.385825367e-11
11741	98.46250354	2.918199016e-11
11742	98.47479608	1.421618379e-10
11743	98.48709383	-2.824407375e-12
11744	98.49939679	-1.477218348e-10
11745	98.51170496	2.229043616e-10
11746	98.52401835	7.803535595e-11
11747	98.53633694	-6.673062103e-11
11748	98.54866073	4.602895842e-11
11749	98.56098973	1.587352472e-10
11750	98.57332393	1.408650974e-11
11751	98.58566333	-1.304520936e-10
11752	98.59800793	2.392610554e-10
11753	98.61035772	9.474021567e-11
11754	98.62271271	-4.968114808e-11
11755	98.63507289	6.281553055e-11
11756	98.64743826	1.752198386e-10
11757	98.65980882	3.091926715e-11
11758	98.67218457	-1.132747229e-10
11759	98.6845655	-9.130474155e-13
11760	98.69695162	1.113562575e-10
11761	98.70934291	-3.271694027e-11
11762	98.72173939	7.949907399e-11
11763	98.73414105	1.91619165e-10
11764	98.74654788	4.767031214e-11
11765	98.75895989	1.597371124e-10
11766	98.77137706	1.590194643e-11
11767	98.78379941	1.27890587e-10
11768	98.79622693	-1.583444487e-11
11769	98.80865962	9.60973523e-11
11770	98.82109747	-4.750688731e-11
11771	98.83354048	6.433964472e-11
11772	98.84598866	1.761222279e-10
11773	98.85844199	3.264233328e-11
11774	98.87090048	-1.107451908e-10
11775	98.88336413	9.663381206e-13
11776	98.89583294	1.126174709e-10
11777	98.90830689	-3.064570819e-11
11778	98.920786	8.092015946e-11
11779	98.93327025	1.924220783e-10
11780	98.94575965	4.928679687e-11
11781	98.9582542	-9.374545584e-11
11782	98.97075389	2.720561554e-10
11783	98.98325872	1.290487717e-10
11784	98.99576869	-1.385913606e-11
11785	99.0082838	-1.566640151e-10
11786	99.02080404	2.086366635e-10
11787	99.03332942	6.585665346e-11
11788	99.04585993	-7.682388059e-11
11789	99.05839557	3.433342499e-11
11790	99.07093634	1.453948073e-10
11791	99.08348224	2.842170943e-12
11792	99.09603326	-1.396109894e-10
11793	99.1085894	2.247659836e-10
11794	99.12115066	8.233769222e-11
11795	99.13371705	-5.999112318e-11
11796	99.14628855	5.088196531e-11
11797	99.15886516	1.616591305e-10
11798	99.17144689	1.945821282e-11
11799	99.18403374	1.301820873e-10
11800	99.19662569	-1.190514354e-11
11801	99.20922275	9.873701856e-11
11802	99.22182491	-4.32436309e-11
11803	99.23443219	6.73452405e-11
11804	99.24704456	-7.45146167e-11
11805	99.25966203	3.598898957e-11
11806	99.27228461	1.464250943e-10
11807	99.28491228	4.696687483e-12
11808	99.29754504	1.150439743e-10
11809	99.3101829	-2.65707456e-11
11810	99.32282585	8.372325055e-11
11811	99.33547389	-5.778133527e-11
11812	99.34812702	5.243450119e-11
11813	99.36078523	1.625828361e-10
11814	99.37344853	2.120614795e-11
11815	99.38611691	-1.200639588e-10
11816	99.39879036	2.412647859e-10
11817	99.4114689	1.000195482e-10
11818	99.42415252	-4.112976626e-11
11819	99.43684121	-1.821724993e-10
11820	99.44953497	1.786553128e-10
11821	99.4622338	3.7633896e-11
11822	99.4749377	-1.032809394e-10
11823	99.48764667	2.571205471e-10
11824	99.50036071	1.16227028e-10
11825	99.5130798	-2.456346238e-11
11826	99.52580396	8.509104532e-11
11827	99.53853318	1.946425243e-10
11828	99.55126746	5.397993164e-11
11829	99.56400679	-8.657252693e-11
11830	99.57675118	2.29327668e-11
11831	99.58950062	1.323492427e-10
11832	99.60225511	-8.078870906e-12
11833	99.61501465	1.012807616e-10
11834	99.62777923	-3.904077062e-11
11835	99.64054886	7.024070214e-11
11836	99.65332353	-6.995648505e-11
11837	99.66610324	3.925748615e-11
11838	99.678888	1.483861922e-10
11839	99.69167779	8.313350008e-12
11840	99.70447261	1.173887654e-10
11841	99.71727247	-2.257039e-11
11842	99.73007736	8.64091021e-11
11843	99.74288728	1.953281981e-10
11844	99.75570223	5.549694038e-11
11845	99.7685222	-8.422063047e-11
11846	99.7813472	2.462385851e-11
11847	99.79417722	1.334043986e-10
11848	99.80701226	-6.192379942e-12
11849	99.81985231	-1.456825771e-10
11850	99.83269739	2.111235631e-10
11851	99.84554748	7.165112947e-11
11852	99.85840258	-6.770761729e-11
11853	99.87126269	4.084554917e-11
11854	99.88412781	1.493312141e-10
11855	99.89699794	1.009681228e-11
11856	99.90987308	-1.290274554e-10
11857	99.92275321	2.268301103e-10
11858	99.93563835	8.773071158e-11
11859	99.94852849	-5.127276381e-11
11860	99.96142362	5.699618555e-11
11861	99.97432375	1.651763171e-10
11862	99.98722888	2.630429208e-11
11863	100.000139	-1.124647042e-10
11864	100.0130541	-4.327205261e-12
11865	100.0259742	1.03707265e-10
11866	100.0388993	-3.493028089e-11
11867	100.0518293	7.304734595e-11
11868	100.0647644	1.809326022e-10
11869	100.0777044	4.242650675e-11
11870	100.0906494	1.502513669e-10
11871	100.1035994	1.185895826e-11
11872	100.1165544	1.19602106e-10
11873	100.1295143	-1.86730631e-11
11874	100.1424792	8.901679394e-11
11875	100.1554491	-4.914113561e-11
11876	100.1684239	5.845635087e-11
11877	100.1814037	1.659863358e-10
11878	100.1943885	2.796340937e-11
11879	100.2073782	-1.099529356e-10
11880	100.2203729	-2.50111043e-12
11881	100.2333725	1.048903187e-10
11882	100.2463771	-3.289812867e-11
11883	100.2593867	7.440092986e-11
11884	100.2724012	1.816324868e-10
11885	100.2854206	4.397904263e-11
11886	100.2984451	-9.357492559e-11
11887	100.3114744	2.582076775e-10
11888	100.3245087	1.206750255e-10
11889	100.3375479	-1.674393957e-11
11890	100.3505921	-1.540563233e-10
11891	100.3636412	1.971969255e-10
11892	100.3766953	5.990585805e-11
11893	100.3897543	-7.727862794e-11
11894	100.4028182	2.960121037e-11
11895	100.415887	1.3637802e-10
11896	100.4289608	-6.75015599e-13
11897	100.4420395	-1.376250225e-10
11898	100.4551231	2.126689935e-10
11899	100.4682117	7.574030292e-11
11900	100.4813052	-6.106759542e-11
11901	100.4944036	4.550670951e-11
11902	100.5075069	1.519886439e-10
11903	100.5206151	1.530153781e-11
11904	100.5337282	1.217266288e-10
11905	100.5468463	-1.483968504e-11
11906	100.5599693	9.149658808e-11
11907	100.5730971	-4.495248618e-11
11908	100.5862299	6.132694352e-11
11909	100.5993676	-7.500133847e-11
11910	100.6125102	3.11928261e-11
11911	100.6256576	1.373194891e-10
11912	100.63881	1.122657523e-12
11913	100.6519673	1.071605027e-10
11914	100.6651295	2.131308463e-10
11915	100.6782965	7.706191241e-11
11916	100.6914685	-5.889688737e-11
11917	100.7046453	4.699884926e-11
11918	100.717827	1.528235316e-10
11919	100.7310136	1.699973495e-11
11920	100.7442051	-1.187245857e-10
11921	100.7574015	2.284004097e-10
11922	100.7706027	9.270806345e-11
11923	100.7838089	-4.287770139e-11
11924	100.7970199	-1.783604375e-10
11925	100.8102357	1.682387563e-10
11926	100.8234565	3.278444183e-11
11927	100.8366821	-1.025632912e-10
11928	100.8499126	2.43584708e-10
11929	100.8631479	1.082618439e-10
11930	100.8763881	-2.695443868e-11
11931	100.8896332	7.83586529e-11
11932	100.9028831	1.835616104e-10
11933	100.9161379	4.848033086e-11
11934	100.9293976	-8.649436722e-11
11935	100.9426621	1.866595767e-11
11936	100.9559314	1.237268066e-10
11937	100.9692056	-1.111288839e-11
11938	100.9824847	9.388756439e-11
11939	100.9957685	-4.08277856e-11
11940	101.0090573	6.408740205e-11
11941	101.0223509	-7.051070838e-11
11942	101.0356493	3.434763585e-11
11943	101.0489525	1.391029514e-10
11944	101.0622606	4.639844065e-12
11945	101.0755735	1.093383162e-10
11946	101.0888913	-2.500399887e-11
11947	101.1022139	7.96056554e-11
11948	101.1155413	1.841478081e-10
11949	101.1288735	4.993694347e-11
11950	101.1422106	-8.417089248e-11
11951	101.1555525	2.029665325e-11
11952	101.1688992	1.246931447e-10
11953	101.1822507	-9.276135415e-12
11954	101.195607	-1.431352814e-10
11955	101.2089682	1.99275263e-10
11956	101.2223341	6.543743325e-11
11957	101.2357049	-6.829026233e-11
11958	101.2490805	2.736655347e-10
11959	101.2624609	1.399627081e-10
11960	101.2758461	6.366462912e-12
11961	101.2892361	-1.271125427e-10
11962	101.3026308	2.143067945e-10
11963	101.3160304	8.084555247e-11
11964	101.3294348	-5.250555546e-11
11965	101.342844	5.136513437e-11
11966	101.356258	1.551363482e-10
11967	101.3696768	2.192379611e-11
11968	101.3831003	-1.1118928e-10
11969	101.3965287	-7.457146012e-12
11970	101.4099618	9.616485386e-11
11971	101.4233997	-3.681321914e-11
11972	101.4368424	6.675904274e-11
11973	101.4502898	1.702247232e-10
11974	101.4637421	3.738520604e-11
11975	101.4771991	1.407940431e-10
11976	101.4906609	8.075318192e-12
11977	101.5041275	1.113953374e-10
11978	101.5175988	-2.119904252e-11
11979	101.5310749	8.205702784e-11
11980	101.5445558	-5.04130071e-11
11981	101.5580414	5.275779813e-11
11982	101.5715318	1.558575491e-10
11983	101.5850269	2.352251727e-11
11984	101.5985268	-1.087059331e-10
11985	101.6120315	-5.680789172e-12
11986	101.6255409	9.727330053e-11
11987	101.6390551	-3.482725219e-11
11988	101.652574	6.804157238e-11
11989	101.6660976	1.7083579e-10
11990	101.679626	3.887734579e-11
11991	101.6931592	-9.297096426e-11
11992	101.7066971	2.442135383e-10
11993	101.7202397	1.123865445e-10
11994	101.7337871	-1.93232097e-11
11995	101.7473391	-1.509263825e-10
11996	101.760896	1.857145548e-10
11997	101.7744575	5.413980375e-11
11998	101.7880238	-7.732481322e-11
11999	101.8015948	2.509281671e-11
12000	101.8151706	1.274180761e-10
12001	101.8287511	-3.915090474e-12
12002	101.8423362	9.834622006e-11
12003	101.8559261	2.005080546e-10
12004	101.8695208	6.931344387e-11
12005	101.8831201	-6.177103273e-11
12006	101.8967242	4.034106382e-11
12007	101.9103329	1.423536844e-10
12008	101.9239464	1.14006582e-11
12009	101.9375646	1.133564353e-10
12010	101.9511875	-1.746514044e-11
12011	101.964815	8.439471344e-11
12012	101.9784473	-4.630607009e-11
12013	101.9920843	5.549338766e-11
12014	102.005726	-7.508305089e-11
12015	102.0193724	2.663469445e-11
12016	102.0330234	1.282742801e-10
12017	102.0466792	-2.167155344e-12
12018	102.0603397	9.938005974e-11
12019	102.0740048	2.008597733e-10
12020	102.0876746	7.055689366e-11
12021	102.1013491	-5.96322991e-11
12022	102.1150283	4.176925472e-11
12023	102.1287122	1.430997543e-10
12024	102.1424007	1.304201191e-11
12025	102.1560939	-1.169055963e-10
12026	102.1697918	2.154472156e-10
12027	102.1834944	8.55280291e-11
12028	102.1972016	-4.427747058e-11
12029	102.2109135	-1.739728361e-10
12030	102.2246301	1.578257525e-10
12031	102.2383513	2.81552559e-11
12032	102.2520772	-1.013980011e-10
12033	102.2658077	2.299387347e-10
12034	102.2795429	1.004103467e-10
12035	102.2932828	-2.90114599e-11
12036	102.3070273	7.177902717e-11
12037	102.3207765	1.724629328e-10
12038	102.3345303	4.318678748e-11
12039	102.3482887	-8.598988188e-11
12040	102.3620518	1.465139121e-11
12041	102.3758196	1.151931883e-10
12042	102.3895919	-1.384137249e-11
12043	102.403369	8.663292306e-11
12044	102.4171506	-4.227018735e-11
12045	102.4309369	5.811529036e-11
12046	102.4447278	1.584297138e-10
12047	102.4585234	2.965805379e-11
12048	102.4723236	1.298836594e-10
12049	102.4861284	1.23634436e-12
12050	102.4999378	1.014051065e-10
12051	102.5137519	-2.711786351e-11
12052	102.5275706	7.295497539e-11
12053	102.5413938	1.729532073e-10
12054	102.5552218	4.457234581e-11
12055	102.5690543	-8.369838156e-11
12056	102.5828914	1.622524337e-11
12057	102.5967332	1.160742613e-10
12058	102.6105795	-1.205435751e-11
12059	102.6244305	-1.400728422e-10
12060	102.6382861	1.87387883e-10
12061	102.6521462	5.939426728e-11
12062	102.666011	-6.848566159e-11
12063	102.6798804	2.585096581e-10
12064	102.6937543	1.306545983e-10
12065	102.7076329	2.913225217e-12
12066	102.721516	-1.24714461e-10
12067	102.7354038	2.017230827e-10
12068	102.7492961	7.412026548e-11
12069	102.763193	-5.336531217e-11
12070	102.7770945	4.593658787e-11
12071	102.7910006	1.451354592e-10
12072	102.8049112	1.778843739e-11
12073	102.8188264	-1.094448976e-10
12074	102.8327462	-1.029221153e-11
12075	102.8466706	8.875744584e-11
12076	102.8605996	-3.834088602e-11
12077	102.8745331	6.064837521e-11
12078	102.8884712	1.595275023e-10
12079	102.9024138	3.257483172e-11
12080	102.9163611	1.313935627e-10
12081	102.9303128	4.561684364e-12
12082	102.9442692	1.032915975e-10
12083	102.9582301	-2.340883043e-11
12084	102.9721955	7.525713386e-11
12085	102.9861655	-5.131894909e-11
12086	103.0001401	4.726175007e-11
12087	103.0141192	1.457642895e-10
12088	103.0281028	1.932676241e-11
12089	103.042091	-1.069935252e-10
12090	103.0560838	2.160760459e-10
12091	103.070081	8.978418009e-11
12092	103.0840828	-3.640110435e-11
12093	103.0980892	6.185985058e-11
12094	103.1121001	1.600426458e-10
12095	103.1261155	3.400302262e-11
12096	103.1401354	-9.193001915e-11
12097	103.1541599	2.30109265e-10
12098	103.1681889	1.042046449e-10
12099	103.1822224	-2.15827356e-11
12100	103.1962605	-1.472564293e-10
12101	103.2103031	1.742215261e-10
12102	103.2243501	4.857625413e-11
12103	103.2384017	-7.695888371e-11
12104	103.2524579	2.084377115e-11
12105	103.2665185	1.185398446e-10
12106	103.2805836	-6.8567374e-12
12107	103.2946533	9.077893992e-11
12108	103.3087274	1.883115885e-10
12109	103.3228061	6.305711509e-11
12110	103.3368892	-6.208367154e-11
12111	103.3509769	3.53992391e-11
12112	103.365069	1.327755683e-10
12113	103.3791657	7.780442957e-12
12114	103.3932668	1.050928233e-10
12115	103.4073724	-1.977085162e-11
12116	103.4214826	7.744560548e-11
12117	103.4355972	-4.729727721e-11
12118	103.4497163	4.986233648e-11
12119	103.4638398	-7.47490958e-11
12120	103.4779679	2.231459462e-11
12121	103.4921004	1.193107835e-10
12122	103.5062374	-5.165645689e-12
12123	103.5203789	9.173817261e-11
12124	103.5345249	1.885638312e-10
12125	103.5486753	6.42295106e-11
12126	103.5628302	-5.998757047e-11
12127	103.5769895	3.675992843e-11
12128	103.5911534	1.334292676e-10
12129	103.6053216	9.350742403e-12
12130	103.6194944	-1.145998851e-10
12131	103.6336716	2.024371781e-10
12132	103.6478532	7.850076145e-11
12133	103.6620394	-4.531486297e-11
12134	103.6762299	5.112710255e-11
12135	103.6904249	1.474518285e-10
12136	103.7046244	2.378186537e-11
12137	103.7188283	-9.977796367e-11
12138	103.7330366	2.162110491e-10
12139	103.7472494	9.267964174e-11
12140	103.7614667	-3.073452604e-11
12141	103.7756883	6.537703712e-11
12142	103.7899144	1.613855716e-10
12143	103.8041449	3.810640692e-11
12144	103.8183799	-8.504841276e-11
12145	103.8326193	1.091038371e-11
12146	103.8468631	1.067625988e-10
12147	103.8611114	-1.625011237e-11
12148	103.875364	7.953104841e-11
12149	103.8896211	-4.335021231e-11
12150	103.9038826	5.234568334e-11
12151	103.9181485	1.479634193e-10
12152	103.9324188	2.522426712e-11
12153	103.9466936	1.207460798e-10
12154	103.9609727	-1.868727395e-12
12155	103.9752563	9.359624187e-11
12156	103.9895443	-2.888711492e-11
12157	104.0038366	6.648193107e-11
12158	104.0181334	1.617763701e-10
12159	104.0324346	3.943512183e-11
12160	104.0467401	-8.279243957e-11
12161	104.0610501	1.242383973e-11
12162	104.0753644	1.075584066e-10
12163	104.0896832	-1.452349352e-11
12164	104.1040063	-1.364846014e-10
12165	104.1183338	1.754898449e-10
12166	104.1326657	5.355005328e-11
12167	104.147002	-6.826894605e-11
12168	104.1613427	2.432258839e-10
12169	104.1756877	1.214282008e-10
12170	104.1900371	-2.486899575e-13
12171	104.2043909	-1.218154466e-10
12172	104.2187491	1.891109491e-10
12173	104.2331116	6.757261417e-11
12174	104.2474785	-5.38413758e-11
12175	104.2618498	4.073186233e-11
12176	104.2762254	1.35198519e-10
12177	104.2906054	1.393019033e-11
12178	104.3049898	1.083293455e-10
12179	104.3193785	-1.281463824e-11
12180	104.3337715	8.149925179e-11
12181	104.3481689	-3.951328154e-11
12182	104.3625707	5.473310694e-11
12183	104.3769768	1.488764667e-10
12184	104.3913873	2.800604193e-11
12185	104.4058021	1.220819001e-10
12186	104.4202212	1.342925771e-12
12187	104.4346447	9.532641343e-11
12188	104.4490725	-2.527755782e-11
12189	104.4635047	6.863842827e-11
12190	104.4779412	-5.1841198e-11
12191	104.492382	4.198597026e-11
12192	104.5068272	1.357349788e-10
12193	104.5212766	1.54010138e-11
12194	104.5357304	-1.048086062e-10
12195	104.5501886	2.026396828e-10
12196	104.564651	8.244427363e-11
12197	104.5791178	-3.762679057e-11
12198	104.5935889	5.587352803e-11
12199	104.6080643	1.492921342e-10
12200	104.622544	2.936317856e-11
12201	104.637028	-9.044498483e-11
12202	104.6515163	2.159374901e-10
12203	104.666009	9.615774843e-11
12204	104.6805059	-2.35047537e-11
12205	104.6950071	-1.430464636e-10
12206	104.7095127	1.627462609e-10
12207	104.7240225	4.322942004e-11
12208	104.7385366	-7.616307585e-11
12209	104.7530551	1.685407369e-11
12210	104.7675778	1.097753e-10
12211	104.7821048	-9.485745522e-12
12212	104.7966361	8.336442647e-11
12213	104.8111717	1.761080171e-10
12214	104.8257115	5.700329098e-11
12215	104.8402557	-6.199130098e-11
12216	104.8548041	3.070255161e-11
12217	104.8693568	1.232827174e-10
12218	104.8839137	4.440892099e-12
12219	104.898475	9.695710901e-11
12220	104.9130405	-2.175326586e-11
12221	104.9276102	7.067413321e-11
12222	104.9421843	1.630198199e-10
12223	104.9567626	4.445155355e-11
12224	104.9713452	-7.399947322e-11
12225	104.985932	1.826805374e-11
12226	105.0005231	1.104503156e-10
12227	105.0151184	-7.847944516e-12
12228	105.029718	8.424549947e-11
12229	105.0443218	1.76257231e-10
12230	105.0589299	5.81010795e-11
12231	105.0735422	-5.993783248e-11
12232	105.0881588	3.19992921e-11
12233	105.1027796	1.238475988e-10
12234	105.1174047	5.961453553e-12
12235	105.132034	-1.118110049e-10
12236	105.1466675	1.893951662e-10
12237	105.1613053	7.165468219e-11
12238	105.1759473	-4.597566772e-11
12239	105.1905935	4.563815992e-11
12240	105.2052439	1.371454061e-10
12241	105.2198986	1.967137564e-11
12242	105.2345575	-9.768896803e-11
12243	105.2492206	2.024407308e-10
12244	105.2638879	8.510880889e-11
12245	105.2785595	-3.21023208e-11
12246	105.2932353	5.917399903e-11
12247	105.3079152	1.503472902e-10
12248	105.3225994	3.328182174e-11
12249	105.3372878	-8.366640714e-11
12250	105.3519804	7.453593298e-12
12251	105.3666772	9.845990689e-11
12252	105.3813782	-1.833200258e-11
12253	105.3960834	7.260680945e-11
12254	105.4107928	-4.406075504e-11
12255	105.4255064	4.679634458e-11
12256	105.4402242	1.375610736e-10
12257	105.4549461	2.104627583e-11
12258	105.4696723	1.117186343e-10
12259	105.4844026	-4.66471306e-12
12260	105.4991372	8.59436966e-11
12261	105.5138759	-3.030464768e-11
12262	105.5286188	6.020783871e-11
12263	105.5433658	1.506386127e-10
12264	105.5581171	3.453592967e-11
12265	105.5728725	-8.145306651e-11
12266	105.5876321	2.151345768e-10
12267	105.6023958	9.917755506e-11
12268	105.6171637	-1.665867444e-11
12269	105.6319358	-1.323741117e-10
12270	105.646712	1.636166758e-10
12271	105.6614924	4.792610753e-11
12272	105.676277	-6.763656302e-11
12273	105.6910657	2.278532918e-10
12274	105.7058586	1.123154902e-10
12275	105.7206556	-3.108624469e-12
12276	105.7354568	-1.184048415e-10
12277	105.7502621	1.764952628e-10
12278	105.7650715	6.122036211e-11
12279	105.7798851	-5.392664093e-11
12280	105.7947029	3.576161589e-11
12281	105.8095247	1.253503967e-10
12282	105.8243508	1.034550223e-11
12283	105.8391809	9.98632288e-11
12284	105.8540152	-1.500666258e-11
12285	105.8688536	7.441514072e-11
12286	105.8836961	-4.031619483e-11
12287	105.8985428	4.903810691e-11
12288	105.9133936	1.382858272e-10
12289	105.9282485	2.370015295e-11
12290	105.9431075	1.12876819e-10
12291	105.9579706	-1.570299446e-12
12292	105.9728379	8.751044334e-11
12293	105.9877092	-2.680167199e-11
12294	106.0025847	6.221156923e-11
12295	106.0174643	-5.196554298e-11
12296	106.032348	3.694822226e-11
12297	106.0472357	1.257944859e-10
12298	106.0621276	1.175592956e-11
12299	106.0770236	-1.021476237e-10
12300	106.0919237	1.891642398e-10
12301	106.1068279	7.528555557e-11
12302	106.1217361	-3.847233643e-11
12303	106.1366485	5.010747373e-11
12304	106.1515649	1.386091242e-10
12305	106.1664854	2.499334073e-11
12306	106.1814101	-8.849809774e-11
12307	106.1963388	2.017266354e-10
12308	106.2112715	8.826006592e-11
12309	106.2262084	-2.507860586e-11
12310	106.2411493	-1.383000381e-10
12311	106.2560943	1.513207337e-10
12312	106.2710433	3.81277232e-11
12313	106.2859965	-7.494449505e-11
12314	106.3009537	1.314859333e-11
12315	106.3159149	1.011351003e-10
12316	106.3308803	-1.178435127e-11
12317	106.3458496	7.612754871e-11
12318	106.3608231	1.639328673e-10
12319	106.3758006	5.116262969e-11
12320	106.3907821	-6.148326293e-11
12321	106.4057677	2.626165951e-11
12322	106.4207573	1.13907106e-10
12323	106.435751	1.406874617e-12
12324	106.4507488	8.89812668e-11
12325	106.4657505	-2.338751415e-11
12326	106.4807563	6.409450748e-11
12327	106.4957662	1.51491264e-10
12328	106.5107801	3.927880243e-11
12329	106.525798	-7.280931413e-11
12330	106.5408199	1.450217724e-11
12331	106.5558459	1.017319562e-10
12332	106.5708759	-1.021049911e-11
12333	106.5859099	7.6930462e-11
12334	106.600948	1.639790526e-10
12335	106.61599	5.218936394e-11
12336	106.6310361	-5.94759797e-11
12337	106.6460862	2.749089845e-11
12338	106.6611403	1.143796169e-10
12339	106.6761984	2.867039939e-12
12340	106.6912606	-1.085282975e-10
12341	106.7063267	1.763638124e-10
12342	106.7213968	6.500044947e-11
12343	106.736471	-4.624212124e-11
12344	106.7515491	4.039790724e-11
12345	106.7666312	1.269278016e-10
12346	106.7817174	1.583799758e-11
12347	106.7968075	-9.513101418e-11
12348	106.8119016	1.886490963e-10
12349	106.8269997	7.771205901e-11
12350	106.8421018	-3.311129149e-11
12351	106.8572079	5.31912292e-11
12352	106.8723179	1.393729576e-10
12353	106.8874319	2.870947924e-11
12354	106.9025499	-8.183675959e-11
12355	106.9176719	4.295230838e-12
12356	106.9327979	9.032063986e-11
12357	106.9479278	-2.007283229e-11
12358	106.9630617	6.587796975e-11
12359	106.9781996	-4.438049928e-11
12360	106.9933414	4.14779322e-11
12361	107.0084872	1.272475458e-10
12362	107.0236369	1.714894893e-11
12363	107.0387906	1.028226393e-10
12364	107.0539483	-7.137401781e-12
12365	107.0691099	7.84616816e-11
12366	107.0842754	-3.136335636e-11
12367	107.0994449	5.414335646e-11
12368	107.1146184	1.395754623e-10
12369	107.1297958	2.989253289e-11
12370	107.1449771	-7.965539339e-11
12371	107.1601624	2.004760802e-10
12372	107.1753516	9.094947018e-11
12373	107.1905447	-1.844924213e-11
12374	107.2057418	-1.277271622e-10
12375	107.2209428	1.517932446e-10
12376	107.2361478	4.25437463e-11
12377	107.2513566	-6.658140705e-11
12378	107.2665694	2.12427409e-10
12379	107.2817861	1.033306773e-10
12380	107.2970068	-5.638156608e-12
12381	107.3122313	-1.144861983e-10
12382	107.3274598	1.63911551e-10
12383	107.3426921	5.50883783e-11
12384	107.3579284	-5.361044941e-11
12385	107.3731686	3.105782298e-11
12386	107.3884127	1.156088558e-10
12387	107.4036607	7.066347507e-12
12388	107.4189126	9.154987879e-11
12389	107.4341684	-1.685407369e-11
12390	107.4494281	6.753353432e-11
12391	107.4646917	-4.073186233e-11
12392	107.4799592	4.35811387e-11
12393	107.4952306	1.277840056e-10
12394	107.5105058	1.967137564e-11
12395	107.525785	1.03806741e-10
12396	107.541068	-4.163780432e-12
12397	107.5563549	7.987210893e-11
12398	107.5716457	-2.796696208e-11
12399	107.5869403	5.600142572e-11
12400	107.6022389	-5.169553674e-11
12401	107.6175413	3.217692779e-11
12402	107.6328476	1.159676799e-10
12403	107.6481577	8.419931419e-12
12404	107.6634717	-9.899991937e-11
12405	107.6787896	1.757136658e-10
12406	107.6941113	6.832578947e-11
12407	107.7094369	-3.894484735e-11
12408	107.7247664	4.457945124e-11
12409	107.7400997	1.28014932e-10
12410	107.7554369	2.090061457e-11
12411	107.7707779	-8.608580515e-11
12412	107.7861227	1.875015698e-10
12413	107.8014714	8.053646638e-11
12414	107.816824	-2.629718665e-11
12415	107.8321803	5.688960414e-11
12416	107.8475406	1.399627081e-10
12417	107.8629046	3.328537446e-11
12418	107.8782725	-7.327471963e-11
12419	107.8936442	9.745093621e-12
12420	107.9090198	9.265477274e-11
12421	107.9243991	-1.375255465e-11
12422	107.9397823	6.90860702e-11
12423	107.9551694	1.518110082e-10
12424	107.9705602	4.55564475e-11
12425	107.9859549	-6.05666628e-11
12426	108.0013533	2.21014318e-11
12427	108.0167556	1.046593923e-10
12428	108.0321617	-1.307398634e-12
12429	108.0475716	8.117950756e-11
12430	108.0629854	-2.465583293e-11
12431	108.0784029	5.773870271e-11
12432	108.0938242	1.400373151e-10
12433	108.1092493	3.435829399e-11
12434	108.1246782	-7.11892767e-11
12435	108.1401109	1.103117597e-11
12436	108.1555475	9.316636351e-11
12437	108.1709878	-1.22319932e-11
12438	108.1864318	6.980371836e-11
12439	108.2018797	1.517541648e-10
12440	108.2173314	4.65156802e-11
12441	108.2327868	-5.860201213e-11
12442	108.248246	2.326316917e-11
12443	108.263709	1.050466381e-10
12444	108.2791758	8.881784197e-14
12445	108.2946463	-1.047482101e-10
12446	108.3101206	1.633644331e-10
12447	108.3255987	5.856293228e-11
12448	108.3410805	-4.611777626e-11
12449	108.3565662	3.540989724e-11
12450	108.3720555	1.168274366e-10
12451	108.3875486	1.230304747e-11
12452	108.4030455	-9.210054941e-11
12453	108.4185462	1.748823308e-10
12454	108.4340506	7.051070838e-11
12455	108.4495587	-3.373301638e-11
12456	108.4650706	4.743583304e-11
12457	108.4805862	1.28498101e-10
12458	108.4961056	2.44142484e-11
12459	108.5116287	1.054019094e-10
12460	108.5271555	1.456612608e-12
12461	108.5426861	8.235190307e-11
12462	108.5582205	-2.145839062e-11
12463	108.5737585	5.936229286e-11
12464	108.5893003	-4.430233957e-11
12465	108.6048458	3.642242064e-11
12466	108.620395	1.17058363e-10
12467	108.635948	1.354294454e-11
12468	108.6515047	9.408651636e-11
12469	108.6670651	-9.279688129e-12
12470	108.6826292	7.118572398e-11
12471	108.698197	-3.204547738e-11
12472	108.7137685	4.832401146e-11
12473	108.7293438	1.286046825e-10
12474	108.7449227	2.553335321e-11
12475	108.7605053	-7.741363106e-11
12476	108.7760917	1.858104781e-10
12477	108.7916818	8.289546827e-11
12478	108.8072755	-1.98951966e-11
12479	108.8228729	-1.225544111e-10
12480	108.8384741	1.400479732e-10
12481	108.8540789	3.741007504e-11
12482	108.8696874	-6.508926731e-11
12483	108.8852996	1.969837626e-10
12484	108.9009155	9.450928928e-11
12485	108.9165351	-7.840839089e-12
12486	108.9321583	-1.100666225e-10
12487	108.9477852	1.513882353e-10
12488	108.9634158	4.91908736e-11
12489	108.9790501	-5.287503768e-11
12490	108.994688	2.662403631e-11
12491	109.0103296	1.060094235e-10
12492	109.0259749	4.103384299e-12
12493	109.0416238	8.341416446e-11
12494	109.0572764	-1.835687158e-11
12495	109.0729326	6.086153803e-11
12496	109.0885925	-4.076383675e-11
12497	109.1042561	3.837996587e-11
12498	109.1199233	1.174100817e-10
12499	109.1355942	1.594457899e-11
12500	109.1512687	9.489653507e-11
12501	109.1669468	-6.426859045e-12
12502	109.1826286	7.242917377e-11
12503	109.198314	1.511999415e-10
12504	109.2140031	5.002931402e-11
12505	109.2296958	-5.101341571e-11
12506	109.2453921	2.767919227e-11
12507	109.2610921	1.06275877e-10
12508	109.2767957	5.389466651e-12
12509	109.2925029	-9.536549328e-11
12510	109.3082137	1.623021717e-10
12511	109.3239282	6.157563348e-11
12512	109.3396462	-3.902300705e-11
12513	109.3553679	3.930367143e-11
12514	109.3710932	1.175450848e-10
12515	109.3868222	1.710276365e-11
12516	109.4025547	-8.320810707e-11
12517	109.4182908	1.733013733e-10
12518	109.4340306	7.301537153e-11
12519	109.4497739	-2.714273251e-11
12520	109.4655209	5.083933274e-11
12521	109.4812714	1.287148166e-10
12522	109.4970255	2.871303195e-11
12523	109.5127833	-7.115730227e-11
12524	109.5285446	6.650680007e-12
12525	109.5443095	8.434497545e-11
12526	109.560078	-1.536903937e-11
12527	109.5758501	6.225775451e-11
12528	109.5916258	1.397708616e-10
12529	109.607405	4.021671884e-11
12530	109.6231878	-5.920952617e-11
12531	109.6389742	1.823963203e-11
12532	109.6547642	9.557510339e-11
12533	109.6705577	-3.691269512e-12
12534	109.6863548	7.356604215e-11
12535	109.7021555	-2.555822221e-11
12536	109.7179597	5.16067189e-11
12537	109.7337675	1.286863949e-10
12538	109.7495789	2.972200264e-11
12539	109.7653938	-6.912515005e-11
12540	109.7812122	7.869260799e-12
12541	109.7970342	8.47748538e-11
12542	109.8128598	-1.390532134e-11
12543	109.8286889	6.290079568e-11
12544	109.8445216	1.396180949e-10
12545	109.8603578	4.109068641e-11
12546	109.8761975	-5.730171893e-11
12547	109.8920408	1.94237515e-10
12548	109.9078876	9.587353134e-11
12549	109.9237379	-2.362554596e-12
12550	109.9395918	-1.004636374e-10
12551	109.9554492	1.50436108e-10
12552	109.9713101	5.236344691e-11
12553	109.9871746	-4.558486921e-11
12554	110.0030425	3.069544618e-11
12555	110.018914	1.068656275e-10
12556	110.034789	9.084288877e-12
12557	110.0506676	-8.858336287e-11
12558	110.0665496	1.611510925e-10
12559	110.0824351	6.352252058e-11
12560	110.0983242	-3.397815362e-11
12561	110.1142167	4.194333769e-11
12562	110.1301128	1.177511422e-10
12563	110.1460123	2.041034008e-11
12564	110.1619154	9.614353758e-11
12565	110.177822	-1.058708676e-12
12566	110.193732	7.458211826e-11
12567	110.2096455	-2.247446673e-11
12568	110.2255626	5.308109507e-11
12569	110.2414831	-4.382272323e-11
12570	110.2574071	3.163691531e-11
12571	110.2733345	1.07007736e-10
12572	110.2892655	1.025313168e-11
12573	110.3051999	8.55280291e-11
12574	110.3211378	-1.107736125e-11
12575	110.3370792	6.411937647e-11
12576	110.353024	-3.234035262e-11
12577	110.3689723	4.275335641e-11
12578	110.3849241	1.177582476e-10
12579	110.4008794	2.146194333e-11
12580	110.4168381	-7.471001595e-11
12581	110.4328002	1.711839559e-10
12582	110.4487658	7.504397104e-11
12583	110.4647349	-2.096811613e-11
12584	110.4807074	-1.168416475e-10
12585	110.4966834	1.284128359e-10
12586	110.5126628	3.256062087e-11
12587	110.5286457	-6.31636965e-11
12588	110.544632	1.815507744e-10
12589	110.5606217	8.586198419e-11
12590	110.5766149	-9.698908343e-12
12591	110.5926115	6.468425795e-11
12592	110.6086115	1.38946632e-10
12593	110.624615	4.354916427e-11
12594	110.6406219	-5.172040574e-11
12595	110.6566322	2.248512487e-11
12596	110.672646	9.657341593e-11
12597	110.6886631	1.467270749e-12
12598	110.7046837	7.547740211e-11
12599	110.7207077	-1.948663453e-11
12600	110.7367351	5.442757356e-11
12601	110.752766	-4.039080181e-11
12602	110.7688002	3.344879929e-11
12603	110.7848378	1.071747135e-10
12604	110.8008789	1.251621029e-11
12605	110.8169233	8.616751757e-11
12606	110.8329712	-8.345324432e-12
12607	110.8490224	6.520650686e-11
12608	110.865077	1.386624149e-10
12609	110.8811351	4.4309445e-11
12610	110.8971965	-4.991562719e-11
12611	110.9132613	2.346567385e-11
12612	110.9293295	9.675105161e-11
12613	110.945401	2.685851541e-12
12614	110.961476	-9.124434541e-11
12615	110.9775543	1.489617318e-10
12616	110.993636	5.506706202e-11
12617	111.0097211	-3.86997101e-11
12618	111.0258096	3.430145057e-11
12619	111.0419014	1.072208988e-10
12620	111.0579966	1.36104461e-11
12621	111.0740951	-7.98650035e-11
12622	111.090197	1.591580201e-10
12623	111.1063023	6.570743949e-11
12624	111.1224109	-2.7608138e-11
12625	111.1385229	4.504485673e-11
12626	111.1546382	1.175841646e-10
12627	111.1707569	2.442845926e-11
12628	111.1868789	-6.859934842e-11
12629	111.2030043	3.879563337e-12
12630	111.219133	7.624478826e-11
12631	111.2352651	-1.661604188e-11
12632	111.2514005	5.567102335e-11
12633	111.2675392	1.27840849e-10
12634	111.2836813	3.5139891e-11
12635	111.2998266	1.072351097e-10
12636	111.3159754	1.467626021e-11
12637	111.3321274	8.667555562e-11
12638	111.3482828	-5.734079878e-12
12639	111.3644415	6.617995041e-11
12640	111.3806035	-2.60769184e-11
12641	111.3967688	4.574118861e-11
12642	111.4129374	1.174669251e-10
12643	111.4291094	2.536282295e-11
12644	111.4452846	-6.659917062e-11
12645	111.4614632	5.04130071e-12
12646	111.4776451	7.658940149e-11
12647	111.4938303	-1.521627269e-11
12648	111.5100187	5.623235211e-11
12649	111.5262105	1.275886063e-10
12650	111.5424056	3.594280429e-11
12651	111.5586039	-5.556799465e-11
12652	111.5748056	1.78367543e-10
12653	111.5910105	8.688161302e-11
12654	111.6072187	-4.465761094e-12
12655	111.6234302	-9.56816848e-11
12656	111.639645	1.376037062e-10
12657	111.6558631	4.641620421e-11
12658	111.6720844	-4.463629466e-11
12659	111.688309	2.626876494e-11
12660	111.7045369	9.707079585e-11
12661	111.720768	6.178169087e-12
12662	111.7370024	-8.457945455e-11
12663	111.7532401	1.475051192e-10
12664	111.7694811	5.677947001e-11
12665	111.7857253	-3.382893965e-11
12666	111.8019727	3.672084858e-11
12667	111.8182234	1.071498446e-10
12668	111.8344774	1.671196515e-11
12669	111.8507346	8.706635413e-11
12670	111.8669951	-3.22586402e-12
12671	111.8832588	6.703260169e-11
12672	111.8995257	-2.311040248e-11
12673	111.9157959	4.705924539e-11
12674	111.9320693	-4.293454481e-11
12675	111.948346	2.713917979e-11
12676	111.9646259	9.712053384e-11
12677	111.980909	7.290168469e-12
12678	111.9971954	7.716849382e-11
12679	112.0134849	1.46961554e-10
12680	112.0297777	5.72946135e-11
12681	112.0460737	-3.224798206e-11
12682	112.062373	3.745626032e-11
12683	112.0786754	1.070645794e-10
12684	112.0949811	1.769251412e-11
12685	112.11129	-7.154810078e-11
12686	112.1276021	1.566178298e-10
12687	112.1439174	6.740918934e-11
12688	112.1602359	-2.166800073e-11
12689	112.1765576	-1.106101877e-10
12690	112.1928825	1.169055963e-10
12691	112.2092106	2.798827836e-11
12692	112.2255418	-6.079048376e-11
12693	112.2418763	1.661746296e-10
12694	112.258214	7.742073649e-11
12695	112.2745549	-1.11946008e-11
12696	112.2908989	5.777067713e-11
12697	112.3072461	1.266258209e-10
12698	112.3235965	3.817746119e-11
12699	112.3399501	-5.014300086e-11
12700	112.3563069	1.864464139e-11
12701	112.3726668	8.73185968e-11
12702	112.3890299	-8.348877145e-13
12703	112.4053962	6.7760908e-11
12704	112.4217656	-2.023980983e-11
12705	112.4381382	4.824940447e-11
12706	112.454514	-3.96092048e-11
12707	112.4708929	2.881250794e-11
12708	112.487275	9.71098757e-11
12709	112.5036602	9.418243963e-12
12710	112.5200486	7.764100474e-11
12711	112.5364401	-9.904965736e-12
12712	112.5528348	5.821831905e-11
12713	112.5692326	1.262456806e-10
12714	112.5856335	3.886313493e-11
12715	112.6020376	-4.839151302e-11
12716	112.6184449	1.95576888e-11
12717	112.6348552	8.740741464e-11
12718	112.6512687	3.197442311e-13
12719	112.6676854	-8.662581763e-11
12720	112.6841051	1.357278734e-10
12721	112.700528	4.880718052e-11
12722	112.716954	-3.798206194e-11
12723	112.7333831	1.838209585e-10
12724	112.7498154	9.706369042e-11
12725	112.7662507	1.044497822e-11
12726	112.7826892	-7.604583629e-11
12727	112.7991308	1.450999321e-10
12728	112.8155755	5.864109198e-11
12729	112.8320232	-2.768274499e-11
12730	112.8484741	3.952038696e-11
12731	112.8649281	1.066098321e-10
12732	112.8813852	2.045297265e-11
12733	112.8978454	-6.557243637e-11
12734	112.9143087	1.449507181e-12
12735	112.9307751	6.836486932e-11
12736	112.9472445	-1.749711487e-11
12737	112.9637171	4.932942943e-11
12738	112.9801927	1.160493923e-10
12739	112.9966714	3.034728024e-11
12740	113.0131532	9.6981978e-11
12741	113.029638	1.144329076e-11
12742	113.046126	7.797495982e-11
12743	113.062617	-7.421618875e-12
12744	113.0791111	5.903189049e-11
12745	113.0956082	-2.621547424e-11
12746	113.1121084	4.013855914e-11
12747	113.1286117	1.06400222e-10
12748	113.145118	2.131628207e-11
12749	113.1616274	-6.36326547e-11
12750	113.1781398	2.54019028e-12
12751	113.1946553	6.862421742e-11
12752	113.2111739	-1.616129452e-11
12753	113.2276955	4.981970392e-11
12754	113.2442201	1.157012264e-10
12755	113.2607478	3.108269198e-11
12756	113.2772785	-5.339728659e-11
12757	113.2938122	1.625508617e-10
12758	113.310349	7.80993048e-11
12759	113.3268888	-6.217248938e-12
12760	113.3434317	-9.039879956e-11
12761	113.3599776	1.248920967e-10
12762	113.3765265	4.073896775e-11
12763	113.3930784	-4.327915804e-11
12764	113.4096333	2.21547225e-11
12765	113.4261913	8.746781077e-11
12766	113.4427523	3.616662525e-12
12767	113.4593163	6.88515911e-11
12768	113.4758833	1.339657274e-10
12769	113.4924533	5.028510941e-11
12770	113.5090263	-3.326761089e-11
12771	113.5256023	3.178612928e-11
12772	113.5421813	9.672262991e-11
12773	113.5587634	1.334043986e-11
12774	113.5753484	7.819522807e-11
12775	113.5919364	-5.037747997e-12
12776	113.6085274	5.971756423e-11
12777	113.6251214	-2.336975058e-11
12778	113.6417183	4.130740194e-11
12779	113.6583183	-4.162359346e-11
12780	113.6749212	2.295408308e-11
12781	113.6915272	8.743228364e-11
12782	113.7081361	4.661160347e-12
12783	113.7247479	6.903633221e-11
12784	113.7413628	1.333191335e-10
12785	113.7579806	5.071854048e-11
12786	113.7746013	-3.174704943e-11
12787	113.7912251	3.244693403e-11
12788	113.8078518	9.654854694e-11
12789	113.8244814	1.424993457e-11
12790	113.8411141	-6.791367468e-11
12791	113.8577496	1.421511797e-10
12792	113.8743881	6.001954489e-11
12793	113.8910296	-2.198063953e-11
12794	113.907674	-1.038422681e-10
12795	113.9243214	1.055546761e-10
12796	113.9409717	2.372502195e-11
12797	113.957625	-5.796607638e-11
12798	113.9742811	1.508659864e-10
12799	113.9909403	6.920330975e-11
12800	114.0076023	-1.232436375e-11
12801	114.0242673	5.112354984e-11
12802	114.0409352	1.144506712e-10
12803	114.057606	3.30899752e-11
12804	114.0742798	-4.813927035e-11
12805	114.0909565	1.513100756e-11
12806	114.1076361	7.827694049e-11
12807	114.1243186	-2.781774811e-12
12808	114.141004	6.028599842e-11
12809	114.1576923	-2.061639748e-11
12810	114.1743836	4.234124162e-11
12811	114.1910777	-3.841549301e-11
12812	114.2077747	2.447464453e-11
12813	114.2244747	8.72404371e-11
12814	114.2411775	6.650680007e-12
12815	114.2578833	6.933476016e-11
12816	114.2745919	-1.110223025e-11
12817	114.2913034	5.148592663e-11
12818	114.3080179	1.139746075e-10
12819	114.3247352	3.370104196e-11
12820	114.3414553	-4.643041507e-11
12821	114.3581784	1.59730007e-11
12822	114.3749043	7.827338777e-11
12823	114.3916332	-1.691091711e-12
12824	114.4083648	-8.152056807e-11
12825	114.4250994	1.226219126e-10
12826	114.4418368	4.282085797e-11
12827	114.4585771	-3.683808814e-11
12828	114.4753203	1.667324057e-10
12829	114.4920663	8.710188126e-11
12830	114.5088152	7.606359986e-12
12831	114.5255669	-7.175060546e-11
12832	114.5423215	1.311590836e-10
12833	114.559079	5.183053986e-11
12834	114.5758393	-2.736655347e-11
12835	114.5926024	3.4283687e-11
12836	114.6093684	9.581668792e-11
12837	114.6261372	1.679367756e-11
12838	114.6429088	-6.209077696e-11
12839	114.6596833	-6.252776075e-13
12840	114.6764607	6.07229822e-11
12841	114.6932408	-1.79980475e-11
12842	114.7100238	4.326494718e-11
12843	114.7268096	1.044213604e-10
12844	114.7435983	2.587086101e-11
12845	114.7603898	8.693845643e-11
12846	114.777184	8.53717097e-12
12847	114.7939811	6.950529041e-11
12848	114.810781	-8.746781077e-12
12849	114.8275838	5.214317866e-11
12850	114.8443893	-2.595967885e-11
12851	114.8611976	3.482725219e-11
12852	114.8780088	9.551470725e-11
12853	114.8948227	1.758948542e-11
12854	114.9116395	-6.0204286e-11
12855	114.928459	3.943512183e-13
12856	114.9452814	6.089706517e-11
12857	114.9621065	-1.6726176e-11
12858	114.9789344	4.367350925e-11
12859	114.9957651	1.03980824e-10
12860	115.0125986	2.652100761e-11
12861	115.0294349	-5.078959475e-11
12862	115.046274	1.468265509e-10
12863	115.0631158	6.954437026e-11
12864	115.0799604	-7.602807273e-12
12865	115.0968078	-8.461498169e-11
12866	115.1136579	1.123297011e-10
12867	115.1305108	3.53495011e-11
12868	115.1473665	-4.149569577e-11
12869	115.1642249	1.835331886e-11
12870	115.1810862	7.807443581e-11
12871	115.1979501	1.399769189e-12
12872	115.2148168	6.104272643e-11
12873	115.2316863	1.205684441e-10
12874	115.2485585	4.406075504e-11
12875	115.2654335	-3.230482548e-11
12876	115.2823112	2.714983793e-11
12877	115.2991916	8.649081451e-11
12878	115.3160748	1.029221153e-11
12879	115.3329607	6.954792298e-11
12880	115.3498494	-6.497913319e-12
12881	115.3667408	5.265832215e-11
12882	115.3836349	-2.323474746e-11
12883	115.4005318	3.583977559e-11
12884	115.4174314	-3.989697461e-11
12885	115.4343337	1.907096703e-11
12886	115.4512387	7.795009083e-11
12887	115.4681464	2.376765451e-12
12888	115.4850569	6.114930784e-11
12889	115.50197	1.198188215e-10
12890	115.5188859	4.441602641e-11
12891	115.5358045	-3.084466016e-11
12892	115.5527258	2.77395884e-11
12893	115.5696498	8.622436098e-11
12894	115.5865765	1.113420467e-11
12895	115.6035059	-6.382094853e-11
12896	115.6204379	1.278017692e-10
12897	115.6373727	5.28785904e-11
12898	115.6543102	-2.190958526e-11
12899	115.6712503	-9.655209965e-11
12900	115.6881932	9.439204973e-11
12901	115.7051387	1.977440434e-11
12902	115.7220869	-5.470113251e-11
12903	115.7390378	1.356745827e-10
12904	115.7559914	6.122391483e-11
12905	115.7729476	-1.308109177e-11
12906	115.7899065	4.473932336e-11
12907	115.806868	1.024460516e-10
12908	115.8238323	2.830446988e-11
12909	115.8407992	-4.569500334e-11
12910	115.8577687	1.194067067e-11
12911	115.8747409	6.946265785e-11
12912	115.8917158	-4.369837825e-12
12913	115.9086933	5.306333151e-11
12914	115.9256735	-2.060929205e-11
12915	115.9426563	3.672084858e-11
12916	115.9596418	9.395506595e-11
12917	115.9766299	2.044586722e-11
12918	115.9936206	7.758771403e-11
12919	116.010614	4.227729278e-12
12920	116.0276101	6.128075825e-11
12921	116.0446087	-1.191935439e-11
12922	116.06161	4.502709317e-11
12923	116.0786139	1.018740647e-10
12924	116.0956204	2.884448236e-11
12925	116.1126296	-4.404299148e-11
12926	116.1296414	1.271516226e-11
12927	116.1466558	6.937384001e-11
12928	116.1636728	-3.346656285e-12
12929	116.1806924	-7.592149132e-11
12930	116.1977147	1.096722713e-10
12931	116.2147395	3.712230523e-11
12932	116.231767	-3.528555226e-11
12933	116.248797	1.497397761e-10
12934	116.2658297	7.736389307e-11
12935	116.2828649	5.112354984e-12
12936	116.2999028	-6.69828637e-11
12937	116.3169432	1.173603437e-10
12938	116.3339862	4.528644126e-11
12939	116.3510318	-2.664535259e-11
12940	116.3680801	2.93489677e-11
12941	116.3851308	8.522604844e-11
12942	116.4021842	1.346478484e-11
12943	116.4192401	-5.815081749e-11
12944	116.4362987	-2.348343742e-12
12945	116.4533598	5.334044317e-11
12946	116.4704234	-1.811173433e-11
12947	116.4874896	3.749178745e-11
12948	116.5045584	9.29816224e-11
12949	116.5216298	2.169997515e-11
12950	116.5387037	7.710454497e-11
12951	116.5557802	5.972111694e-12
12952	116.5728592	6.128075825e-11
12953	116.5899408	-9.695355629e-12
12954	116.6070249	4.552092037e-11
12955	116.6241116	-2.529532139e-11
12956	116.6412008	2.981792591e-11
12957	116.6582926	8.483169722e-11
12958	116.6753869	1.418243301e-11
12959	116.6924838	-5.631761724e-11
12960	116.7095831	1.239044423e-10
12961	116.7266851	5.342926102e-11
12962	116.7437895	-1.690025897e-11
12963	116.7608965	3.782218982e-11
12964	116.778006	9.244516264e-11
12965	116.795118	2.228617291e-11
12966	116.8122325	-4.774136642e-11
12967	116.8293496	1.312230324e-10
12968	116.8464691	6.122746754e-11
12969	116.8635912	-8.622436098e-12
12970	116.8807158	-7.83337839e-11
12971	116.8978429	9.994849393e-11
12972	116.9149725	3.026201512e-11
12973	116.9321046	-3.928235515e-11
12974	116.9492392	1.487521217e-11
12975	116.9663763	6.891553994e-11
12976	116.9835159	-4.583000646e-13
12977	117.000658	5.350031529e-11
12978	117.0178026	1.07331033e-10
12979	117.0349497	3.813127591e-11
12980	117.0520992	-3.092992529e-11
12981	117.0692513	2.283684353e-11
12982	117.0864058	7.647926736e-11
12983	117.1035628	7.595701845e-12
12984	117.1207222	6.115641327e-11
12985	117.1378842	-7.581490991e-12
12986	117.1550486	4.588329716e-11
12987	117.1722155	-2.269473498e-11
12988	117.1893848	3.06741299e-11
12989	117.2065566	-3.774047741e-11
12990	117.2237309	1.552891149e-11
12991	117.2409076	6.869882441e-11
12992	117.2580868	4.476419235e-13
12993	117.2752684	5.351807886e-11
12994	117.2924525	1.064819344e-10
12995	117.309639	3.840483487e-11
12996	117.3268279	-2.953370881e-11
12997	117.3440193	2.33484343e-11
12998	117.3612132	7.6123996e-11
12999	117.3784095	8.359535286e-12
13000	117.3956082	-5.926636959e-11
13001	117.4128093	1.136122307e-10
13002	117.4300129	4.601830028e-11
13003	117.4472189	-2.143707434e-11
13004	117.4644273	3.106492841e-11
13005	117.4816382	8.343903346e-11
13006	117.4988515	1.616129452e-11
13007	117.5160671	-5.0984994e-11
13008	117.5332852	1.206288402e-10
13009	117.5505058	5.351807886e-11
13010	117.5677287	-1.345057399e-11
13011	117.584954	3.865352483e-11
13012	117.6021817	9.063683137e-11
13013	117.6194119	2.38422615e-11
13014	117.6366444	-4.281375254e-11
13015	117.6538793	9.098499731e-12
13016	117.6711166	6.090061788e-11
13017	117.6883563	-5.581313189e-12
13018	117.7055984	4.612488169e-11
13019	117.7228429	-2.019717726e-11
13020	117.7400898	3.140243621e-11
13021	117.757339	8.291323184e-11
13022	117.7745907	1.675815042e-11
13023	117.7918447	6.816591736e-11
13024	117.809101	2.167155344e-12
13025	117.8263598	5.347899901e-11
13026	117.8436209	-1.235989089e-11
13027	117.8608844	3.885602951e-11
13028	117.8781502	8.997247392e-11
13029	117.8954184	2.430056156e-11
13030	117.912689	-4.122213682e-11
13031	117.9299619	9.80193704e-12
13032	117.9472372	6.072653491e-11
13033	117.9645148	-4.629185923e-12
13034	117.9817948	-6.984279821e-11
13035	117.9990771	9.691447644e-11
13036	118.0163618	3.172928587e-11
13037	118.0336488	-3.331379617e-11
13038	118.0509381	1.328643862e-10
13039	118.0682298	6.785327855e-11
13040	118.0855238	2.98427949e-12
13041	118.1028201	-6.173905831e-11
13042	118.1201188	1.037356867e-10
13043	118.1374198	3.904077062e-11
13044	118.1547231	-2.551558964e-11
13045	118.1720287	2.473399263e-11
13046	118.1893367	7.486278264e-11
13047	118.2066469	1.048050535e-11
13048	118.2239595	6.052047752e-11
13049	118.2412744	-3.701927653e-12
13050	118.2585916	4.623856853e-11
13051	118.2759111	-1.783462267e-11
13052	118.2932329	3.202060839e-11
13053	118.310557	8.175859989e-11
13054	118.3278834	1.786304438e-11
13055	118.345212	6.750866532e-11
13056	118.362543	3.772981927e-12
13057	118.3798763	5.331202146e-11
13058	118.3972119	-1.026734253e-11
13059	118.4145497	3.918998459e-11
13060	118.4318898	-2.423306e-11
13061	118.4492322	2.512479114e-11
13062	118.4665769	7.437961358e-11
13063	118.4839239	1.112354653e-11
13064	118.5012731	-5.197975383e-11
13065	118.5186246	1.093241053e-10
13066	118.5359783	4.624567396e-11
13067	118.5533344	-1.668709615e-11
13068	118.5706927	3.227285106e-11
13069	118.5880532	8.112976957e-11
13070	118.605416	1.836752972e-11
13071	118.6227811	-4.424904887e-11
13072	118.6401484	1.157758334e-10
13073	118.6575179	5.318412377e-11
13074	118.6748897	-9.258371847e-12
13075	118.6922638	-7.156231163e-11
13076	118.7096401	8.776623872e-11
13077	118.7270186	2.549782607e-11
13078	118.7443993	-3.663558346e-11
13079	118.7617823	1.174527142e-11
13080	118.7791676	6.000533403e-11
13081	118.796555	-1.946887096e-12
13082	118.8139447	4.622435767e-11
13083	118.8313366	9.428902104e-11
13084	118.8487307	3.250377745e-11
13085	118.8661271	-2.913225217e-11
13086	118.8835256	1.884714607e-11
13087	118.9009264	6.671285746e-11
13088	118.9183294	5.247358104e-12
13089	118.9357345	5.302425166e-11
13090	118.9531419	-8.281375585e-12
13091	118.9705515	3.939248927e-11
13092	118.9879633	8.697043086e-11
13093	119.0053773	2.582822844e-11
13094	119.0227935	-3.516120728e-11
13095	119.0402119	1.232436375e-11
13096	119.0576324	5.97104588e-11
13097	119.0750552	-1.108446668e-12
13098	119.0924801	4.616751426e-11
13099	119.1099073	9.334044648e-11
13100	119.1273366	3.26991767e-11
13101	119.144768	-2.779998454e-11
13102	119.1622017	1.928768256e-11
13103	119.1796375	6.626876825e-11
13104	119.1970755	5.943689985e-12
13105	119.2145157	-5.423927973e-11
13106	119.231958	9.960032799e-11
13107	119.2494025	3.944933269e-11
13108	119.2668491	-2.055600135e-11
13109	119.2842979	2.614086725e-11
13110	119.3017489	7.271694358e-11
13111	119.319202	1.28821398e-11
13112	119.3366572	-4.681410815e-11
13113	119.3541146	1.057500754e-10
13114	119.3715742	4.608224913e-11
13115	119.3890359	-1.343281042e-11
13116	119.4064997	3.286260153e-11
13117	119.4239657	7.904787935e-11
13118	119.4414338	1.970690278e-11
13119	119.458904	-3.949551797e-11
13120	119.4763763	6.61515287e-12
13121	119.4938508	5.260147873e-11
13122	119.5113274	-6.423306331e-12
13123	119.5288061	3.947420169e-11
13124	119.546287	-1.938715855e-11
13125	119.5637699	2.640732077e-11
13126	119.581255	7.210232411e-11
13127	119.5987422	1.341504685e-11
13128	119.6162315	5.899991606e-11
13129	119.6337228	4.654054919e-13
13130	119.6512163	4.5972115e-11
13131	119.6687119	-1.240607617e-11
13132	119.6862096	3.299760465e-11
13133	119.7037094	7.829115134e-11
13134	119.7212113	2.009414857e-11
13135	119.7387153	-3.796785109e-11
13136	119.7562213	1.103721559e-10
13137	119.7737294	5.234923606e-11
13138	119.7912397	-5.538680625e-12
13139	119.808752	-6.327738333e-11
13140	119.8262663	8.43591863e-11
13141	119.8437828	2.66489053e-11
13142	119.8613013	-3.091571443e-11
13143	119.8788219	1.161382102e-10
13144	119.8963446	5.860556485e-11
13145	119.9138693	1.215028078e-12
13146	119.9313961	-5.603340014e-11
13147	119.9489249	9.031353443e-11
13148	119.9664558	3.310063335e-11
13149	119.9839888	-2.397726462e-11
13150	120.0015238	2.044586722e-11
13151	120.0190608	6.474465408e-11
13152	120.0365999	7.847944516e-12
13153	120.054141	5.205791354e-11
13154	120.0716842	-4.682476629e-12
13155	120.0892294	3.942446369e-11
13156	120.1067767	-1.714894893e-11
13157	120.124326	2.686917355e-11
13158	120.1418773	7.076650377e-11
13159	120.1594306	1.436006869e-11
13160	120.176986	5.817568649e-11
13161	120.1945434	1.932676241e-12
13162	120.2121028	4.563815992e-11
13163	120.2296643	-1.044497822e-11
13164	120.2472277	3.317168762e-11
13165	120.2647932	-2.27515784e-11
13166	120.2823606	2.076205874e-11
13167	120.2999301	6.417266718e-11
13168	120.3175016	8.423484132e-12
13169	120.3350751	-4.718714308e-11
13170	120.3526505	9.493206221e-11
13171	120.370228	3.935696213e-11
13172	120.3878075	-1.60760294e-11
13173	120.4053889	2.704325652e-11
13174	120.4229724	7.005596103e-11
13175	120.4405578	1.480060519e-11
13176	120.4581453	-4.031974754e-11
13177	120.4757347	1.0050627e-10
13178	120.493326	4.542854981e-11
13179	120.5109194	-9.514167232e-12
13180	120.5285147	3.321076747e-11
13181	120.546112	7.581135719e-11
13182	120.5637113	2.105693397e-11
13183	120.5813125	-3.356248612e-11
13184	120.5989157	8.967049325e-12
13185	120.6165209	5.13722398e-11
13186	120.634128	-3.065991905e-12
13187	120.6517371	3.925748615e-11
13188	120.6693481	8.146017194e-11
13189	120.6869611	2.71924705e-11
13190	120.704576	-2.692601697e-11
13191	120.7221929	1.520206183e-11
13192	120.7398117	5.720934837e-11
13193	120.7574324	3.268496584e-12
13194	120.7750551	4.518341257e-11
13195	120.7926797	-8.601119816e-12
13196	120.8103063	3.321432018e-11
13197	120.8279348	7.492673149e-11
13198	120.8455652	2.131628207e-11
13199	120.8631975	-3.214850608e-11
13200	120.8808318	9.478640095e-12
13201	120.8984679	5.099565215e-11
13202	120.916106	-2.295053037e-12
13203	120.933746	3.912248303e-11
13204	120.951388	8.042633226e-11
13205	120.9690318	2.731681548e-11
13206	120.9866775	-2.565414547e-11
13207	121.0043252	1.556088591e-11
13208	121.0219747	5.667999403e-11
13209	121.0396261	3.886668765e-12
13210	121.0572795	-4.875744253e-11
13211	121.0749347	8.580869348e-11
13212	121.0925918	3.319655661e-11
13213	121.1102508	-1.928057713e-11
13214	121.1279117	2.154365575e-11
13215	121.1455745	6.225420179e-11
13216	121.1632391	9.958256442e-12
13217	121.1809056	-4.219202765e-11
13218	121.198574	9.107026244e-11
13219	121.2162443	3.895550549e-11
13220	121.2339164	-1.301714292e-11
13221	121.2515905	2.74020806e-11
13222	121.2692663	6.770406458e-11
13223	121.2869441	1.590905185e-11
13224	121.3046237	5.611866527e-11
13225	121.3223051	4.483524663e-12
13226	121.3399884	4.45936621e-11
13227	121.3576736	-6.88515911e-12
13228	121.3753606	3.313616048e-11
13229	121.3930495	-1.817568318e-11
13230	121.4107402	2.173550229e-11
13231	121.4284327	6.155076449e-11
13232	121.4461271	1.040945108e-11
13233	121.4638233	5.011813187e-11
13234	121.4815213	-8.597567103e-13
13235	121.4992212	3.875655352e-11
13236	121.5169229	-1.206146294e-11
13237	121.5346265	2.74518186e-11
13238	121.5523318	6.685851872e-11
13239	121.570039	1.621813794e-11
13240	121.587748	-3.427658157e-11
13241	121.6054588	9.471889939e-11
13242	121.6231714	4.42561543e-11
13243	121.6408858	-6.060929536e-12
13244	121.6586021	-5.623945754e-11
13245	121.6763201	7.204903341e-11
13246	121.69404	2.190603254e-11
13247	121.7117616	-2.808420163e-11
13248	121.729485	9.960032799e-11
13249	121.7472103	4.963851552e-11
13250	121.7649373	-1.88293825e-13
13251	121.7826661	-4.985878377e-11
13252	121.8003967	7.712230854e-11
13253	121.8181291	2.747668759e-11
13254	121.8358633	-2.201971938e-11
13255	121.8535992	1.649880232e-11
13256	121.8713369	5.489653176e-11
13257	121.8890764	5.574207762e-12
13258	121.9068177	4.388311936e-11
13259	121.9245607	-5.275779813e-12
13260	121.9423055	3.293010309e-11
13261	121.9600521	-1.606892397e-11
13262	121.9778004	2.204458838e-11
13263	121.9955505	6.004086117e-11
13264	122.0133023	1.12194698e-11
13265	122.0310559	4.912337204e-11
13266	122.0488113	4.618527782e-13
13267	122.0665684	3.826272632e-11
13268	122.0843272	7.595701845e-11
13269	122.1020878	2.746958216e-11
13270	122.1198501	-2.086508744e-11
13271	122.1376141	1.674038685e-11
13272	122.1553799	5.423927973e-11
13273	122.1731474	6.078693104e-12
13274	122.1909167	-4.193623226e-11
13275	122.2086876	8.076028735e-11
13276	122.2264603	3.27773364e-11
13277	122.2442347	-1.505995328e-11
13278	122.2620109	2.214406436e-11
13279	122.2797887	5.924150059e-11
13280	122.2975683	1.157474117e-11
13281	122.3153496	-3.593569886e-11
13282	122.3331325	8.545342212e-11
13283	122.3509172	3.79714038e-11
13284	122.3687036	-9.368505971e-12
13285	122.3864917	2.743405503e-11
13286	122.4042815	6.411582376e-11
13287	122.422073	1.69606551e-11
13288	122.4398662	-3.005595772e-11
13289	122.457661	6.551204024e-12
13290	122.4754576	4.303402079e-11
13291	122.4932558	-3.797850923e-12
13292	122.5110557	3.259970072e-11
13293	122.5288573	6.887646009e-11
13294	122.5466606	2.221867135e-11
13295	122.5644655	-2.429700885e-11
13296	122.5822722	1.190514354e-11
13297	122.6000805	4.799005637e-11
13298	122.6178904	1.652011861e-12
13299	122.635702	3.764810685e-11
13300	122.6535153	-8.530065543e-12
13301	122.6713303	2.735944804e-11
13302	122.6891468	6.313527479e-11
13303	122.7069651	1.71418435e-11
13304	122.724785	-2.870592652e-11
13305	122.7426065	6.984635093e-12
13306	122.7604297	4.25686153e-11
13307	122.7782546	-3.105071755e-12
13308	122.796081	3.237943247e-11
13309	122.8139091	6.775380257e-11
13310	122.8317389	2.226130391e-11
13311	122.8495703	-2.309263891e-11
13312	122.8674033	1.219646606e-11
13313	122.8852379	4.737188419e-11
13314	122.9030742	2.206235195e-12
13315	122.920912	-4.281730526e-11
13316	122.9387515	7.224798537e-11
13317	122.9565927	2.725641934e-11
13318	122.9744354	-1.758593271e-11
13319	122.9922797	1.729461019e-11
13320	123.0101257	5.206146625e-11
13321	123.0279732	7.393197166e-12
13322	123.0458224	-3.712585794e-11
13323	123.0636732	7.662492862e-11
13324	123.0815255	3.213429522e-11
13325	123.0993795	-1.220357149e-11
13326	123.117235	2.226840934e-11
13327	123.1350921	5.662670333e-11
13328	123.1529509	1.246291959e-11
13329	123.1708112	4.672884302e-11
13330	123.1886731	2.728484105e-12
13331	123.2065365	3.689137884e-11
13332	123.2244016	-6.949107956e-12
13333	123.2422682	2.712141622e-11
13334	123.2601364	-1.655209303e-11
13335	123.2780062	1.741184974e-11
13336	123.2958775	5.12692111e-11
13337	123.3137504	7.776890243e-12
13338	123.3316248	4.153122291e-11
13339	123.3495008	-1.808331263e-12
13340	123.3673784	3.185718356e-11
13341	123.3852575	-1.131539307e-11
13342	123.4031382	2.224354034e-11
13343	123.4210204	5.569589234e-11
13344	123.4389042	1.269739869e-11
13345	123.4567895	-3.015188099e-11
13346	123.4746763	7.928591117e-11
13347	123.4925647	3.647215863e-11
13348	123.5104547	-6.19948537e-12
13349	123.5283461	-4.872191539e-11
13350	123.5462391	5.999822861e-11
13351	123.5641336	1.750777301e-11
13352	123.5820296	-2.484057404e-11
13353	123.5999272	8.328271406e-11
13354	123.6178263	4.096278872e-11
13355	123.6357269	-1.200817223e-12
13356	123.653629	-4.322586733e-11
13357	123.6715326	6.417977261e-11
13358	123.6894377	2.218314421e-11
13359	123.7073443	-1.965361207e-11
13360	123.7252525	1.290345608e-11
13361	123.7431621	4.534328468e-11
13362	123.7610733	3.677058658e-12
13363	123.7789859	3.601385856e-11
13364	123.7969	-5.481837206e-12
13365	123.8148156	2.676259214e-11
13366	123.8327327	-1.458033694e-11
13367	123.8506513	1.756816914e-11
13368	123.8685714	4.959233024e-11
13369	123.8864929	8.43058956e-12
13370	123.904416	4.037303825e-11
13371	123.9223405	-6.252776075e-13
13372	123.9402664	3.119637881e-11
13373	123.9581939	6.292566468e-11
13374	123.9761228	2.21014318e-11
13375	123.9940531	-1.856648169e-11
13376	124.011985	1.307398634e-11
13377	124.0299183	4.459721481e-11
13378	124.047853	4.103384299e-12
13379	124.0657892	-3.624123224e-11
13380	124.0837269	6.684075515e-11
13381	124.101666	2.652811304e-11
13382	124.1196065	-1.364242053e-11
13383	124.1375485	1.758238e-11
13384	124.1554919	4.870415182e-11
13385	124.1734368	8.718359368e-12
13386	124.1913831	-3.112177183e-11
13387	124.2093308	7.063505336e-11
13388	124.22728	3.083400202e-11
13389	124.2452306	-8.835598919e-12
13390	124.2631826	2.199129767e-11
13391	124.281136	5.269384928e-11
13392	124.2990908	1.321254217e-11
13393	124.3170471	-2.612665639e-11
13394	124.3350048	4.504840945e-12
13395	124.3529639	3.500844059e-11
13396	124.3709244	-4.146016863e-12
13397	124.3888863	2.626876494e-11
13398	124.4068496	5.656275448e-11
13399	124.4248143	1.758238e-11
13400	124.4427804	-2.12452278e-11
13401	124.4607479	8.967049325e-12
13402	124.4787168	3.907274504e-11
13403	124.4966871	4.156675004e-13
13404	124.5146588	3.042543995e-11
13405	124.5326319	-8.064660051e-12
13406	124.5506063	2.183853098e-11
13407	124.5685821	5.162803518e-11
13408	124.5865593	1.33226763e-11
13409	124.6045379	-2.484057404e-11
13410	124.6225178	4.863665026e-12
13411	124.6404991	3.445776997e-11
13412	124.6584818	-3.524291969e-12
13413	124.6764659	2.597388971e-11
13414	124.6944513	5.53477264e-11
13415	124.712438	1.755040557e-11
13416	124.7304261	-2.010835942e-11
13417	124.7484156	7.599254559e-11
13418	124.7664064	3.837641316e-11
13419	124.7843986	9.023892744e-13
13420	124.8023921	-3.642952606e-11
13421	124.8203869	5.895373079e-11
13422	124.8383831	2.165734259e-11
13423	124.8563807	-1.549338435e-11
13424	124.8743795	1.3400836e-11
13425	124.8923797	4.217071137e-11
13426	124.9103813	5.201172826e-12
13427	124.9283841	-3.161915174e-11
13428	124.9463883	6.243183748e-11
13429	124.9643938	2.564348733e-11
13430	124.9824006	-1.099209612e-11
13431	125.0004087	1.748290401e-11
13432	125.0184182	4.58406646e-11
13433	125.0364289	9.382716826e-12
13434	125.054441	3.764455414e-11
13435	125.0724544	1.350031198e-12
13436	125.090469	2.951239253e-11
13437	125.108485	-6.618705584e-12
13438	125.1265023	2.144417977e-11
13439	125.1445208	-1.452349352e-11
13440	125.1625407	1.343991585e-11
13441	125.1805618	4.129319109e-11
13442	125.1985843	5.506706202e-12
13443	125.216608	3.325340003e-11
13444	125.234633	-2.369660024e-12
13445	125.2526592	2.528821597e-11
13446	125.2706868	-1.017141926e-11
13447	125.2887156	1.73763226e-11
13448	125.3067457	4.482103577e-11
13449	125.3247771	9.542588941e-12
13450	125.3428097	-2.559374934e-11
13451	125.3608436	6.411582376e-11
13452	125.3788788	2.900790719e-11
13453	125.3969152	-5.950795412e-12
13454	125.4149528	-4.075317861e-11
13455	125.4329917	4.822808819e-11
13456	125.4510319	1.345767942e-11
13457	125.4690733	-2.117417353e-11
13458	125.487116	6.720668466e-11
13459	125.5051599	3.261035886e-11
13460	125.523205	-1.836752972e-12
13461	125.5412514	2.489741746e-11
13462	125.559299	5.151790106e-11
13463	125.5773478	1.724842491e-11
13464	125.5953979	-1.687183726e-11
13465	125.6134492	9.670486634e-12
13466	125.6315017	3.609201826e-11
13467	125.6495555	2.152944489e-12
13468	125.6676104	2.847855285e-11
13469	125.6856666	-5.300648809e-12
13470	125.703724	2.092548357e-11
13471	125.7217825	-1.269029326e-11
13472	125.7398423	1.343991585e-11
13473	125.7579034	3.944933269e-11
13474	125.7759656	6.014744258e-12
13475	125.794029	3.192823783e-11
13476	125.8120936	-1.339373057e-12
13477	125.8301594	2.447464453e-11
13478	125.8482263	5.017497529e-11
13479	125.8662945	1.70885528e-11
13480	125.8843639	-1.584510301e-11
13481	125.9024344	9.762857189e-12
13482	125.9205061	3.526423598e-11
13483	125.938579	2.504663144e-12
13484	125.9566531	-3.0102143e-11
13485	125.9747284	5.319478191e-11
13486	125.9928048	2.061284476e-11
13487	126.0108824	-1.18163257e-11
13488	126.0289611	1.338662514e-11
13489	126.047041	3.847588914e-11
13490	126.0651221	6.227907079e-12
13491	126.0832043	-2.587441372e-11
13492	126.1012877	5.609379627e-11
13493	126.1193723	2.40234499e-11
13494	126.1374579	-7.897682508e-12
13495	126.1555448	1.689315354e-11
13496	126.1736327	4.157030276e-11
13497	126.1917219	9.826806036e-12
13498	126.2098121	-2.176747671e-11
13499	126.2279035	2.831512802e-12
13500	126.245996	2.730615734e-11
13501	126.2640897	-4.103384299e-12
13502	126.2821844	2.027533696e-11
13503	126.3002803	4.453681868e-11
13504	126.3183774	1.330846544e-11
13505	126.3364755	3.74775766e-11
13506	126.3545748	6.405542763e-12
13507	126.3726751	3.046807251e-11
13508	126.3907766	-4.334310688e-13
13509	126.4088792	2.353317541e-11
13510	126.4269829	-7.201350627e-12
13511	126.4450877	1.666933258e-11
13512	126.4631936	4.042277624e-11
13513	126.4813006	9.862333172e-12
13514	126.4994087	-2.05453432e-11
13515	126.5175179	3.11928261e-12
13516	126.5356282	2.667732701e-11
13517	126.5537396	-3.552713679e-12
13518	126.571852	1.989874931e-11
13519	126.5899655	4.32436309e-11
13520	126.6080802	1.319122589e-11
13521	126.6261958	-1.6701307e-11
13522	126.6443126	5.956479754e-11
13523	126.6624304	2.969358093e-11
13524	126.6805494	-2.842170943e-14
13525	126.6986693	-2.959765766e-11
13526	126.7167904	4.594369329e-11
13527	126.7349125	1.640643177e-11
13528	126.7530356	-1.29851685e-11
13529	126.7711598	9.858780459e-12
13530	126.7892851	3.258904258e-11
13531	126.8074114	3.382183422e-12
13532	126.8255387	-2.567901447e-11
13533	126.8436672	4.852651614e-11
13534	126.8617966	1.949729267e-11
13535	126.8799271	-9.382716826e-12
13536	126.8980586	1.305267006e-11
13537	126.9161912	3.536371196e-11
13538	126.9343247	6.668443575e-12
13539	126.9524594	2.888711492e-11
13540	126.970595	3.517186542e-13
13541	126.9887317	2.246380859e-11
13542	127.0068694	-5.90105742e-12
13543	127.0250081	1.612221467e-11
13544	127.0431478	-1.208633194e-11
13545	127.0612885	9.833911463e-12
13546	127.0794303	3.163691531e-11
13547	127.097573	3.609557098e-12
13548	127.1157168	2.531663768e-11
13549	127.1338615	4.69064787e-11
13550	127.1520073	1.90638616e-11
13551	127.170154	-8.629541526e-12
13552	127.1883018	1.287503437e-11
13553	127.2064505	3.426947615e-11
13554	127.2246003	6.753708703e-12
13555	127.242751	-2.060929205e-11
13556	127.2609027	4.921929531e-11
13557	127.2790553	2.189182169e-11
13558	127.297209	-5.297096095e-12
13559	127.3153636	-3.232969448e-11
13560	127.3335192	3.677413929e-11
13561	127.3516758	9.769962617e-12
13562	127.3698334	-1.708500008e-11
13563	127.3879919	5.140776693e-11
13564	127.4061513	2.458833137e-11
13565	127.4243118	-2.085442929e-12
13566	127.4424731	1.859845611e-11
13567	127.4606355	3.915801017e-11
13568	127.4787988	1.266897698e-11
13569	127.496963	-1.367794766e-11
13570	127.5151282	6.806999409e-12
13571	127.5332943	2.717115422e-11
13572	127.5514614	1.005417971e-12
13573	127.5696294	2.127364951e-11
13574	127.5877983	-4.721556479e-12
13575	127.6059682	1.543654093e-11
13576	127.624139	-1.039168751e-11
13577	127.6423108	9.677592061e-12
13578	127.6604834	-1.598721155e-11
13579	127.678657	3.97903932e-12
13580	127.6968315	2.382805064e-11
13581	127.7150069	-1.659117288e-12
13582	127.7331832	1.809397077e-11
13583	127.7513605	3.772981927e-11
13584	127.7695386	1.242739245e-11
13585	127.7877177	-1.272226768e-11
13586	127.8058976	6.828315691e-12
13587	127.8240785	2.626521223e-11
13588	127.8422603	1.286082352e-12
13589	127.8604429	-2.353317541e-11
13590	127.8786265	3.984723662e-11
13591	127.8968109	1.505640057e-11
13592	127.9149962	-9.585221505e-12
13593	127.9331824	9.556799796e-12
13594	127.9513695	2.857447612e-11
13595	127.9695575	4.117595154e-12
13596	127.9877463	-2.019717726e-11
13597	128.005936	4.184386171e-11
13598	128.0241266	1.756461643e-11
13599	128.0423181	-6.572520306e-12
13600	128.0605104	1.215738621e-11
13601	128.0787036	3.076294774e-11
13602	128.0968976	6.814104836e-12
13603	128.1150926	-1.69855241e-11
13604	128.1332883	1.541877737e-12
13605	128.1514849	1.994848731e-11
13606	128.1696824	-3.66995323e-12
13607	128.1878807	1.464073307e-11
13608	128.2060799	-8.810729923e-12
13609	128.2242798	9.393374967e-12
13610	128.2424807	2.748734573e-11
13611	128.2606824	4.22062385e-12
13612	128.2788849	2.221156592e-11
13613	128.2970882	-8.952838471e-13
13614	128.3152924	1.700328767e-11
13615	128.3334974	-5.943689985e-12
13616	128.3517032	1.185185283e-11
13617	128.3699098	2.95301561e-11
13618	128.3881172	6.775024985e-12
13619	128.4063255	-1.583444487e-11
13620	128.4245346	1.758593271e-12
13621	128.4427445	1.923794457e-11
13622	128.4609552	-3.190336884e-12
13623	128.4791667	-2.546585165e-11
13624	128.497379	3.14521742e-11
13625	128.5155921	9.201528428e-12
13626	128.533806	-1.288924523e-11
13627	128.5520207	4.341771387e-11
13628	128.5702361	2.135536192e-11
13629	128.5884524	-5.613287613e-13
13630	128.6066695	-2.232880547e-11
13631	128.6248873	3.325340003e-11
13632	128.6431059	1.151789775e-11
13633	128.6613253	-1.006483785e-11
13634	128.6795455	6.700417998e-12
13635	128.6977664	2.334488158e-11
13636	128.7159881	1.946887096e-12
13637	128.7342106	1.849542741e-11
13638	128.7524339	-2.74269496e-12
13639	128.7706579	1.370636937e-11
13640	128.7888826	-7.361222742e-12
13641	128.8071081	8.988365607e-12
13642	128.8253344	2.522071441e-11
13643	128.8435614	4.330757974e-12
13644	128.8617892	2.047073622e-11
13645	128.8800177	-2.629008122e-13
13646	128.898247	1.577404873e-11
13647	128.916477	-4.785505325e-12
13648	128.9347077	1.115196824e-11
13649	128.9529392	-9.240608279e-12
13650	128.9711714	6.593836588e-12
13651	128.9894043	2.231459462e-11
13652	129.007638	2.106759212e-12
13653	129.0258724	-1.796252036e-11
13654	129.0441075	3.322497832e-11
13655	129.0623433	1.31947786e-11
13656	129.0805798	-6.686207144e-12
13657	129.0988171	8.732570222e-12
13658	129.117055	2.403766075e-11
13659	129.1352937	4.337863402e-12
13660	129.1535331	-1.520561455e-11
13661	129.1717731	3.463185294e-11
13662	129.1900139	1.51167967e-11
13663	129.2082554	-4.24904556e-12
13664	129.2264976	-2.346922656e-11
13665	129.2447404	2.563993462e-11
13666	129.262984	6.455280754e-12
13667	129.2812282	-1.257660642e-11
13668	129.2994731	2.23110419e-12
13669	129.3177187	1.691802254e-11
13670	129.335965	-1.936228955e-12
13671	129.3542119	1.265121341e-11
13672	129.3724596	2.712141622e-11
13673	129.3907079	8.455458556e-12
13674	129.4089568	-1.007549599e-11
13675	129.4272065	4.323652547e-12
13676	129.4454567	1.859135068e-11
13677	129.4637077	2.522426712e-13
13678	129.4819593	1.442757025e-11
13679	129.5002116	-3.751665645e-12
13680	129.5184645	1.032418595e-11
13681	129.536718	2.428635071e-11
13682	129.5549722	6.288303211e-12
13683	129.5732271	-1.154987217e-11
13684	129.5914826	2.316369319e-12
13685	129.6097387	1.60760294e-11
13686	129.6279955	-1.584510301e-12
13687	129.6462529	1.207212108e-11
13688	129.6645109	2.561506562e-11
13689	129.6827696	8.135714324e-12
13690	129.7010288	-9.187317573e-12
13691	129.7192887	4.263256415e-12
13692	129.7375493	1.760724899e-11
13693	129.7558104	4.618527782e-13
13694	129.7740721	-1.653432946e-11
13695	129.7923345	2.681943556e-11
13696	129.8105975	9.862333172e-12
13697	129.828861	-6.952660669e-12
13698	129.8471252	6.085798532e-12
13699	129.86539	1.90105709e-11
13700	129.8836554	2.380318165e-12
13701	129.9019214	-1.410072059e-11
13702	129.9201879	2.791011866e-11
13703	129.9384551	1.146460704e-11
13704	129.9567228	-4.838796031e-12
13705	129.9749911	7.787548384e-12
13706	129.99326	2.029310053e-11
13707	130.0115295	4.177991286e-12
13708	130.0297996	-1.17914567e-11
13709	130.0480702	6.394884622e-13
13710	130.0663414	1.294964136e-11
13711	130.0846132	-2.842170943e-12
13712	130.1028855	9.368505971e-12
13713	130.1211584	-6.252776075e-12
13714	130.1394319	5.854872143e-12
13715	130.1577059	1.784528081e-11
13716	130.1759805	2.408739874e-12
13717	130.1942556	1.430322527e-11
13718	130.2125313	-9.698908343e-13
13719	130.2308075	1.082511858e-11
13720	130.2490843	-4.281019983e-12
13721	130.2673616	7.410960734e-12
13722	130.2856395	1.89857019e-11
13723	130.3039178	4.060751735e-12
13724	130.3221968	-1.070787903e-11
13725	130.3404762	2.689404255e-11
13726	130.3587562	1.215738621e-11
13727	130.3770367	-2.43360887e-12
13728	130.3953177	-1.687538997e-11
13729	130.4135992	1.999467258e-11
13730	130.4318813	5.59197133e-12
13731	130.4501639	-8.668621376e-12
13732	130.468447	2.759037443e-11
13733	130.4867305	1.336886157e-11
13734	130.5050146	-7.069900221e-13
13735	130.5232993	-1.463362764e-11
13736	130.5415844	2.089350915e-11
13737	130.55987	6.998845947e-12
13738	130.5781561	-6.746603276e-12
13739	130.5964426	3.915090474e-12
13740	130.6147297	1.445599196e-11
13741	130.6330173	8.952838471e-13
13742	130.6513054	1.134026206e-11
13743	130.6695939	-2.05702122e-12
13744	130.6878829	8.277822872e-12
13745	130.7061724	-4.945377441e-12
13746	130.7244624	5.293543381e-12
13747	130.7427528	1.541877737e-11
13748	130.7610437	2.376765451e-12
13749	130.7793351	1.240252345e-11
13750	130.7976269	-4.796163466e-13
13751	130.8159192	9.443112958e-12
13752	130.834212	-3.264943871e-12
13753	130.8525052	6.558309451e-12
13754	130.8707988	-5.986322549e-12
13755	130.889093	3.733902076e-12
13756	130.9073875	1.334399258e-11
13757	130.9256825	9.805489753e-13
13758	130.943978	-1.124433879e-11
13759	130.9622738	1.987743303e-11
13760	130.9805702	7.695177828e-12
13761	130.9988669	-4.337863402e-12
13762	131.0171641	4.966693723e-12
13763	131.0354617	1.416466944e-11
13764	131.0537598	2.312816605e-12
13765	131.0720582	-9.389822253e-12
13766	131.0903571	2.037836566e-11
13767	131.1086564	8.707701227e-12
13768	131.1269561	-2.806643806e-12
13769	131.1452563	6.078693104e-12
13770	131.1635568	1.486100132e-11
13771	131.1818577	3.524291969e-12
13772	131.2001591	-7.659650691e-12
13773	131.2184608	1.033839681e-12
13774	131.236763	9.602985074e-12
13775	131.2550655	-1.399769189e-12
13776	131.2733685	7.069900221e-12
13777	131.2916718	1.542943551e-11
13778	131.3099755	4.611422355e-12
13779	131.3282796	-6.060929536e-12
13780	131.3465841	2.213340622e-12
13781	131.364889	1.037392394e-11
13782	131.3831942	-1.207922651e-13
13783	131.4014998	7.936762358e-12
13784	131.4198058	-2.376765451e-12
13785	131.4381122	5.577760476e-12
13786	131.4564189	1.341504685e-11
13787	131.474726	3.279154726e-12
13788	131.4930334	-6.711076139e-12
13789	131.5113412	1.044497822e-12
13790	131.5296494	8.686384945e-12
13791	131.5479579	-1.122657523e-12
13792	131.5662668	6.423306331e-12
13793	131.584576	1.384492521e-11
13794	131.6028855	4.217071137e-12
13795	131.6211954	-5.254463531e-12
13796	131.6395057	2.088995643e-12
13797	131.6578162	9.311662552e-12
13798	131.6761272	2.131628207e-14
13799	131.6944384	-9.119816013e-12
13800	131.71275	1.414690587e-11
13801	131.7310619	5.037747997e-12
13802	131.7493741	-3.915090474e-12
13803	131.7676866	3.009148486e-12
13804	131.7859995	9.816147895e-12
13805	131.8043127	1.030286967e-12
13806	131.8226261	-7.592149132e-12
13807	131.8409399	1.433164698e-11
13808	131.859254	5.741185305e-12
13809	131.8775685	-2.70361511e-12
13810	131.8958832	3.797850923e-12
13811	131.9141982	1.018563012e-11
13812	131.9325135	1.925570814e-12
13813	131.9508291	8.213874025e-12
13814	131.969145	1.243449788e-13
13815	131.9874611	6.309619494e-12
13816	132.0057776	-1.620037438e-12
13817	132.0240943	4.469313808e-12
13818	132.0424114	-3.289812867e-12
13819	132.0607287	2.696509682e-12
13820	132.0790463	8.569145393e-12
13821	132.0973641	9.876544027e-13
13822	132.1156822	6.757261417e-12
13823	132.1340006	-6.501466032e-13
13824	132.1523193	5.019984428e-12
13825	132.1706382	-2.223998763e-12
13826	132.1889574	3.343103572e-12
13827	132.2072768	8.796519069e-12
13828	132.2255965	1.740829703e-12
13829	132.2439164	-5.172751116e-12
13830	132.2622366	1.232436375e-11
13831	132.280557	5.449862783e-12
13832	132.2988777	-1.286082352e-12
13833	132.3171986	-7.862155371e-12
13834	132.3355197	8.906653193e-12
13835	132.3538411	2.359001883e-12
13836	132.3721627	-4.035882739e-12
13837	132.3904845	1.211475364e-11
13838	132.4088066	5.751843446e-12
13839	132.4271289	-4.654054919e-13
13840	132.4454514	-6.526335028e-12
13841	132.4637741	8.888889624e-12
13842	132.4820971	2.859934511e-12
13843	132.5004202	-3.019806627e-12
13844	132.5187436	1.520561455e-12
13845	132.5370672	5.92947913e-12
13846	132.555391	2.344791028e-13
13847	132.5737149	4.551026223e-12
13848	132.5920391	-9.805489753e-13
13849	132.6103635	3.232969448e-12
13850	132.6286881	-2.128075494e-12
13851	132.6470128	1.985966946e-12
13852	132.6653378	5.989875262e-12
13853	132.6836629	8.029132914e-13
13854	132.7019883	4.707345624e-12
13855	132.7203138	-3.090860901e-13
13856	132.7386394	3.492317546e-12
13857	132.7569653	-1.357136625e-12
13858	132.7752913	2.344791028e-12
13859	132.7936175	-2.341238314e-12
13860	132.8119439	1.257660642e-12
13861	132.8302704	4.742872761e-12
13862	132.8485971	2.415845302e-13
13863	132.8669239	-4.106937013e-12
13864	132.8852509	6.888711823e-12
13865	132.9035781	2.572164703e-12
13866	132.9219054	-1.595168442e-12
13867	132.9402329	1.588063014e-12
13868	132.9585605	4.650502206e-12
13869	132.9768882	6.679101716e-13
13870	132.9952161	-3.165467888e-12
13871	133.0135441	6.483702464e-12
13872	133.0318723	2.678746114e-12
13873	133.0502006	-9.698908343e-13
13874	133.068529	1.794120408e-12
13875	133.0868576	4.444444812e-12
13876	133.1051862	9.769962617e-13
13877	133.123515	-2.348343742e-12
13878	133.1418439	2.202682481e-13
13879	133.160173	2.664535259e-12
13880	133.1785021	-4.654054919e-13
13881	133.1968313	1.879385536e-12
13882	133.2151607	4.106937013e-12
13883	133.2334902	1.154631946e-12
13884	133.2518197	-1.648459147e-12
13885	133.2701494	4.97379915e-13
13886	133.2884792	2.525979426e-12
13887	133.306809	-9.237055565e-14
13888	133.325139	1.836752972e-12
13889	133.343469	-6.146194664e-13
13890	133.3617991	1.207922651e-12
13891	133.3801293	2.923883358e-12
13892	133.3984596	6.572520306e-13
13893	133.41679	-1.456612608e-12
13894	133.4351204	1.669775429e-13
13895	133.4534509	1.669775429e-12
13896	133.4717815	-2.593480986e-13
13897	133.4901122	1.147526518e-12
13898	133.5084429	2.444267011e-12
13899	133.5267737	6.892264537e-13
13900	133.5451045	-9.166001291e-13
13901	133.5634354	2.98427949e-13
13902	133.5817663	1.389111048e-12
13903	133.6000973	-2.842170943e-14
13904	133.6184284	-1.30384592e-12
13905	133.6367595	1.843858399e-12
13906	133.6550906	6.039613254e-13
13907	133.6734218	-4.86721774e-13
13908	133.691753	3.055333764e-13
13909	133.7100842	9.84101689e-13
13910	133.7284155	7.815970093e-14
13911	133.7467468	-6.75015599e-13
13912	133.7650782	1.111999381e-12
13913	133.7834095	3.907985047e-13
13914	133.8017409	-1.811883976e-13
13915	133.8200723	1.918465387e-13
13916	133.8384037	4.511946372e-13
13917	133.8567352	6.394884622e-14
13918	133.8750666	2.273736754e-13
13919	133.8933981	-3.552713679e-15
13920	133.9117295	5.329070518e-14
13921	133.930061	0
13922	133.9483924	-3.552713679e-14
13923	133.9667239	6.75015599e-14
13924	133.9850553	-7.815970093e-14
13925	134.0033868	-3.339550858e-13
13926	134.0217182	-4.263256415e-14
13927	134.0400496	-4.014566457e-13
13928	134.058381	6.394884622e-14
13929	134.0767124	-4.014566457e-13
13930	134.0950438	2.238209618e-13
13931	134.1133751	-3.304023721e-13
13932	134.1317064	-1.008970685e-12
13933	134.1500377	-2.025046797e-13
13934	134.1683689	7.531752999e-13
13935	134.1867001	-1.875832822e-12
13936	134.2050313	-8.810729923e-13
13937	134.2233625	2.593480986e-13
13938	134.2416935	1.552535878e-12
13939	134.2600246	-1.811883976e-12
13940	134.2783556	-4.902744877e-13
13941	134.2966865	9.876544027e-13
13942	134.3150174	-2.994937631e-12
13943	134.3333483	-1.485034318e-12
13944	134.351679	1.705302566e-13
13945	134.3700097	1.978861519e-12
13946	134.3883404	-2.739142246e-12
13947	134.406671	-8.952838471e-13
13948	134.4250015	1.094235813e-12
13949	134.4433319	-5.044853424e-13
13950	134.4616623	-2.213340622e-12
13951	134.4799926	-3.552713679e-14
13952	134.4983228	-1.85451654e-12
13953	134.5166529	4.938272014e-13
13954	134.5349829	-1.424638185e-12
13955	134.5533129	1.083577672e-12
13956	134.5716427	-9.308109838e-13
13957	134.5899725	-3.062439191e-12
13958	134.6083021	-3.694822226e-13
13959	134.6266317	-2.600586413e-12
13960	134.6449611	2.557953849e-13
13961	134.6632905	-2.081890216e-12
13962	134.6816197	-4.526157227e-12
13963	134.6999489	-1.485034318e-12
13964	134.7182779	1.705302566e-12
13965	134.7366068	-8.277822872e-13
13966	134.7549356	-3.474553978e-12
13967	134.7732642	-1.065814104e-13
13968	134.7915928	3.421263273e-12
13969	134.8099212	-5.719869023e-12
13970	134.8282495	-2.160049917e-12
13971	134.8465776	1.54543045e-12
13972	134.8649057	-1.406874617e-12
13973	134.8832335	-4.469313808e-12
13974	134.9015613	-5.826450433e-13
13975	134.9198889	3.453237696e-12
13976	134.9382163	-7.034373084e-12
13977	134.9565436	-2.959410494e-12
13978	134.9748708	1.26476607e-12
13979	134.9931978	-2.110311925e-12
13980	135.0115246	-5.59197133e-12
13981	135.0298513	-1.186606369e-12
13982	135.0481778	3.367972568e-12
13983	135.0665042	-1.953992523e-13
13984	135.0848304	-3.886668765e-12
13985	135.1031564	8.526512829e-13
13986	135.1214822	-2.934541499e-12
13987	135.1398079	-6.831868404e-12
13988	135.1581334	-1.918465387e-12
13989	135.1764587	3.15836246e-12
13990	135.1947838	-8.277822872e-13
13991	135.2131088	-4.931166586e-12
13992	135.2314335	3.268496584e-13
13993	135.2497581	-3.87245791e-12
13994	135.2680825	1.541877737e-12
13995	135.2864066	-2.764011242e-12
13996	135.3047306	-7.180034345e-12
13997	135.3230544	-1.580957587e-12
13998	135.3413779	4.170885859e-12
13999	135.3597013	-3.304023721e-13
14000	135.3780244	-4.945377441e-12
14001	135.3963474	9.912071164e-13
14002	135.4146701	-3.730349363e-12
14003	135.4329926	-8.56559268e-12
14004	135.4513149	-2.451372438e-12
14005	135.4696369	3.819167205e-12
14006	135.4879588	-1.244515602e-11
14007	135.5062804	-6.142641951e-12
14008	135.5246017	3.090860901e-13
14009	135.5429229	6.913580819e-12
14010	135.5612438	-1.008260142e-11
14011	135.5795644	-3.446132268e-12
14012	135.5978848	3.332445431e-12
14013	135.616205	-2.000177801e-12
14014	135.6345249	-7.457146012e-12
14015	135.6528446	-4.86721774e-13
14016	135.671164	6.629363725e-12
14017	135.6894832	-1.171684971e-11
14018	135.7078021	-4.565237077e-12
14019	135.7261207	2.735589533e-12
14020	135.7444391	-3.023359341e-12
14021	135.7627572	-8.895995052e-12
14022	135.781075	-1.41042733e-12
14023	135.7993926	-7.382539025e-12
14024	135.8177099	2.664535259e-13
14025	135.8360269	-5.805134151e-12
14026	135.8543436	2.010835942e-12
14027	135.8726601	-4.160227718e-12
14028	135.8909762	3.815614491e-12
14029	135.9092921	-2.454925152e-12
14030	135.9276077	-8.842704347e-12
14031	135.945923	-6.785683127e-13
14032	135.964238	-7.169376204e-12
14033	135.9825527	1.158184659e-12
14034	136.0008671	-5.428546501e-12
14035	136.0191812	3.069544618e-12
14036	136.0374949	-3.620215239e-12
14037	136.0558084	-1.043076736e-11
14038	136.0741216	-1.744382416e-12
14039	136.0924344	7.080558362e-12
14040	136.1107469	-1.567812546e-11
14041	136.1290591	-6.81765755e-12
14042	136.147371	2.195577053e-12
14043	136.1656826	1.136157834e-11
14044	136.1839938	-1.213606993e-11
14045	136.2023047	-2.938094212e-12
14046	136.2206153	6.401990049e-12
14047	136.2389255	-1.770672498e-11
14048	136.2572354	-8.327560863e-12
14049	136.2755449	1.200817223e-12
14050	136.2938541	-6.323830348e-12
14051	136.312163	-1.396571747e-11
14052	136.3304715	-4.252598274e-12
14053	136.3487796	5.606182185e-12
14054	136.3670874	-2.120970066e-12
14055	136.3853948	-9.961809155e-12
14056	136.4037019	8.171241461e-14
14057	136.4220086	-7.862155371e-12
14058	136.4403149	2.351896455e-12
14059	136.4586209	-5.6878946e-12
14060	136.4769265	4.686029342e-12
14061	136.4952317	-3.456790409e-12
14062	136.5135366	-1.1713297e-11
14063	136.531841	-1.154631946e-12
14064	136.5501451	-9.514167232e-12
14065	136.5684488	1.207922651e-12
14066	136.5867521	-7.251088618e-12
14067	136.605055	-1.582733944e-11
14068	136.6233576	-4.916955731e-12
14069	136.6416597	6.142641951e-12
14070	136.6599614	-2.522426712e-12
14071	136.6782628	-1.129407678e-11
14072	136.6965637	-5.684341886e-14
14073	136.7148642	1.133315664e-11
14074	136.7331643	-1.79198878e-11
14075	136.751464	-6.501466032e-12
14076	136.7697633	5.073275133e-12
14077	136.7880622	-4.003908316e-12
14078	136.8063606	-1.320188403e-11
14079	136.8246586	-1.442401754e-12
14080	136.8429562	1.045918907e-11
14081	136.8612534	-2.014743927e-11
14082	136.8795501	-8.206768598e-12
14083	136.8978464	3.879563337e-12
14084	136.9161423	-5.613287613e-12
14085	136.9344377	-1.522693083e-11
14086	136.9527327	-2.955857781e-12
14087	136.9710272	9.467981954e-12
14088	136.9893213	-2.273736754e-13
14089	137.007615	-1.003286343e-11
14090	137.0259081	2.561506562e-12
14091	137.0442009	-7.347011888e-12
14092	137.0624931	-1.736921718e-11
14093	137.080785	-4.583000646e-12
14094	137.0990763	-1.471178734e-11
14095	137.1173672	-1.758593271e-12
14096	137.1356576	-1.198330324e-11
14097	137.1539476	1.12976295e-12
14098	137.172237	-9.197975714e-12
14099	137.190526	4.089173444e-12
14100	137.2088145	-6.341593917e-12
14101	137.2271026	-1.68824954e-11
14102	137.2453901	-3.417710559e-12
14103	137.2636772	1.019984097e-11
14104	137.2819637	-4.263256415e-13
14105	137.3002498	-1.117328452e-11
14106	137.3185354	2.629008122e-12
14107	137.3368205	-8.213874025e-12
14108	137.3551051	-1.917399572e-11
14109	137.3733891	-5.197620112e-12
14110	137.3916727	8.931522189e-12
14111	137.4099558	-2.743050231e-11
14112	137.4282383	-1.32729383e-11
14113	137.4465203	1.040945108e-12
14114	137.4648019	1.550404249e-11
14115	137.4830829	-2.159339374e-11
14116	137.5013633	-7.09832193e-12
14117	137.5196433	7.545963854e-12
14118	137.5379227	-3.91153776e-12
14119	137.5562016	-1.548983164e-11
14120	137.57448	-6.643574579e-13
14121	137.5927578	1.431388341e-11
14122	137.6110351	-2.413003131e-11
14123	137.6293118	-9.123368727e-12
14124	137.647588	6.03606054e-12
14125	137.6658636	-5.840661288e-12
14126	137.6841387	-1.783106995e-11
14127	137.7024133	-2.486899575e-12
14128	137.7206873	-1.458388965e-11
14129	137.7389607	9.237055565e-13
14130	137.7572336	-1.126565508e-11
14131	137.7755059	4.408917675e-12
14132	137.7937777	-7.887024367e-12
14133	137.8120488	7.954525927e-12
14134	137.8303194	-4.437339385e-12
14135	137.8485895	-1.694644425e-11
14136	137.8668589	-9.237055565e-13
14137	137.8851278	-1.353583912e-11
14138	137.9033961	-2.626521223e-11
14139	137.9216638	-1.005773242e-11
14140	137.939931	6.295408639e-12
14141	137.9581975	-6.512124173e-12
14142	137.9764634	-1.943689654e-11
14143	137.9947288	-2.902567076e-12
14144	138.0129935	1.378808179e-11
14145	138.0312577	-2.906830332e-11
14146	138.0495212	-1.234923275e-11
14147	138.0677842	4.515499086e-12
14148	138.0860465	2.153655032e-11
14149	138.1043082	-2.20516938e-11
14150	138.1225693	-4.995115432e-12
14151	138.1408298	1.220357149e-11
14152	138.1590897	-3.199573939e-11
14153	138.1773489	-1.476863076e-11
14154	138.1956076	2.618349981e-12
14155	138.2138656	-1.102407055e-11
14156	138.2321229	-2.478017791e-11
14157	138.2503797	-7.215561482e-12
14158	138.2686358	1.049826892e-11
14159	138.2868912	-3.343103572e-12
14160	138.305146	-1.730171562e-11
14161	138.3234002	5.96855898e-13
14162	138.3416537	-1.346478484e-11
14163	138.3599066	4.5972115e-12
14164	138.3781589	-9.56035251e-12
14165	138.3964104	8.67217409e-12
14166	138.4146614	-5.588418617e-12
14167	138.4329116	-1.995914545e-11
14168	138.4511612	-1.548983164e-12
14169	138.4694101	-1.602629141e-11
14170	138.4876584	2.550848421e-12
14171	138.505906	-1.201883038e-11
14172	138.5241529	-2.670930144e-11
14173	138.5423992	-7.950973213e-12
14174	138.5606447	1.095301627e-11
14175	138.5788896	-3.815614491e-12
14176	138.5971338	-1.870859023e-11
14177	138.6153773	3.836930773e-13
14178	138.6336202	1.961808493e-11
14179	138.6518623	-2.971489721e-11
14180	138.6701037	-1.043787279e-11
14181	138.6883445	8.977707466e-12
14182	138.7065845	-4.096278872e-11
14183	138.7248239	-2.151523404e-11
14184	138.7430625	-1.911359959e-12
14185	138.7613004	1.784172809e-11
14186	138.7795376	-3.283773253e-11
14187	138.7977741	-1.304911734e-11
14188	138.8160099	6.88515911e-12
14189	138.834245	-8.721912081e-12
14190	138.8524793	-2.44391174e-11
14191	138.870713	-4.320099833e-12
14192	138.8889459	1.594102628e-11
14193	138.907178	1.385558335e-13
14194	138.9254095	-1.578470687e-11
14195	138.9436402	4.66471306e-12
14196	138.9618701	-1.13509202e-11
14197	138.9800994	-2.748734573e-11
14198	138.9983278	-6.863842827e-12
14199	139.0165556	-2.309263891e-11
14200	139.0347826	-2.29860575e-12
14201	139.0530088	-1.863043053e-11
14202	139.0712343	2.32702746e-12
14203	139.089459	-1.411137873e-11
14204	139.107683	7.020162229e-12
14205	139.1259062	-9.514167232e-12
14206	139.1441286	-2.616928896e-11
14207	139.1623503	-4.860112313e-12
14208	139.1805712	1.659827831e-11
14209	139.1987913	-1.385558335e-13
14210	139.2170107	-1.698907681e-11
14211	139.2352293	4.654054919e-12
14212	139.2534471	-1.229594204e-11
14213	139.2716641	-2.936317856e-11
14214	139.2898803	-7.545963854e-12
14215	139.3080958	1.442401754e-11
14216	139.3263104	-4.198952297e-11
14217	139.3445243	-1.998401444e-11
14218	139.3627373	2.167155344e-12
14219	139.3809496	2.446398639e-11
14220	139.3991611	-3.268141313e-11
14221	139.4173717	-1.035260766e-11
14222	139.4355816	1.213606993e-11
14223	139.4537906	-5.428546501e-12
14224	139.4719988	-2.310684977e-11
14225	139.4902062	-4.476419235e-13
14226	139.5084128	-1.822542117e-11
14227	139.5266186	-3.612043997e-11
14228	139.5448236	-1.326938559e-11
14229	139.5630277	9.723777339e-12
14230	139.581231	-8.25650659e-12
14231	139.5994334	-2.634692464e-11
14232	139.6176351	-3.172573315e-12
14233	139.6358359	-2.136957278e-11
14234	139.6540358	1.971756092e-12
14235	139.6722349	-1.632116664e-11
14236	139.6904332	7.183587059e-12
14237	139.7086306	-1.120525894e-11
14238	139.7268272	1.246291959e-11
14239	139.7450229	-6.025402399e-12
14240	139.7632178	-2.463451665e-11
14241	139.7814118	-7.85149723e-13
14242	139.7996049	-1.949018724e-11
14243	139.8177972	-3.831246431e-11
14244	139.8359886	-1.427835628e-11
14245	139.8541792	9.904965736e-12
14246	139.8723689	-9.002576462e-12
14247	139.8905577	-2.80238055e-11
14248	139.9087456	-3.662847803e-12
14249	139.9269326	2.085798201e-11
14250	139.9451188	-4.201794468e-11
14251	139.9633041	-1.747579859e-11
14252	139.9814885	7.222666909e-12
14253	139.999672	3.207034638e-11
14254	140.0178546	-3.15303339e-11
14255	140.0360363	-6.650680007e-12
14256	140.0542171	1.837108243e-11
14257	140.072397	-4.584421731e-11
14258	140.0905761	-2.078692773e-11
14259	140.1087542	4.419575816e-12
14260	140.1269314	-1.531930138e-11
14261	140.1451076	-3.516831271e-11
14262	140.163283	-9.777068044e-12
14263	140.1814575	1.576339059e-11
14264	140.199631	-4.177991286e-12
14265	140.2178036	-2.422240186e-11
14266	140.2359753	1.495692459e-12
14267	140.2541461	-1.865885224e-11
14268	140.2723159	7.226219623e-12
14269	140.2904848	-1.301714292e-11
14270	140.3086528	-3.338129773e-11
14271	140.3268198	-7.318590178e-12
14272	140.3449859	-2.778222097e-11
14273	140.363151	-1.548983164e-12
14274	140.3813152	-2.211919536e-11
14275	140.3994785	4.277467269e-12
14276	140.4176408	-1.638156277e-11
14277	140.4358021	-3.716138508e-11
14278	140.4539625	-1.058708676e-11
14279	140.4721219	1.613997824e-11
14280	140.4902804	-4.718003765e-12
14281	140.5084379	-2.570033075e-11
14282	140.5265944	1.207922651e-12
14283	140.5447499	2.826183731e-11
14284	140.5629045	-4.105871199e-11
14285	140.5810581	-1.39728229e-11
14286	140.5992108	1.326228016e-11
14287	140.6173624	-5.666933589e-11
14288	140.6355131	-2.940225841e-11
14289	140.6536628	-1.982414233e-12
14290	140.6718115	2.55830912e-11
14291	140.6899592	-4.508038387e-11
14292	140.7081059	-1.748290401e-11
14293	140.7262516	1.026734253e-11
14294	140.7443963	-1.141842176e-11
14295	140.76254	-3.322853104e-11
14296	140.7806827	-5.300648809e-12
14297	140.7988244	2.278000011e-11
14298	140.8169651	8.881784197e-13
14299	140.8351048	-2.111022468e-11
14300	140.8532434	7.148059922e-12
14301	140.8713811	-1.495692459e-11
14302	140.8895177	-3.717559593e-11
14303	140.9076533	-8.732570222e-12
14304	140.9257878	-3.105071755e-11
14305	140.9439214	-2.447819725e-12
14306	140.9620539	-2.486189032e-11
14307	140.9801853	3.900879619e-12
14308	140.9983158	-1.860911425e-11
14309	141.0164452	1.032063324e-11
14310	141.0345735	-1.229238933e-11
14311	141.0527008	-3.502265145e-11
14312	141.0708271	-5.908162848e-12
14313	141.0889523	2.335553972e-11
14314	141.1070765	-5.16848786e-11
14315	141.1251996	-2.238564889e-11
14316	141.1433216	7.05924208e-12
14317	141.1614426	-1.596589527e-11
14318	141.1795625	-3.91153776e-11
14319	141.1976814	-9.485745522e-12
14320	141.2157992	2.028599511e-11
14321	141.2339159	-5.609024356e-11
14322	141.2520315	-2.62829758e-11
14323	141.2701461	3.673505944e-12
14324	141.2882596	3.377209623e-11
14325	141.306372	-4.33217906e-11
14326	141.3244833	-1.319122589e-11
14327	141.3425935	1.709210551e-11
14328	141.3607027	-6.54765131e-12
14329	141.3788107	-3.029754225e-11
14330	141.3969176	1.563194019e-13
14331	141.4150235	-2.368949481e-11
14332	141.4331282	-4.765610129e-11
14333	141.4512319	-1.701394581e-11
14334	141.4693344	1.377742365e-11
14335	141.4874359	-1.027800067e-11
14336	141.5055362	-3.443645369e-11
14337	141.5236354	-3.460343123e-12
14338	141.5417335	-2.773248298e-11
14339	141.5598305	3.403499704e-12
14340	141.5779263	-2.095745799e-11
14341	141.596021	1.034194952e-11
14342	141.6141146	-1.411848416e-11
14343	141.6322071	1.734434818e-11
14344	141.6502984	-7.215561482e-12
14345	141.6683886	-3.189626341e-11
14346	141.6864777	-2.451372438e-13
14347	141.7045656	-2.502176244e-11
14348	141.7226524	-4.991562719e-11
14349	141.740738	-1.809041805e-11
14350	141.7588225	1.388755777e-11
14351	141.7769058	-1.108446668e-11
14352	141.794988	-3.61808361e-11
14353	141.813069	-4.021671884e-12
14354	141.8311489	2.827960088e-11
14355	141.8492276	-5.451994411e-11
14356	141.8673051	-2.21795915e-11
14357	141.8853814	1.030286967e-11
14358	141.9034566	4.293454481e-11
14359	141.9215307	-4.057909564e-11
14360	141.9396035	-7.915446076e-12
14361	141.9576752	2.489386475e-11
14362	141.9757457	-5.923439517e-11
14363	141.993815	-2.638955721e-11
14364	142.0118831	6.600942015e-12
14365	142.02995	-1.919531201e-11
14366	142.0480158	-4.510525287e-11
14367	142.0660803	-1.193001253e-11
14368	142.0841436	2.138733635e-11
14369	142.1022058	-4.607869641e-12
14370	142.1202667	-3.072031518e-11
14371	142.1383265	2.781774811e-12
14372	142.156385	-2.343014671e-11
14373	142.1744423	1.023892082e-11
14374	142.1924984	-1.607247668e-11
14375	142.2105533	-4.249756103e-11
14376	142.228607	-8.654410522e-12
14377	142.2466595	-3.517186542e-11
14378	142.2647107	-1.165290087e-12
14379	142.2827607	-2.778577368e-11
14380	142.3008095	6.387779194e-12
14381	142.3188571	-2.032862767e-11
14382	142.3369034	-4.71658268e-11
14383	142.3549485	-1.281108553e-11
14384	142.3729923	2.16857643e-11
14385	142.3910349	-5.226041822e-12
14386	142.4090762	-3.226219292e-11
14387	142.4271164	2.422950729e-12
14388	142.4451552	3.724665021e-11
14389	142.4631928	-5.195843755e-11
14390	142.4812292	-1.709210551e-11
14391	142.4992643	1.79198878e-11
14392	142.5172981	-7.189981943e-11
14393	142.5353307	-3.685940442e-11
14394	142.553362	-1.666222715e-12
14395	142.571392	3.367262025e-11
14396	142.5894208	-5.686473514e-11
14397	142.6074483	-2.149747047e-11
14398	142.6254745	1.401900818e-11
14399	142.6434994	-1.372413294e-11
14400	142.6615231	-4.157385547e-11
14401	142.6795454	-5.876188425e-12
14402	142.6975665	2.997069259e-11
14403	142.7155863	2.028599511e-12
14404	142.7336048	-2.602007498e-11
14405	142.751622	1.000799443e-11
14406	142.7696379	-1.814726147e-11
14407	142.7876525	-4.64126515e-11
14408	142.8056658	-1.020339369e-11
14409	142.8236778	-3.85682597e-11
14410	142.8416885	-2.202682481e-12
14411	142.8596979	-3.066347176e-11
14412	142.877706	5.869082997e-12
14413	142.8957127	-2.269118227e-11
14414	142.9137182	1.400479732e-11
14415	142.9317223	-1.465849664e-11
14416	142.9497251	-4.343192472e-11
14417	142.9677265	-6.554756737e-12
14418	142.9857267	3.04645198e-11
14419	143.0037255	-6.441780442e-11
14420	143.0217229	-2.736300075e-11
14421	143.0397191	9.84101689e-12
14422	143.0577139	-1.922728643e-11
14423	143.0757073	-4.841638201e-11
14424	143.0936994	-1.103472869e-11
14425	143.1116902	2.649613862e-11
14426	143.1296796	-6.971134781e-11
14427	143.1476676	-3.214850608e-11
14428	143.1656543	5.556444194e-12
14429	143.1836396	4.341416115e-11
14430	143.2016236	-5.351807886e-11
14431	143.2196062	-1.563194019e-11
14432	143.2375875	2.240696517e-11
14433	143.2555674	-7.268852187e-12
14434	143.2735459	-3.705480367e-11
14435	143.291523	1.158184659e-12
14436	143.3094987	-2.873434823e-11
14437	143.3274731	-5.873346254e-11
14438	143.3454461	-2.03357331e-11
14439	143.3634177	1.819699946e-11
14440	143.3813879	-1.188382726e-11
14441	143.3993568	-4.208544624e-11
14442	143.4173242	-3.36086714e-12
14443	143.4352903	-3.366551482e-11
14444	143.4532549	5.218936394e-12
14445	143.4712181	-2.517452913e-11
14446	143.48918	1.387334692e-11
14447	143.5071404	-1.66231473e-11
14448	143.5250994	2.258460086e-11
14449	143.5430571	-8.007816632e-12
14450	143.5610133	-3.871747367e-11
14451	143.5789681	6.714628853e-13
14452	143.5969214	-3.013056471e-11
14453	143.6148734	-6.105693728e-11
14454	143.6328239	-2.148681233e-11
14455	143.650773	1.822897389e-11
14456	143.6687206	-1.276845296e-11
14457	143.6866669	-4.388667207e-11
14458	143.7046117	-3.993250175e-12
14459	143.722555	3.604583299e-11
14460	143.7404969	-6.653522178e-11
14461	143.7584374	-2.646061148e-11
14462	143.7763764	1.375966008e-11
14463	143.794314	-1.765698698e-11
14464	143.8122502	-4.918376817e-11
14465	143.8301848	-8.782308214e-12
14466	143.8481181	3.1764813e-11
14467	143.8660498	-7.214140396e-11
14468	143.8839801	-3.156230832e-11
14469	143.901909	9.158895864e-12
14470	143.9198363	-2.265920784e-11
14471	143.9377622	-5.459099839e-11
14472	143.9556867	-1.368505309e-11
14473	143.9736096	2.736300075e-11
14474	143.9915311	-4.654054919e-12
14475	144.0094511	-3.678124472e-11
14476	144.0273696	4.447997526e-12
14477	144.0452866	-2.777866825e-11
14478	144.0632022	1.360689339e-11
14479	144.0811162	-1.871569566e-11
14480	144.0990288	-5.115907697e-11
14481	144.1169399	-9.581668792e-12
14482	144.1348494	-4.211742066e-11
14483	144.1527575	-3.87245791e-13
14484	144.170664	-3.302602636e-11
14485	144.1885691	8.871126056e-12
14486	144.2064726	-2.386002507e-11
14487	144.2243747	-5.670841574e-11
14488	144.2422752	-1.463362764e-11
14489	144.2601742	2.759037443e-11
14490	144.2780717	-5.339728659e-12
14491	144.2959677	-3.838351859e-11
14492	144.3138621	4.018119171e-12
14493	144.331755	4.656186547e-11
14494	144.3496464	-6.23856522e-11
14495	144.3675362	-1.980282605e-11
14496	144.3854245	2.292210866e-11
14497	144.4033113	-8.662581763e-11
14498	144.4211966	-4.386180308e-11
14499	144.4390803	-9.62785407e-13
14500	144.4569624	4.208899895e-11
14501	144.474843	-6.81765755e-11
14502	144.492722	-2.509281671e-11
14503	144.5105995	1.813305062e-11
14504	144.5284755	-1.56106239e-11
14505	144.5463499	-4.946798526e-11
14506	144.5642227	-6.053824109e-12
14507	144.5820939	-4.002131959e-11
14508	144.5999636	3.549160965e-12
14509	144.6178317	-3.050359965e-11
14510	144.6356983	1.323030574e-11
14511	144.6535633	-2.092548357e-11
14512	144.6714266	-5.518785429e-11
14513	144.6892885	-1.127631322e-11
14514	144.7071487	-4.564171263e-11
14515	144.7250073	-1.570299446e-12
14516	144.7428644	-3.602806942e-11
14517	144.7607199	8.203215884e-12
14518	144.7785738	-2.63611355e-11
14519	144.796426	1.803712735e-11
14520	144.8142767	-1.661248916e-11
14521	144.8321258	-5.138645065e-11
14522	144.8499733	-6.810552122e-12
14523	144.8678191	3.790745495e-11
14524	144.8856634	-7.666400847e-11
14525	144.9035061	-3.190692155e-11
14526	144.9213471	1.299227392e-11
14527	144.9391865	-2.206945737e-11
14528	144.9570243	-5.724842822e-11
14529	144.9748605	-1.217159706e-11
14530	144.9926951	3.305444807e-11
14531	145.010528	-8.283507213e-11
14532	145.0283593	-3.758060529e-11
14533	145.046189	7.819522807e-12
14534	145.064017	5.336531217e-11
14535	145.0818434	-6.323119806e-11
14536	145.0996682	-1.764988156e-11
14537	145.1174913	2.807354349e-11
14538	145.1353127	-7.595701845e-12
14539	145.1531326	-4.337152859e-11
14540	145.1709507	2.533084853e-12
14541	145.1887672	-3.334221788e-11
14542	145.2065821	-6.933120744e-11
14543	145.2243953	-2.324895831e-11
14544	145.2422068	2.297539936e-11
14545	145.2600167	-1.309885533e-11
14546	145.2778249	-4.927613872e-11
14547	145.2956315	-2.874145366e-12
14548	145.3134363	-3.915801017e-11
14549	145.3312395	7.40740802e-12
14550	145.349041	-2.896527462e-11
14551	145.3668409	-6.546230225e-11
14552	145.384639	-1.872280109e-11
14553	145.4024355	2.816591405e-11
14554	145.4202303	-8.405720564e-12
14555	145.4380234	-4.509104201e-11
14556	145.4558148	1.975308805e-12
14557	145.4736045	-3.480593591e-11
14558	145.4913925	-7.170442018e-11
14559	145.5091788	-2.446398639e-11
14560	145.5269634	2.292921408e-11
14561	145.5447463	-1.404742989e-11
14562	145.5625275	-5.114486612e-11
14563	145.580307	-3.574029961e-12
14564	145.5980848	4.413891475e-11
14565	145.6158608	-7.806733038e-11
14566	145.6336352	-3.032241125e-11
14567	145.6514078	1.757172186e-11
14568	145.6691787	-1.98170369e-11
14569	145.6869478	-5.731592978e-11
14570	145.7047153	-9.244160992e-12
14571	145.722481	3.896971634e-11
14572	145.7402449	-8.454392741e-11
14573	145.7580072	-3.630162837e-11
14574	145.7757676	1.208988465e-11
14575	145.7935264	-2.570033075e-11
14576	145.8112834	-6.359712756e-11
14577	145.8290386	-1.502797886e-11
14578	145.8467922	3.367972568e-11
14579	145.8645439	-4.305888979e-12
14580	145.8822939	-4.239808504e-11
14581	145.9000421	6.494360605e-12
14582	145.9177886	-3.170441687e-11
14583	145.9355333	1.734790089e-11
14584	145.9532763	-2.093969442e-11
14585	145.9710175	-5.9348082e-11
14586	145.9887569	-1.011457584e-11
14587	146.0064945	-4.861533398e-11
14588	146.0242304	7.709388683e-13
14589	146.0419645	-3.782929525e-11
14590	146.0596968	1.172395514e-11
14591	146.0774273	-2.696864954e-11
14592	146.095156	-6.577494105e-11
14593	146.112883	-1.604760769e-11
14594	146.1306081	3.382183422e-11
14595	146.1483315	-9.39692768e-11
14596	146.166053	-4.406430776e-11
14597	146.1837728	5.986322549e-12
14598	146.2014907	5.61790614e-11
14599	146.2192069	-7.232259236e-11
14600	146.2369212	-2.209787908e-11
14601	146.2546338	2.827604817e-11
14602	146.2723445	-1.008260142e-10
14603	146.2900534	-5.042366524e-11
14604	146.3077605	1.278976924e-13
14605	146.3254658	5.081801646e-11
14606	146.3431692	-7.899103593e-11
14607	146.3608708	-2.826539003e-11
14608	146.3785706	2.260236442e-11
14609	146.3962686	-1.70885528e-11
14610	146.4139647	-5.689670957e-11
14611	146.431659	-5.854872143e-12
14612	146.4493514	-4.575895218e-11
14613	146.4670421	5.44631007e-12
14614	146.4847308	-3.455369324e-11
14615	146.5024177	1.681854656e-11
14616	146.5201028	-2.328803816e-11
14617	146.537786	-6.349054615e-11
14618	146.5554674	-1.19477761e-11
14619	146.5731469	-5.226041822e-11
14620	146.5908246	-5.542233339e-13
14621	146.6085004	-4.095213058e-11
14622	146.6261743	1.091038371e-11
14623	146.6438463	-2.959410494e-11
14624	146.6615165	2.243183417e-11
14625	146.6791848	-1.816502504e-11
14626	146.6968513	-5.887557109e-11
14627	146.7145158	-6.675549002e-12
14628	146.7321785	4.567368705e-11
14629	146.7498393	-8.839862176e-11
14630	146.7674982	-3.602096399e-11
14631	146.7851552	1.649880232e-11
14632	146.8028104	-2.449596082e-11
14633	146.8204636	-6.561151622e-11
14634	146.838115	-1.291056151e-11
14635	146.8557644	3.992894904e-11
14636	146.873412	-9.544010027e-11
14637	146.8910576	-4.25686153e-11
14638	146.9087013	1.045208364e-11
14639	146.9263432	-3.095479428e-11
14640	146.9439831	-7.246825362e-11
14641	146.9616211	-1.926991899e-11
14642	146.9792572	3.407407689e-11
14643	146.9968913	-7.524647572e-12
14644	147.0145236	-4.922995345e-11
14645	147.0321539	4.284572697e-12
14646	147.0497823	-3.752376188e-11
14647	147.0674087	-7.943867786e-11
14648	147.0850333	-2.574296332e-11
14649	147.1026559	2.809130706e-11
14650	147.1202765	-1.390532134e-11
14651	147.1378952	-5.600853115e-11
14652	147.155512	-2.003730515e-12
14653	147.1731268	-4.420641631e-11
14654	147.1907397	9.965361869e-12
14655	147.2083507	-3.23367999e-11
14656	147.2259596	-7.475264852e-11
14657	147.2435667	-2.040323466e-11
14658	147.2611717	3.408473503e-11
14659	147.2787748	-8.405720564e-12
14660	147.296376	-5.101696843e-11
14661	147.3139752	3.655742375e-12
14662	147.3315724	-3.904432333e-11
14663	147.3491676	-8.186162859e-11
14664	147.3667609	-2.701838753e-11
14665	147.3843522	2.796696208e-11
14666	147.4019415	-1.492495016e-11
14667	147.4195288	-5.793410196e-11
14668	147.4371141	-2.771116669e-12
14669	147.4546975	5.253397717e-11
14670	147.4722789	-8.908784821e-11
14671	147.4898582	-3.375433266e-11
14672	147.5074356	2.172839686e-11
14673	147.525011	-2.157207746e-11
14674	147.5425844	-6.497202776e-11
14675	147.5601558	-9.311662552e-12
14676	147.5777251	4.648370577e-11
14677	147.5952925	-9.64348601e-11
14678	147.6128579	-4.060396464e-11
14679	147.6304212	1.537259209e-11
14680	147.6479826	-2.832578616e-11
14681	147.6655419	-7.212719311e-11
14682	147.6830992	-1.597655341e-11
14683	147.7006544	-5.988098906e-11
14684	147.7182077	-3.570477247e-12
14685	147.7357589	-4.757083616e-11
14686	147.7533081	8.906653193e-12
14687	147.7708553	-3.519673442e-11
14688	147.7884004	2.143707434e-11
14689	147.8059435	-2.275513111e-11
14690	147.8234845	-6.706457611e-11
14691	147.8410235	-1.025313168e-11
14692	147.8585605	-5.465494723e-11
14693	147.8760954	2.309263891e-12
14694	147.8936282	-4.218492222e-11
14695	147.911159	1.493916102e-11
14696	147.9286878	-2.965450108e-11
14697	147.9462145	-7.43582973e-11
14698	147.9637391	-1.706013109e-11
14699	147.9812616	4.038369639e-11
14700	147.9987821	-1.067697042e-10
14701	148.0163006	-4.929390229e-11
14702	148.0338169	8.320455436e-12
14703	148.0513312	6.608047443e-11
14704	148.0688434	-8.176925803e-11
14705	148.0863535	-2.398081733e-11
14706	148.1038615	3.395683734e-11
14707	148.1213675	-1.14489751e-10
14708	148.1388714	-5.65165692e-11
14709	148.1563731	1.591615728e-12
14710	148.1738728	5.984190921e-11
14711	148.1913704	-8.930101103e-11
14712	148.2088659	-3.101519042e-11
14713	148.2263593	2.741273875e-11
14714	148.2438506	-1.817213047e-11
14715	148.2613398	-6.386002838e-11
14716	148.2788269	-5.258016245e-12
14717	148.2963118	-5.105249556e-11
14718	148.3137947	7.712941397e-12
14719	148.3312754	-3.817035577e-11
14720	148.3487541	2.07514006e-11
14721	148.3662306	-2.523137255e-11
14722	148.3837049	-7.13207271e-11
14723	148.4011772	-1.222844048e-11
14724	148.4186473	-5.841371831e-11
14725	148.4361153	8.384404282e-13
14726	148.4535812	-4.543920795e-11
14727	148.4710449	-9.184120131e-11
14728	148.4885065	-3.240785418e-11
14729	148.5059659	2.716049607e-11
14730	148.5234232	-1.930544613e-11
14731	148.5408784	-6.58921806e-11
14732	148.5583314	-6.149747378e-12
14733	148.5757822	5.373834711e-11
14734	148.5932309	-9.962519698e-11
14735	148.6106775	-3.970157536e-11
14736	148.6281218	2.036060209e-11
14737	148.6455641	-2.650324404e-11
14738	148.6630041	-7.349143516e-11
14739	148.680442	-1.325162202e-11
14740	148.6978777	4.712319424e-11
14741	148.7153113	-1.075193268e-10
14742	148.7327427	-4.710898338e-11
14743	148.7501719	1.344346856e-11
14744	148.7675989	-3.382893965e-11
14745	148.7850237	-8.120792927e-11
14746	148.8024464	-2.047784164e-11
14747	148.8198668	4.039080181e-11
14748	148.8372851	-7.069900221e-12
14749	148.8547012	-5.463718367e-11
14750	148.8721151	6.405542763e-12
14751	148.8895268	-4.126121667e-11
14752	148.9069362	-8.90345575e-11
14753	148.9243435	-2.781774811e-11
14754	148.9417486	3.354116984e-11
14755	148.9591515	-1.431388341e-11
14756	148.9765522	-6.227907079e-11
14757	148.9939506	-7.425171589e-13
14758	149.0113468	-4.881428595e-11
14759	149.0287409	1.28821398e-11
14760	149.0461326	-3.52713414e-11
14761	149.0635222	-8.354206216e-11
14762	149.0809096	-2.167865887e-11
14763	149.0982947	4.033040568e-11
14764	149.1156776	-8.014922059e-12
14765	149.1330582	-5.647748935e-11
14766	149.1504366	5.705658168e-12
14767	149.1678128	-4.284572697e-11
14768	149.1851868	-9.151079894e-11
14769	149.2025585	-2.916067388e-11
14770	149.2199279	3.333866516e-11
14771	149.2372951	-1.267856931e-10
14772	149.2546601	-6.425437959e-11
14773	149.2720228	-1.588063014e-12
14774	149.2893832	6.122746754e-11
14775	149.3067414	-9.959677527e-11
14776	149.3240973	-3.675637572e-11
14777	149.3414509	2.62332378e-11
14778	149.3588023	-2.29078978e-11
14779	149.3761515	-7.215561482e-11
14780	149.3934983	-8.995471035e-12
14781	149.4108429	5.430678129e-11
14782	149.4281852	-1.077928857e-10
14783	149.4455252	-4.44657644e-11
14784	149.4628629	1.901412361e-11
14785	149.4801984	-3.052491593e-11
14786	149.4975315	-8.016343145e-11
14787	149.5148624	-1.652367132e-11
14788	149.532191	-6.626166282e-11
14789	149.5495173	-2.462030579e-12
14790	149.5668413	-5.228883992e-11
14791	149.584163	1.167066443e-11
14792	149.6014823	-3.825917361e-11
14793	149.6187994	2.586375558e-11
14794	149.6361142	-2.416200573e-11
14795	149.6534267	-7.429790116e-11
14796	149.6707368	-1.000444172e-11
14797	149.6880447	-6.0229155e-11
14798	149.7053502	4.217071137e-12
14799	149.7226534	-4.610711812e-11
14800	149.7399543	1.850253284e-11
14801	149.7572528	-3.191757969e-11
14802	149.774549	-8.244427363e-11
14803	149.7918429	-1.766764512e-11
14804	149.8091345	4.725109193e-11
14805	149.8264237	-1.19019461e-10
14806	149.8437106	-5.407230219e-11
14807	149.8609951	1.102051783e-11
14808	149.8782774	7.625899912e-11
14809	149.8955572	-9.071499107e-11
14810	149.9128347	-2.544808808e-11
14811	149.9301099	3.996092346e-11
14812	149.9473827	-1.275886063e-10
14813	149.9646531	-6.21511731e-11
14814	149.9819212	3.431921414e-12
14815	149.999187	-4.778399898e-11
14816	150.0164503	-9.909228993e-11
14817	150.0337113	-3.334221788e-11
14818	150.05097	3.254996273e-11
14819	150.0682262	-1.884714607e-11
14820	150.0854801	-7.034373084e-11
14821	150.1027316	-4.284572697e-12
14822	150.1199808	-5.588063345e-11
14823	150.1372275	1.033839681e-11
14824	150.1544719	-4.135358722e-11
14825	150.1717139	2.502531515e-11
14826	150.1889535	-2.676614486e-11
14827	150.2061907	-7.865708085e-11
14828	150.2234255	-1.21040955e-11
14829	150.2406579	-6.409806019e-11
14830	150.2578879	2.604139127e-12
14831	150.2751156	-4.94786434e-11
14832	150.2923408	-1.016715601e-10
14833	150.3095636	-3.479527777e-11
14834	150.326784	3.222311307e-11
14835	150.3440019	-2.004796329e-11
14836	150.3612175	-7.243272648e-11
14837	150.3784307	-5.24380539e-12
14838	150.3956414	6.209077696e-11
14839	150.4128497	-1.103046543e-10
14840	150.4300556	-4.294165024e-11
14841	150.4472591	2.456346238e-11
14842	150.4644601	-2.81019652e-11
14843	150.4816587	-8.088463233e-11
14844	150.4988549	-1.320188403e-11
14845	150.5160486	5.461231467e-11
14846	150.5332399	-1.190514354e-10
14847	150.5504287	-5.120170954e-11
14848	150.5676151	1.678301942e-11
14849	150.5847991	-3.62838648e-11
14850	150.6019806	-8.944311958e-11
14851	150.6191597	-2.128075494e-11
14852	150.6363363	4.702371825e-11
14853	150.6535104	-6.231459793e-12
14854	150.6706821	-5.958256111e-11
14855	150.6878513	8.888889624e-12
14856	150.7050181	-4.455813496e-11
14857	150.7221824	-9.811529367e-11
14858	150.7393442	-2.947331268e-11
14859	150.7565035	3.931077686e-11
14860	150.7736604	-1.433164698e-11
14861	150.7908148	-6.807709951e-11
14862	150.8079667	8.881784197e-13
14863	150.8251162	-5.296385552e-11
14864	150.8422631	1.614353096e-11
14865	150.8594076	-3.778310997e-11
14866	150.8765495	-9.183054317e-11
14867	150.893689	-2.254196829e-11
14868	150.910826	4.688160971e-11
14869	150.9279605	-7.240430477e-12
14870	150.9450925	-6.14761575e-11
14871	150.962222	8.114398042e-12
14872	150.979349	-4.620304139e-11
14873	150.9964734	-1.006412731e-10
14874	151.0135954	-3.087663458e-11
14875	151.0307148	3.902655976e-11
14876	151.0478318	-1.400408678e-10
14877	151.0649462	-7.010214631e-11
14878	151.0820581	-2.842170943e-14
14879	151.0991675	7.018741144e-11
14880	151.1162743	-1.095656899e-10
14881	151.1333787	-3.9321435e-11
14882	151.1504804	3.106848112e-11
14883	151.1675797	-2.38422615e-11
14884	151.1846764	-7.884892739e-11
14885	151.2017706	-8.284928299e-12
14886	151.2188623	6.240696848e-11
14887	151.2359514	-1.186073462e-10
14888	151.2530379	-4.787992225e-11
14889	151.2701219	2.298961022e-11
14890	151.2872034	-3.23083782e-11
14891	151.3042823	-8.770228987e-11
14892	151.3213587	-1.666222715e-11
14893	151.3384325	-7.215916753e-11
14894	151.3555037	-9.73443548e-13
14895	151.3725724	-5.655209634e-11
14896	151.3896385	1.479705247e-11
14897	151.406702	-4.088462902e-11
14898	151.423763	3.061373377e-11
14899	151.4408214	-2.515676556e-11
14900	151.4578772	-8.103739901e-11
14901	151.4749304	-9.368505971e-12
14902	151.4919811	-6.533440455e-11
14903	151.5090292	6.487255177e-12
14904	151.5260747	-4.95816721e-11
14905	151.5431176	2.240341246e-11
14906	151.5601579	-3.375433266e-11
14907	151.5771956	-9.002931733e-11
14908	151.5942308	-1.788080795e-11
14909	151.6112633	5.44133627e-11
14910	151.6282932	-1.307149944e-10
14911	151.6453205	-5.839240202e-11
14912	151.6623453	1.407229888e-11
14913	151.6793674	8.667200291e-11
14914	151.6963869	-9.913492249e-11
14915	151.7134038	-2.651034947e-11
14916	151.730418	4.626699024e-11
14917	151.7474297	-1.401190275e-10
14918	151.7644387	-6.731326607e-11
14919	151.7814452	5.627498467e-12
14920	151.7984489	-5.131539638e-11
14921	151.8154501	-1.083542145e-10
14922	151.8324486	-3.524647241e-11
14923	151.8494445	3.800693094e-11
14924	151.8664378	-1.912425773e-11
14925	151.8834284	-7.635136967e-11
14926	151.9004164	-2.934541499e-12
14927	151.9174017	-6.025757671e-11
14928	151.9343844	1.331557087e-11
14929	151.9513645	-4.410338761e-11
14930	151.9683419	2.962963208e-11
14931	151.9853166	-2.788169695e-11
14932	152.0022887	-8.549960739e-11
14933	152.0192581	-1.160316287e-11
14934	152.0362249	-6.931699659e-11
14935	152.053189	4.73221462e-12
14936	152.0701505	-5.306333151e-11
14937	152.0871092	-1.109796699e-10
14938	152.1040653	-3.675992843e-11
14939	152.1210188	3.760192158e-11
14940	152.1379695	-2.038191838e-11
14941	152.1549176	-7.848299788e-11
14942	152.171863	-3.954170325e-12
14943	152.1888057	7.070966035e-11
14944	152.2057457	-1.204440991e-10
14945	152.2226831	-4.574829404e-11
14946	152.2396177	2.90896196e-11
14947	152.2565497	-2.928501885e-11
14948	152.2734789	-8.777334415e-11
14949	152.2904055	-1.276490025e-11
14950	152.3073294	6.237854677e-11
14951	152.3242505	-1.300257679e-10
14952	152.341169	-5.485034649e-11
14953	152.3580847	2.046363079e-11
14954	152.3749978	-3.829825346e-11
14955	152.3919081	-9.716671912e-11
14956	152.4088157	-2.168221158e-11
14957	152.4257206	5.393729907e-11
14958	152.4426228	-5.009326287e-12
14959	152.4595222	-6.406608577e-11
14960	152.4764189	1.172395514e-11
14961	152.4933129	-4.74251749e-11
14962	152.5102042	-1.066737809e-10
14963	152.5270927	-3.071676247e-11
14964	152.5439785	-9.006484447e-11
14965	152.5608616	-1.396216476e-11
14966	152.5777419	-7.339195918e-11
14967	152.5946195	2.870592652e-12
14968	152.6114943	-5.666578318e-11
14969	152.6283664	1.975664077e-11
14970	152.6452357	-3.986144748e-11
14971	152.6621023	-9.959677527e-11
14972	152.6789662	-2.30109265e-11
14973	152.6958272	5.371703082e-11
14974	152.7126855	-6.089351245e-12
14975	152.7295411	-6.600942015e-11
14976	152.7463939	1.0881962e-11
14977	152.7632439	-4.912337204e-11
14978	152.7800911	-1.092388402e-10
14979	152.7969356	-3.21804805e-11
14980	152.8137773	4.501643502e-11
14981	152.8306162	-1.527027393e-10
14982	152.8474524	-7.547384939e-11
14983	152.8642857	1.897149104e-12
14984	152.8811163	7.939604529e-11
14985	152.8979441	-1.189981447e-10
14986	152.9147691	-4.146016863e-11
14987	152.9315913	3.621636324e-11
14988	152.9484107	-2.437161584e-11
14989	152.9652273	-8.504486004e-11
14990	152.9820411	-7.204903341e-12
14991	152.9988521	7.077005648e-11
14992	153.0156604	-1.288604778e-10
14993	153.0324658	-5.085709631e-11
14994	153.0492684	2.729194648e-11
14995	153.0660681	-3.367262025e-11
14996	153.0828651	-9.473311025e-11
14997	153.0996592	-1.64135372e-11
14998	153.1164506	-7.75806086e-11
14999	153.1332391	8.881784197e-13
15000	153.1500248	-6.03606054e-11
15001	153.1668076	1.825384288e-11
15002	153.1835877	-4.308375878e-11
15003	153.2003648	3.567990348e-11
15004	153.2171392	-2.574296332e-11
15005	153.2339107	-8.728662237e-11
15006	153.2506794	-8.348877145e-12
15007	153.2674453	-6.998135405e-11
15008	153.2842083	-1.317168596e-10
15009	153.3009684	-5.261213687e-11
15010	153.3177257	2.662758902e-11
15011	153.3344802	-3.518252356e-11
15012	153.3512318	-9.710632298e-11
15013	153.3679805	-1.769251412e-11
15014	153.3847264	6.184919243e-11
15015	153.4014694	-1.418314355e-10
15016	153.4182096	-6.225064908e-11
15017	153.4349469	1.746158773e-11
15018	153.4516813	9.730882766e-11
15019	153.4684129	-1.070361577e-10
15020	153.4851416	-2.715694336e-11
15021	153.5018674	5.285727411e-11
15022	153.5185903	-1.5204904e-10
15023	153.5353103	-7.200284813e-11
15024	153.5520275	8.181899602e-12
15025	153.5687418	-5.439915185e-11
15026	153.5854532	-1.170761266e-10
15027	153.6021617	-3.672795401e-11
15028	153.6188673	4.37623271e-11
15029	153.63557	-1.900346547e-11
15030	153.6522698	-8.186162859e-11
15031	153.6689667	-1.207922651e-12
15032	153.6856607	-6.417266718e-11
15033	153.7023518	1.663380544e-11
15034	153.71904	-4.640909879e-11
15035	153.7357253	3.454658781e-11
15036	153.7524076	-2.85957924e-11
15037	153.7690871	-9.18376486e-11
15038	153.7857636	-1.071498446e-11
15039	153.8024373	-7.405631663e-11
15040	153.8191079	7.219114195e-12
15041	153.8357757	-5.62039304e-11
15042	153.8524406	-1.197477673e-10
15043	153.8691025	-3.829825346e-11
15044	153.8857614	4.327915804e-11
15045	153.9024175	-2.032862767e-11
15046	153.9190706	-8.405010021e-11
15047	153.9357208	-2.302158464e-12
15048	153.952368	7.957368098e-11
15049	153.9690123	-1.300257679e-10
15050	153.9856536	-4.811440135e-11
15051	154.002292	3.392841563e-11
15052	154.0189274	-1.762359148e-10
15053	154.0355599	-9.415757063e-11
15054	154.0521894	-1.194422339e-11
15055	154.068816	7.040767969e-11
15056	154.0854396	-1.404245609e-10
15057	154.1020602	-5.804068337e-11
15058	154.1186779	2.447819725e-11
15059	154.1352926	-3.989697461e-11
15060	154.1519043	-1.043716225e-10
15061	154.168513	-2.168931701e-11
15062	154.1851188	6.112799156e-11
15063	154.2017216	-3.4283687e-12
15064	154.2183214	-6.807709951e-11
15065	154.2349183	1.490008117e-11
15066	154.2515121	-4.984812563e-11
15067	154.268103	-1.146958084e-10
15068	154.2846908	-3.155165018e-11
15069	154.3012757	-9.650236166e-11
15070	154.3178576	-1.319833132e-11
15071	154.3344365	-7.822720249e-11
15072	154.3510123	5.218936394e-12
15073	154.3675852	-5.990585805e-11
15074	154.3841551	2.368949481e-11
15075	154.4007219	-4.152056476e-11
15076	154.4172858	-1.068443112e-10
15077	154.4338466	-2.308553348e-11
15078	154.4504044	6.081890547e-11
15079	154.4669592	-4.572342505e-12
15080	154.483511	-7.008083003e-11
15081	154.5000598	1.398703375e-11
15082	154.5166055	-5.160316618e-11
15083	154.5331482	-1.173035002e-10
15084	154.5496879	-3.307221164e-11
15085	154.5662245	5.129052738e-11
15086	154.5827582	-1.647570969e-10
15087	154.5992887	-8.03588307e-11
15088	154.6158163	4.174438573e-12
15089	154.6323407	8.883915825e-11
15090	154.6488622	-1.278728234e-10
15091	154.6653806	-4.317257662e-11
15092	154.6818959	4.165556788e-11
15093	154.6984082	-2.449951353e-11
15094	154.7149175	-9.075051821e-11
15095	154.7314237	-5.751843446e-12
15096	154.7479268	-7.210587682e-11
15097	154.7644268	-1.385522808e-10
15098	154.7809238	-5.339018117e-11
15099	154.7974178	3.190692155e-11
15100	154.8139086	-3.462474751e-11
15101	154.8303964	-1.012523398e-10
15102	154.8468811	-1.578825959e-11
15103	154.8633628	-8.251177519e-11
15104	154.8798413	3.097966328e-12
15105	154.8963168	-6.37108144e-11
15106	154.9127892	2.204814109e-11
15107	154.9292585	-4.485656291e-11
15108	154.9457248	4.105160656e-11
15109	154.9621879	-2.593480986e-11
15110	154.9786479	-9.303491311e-11
15111	154.9951049	-6.96331881e-12
15112	155.0115587	-7.414158176e-11
15113	155.0280095	-1.414370843e-10
15114	155.0444571	-5.520206514e-11
15115	155.0609017	3.117150982e-11
15116	155.0773431	-3.619149425e-11
15117	155.0937814	-1.036681851e-10
15118	155.1102166	-1.713118536e-11
15119	155.1266487	6.954437026e-11
15120	155.1430777	-1.523545734e-10
15121	155.1595035	-6.56577015e-11
15122	155.1759263	2.118127895e-11
15123	155.1923459	1.081481571e-10
15124	155.2087624	-1.144080386e-10
15125	155.2251757	-2.740563332e-11
15126	155.2415859	5.972822237e-11
15127	155.257993	-1.633821967e-10
15128	155.274397	-7.621636655e-11
15129	155.2907978	1.108091396e-11
15130	155.3071954	-5.704237083e-11
15131	155.32359	-1.252544735e-10
15132	155.3399813	-3.77902154e-11
15133	155.3563696	4.980194035e-11
15134	155.3727546	-1.849898013e-11
15135	155.3891366	-8.689582387e-11
15136	155.4055153	8.704148513e-13
15137	155.4218909	-6.762590488e-11
15138	155.4382634	2.028599511e-11
15139	155.4546327	-4.828848432e-11
15140	155.4709988	-1.169802033e-10
15141	155.4873617	-2.89084312e-11
15142	155.5037215	-9.767475717e-11
15143	155.5200781	-9.453771099e-12
15144	155.5364316	-7.831957305e-11
15145	155.5527818	1.004707428e-11
15146	155.5691289	-5.889688737e-11
15147	155.5854728	-1.279545359e-10
15148	155.6018135	-3.942446369e-11
15149	155.618151	4.924061159e-11
15150	155.6344853	-1.988453846e-11
15151	155.6508165	-8.911982263e-11
15152	155.6671444	-2.913225217e-13
15153	155.6834692	8.8668628e-11
15154	155.6997907	-1.390425552e-10
15155	155.7161091	-5.005063031e-11
15156	155.7324242	3.907629775e-11
15157	155.7487361	-1.891891088e-10
15158	155.7650449	-1.000302063e-10
15159	155.7813504	-1.074695888e-11
15160	155.7976527	7.867484442e-11
15161	155.8139518	-1.502407088e-10
15162	155.8302476	-6.078693104e-11
15163	155.8465403	2.879829708e-11
15164	155.8628297	-4.108358098e-11
15165	155.8791159	-1.110542769e-10
15166	155.8953989	-2.130562393e-11
15167	155.9116786	6.857092671e-11
15168	155.9279551	-1.481481604e-12
15169	155.9442284	-7.163691862e-11
15170	155.9604984	1.841016228e-11
15171	155.9767652	-5.1841198e-11
15172	155.9930288	-1.221778234e-10
15173	156.0092891	-3.197797582e-11
15174	156.0255461	-1.024176299e-10
15175	156.0417999	-1.206501565e-11
15176	156.0580505	-8.258282946e-11
15177	156.0742978	7.915446076e-12
15178	156.0905418	-6.270539643e-11
15179	156.1067826	2.794209308e-11
15180	156.1230202	-4.275335641e-11
15181	156.1392544	-1.135660455e-10
15182	156.1554854	-2.275868383e-11
15183	156.1717131	6.818368092e-11
15184	156.1879376	-1.646505154e-10
15185	156.2041588	-7.367617627e-11
15186	156.2203767	1.742250788e-11
15187	156.2365913	-5.364242384e-11
15188	156.2528026	-1.248245951e-10
15189	156.2690107	-3.355893341e-11
15190	156.2852155	5.783817869e-11
15191	156.301417	-1.761861768e-10
15192	156.3176152	-8.476064295e-11
15193	156.3338101	6.799893981e-12
15194	156.3500017	9.84883286e-11
15195	156.36619	-1.361897262e-10
15196	156.382375	-4.44657644e-11
15197	156.3985567	4.738609505e-11
15198	156.4147352	-2.423661272e-11
15199	156.4309103	-9.595169104e-11
15200	156.447082	-3.93995947e-12
15201	156.4632505	-7.575096106e-11
15202	156.4794157	-1.476614386e-10
15203	156.4955775	-5.547917681e-11
15204	156.5117361	3.682742999e-11
15205	156.5278913	-3.516475999e-11
15206	156.5440432	-1.072528732e-10
15207	156.5601917	-1.47792889e-11
15208	156.576337	-8.695622e-11
15209	156.5924789	5.655920177e-12
15210	156.6086174	-6.660982876e-11
15211	156.6247527	2.61550781e-11
15212	156.6408846	-4.619948868e-11
15213	156.6570131	4.670752674e-11
15214	156.6731383	-2.573230518e-11
15215	156.6892602	-9.828227121e-11
15216	156.7053787	-5.21538368e-12
15217	156.7214939	-7.78399567e-11
15218	156.7376057	-1.505782166e-10
15219	156.7537142	-5.73479042e-11
15220	156.7698193	3.601741128e-11
15221	156.785921	-3.678479743e-11
15222	156.8020194	-1.097042457e-10
15223	156.8181145	-1.617905809e-11
15224	156.8342061	7.747402719e-11
15225	156.8502944	-1.622844081e-10
15226	156.8663793	-6.859934842e-11
15227	156.8824609	2.521716169e-11
15228	156.898539	-4.796518738e-11
15229	156.9146138	-1.21239907e-10
15230	156.9306853	-2.725997206e-11
15231	156.9467533	6.684786058e-11
15232	156.9628179	-1.741007338e-10
15233	156.9788792	-7.996447948e-11
15234	156.994937	1.430677798e-11
15235	157.0109915	-5.923794788e-11
15236	157.0270426	-1.32878597e-10
15237	157.0430903	-3.844746743e-11
15238	157.0591346	5.611155984e-11
15239	157.0751755	-1.761435442e-11
15240	157.0912129	-9.142908652e-11
15241	157.107247	3.296918294e-12
15242	157.1232777	-7.061728979e-11
15243	157.1393049	2.425082357e-11
15244	157.1553288	-4.974509693e-11
15245	157.1713492	-1.238475988e-10
15246	157.1873662	-2.881961336e-11
15247	157.2033798	-1.03000275e-10
15248	157.2193899	-7.830180948e-12
15249	157.2353967	-8.210676583e-11
15250	157.2514	1.320898946e-11
15251	157.2673999	-6.114575513e-11
15252	157.2833963	-1.356141865e-10
15253	157.2993893	-4.013500643e-11
15254	157.3153789	5.547207138e-11
15255	157.331365	-1.905675617e-11
15256	157.3473477	-9.369927056e-11
15257	157.363327	2.067679361e-12
15258	157.3793028	9.796607969e-11
15259	157.3952751	-1.474802502e-10
15260	157.411244	-5.155698091e-11
15261	157.4272095	4.450129154e-11
15262	157.4431715	-2.014886036e-10
15263	157.45913	-1.054019094e-10
15264	157.4750851	-9.18376486e-12
15265	157.4910367	8.716938282e-11
15266	157.5069849	-1.594671062e-10
15267	157.5229295	-6.308908951e-11
15268	157.5388707	3.342037758e-11
15269	157.5548085	-4.185096714e-11
15270	157.5707427	-1.172040243e-10
15271	157.5866735	-2.054179049e-11
15272	157.6026008	-9.600142903e-11
15273	157.6185247	8.100187188e-13
15274	157.634445	-7.472067409e-11
15275	157.6503619	2.22328822e-11
15276	157.6662752	-5.339728659e-11
15277	157.6821851	-1.291198259e-10
15278	157.6980915	-3.200995025e-11
15279	157.7139944	-1.078213074e-10
15280	157.7298938	-1.056932319e-11
15281	157.7457897	-8.646594551e-11
15282	157.7616821	1.094235813e-11
15283	157.7775709	-6.505374017e-11
15284	157.7934563	3.249667202e-11
15285	157.8093382	-4.357403327e-11
15286	157.8252165	-1.197584254e-10
15287	157.8410914	-2.20516938e-11
15288	157.8569627	7.57864882e-11
15289	157.8728305	-1.746798262e-10
15290	157.8886948	-7.681322245e-11
15291	157.9045555	2.118127895e-11
15292	157.9204128	-5.525180313e-11
15293	157.9362665	-1.317950193e-10
15294	157.9521166	-3.364419854e-11
15295	157.9679633	6.463807267e-11
15296	157.9838064	-1.869935318e-10
15297	157.999646	-8.868283885e-11
15298	158.015482	9.755751762e-12
15299	158.0313145	1.083257928e-10
15300	158.0471434	-1.439381947e-10
15301	158.0629688	-4.533973197e-11
15302	158.0787907	5.338662845e-11
15303	158.094609	-2.358646611e-11
15304	158.1104237	-1.006554839e-10
15305	158.1262349	-1.769251412e-12
15306	158.1420425	-7.89306398e-11
15307	158.1578466	-1.561879515e-10
15308	158.1736471	-5.714184681e-11
15309	158.189444	4.202860282e-11
15310	158.2052374	-3.530686854e-11
15311	158.2210272	-1.127311577e-10
15312	158.2368134	-1.3400836e-11
15313	158.252596	-9.092460118e-11
15314	158.2683751	8.544276398e-12
15315	158.2841506	-6.905054306e-11
15316	158.2999225	-1.467590494e-10
15317	158.3156908	-4.713029966e-11
15318	158.3314556	5.262990044e-11
15319	158.3472167	-2.51425547e-11
15320	158.3629743	-1.03025144e-10
15321	158.3787283	-3.105071755e-12
15322	158.3944786	-8.106226801e-11
15323	158.4102254	-1.591331511e-10
15324	158.4259686	-5.905675948e-11
15325	158.4417082	4.114397711e-11
15326	158.4574441	-3.698730211e-11
15327	158.4731765	-1.152251627e-10
15328	158.4889052	-1.486455403e-11
15329	158.5046304	8.562039966e-11
15330	158.5203519	-1.716102815e-10
15331	158.5360698	-7.109335343e-11
15332	158.5517841	2.955502509e-11
15333	158.5674948	-4.894218364e-11
15334	158.5832018	-1.275317629e-10
15335	158.5989052	-2.672706501e-11
15336	158.614605	7.42019779e-11
15337	158.6303012	-1.841904407e-10
15338	158.6459937	-8.322942335e-11
15339	158.6616826	1.785949166e-11
15340	158.6773678	-6.099654115e-11
15341	158.6930494	-1.399449445e-10
15342	158.7087274	-3.86997101e-11
15343	158.7244017	6.267697472e-11
15344	158.7400724	-1.635314106e-11
15345	158.7557395	-9.547207469e-11
15346	158.7714028	6.060929536e-12
15347	158.7870626	-7.315748007e-11
15348	158.8027186	2.85176327e-11
15349	158.8183711	-5.07753839e-11
15350	158.8340198	-1.301714292e-10
15351	158.8496649	-2.834354973e-11
15352	158.8653063	-1.078213074e-10
15353	158.8809441	-5.851319429e-12
15354	158.8965782	-8.541789498e-11
15355	158.9122086	1.669420158e-11
15356	158.9278353	-6.295408639e-11
15357	158.9434584	-1.427089558e-10
15358	158.9590778	-4.044409252e-11
15359	158.9746935	6.195577384e-11
15360	158.9903055	-2.002096267e-10
15361	159.0059139	-9.77848913e-11
15362	159.0215185	4.767741757e-12
15363	159.0371195	1.074411671e-10
15364	159.0527167	-1.553459583e-10
15365	159.0683103	-5.263700587e-11
15366	159.0839002	5.019629157e-11
15367	159.0994864	-2.131237409e-10
15368	159.1150688	-1.10258469e-10
15369	159.1306476	-7.268852187e-12
15370	159.1462227	9.585221505e-11
15371	159.161794	-1.680895423e-10
15372	159.1773617	-6.494360605e-11
15373	159.1929256	3.833022788e-11
15374	159.2084858	-4.220268579e-11
15375	159.2240423	-1.228315227e-10
15376	159.2395951	-1.94013694e-11
15377	159.2551442	-1.001261296e-10
15378	159.2706895	3.446132268e-12
15379	159.2862311	-7.734968221e-11
15380	159.301769	2.636468821e-11
15381	159.3173031	-5.452704954e-11
15382	159.3328335	-1.355076051e-10
15383	159.3483602	-3.164046802e-11
15384	159.3638831	-1.127169469e-10
15385	159.3794023	-8.71125394e-12
15386	159.3949178	-8.985878708e-11
15387	159.4104295	1.428901442e-11
15388	159.4259375	-6.695444199e-11
15389	159.4414417	3.733191534e-11
15390	159.4569421	-4.398614806e-11
15391	159.4724388	-1.254143456e-10
15392	159.4879318	-2.097166885e-11
15393	159.503421	8.360245829e-11
15394	159.5189064	-1.84087412e-10
15395	159.5343881	-7.948841585e-11
15396	159.549866	2.523847797e-11
15397	159.5653401	-5.643130407e-11
15398	159.5808104	-1.38214773e-10
15399	159.596277	-3.333511245e-11
15400	159.6117399	7.167244576e-11
15401	159.6271989	-1.971542929e-10
15402	159.6426541	-9.212186569e-11
15403	159.6581056	1.30384592e-11
15404	159.6735533	1.183266818e-10
15405	159.6889972	-1.51118229e-10
15406	159.7044373	-4.580158475e-11
15407	159.7198737	5.963940453e-11
15408	159.7353062	-2.256683729e-11
15409	159.7507349	-1.048583442e-10
15410	159.7661599	7.389644452e-13
15411	159.781581	-8.164491305e-11
15412	159.7969984	-1.641211611e-10
15413	159.8124119	-5.837463846e-11
15414	159.8278216	4.749978189e-11
15415	159.8432275	-3.505107316e-11
15416	159.8586296	-1.176942988e-10
15417	159.8740279	-1.166711172e-11
15418	159.8894224	-9.440270787e-11
15419	159.9048131	1.17665877e-11
15420	159.9201999	-7.104361543e-11
15421	159.9355829	-1.539639527e-10
15422	159.9509621	-4.764544315e-11
15423	159.9663375	5.880806953e-11
15424	159.981709	-2.417266387e-11
15425	159.9970767	-1.072599787e-10
15426	160.0124406	-6.572520306e-13
15427	160.0278007	-8.382272654e-11
15428	160.0431569	-1.670912297e-10
15429	160.0585092	-6.033573641e-11
15430	160.0738577	4.654410191e-11
15431	160.0892024	-3.678124472e-11
15432	160.1045432	-1.202202782e-10
15433	160.1198802	-1.318767318e-11
15434	160.1352133	9.397282952e-11
15435	160.1505426	-1.803215355e-10
15436	160.165868	-7.312905836e-11
15437	160.1811896	3.41806583e-11
15438	160.1965072	-4.951061783e-11
15439	160.2118211	-1.332871591e-10
15440	160.227131	-2.58175703e-11
15441	160.2424371	8.177281074e-11
15442	160.2577394	-1.936477645e-10
15443	160.2730377	-8.602896173e-11
15444	160.2883322	2.1714186e-11
15445	160.3036228	-6.232525607e-11
15446	160.3189095	-1.464464106e-10
15447	160.3341924	-3.855404884e-11
15448	160.3494713	6.946976328e-11
15449	160.3647464	-1.473665634e-11
15450	160.3800176	-9.902834108e-11
15451	160.3952849	9.144685009e-12
15452	160.4105483	-7.5242923e-11
15453	160.4258078	3.306865892e-11
15454	160.4410634	-5.138645065e-11
15455	160.4563151	-1.359552471e-10
15456	160.471563	-2.749089845e-11
15457	160.4868069	-1.121307491e-10
15458	160.5020469	-3.524291969e-12
15459	160.517283	-8.826006592e-11
15460	160.5325152	2.048494707e-11
15461	160.5477434	-6.432188115e-11
15462	160.5629678	-1.492423962e-10
15463	160.5781882	-4.034816925e-11
15464	160.5934048	6.867395541e-11
15465	160.6086174	-2.104236785e-10
15466	160.623826	-1.013837903e-10
15467	160.6390308	7.787548384e-12
15468	160.6542316	1.170867847e-10
15469	160.6694285	-1.626254686e-10
15470	160.6846215	-5.330136332e-11
15471	160.6998105	5.614353427e-11
15472	160.7149956	-2.240767571e-10
15473	160.7301767	-1.146034379e-10
15474	160.7453539	-5.005773573e-12
15475	160.7605272	1.047162357e-10
15476	160.7756965	-1.761115698e-10
15477	160.7908619	-6.635758609e-11
15478	160.8060233	4.351363714e-11
15479	160.8211808	-4.216360594e-11
15480	160.8363343	-1.279225614e-10
15481	160.8514839	-1.789857151e-11
15482	160.8666295	-1.03757003e-10
15483	160.8817711	6.405542763e-12
15484	160.8969088	-7.952039027e-11
15485	160.9120425	3.078071131e-11
15486	160.9271722	-5.524114499e-11
15487	160.942298	-1.413482664e-10
15488	160.9574198	-3.089439815e-11
15489	160.9725376	-1.170938901e-10
15490	160.9876514	-6.505018746e-12
15491	161.0027613	-9.278267044e-11
15492	161.0178672	1.794475679e-11
15493	161.0329691	-6.842171274e-11
15494	161.048067	4.244427032e-11
15495	161.0631609	-4.399325348e-11
15496	161.0782508	-1.305373587e-10
15497	161.0933368	-1.952571438e-11
15498	161.1084187	9.161027492e-11
15499	161.1234967	-1.928626148e-10
15500	161.1385706	-8.169820376e-11
15501	161.1536405	2.958699952e-11
15502	161.1687065	-5.71915848e-11
15503	161.1837684	-1.440803032e-10
15504	161.1988263	-3.264233328e-11
15505	161.2138803	7.891998166e-11
15506	161.2289302	-2.066649074e-10
15507	161.2439761	-9.508127619e-11
15508	161.2590179	1.663025273e-11
15509	161.2740558	-7.050360296e-11
15510	161.2890896	-1.577227238e-10
15511	161.3041194	-4.585842817e-11
15512	161.3191452	6.61266597e-11
15513	161.334167	-2.117417353e-11
15514	161.3491847	-1.085567192e-10
15515	161.3641984	3.574029961e-12
15516	161.379208	-8.390088624e-11
15517	161.3942137	-1.714610676e-10
15518	161.4092152	-5.917755175e-11
15519	161.4242128	5.323030905e-11
15520	161.4392063	-3.441158469e-11
15521	161.4541957	-1.221387436e-10
15522	161.4691811	-9.578116078e-12
15523	161.4841625	-9.73976455e-11
15524	161.4991398	1.529443239e-11
15525	161.514113	-7.259615131e-11
15526	161.5290822	-1.605933164e-10
15527	161.5440473	-4.774847184e-11
15528	161.5590084	6.521005957e-11
15529	161.5739654	-2.284039624e-11
15530	161.5889183	-1.109974335e-10
15531	161.6038672	2.113864639e-12
15532	161.618812	-8.611422686e-11
15533	161.6337527	-1.744488998e-10
15534	161.6486894	-6.118483498e-11
15535	161.663622	5.219291666e-11
15536	161.6785505	-3.619149425e-11
15537	161.6934749	-1.247002501e-10
15538	161.7083952	-1.116262638e-11
15539	161.7233115	1.024957896e-10
15540	161.7382236	-1.884075118e-10
15541	161.7531317	-7.472422681e-11
15542	161.7680357	3.907985047e-11
15543	161.7829356	-4.966338452e-11
15544	161.7978314	-1.384954373e-10
15545	161.8127231	-2.454214609e-11
15546	161.8276106	8.953549013e-11
15547	161.8424941	-2.024620471e-10
15548	161.8573735	-8.836309462e-11
15549	161.8722488	2.586375558e-11
15550	161.8871199	-6.322053991e-11
15551	161.901987	-1.523901005e-10
15552	161.9168499	-3.801758908e-11
15553	161.9317088	-1.272759675e-10
15554	161.9465635	-1.276490025e-11
15555	161.9614141	-1.021014384e-10
15556	161.9762605	1.2544632e-11
15557	161.9911029	-7.68771713e-11
15558	162.0059411	3.790034953e-11
15559	162.0207751	-5.159250804e-11
15560	162.0356051	-1.411883943e-10
15561	162.0504309	-2.626165951e-11
15562	162.0652526	-1.159321528e-10
15563	162.0800701	-8.704148513e-13
15564	162.0948835	-9.062972595e-11
15565	162.1096928	2.455990966e-11
15566	162.1244979	-6.527045571e-11
15567	162.1392989	-1.552038498e-10
15568	162.1540957	-3.985789476e-11
15569	162.1688884	7.56052998e-11
15570	162.1836769	-2.199769256e-10
15571	162.1984613	-1.044853093e-10
15572	162.2132415	1.112354653e-11
15573	162.2280175	1.268567473e-10
15574	162.2427894	-1.693116758e-10
15575	162.2575571	-5.355360599e-11
15576	162.2723207	6.232525607e-11
15577	162.28708	-2.34340547e-10
15578	162.3018353	-1.184368159e-10
15579	162.3165863	-2.412292588e-12
15580	162.3313332	1.137365757e-10
15581	162.3460759	-1.835260832e-10
15582	162.3608144	-6.73452405e-11
15583	162.3755487	4.894928907e-11
15584	162.3902788	-4.173017487e-11
15585	162.4050048	-1.324877985e-10
15586	162.4197266	-1.604405497e-11
15587	162.4344442	-1.068940492e-10
15588	162.4491575	9.681144775e-12
15589	162.4638667	-8.123635098e-11
15590	162.4785717	3.547029337e-11
15591	162.4932725	-5.553957294e-11
15592	162.5079691	-1.466347044e-10
15593	162.5226615	-2.977529334e-11
15594	162.5373497	-1.209627953e-10
15595	162.5520337	-3.971933893e-12
15596	162.5667135	-9.522338473e-11
15597	162.581389	-1.865849697e-10
15598	162.5960604	-6.944844699e-11
15599	162.6107275	4.780886798e-11
15600	162.6253904	-4.360600769e-11
15601	162.6400491	-1.351274648e-10
15602	162.6547036	-1.772804126e-11
15603	162.6693539	9.979572724e-11
15604	162.6839999	-2.010054345e-10
15605	162.6986417	-8.345679703e-11
15606	162.7132792	3.420908001e-11
15607	162.7279126	-5.753975074e-11
15608	162.7425417	-1.493880575e-10
15609	162.7571665	-3.157651918e-11
15610	162.7717871	8.635581139e-11
15611	162.7864035	-2.155218226e-10
15612	162.8010156	-9.756462305e-11
15613	162.8156235	2.05169215e-11
15614	162.8302271	-7.157652249e-11
15615	162.8448265	-1.637481262e-10
15616	162.8594217	-4.552447308e-11
15617	162.8740125	7.281997227e-11
15618	162.8885992	-1.942979111e-11
15619	162.9031815	-1.117683723e-10
15620	162.9177596	6.728839708e-12
15621	162.9323335	-8.569855936e-11
15622	162.946903	-1.782041181e-10
15623	162.9614683	-5.956835025e-11
15624	162.9760294	5.918820989e-11
15625	162.9905861	-3.339906129e-11
15626	163.0051386	-1.260609395e-10
15627	163.0196869	-7.158718063e-12
15628	163.0342308	-9.99165195e-11
15629	163.0487704	1.911359959e-11
15630	163.0633058	-7.370815069e-11
15631	163.0778369	-1.666435878e-10
15632	163.0923637	-4.746070204e-11
15633	163.1068862	7.183231787e-11
15634	163.1214044	-2.114930453e-11
15635	163.1359184	-1.142339556e-10
15636	163.150428	5.204725539e-12
15637	163.1649333	-8.795097983e-11
15638	163.1794344	-1.812097139e-10
15639	163.1939311	-6.162181876e-11
15640	163.2084235	5.807976322e-11
15641	163.2229117	-2.483808714e-10
15642	163.2373955	-1.28647315e-10
15643	163.251875	-8.800071782e-12
15644	163.2663502	1.111679637e-10
15645	163.280821	-1.958717633e-10
15646	163.2952876	-7.588241147e-11
15647	163.3097499	4.42312853e-11
15648	163.3242078	-4.942890541e-11
15649	163.3386614	-1.431601504e-10
15650	163.3531106	-2.290079237e-11
15651	163.3675556	9.747580521e-11
15652	163.3819962	-2.106368413e-10
15653	163.3964325	-9.023182201e-11
15654	163.4108645	3.028688411e-11
15655	163.4252921	-6.370015626e-11
15656	163.4397153	-1.577618036e-10
15657	163.4541343	-3.710098895e-11
15658	163.4685489	-1.312585596e-10
15659	163.4829591	-1.046274178e-11
15660	163.497365	-1.046842613e-10
15661	163.5117666	1.623945423e-11
15662	163.5261638	-7.807443581e-11
15663	163.5405567	4.298073009e-11
15664	163.5549452	-5.14006615e-11
15665	163.5693293	-1.458815291e-10
15666	163.5837091	-2.467714921e-11
15667	163.5980845	-1.192290711e-10
15668	163.6124556	2.099653784e-12
15669	163.6268223	-9.254108591e-11
15670	163.6411846	2.891908935e-11
15671	163.6555425	-6.57891519e-11
15672	163.6698961	-1.606004219e-10
15673	163.6842453	-3.899813805e-11
15674	163.6985902	8.272493801e-11
15675	163.7129306	-2.288516043e-10
15676	163.7272667	-1.071036593e-10
15677	163.7415984	1.476152534e-11
15678	163.7559257	1.367439495e-10
15679	163.7702486	-1.754152379e-10
15680	163.7845672	-5.340794473e-11
15681	163.7988813	6.872014069e-11
15682	163.8131911	-2.439151103e-10
15683	163.8274964	-1.217621559e-10
15684	163.8417974	5.044853424e-13
15685	163.8560939	-9.487166608e-11
15686	163.8703861	-1.903224245e-10
15687	163.8846739	-6.791012197e-11
15688	163.8989572	5.461586738e-11
15689	163.9132361	-4.091305073e-11
15690	163.9275107	-1.365165758e-10
15691	163.9417808	-1.384847792e-11
15692	163.9560465	-1.095443736e-10
15693	163.9703078	1.325162202e-11
15694	163.9845647	-8.250822248e-11
15695	163.9988171	4.041922352e-11
15696	164.0130652	-5.543299153e-11
15697	164.0273088	-1.51366919e-10
15698	164.0415479	-2.829736445e-11
15699	164.0557827	-1.24316557e-10
15700	164.070013	-1.119104809e-12
15701	164.0842389	-9.720224625e-11
15702	164.0984604	-1.933955218e-10
15703	164.1126774	-7.005240832e-11
15704	164.1268899	5.340439202e-11
15705	164.1410981	-4.283862154e-11
15706	164.1553018	-1.391846638e-10
15707	164.169501	-1.55822022e-11
15708	164.1836958	1.081303935e-10
15709	164.1978862	-2.085087658e-10
15710	164.2120721	-8.476774838e-11
15711	164.2262535	3.909050861e-11
15712	164.2404305	-5.74758019e-11
15713	164.254603	-1.541486938e-10
15714	164.2687711	-3.014832828e-11
15715	164.2829347	9.39692768e-11
15716	164.2970939	-2.237179331e-10
15717	164.3112486	-9.957545899e-11
15718	164.3253988	2.468070193e-11
15719	164.3395445	-7.221956366e-11
15720	164.3536858	-1.69197989e-10
15721	164.3678226	-4.48032722e-11
15722	164.3819549	7.971223681e-11
15723	164.3960827	-1.734434818e-11
15724	164.4102061	-1.144755402e-10
15725	164.424325	1.017852469e-11
15726	164.4384394	-8.704503784e-11
15727	164.4525493	-1.843467601e-10
15728	164.4666547	-5.954703397e-11
15729	164.4807556	-1.569411268e-10
15730	164.4948521	-3.201705567e-11
15731	164.508944	-1.294715446e-10
15732	164.5230314	-4.42312853e-12
15733	164.5371144	-1.019628826e-10
15734	164.5511928	2.321343118e-11
15735	164.5652667	-7.439382443e-11
15736	164.5793362	-1.721041087e-10
15737	164.5934011	-4.678568644e-11
15738	164.6074615	7.864997542e-11
15739	164.6215174	-1.911359959e-11
15740	164.6355688	-1.169766506e-10
15741	164.6496157	8.597567103e-12
15742	164.663658	-8.933298545e-11
15743	164.6776959	-1.87363014e-10
15744	164.6917292	-6.164668775e-11
15745	164.705758	6.418332532e-11
15746	164.7197822	-2.579412239e-10
15747	164.7338019	-1.320863419e-10
15748	164.7478172	-6.110667528e-12
15749	164.7618278	1.199751409e-10
15750	164.775834	-2.027142898e-10
15751	164.7898356	-7.660005963e-11
15752	164.8038326	4.962075195e-11
15753	164.8178251	-4.879296966e-11
15754	164.8318131	-1.47284851e-10
15755	164.8457965	-2.091837814e-11
15756	164.8597754	1.055582288e-10
15757	164.8737498	-2.181579362e-10
15758	164.8877196	-9.165290749e-11
15759	164.9016848	3.496580803e-11
15760	164.9156455	-6.376765782e-11
15761	164.9296016	-1.625757307e-10
15762	164.9435531	-3.581845931e-11
15763	164.9575002	-1.3471535e-10
15764	164.9714426	-7.830180948e-12
15765	164.9853805	-1.067910205e-10
15766	164.9993138	2.021849355e-11
15767	165.0132425	-7.883471653e-11
15768	165.0271667	4.830269518e-11
15769	165.0410863	-5.080735832e-11
15770	165.0550013	-1.500275459e-10
15771	165.0689117	-2.274802569e-11
15772	165.0828176	-1.220286094e-10
15773	165.0967188	-2.214086692e-10
15774	165.1106155	-9.39941458e-11
15775	165.1245076	3.353406441e-11
15776	165.1383952	-6.589573331e-11
15777	165.1522781	-1.65425007e-10
15778	165.1661564	-3.775824098e-11
15779	165.1800302	9.002221191e-11
15780	165.1938993	-2.370512675e-10
15781	165.2077639	-1.092423929e-10
15782	165.2216238	1.867661581e-11
15783	165.2354792	1.467093114e-10
15784	165.2493299	-1.809219441e-10
15785	165.263176	-5.286437954e-11
15786	165.2770176	7.531042456e-11
15787	165.2908545	-2.527862364e-10
15788	165.3046868	-1.24590116e-10
15789	165.3185145	3.719691222e-12
15790	165.3323376	-9.635314768e-11
15791	165.346156	-1.965041463e-10
15792	165.3599699	-6.805578323e-11
15793	165.3737791	6.050271395e-11
15794	165.3875837	-3.971933893e-11
15795	165.4013836	-1.400231042e-10
15796	165.415179	-1.132605121e-11
15797	165.4289697	-1.117150816e-10
15798	165.4427557	1.710631636e-11
15799	165.4565372	-8.334311019e-11
15800	165.470314	4.560618549e-11
15801	165.4840861	-5.493561162e-11
15802	165.4978537	-1.555520157e-10
15803	165.5116165	-2.646771691e-11
15804	165.5253748	-1.271693861e-10
15805	165.5391284	2.039257652e-12
15806	165.5528773	-9.872280771e-11
15807	165.5666216	-1.995879018e-10
15808	165.5803612	-7.024425486e-11
15809	165.5940962	5.922018431e-11
15810	165.6078265	-4.169464773e-11
15811	165.6215522	-1.427125085e-10
15812	165.6352732	-1.31166189e-11
15813	165.6489895	1.165929575e-10
15814	165.6627012	-2.153726086e-10
15815	165.6764082	-8.563816323e-11
15816	165.6901106	4.420996902e-11
15817	165.7038082	-2.882174499e-10
15818	165.7175012	-1.583480014e-10
15819	165.7311896	-2.83613133e-11
15820	165.7448732	1.017355089e-10
15821	165.7585522	-2.312461334e-10
15822	165.7722264	-1.011244422e-10
15823	165.785896	2.911093588e-11
15824	165.799561	-7.244338462e-11
15825	165.8132212	-1.740723121e-10
15826	165.8268767	-4.370548368e-11
15827	165.8405276	8.677858432e-11
15828	165.8541737	-1.492850288e-11
15829	165.8678152	-1.167030916e-10
15830	165.881452	1.391597948e-11
15831	165.895084	-8.795097983e-11
15832	165.9087114	-1.898925461e-10
15833	165.922334	-5.913491918e-11
15834	165.935952	-1.611581979e-10
15835	165.9495652	-3.02833314e-11
15836	165.9631738	-1.32370559e-10
15837	165.9767776	-1.37134748e-12
15838	165.9903767	-1.035473929e-10
15839	166.0039711	2.757971629e-11
15840	166.0175608	-7.465672525e-11
15841	166.0311458	-1.769926428e-10
15842	166.044726	-4.573053047e-11
15843	166.0583015	8.563816323e-11
15844	166.0718723	-1.674749228e-11
15845	166.0854384	-1.192290711e-10
15846	166.0989997	1.227107305e-11
15847	166.1125563	-9.026734915e-11
15848	166.1261082	-1.929159055e-10
15849	166.1396553	-6.127365282e-11
15850	166.1531977	7.047873396e-11
15851	166.1667354	-2.667839283e-10
15852	166.1802683	-1.350031198e-10
15853	166.1937965	-3.11928261e-12
15854	166.2073199	1.288782414e-10
15855	166.2208386	-2.08927986e-10
15856	166.2343526	-7.690204029e-11
15857	166.2478618	5.523048685e-11
15858	166.2613662	-4.778755169e-11
15859	166.2748659	-1.508695391e-10
15860	166.2883608	-1.860556154e-11
15861	166.3018509	-1.217799195e-10
15862	166.3153363	-2.250253317e-10
15863	166.328817	-9.262635103e-11
15864	166.3422929	3.988986919e-11
15865	166.355764	-6.343370273e-11
15866	166.3692303	-1.668247762e-10
15867	166.3826919	-3.417710559e-11
15868	166.3961487	-1.376641023e-10
15869	166.4096007	-4.892086736e-12
15870	166.4230479	-1.084288215e-10
15871	166.4364904	2.445688096e-11
15872	166.4499281	-7.916867162e-11
15873	166.463361	5.384492852e-11
15874	166.4767891	-4.98410202e-11
15875	166.4902124	-1.536335503e-10
15876	166.503631	-2.048494707e-11
15877	166.5170447	-1.243272152e-10
15878	166.5304537	-2.282760647e-10
15879	166.5438578	-9.499601106e-11
15880	166.5572572	3.839417673e-11
15881	166.5706518	-6.559730537e-11
15882	166.5840415	-1.696918162e-10
15883	166.5974265	-3.616662525e-11
15884	166.6108066	9.746869978e-11
15885	166.624182	-2.445688096e-10
15886	166.6375525	-1.109121683e-10
15887	166.6509183	2.285815981e-11
15888	166.6642792	1.567350694e-10
15889	166.6776353	-1.858424525e-10
15890	166.6909866	-5.193712127e-11
15891	166.7043331	8.207123869e-11
15892	166.7176747	-2.609503724e-10
15893	166.7310116	-1.269171435e-10
15894	166.7443436	7.226219623e-12
15895	166.7576707	-9.738698736e-11
15896	166.7709931	-2.020748013e-10
15897	166.7843106	-6.779643513e-11
15898	166.7976233	6.658495977e-11
15899	166.8109312	-3.817746119e-11
15900	166.8242342	-1.430109364e-10
15901	166.8375324	-8.490985692e-12
15902	166.8508257	-1.134097261e-10
15903	166.8641142	2.123101694e-11
15904	166.8773979	-8.374811955e-11
15905	166.8906767	5.101341571e-11
15906	166.9039507	-5.405098591e-11
15907	166.9172198	-1.591864418e-10
15908	166.930484	-2.429700885e-11
15909	166.9437435	-1.295212826e-10
15910	166.956998	5.492495347e-12
15911	166.9702477	-9.97850691e-11
15912	166.9834926	-2.051656622e-10
15913	166.9967325	-7.00204339e-11
15914	167.0099677	6.523137586e-11
15915	167.0231979	-4.019540256e-11
15916	167.0364233	-1.457181042e-10
15917	167.0496438	-1.033129138e-11
15918	167.0628594	1.251621029e-10
15919	167.0760702	-2.215934103e-10
15920	167.0892761	-8.607514701e-11
15921	167.1024771	4.954969768e-11
15922	167.1156733	-2.976499047e-10
15923	167.1288645	-1.620037438e-10
15924	167.1420509	-2.624389595e-11
15925	167.1552324	1.096225333e-10
15926	167.168409	-2.381028708e-10
15927	167.1815807	-1.02218678e-10
15928	167.1947476	3.378275437e-11
15929	167.2079095	-7.226574894e-11
15930	167.2210665	-1.783710957e-10
15931	167.2342187	-4.224531835e-11
15932	167.2473659	9.39941458e-11
15933	167.2605083	-1.219291335e-11
15934	167.2736457	-1.184474741e-10
15935	167.2867783	1.791633508e-11
15936	167.2999059	-8.842349075e-11
15937	167.3130286	-1.948308181e-10
15938	167.3261464	-5.833200589e-11
15939	167.3392593	-1.648281511e-10
15940	167.3523673	-2.821209932e-11
15941	167.3654704	-1.347615353e-10
15942	167.3785686	1.971756092e-12
15943	167.3916618	-1.046664977e-10
15944	167.4047501	3.218758593e-11
15945	167.4178335	-7.451106399e-11
15946	167.430912	-1.813020845e-10
15947	167.4439856	-4.432010314e-11
15948	167.4570542	9.277556501e-11
15949	167.4701179	-1.406519345e-11
15950	167.4831766	-1.210018752e-10
15951	167.4962304	1.622169066e-11
15952	167.5092793	-9.077183449e-11
15953	167.5223232	-1.978648356e-10
15954	167.5353622	-6.050981938e-11
15955	167.5483963	7.695177828e-11
15956	167.5614254	-2.749054318e-10
15957	167.5744496	-1.374225178e-10
15958	167.5874688	1.705302566e-13
15959	167.6004831	1.37866607e-10
15960	167.6134924	-2.145092992e-10
15961	167.6264968	-7.678835345e-11
15962	167.6394962	6.103917372e-11
15963	167.6524906	-4.640909879e-11
15964	167.6654801	-1.539284256e-10
15965	167.6784647	-1.59730007e-11
15966	167.6914442	-1.235704872e-10
15967	167.7044188	-2.312461334e-10
15968	167.7173885	-9.315925809e-11
15969	167.7303531	4.503419859e-11
15970	167.7433128	-6.270539643e-11
15971	167.7562675	-1.705195984e-10
15972	167.7692173	-3.219469136e-11
15973	167.7821621	-1.400941585e-10
15974	167.7951019	-1.655564574e-12
15975	167.8080367	-1.096083224e-10
15976	167.8209665	2.894751105e-11
15977	167.8338913	-7.909051192e-11
15978	167.8468112	5.958611382e-11
15979	167.8597261	-4.850875257e-11
15980	167.8726359	-1.566995422e-10
15981	167.8855408	-1.789857151e-11
15982	167.8984407	-1.261462046e-10
15983	167.9113356	-2.344897609e-10
15984	167.9242255	-9.556089253e-11
15985	167.9371104	4.347811e-11
15986	167.9499903	-6.490807891e-11
15987	167.9628652	-1.733937438e-10
15988	167.9757351	-3.42303963e-11
15989	167.9886	1.050430853e-10
15990	168.0014599	-2.514077835e-10
15991	168.0143147	-1.121129856e-10
15992	168.0271646	2.728484105e-11
15993	168.0400094	1.667892491e-10
15994	168.0528492	-1.901696578e-10
15995	168.065684	-5.064393349e-11
15996	168.0785138	8.898481951e-11
15997	168.0913386	-2.684110711e-10
15998	168.1041583	-1.287538964e-10
15999	168.116973	1.100630698e-11
16000	168.1297827	-9.798029055e-11
16001	168.1425874	-2.070379423e-10
16002	168.155387	-6.714628853e-11
16003	168.1681816	7.284484127e-11
16004	168.1809711	-3.62838648e-11
16005	168.1937556	-1.454765197e-10
16006	168.2065351	-5.357492228e-12
16007	168.2193095	-1.14638965e-10
16008	168.2320789	2.559730206e-11
16009	168.2448433	-8.373746141e-11
16010	168.2576026	-1.931681481e-10
16011	168.2703568	-5.280043069e-11
16012	168.283106	-1.622915136e-10
16013	168.2958502	-2.180655656e-11
16014	168.3085893	-1.313793518e-10
16015	168.3213233	9.215739283e-12
16016	168.3340523	-1.00406794e-10
16017	168.3467762	-2.101252505e-10
16018	168.3594951	-6.940581443e-11
16019	168.3722089	7.142020308e-11
16020	168.3849176	-3.834088602e-11
16021	168.3976212	-1.482014511e-10
16022	168.4103198	-7.247535905e-12
16023	168.4230134	1.33809408e-10
16024	168.4357018	-2.271711708e-10
16025	168.4483852	-8.609291058e-11
16026	168.4610635	5.509548373e-11
16027	168.4737367	-3.063185261e-10
16028	168.4864048	-1.651123682e-10
16029	168.4990679	-2.379962893e-11
16030	168.5117259	1.176161391e-10
16031	168.5243787	-2.443059088e-10
16032	168.5370265	-1.028617191e-10
16033	168.5496693	3.867484111e-11
16034	168.5623069	-7.167955118e-11
16035	168.5749394	-1.82101445e-10
16036	168.5875668	-4.043343438e-11
16037	168.6001892	1.01337605e-10
16038	168.6128064	-9.162448578e-12
16039	168.6254185	-1.197193455e-10
16040	168.6380255	2.217603878e-11
16041	168.6506275	-8.846967603e-11
16042	168.6632243	-1.99175787e-10
16043	168.675816	-5.715605766e-11
16044	168.6884026	-1.679474337e-10
16045	168.7009841	-2.581046488e-11
16046	168.7135605	-1.366586844e-10
16047	168.7261317	5.588418617e-12
16048	168.7386979	-1.053379606e-10
16049	168.7512589	3.702282925e-11
16050	168.7638148	-7.396039337e-11
16051	168.7763656	-1.850395392e-10
16052	168.7889112	-4.255440444e-11
16053	168.8014517	1.000444172e-10
16054	168.8139871	-2.649116482e-10
16055	168.8265174	-1.22295063e-10
16056	168.8390425	2.042099823e-11
16057	168.8515625	-9.084644148e-11
16058	168.8640774	-2.022133572e-10
16059	168.8765871	-5.936584557e-11
16060	168.8890917	8.357403658e-11
16061	168.9015912	-2.823021816e-10
16062	168.9140855	-1.393338778e-10
16063	168.9265746	3.73745479e-12
16064	168.9390586	1.469082633e-10
16065	168.9515375	-2.194688875e-10
16066	168.9640112	-7.627320997e-11
16067	168.9764798	6.702549626e-11
16068	168.9889432	-4.468247994e-11
16069	169.0014014	-1.56454405e-10
16070	169.0138545	-1.303490649e-11
16071	169.0263024	-1.248920967e-10
16072	169.0387452	-2.368061303e-10
16073	169.0511828	-9.326228678e-11
16074	169.0636153	5.038458539e-11
16075	169.0760425	-6.160405519e-11
16076	169.0884646	-1.736566446e-10
16077	169.1008816	-2.988542747e-11
16078	169.1132933	-1.420268347e-10
16079	169.1256999	1.858069254e-12
16080	169.1381013	-1.10333076e-10
16081	169.1504976	3.366906753e-11
16082	169.1628886	-7.860734286e-11
16083	169.1752745	6.55013821e-11
16084	169.1876552	-4.682476629e-11
16085	169.2000307	-1.592432852e-10
16086	169.212401	-1.501021529e-11
16087	169.2247661	-1.274855777e-10
16088	169.237126	-2.400462051e-10
16089	169.2494808	-9.569234294e-11
16090	169.2618303	4.876810067e-11
16091	169.2741747	-6.384226481e-11
16092	169.2865138	-1.765414481e-10
16093	169.2988478	-3.196021225e-11
16094	169.3111765	1.127204996e-10
16095	169.3235001	-2.575610836e-10
16096	169.3358184	-1.128590554e-10
16097	169.3481316	3.19460014e-11
16098	169.3604395	-8.095923931e-11
16099	169.3727422	-1.939248762e-10
16100	169.3850397	-4.899547434e-11
16101	169.397332	9.602985074e-11
16102	169.4096191	-2.751576744e-10
16103	169.4219009	-1.301110331e-10
16104	169.4341776	1.504218972e-11
16105	169.446449	-9.814016266e-11
16106	169.4587152	-2.113882402e-10
16107	169.4709761	-6.611600156e-11
16108	169.4832319	7.925926582e-11
16109	169.4954824	-3.405631332e-11
16110	169.5077277	-1.474376177e-10
16111	169.5199677	-1.943334382e-12
16112	169.5322025	-1.154063511e-10
16113	169.5444321	3.020161898e-11
16114	169.5566564	-8.331291212e-11
16115	169.5688755	-1.969180374e-10
16116	169.5810894	-5.118927504e-11
16117	169.593298	-1.648494674e-10
16118	169.6055014	-1.900701818e-11
16119	169.6176995	-1.32748923e-10
16120	169.6298924	1.320188403e-11
16121	169.64208	-1.005897587e-10
16122	169.6542624	-2.144773248e-10
16123	169.6664395	-6.840394917e-11
16124	169.6786113	7.776712607e-11
16125	169.6907779	-3.615774347e-11
16126	169.7029393	-1.501767599e-10
16127	169.7150954	-3.881339694e-12
16128	169.7272462	1.425100038e-10
16129	169.7393917	-2.321147718e-10
16130	169.751532	-8.569855936e-11
16131	169.763667	6.081712911e-11
16132	169.7757968	-3.14217985e-10
16133	169.7879213	-1.676809802e-10
16134	169.8000405	-2.104627583e-11
16135	169.8121544	1.256879045e-10
16136	169.8242631	-2.498339313e-10
16137	169.8363664	-1.030731056e-10
16138	169.8484645	4.378364338e-11
16139	169.8605573	-7.071143671e-11
16140	169.8726449	-1.852669129e-10
16141	169.8847271	-3.829114803e-11
16142	169.8968041	-1.52930113e-10
16143	169.9088757	-5.842437645e-12
16144	169.9209421	-1.20532917e-10
16145	169.9330032	2.666489252e-11
16146	169.945059	-8.810374652e-11
16147	169.9571094	-2.029327817e-10
16148	169.9691546	-5.561595628e-11
16149	169.9811945	-1.705284802e-10
16150	169.9932291	-2.310507341e-11
16151	170.0052584	-1.380673353e-10
16152	170.0172824	9.469758311e-12
16153	170.029301	-1.05574216e-10
16154	170.0413144	4.207123538e-11
16155	170.0533224	-7.302425331e-11
16156	170.0653252	-1.882103362e-10
16157	170.0773226	-4.044409252e-11
16158	170.0893147	1.074162981e-10
16159	170.1013015	-2.710063285e-10
16160	170.1132829	-1.23126398e-10
16161	170.1252591	2.485833761e-11
16162	170.1372299	-9.051071004e-11
16163	170.1491954	-2.059667992e-10
16164	170.1611556	-5.786837676e-11
16165	170.1731104	9.0331298e-11
16166	170.1850599	-2.889741779e-10
16167	170.1970041	-1.407549632e-10
16168	170.208943	7.561951065e-12
16169	170.2208765	1.559783414e-10
16170	170.2328047	-2.238049746e-10
16171	170.2447275	-7.536904434e-11
16172	170.256645	7.31645855e-11
16173	170.2685571	-4.261835329e-11
16174	170.2804639	-1.584616882e-10
16175	170.2923654	-9.810818824e-12
16176	170.3042615	-1.257340898e-10
16177	170.3161523	-2.417213096e-10
16178	170.3280377	-9.294964798e-11
16179	170.3399177	5.59197133e-11
16180	170.3517924	-6.013500808e-11
16181	170.3636618	-1.76251902e-10
16182	170.3755258	-2.726352477e-11
16183	170.3873844	-1.434603547e-10
16184	170.3992377	5.634603895e-12
16185	170.4110856	-1.106084113e-10
16186	170.4229281	-2.269455734e-10
16187	170.4347653	-7.773159894e-11
16188	170.4465971	7.15800752e-11
16189	170.4584235	-4.479439042e-11
16190	170.4702446	-1.61263003e-10
16191	170.4820603	-1.183053655e-11
16192	170.4938706	-1.283453344e-10
16193	170.5056755	-2.449525027e-10
16194	170.5174751	-9.540457313e-11
16195	170.5292692	5.423927973e-11
16196	170.541058	-6.240519212e-11
16197	170.5528414	-1.791402582e-10
16198	170.5646195	-2.938094212e-11
16199	170.5763921	1.204760736e-10
16200	170.5881593	-2.630375917e-10
16201	170.5999212	-1.131592597e-10
16202	170.6116776	3.681677185e-11
16203	170.6234287	-8.011369346e-11
16204	170.6351744	-1.970992258e-10
16205	170.6469146	-4.700595468e-11
16206	170.6586495	1.031814634e-10
16207	170.670379	-2.81199064e-10
16208	170.682103	-1.309885533e-10
16209	170.6938217	1.931788063e-11
16210	170.705535	-9.787903821e-11
16211	170.7172428	-2.151310241e-10
16212	170.7289452	-6.47109033e-11
16213	170.7406422	8.580691713e-11
16214	170.7523339	-3.151612304e-11
16215	170.76402	-1.488960066e-10
16216	170.7757008	1.739053346e-12
16217	170.7873762	-1.157225427e-10
16218	170.7990461	3.501554602e-11
16219	170.8107106	-8.249223526e-11
16220	170.8223697	-2.000906107e-10
16221	170.8340234	-4.923705887e-11
16222	170.8456716	-1.668816196e-10
16223	170.8573144	-1.591793364e-11
16224	170.8689518	-1.336442068e-10
16225	170.8805837	1.742073152e-11
16226	170.8922102	-1.003499506e-10
16227	170.9038313	-2.182183323e-10
16228	170.9154469	-6.703260169e-11
16229	170.9270571	8.424905218e-11
16230	170.9386619	-3.029470008e-10
16231	170.9502612	-1.516475834e-10
16232	170.9618551	-2.486899575e-13
16233	170.9734435	1.512390213e-10
16234	170.9850265	-2.364188845e-10
16235	170.996604	-8.490808057e-11
16236	171.008176	6.669864661e-11
16237	171.0197427	-3.213500577e-10
16238	171.0313038	-1.697220142e-10
16239	171.0428595	-1.800160021e-11
16240	171.0544098	1.338165134e-10
16241	171.0659546	-2.5469582e-10
16242	171.0774939	-1.028581664e-10
16243	171.0890278	4.907185769e-11
16244	171.1005562	-6.937206365e-11
16245	171.1120791	-1.878746048e-10
16246	171.1235966	-3.582734109e-11
16247	171.1351085	-1.544098183e-10
16248	171.1466151	-2.2595259e-12
16249	171.1581161	-1.208846356e-10
16250	171.1696117	3.137046178e-11
16251	171.1811018	-8.733813672e-11
16252	171.1925864	-2.061035786e-10
16253	171.2040655	-5.373124168e-11
16254	171.2155392	-1.725766197e-10
16255	171.2270074	-2.010303035e-11
16256	171.2384701	-1.389910409e-10
16257	171.2499273	1.358912982e-11
16258	171.261379	-1.053788168e-10
16259	171.2728252	4.730260628e-11
16260	171.2842659	-7.171330196e-11
16261	171.2957012	-1.908162517e-10
16262	171.3071309	-3.801758908e-11
16263	171.3185551	1.148716677e-10
16264	171.3299739	-2.764117824e-10
16265	171.3413871	-1.234976565e-10
16266	171.3527949	2.950351075e-11
16267	171.3641971	-8.976996924e-11
16268	171.3755938	-2.091322671e-10
16269	171.3869851	-5.601563657e-11
16270	171.3983708	9.719691718e-11
16271	171.409751	-2.949249733e-10
16272	171.4211257	-1.416928797e-10
16273	171.4324949	1.16351373e-11
16274	171.4438585	-1.079190071e-10
16275	171.4552167	-2.275264421e-10
16276	171.4665693	-7.408829106e-11
16277	171.4779164	7.944578329e-11
16278	171.489258	-4.02309297e-11
16279	171.500594	-1.599609334e-10
16280	171.5119246	-6.316724921e-12
16281	171.5232496	-1.261266647e-10
16282	171.5345691	-2.459934478e-10
16283	171.545883	-9.223377617e-11
16284	171.5571914	6.161648969e-11
16285	171.5684943	-5.831601868e-11
16286	171.5797917	-1.783035941e-10
16287	171.5910835	-2.434319413e-11
16288	171.6023698	-1.444089293e-10
16289	171.6136505	9.658052136e-12
16290	171.6249257	-1.104556446e-10
16291	171.6361953	-2.306563829e-10
16292	171.6474594	-7.647749101e-11
16293	171.658718	7.779377142e-11
16294	171.669971	-4.244249396e-11
16295	171.6812184	-1.627658008e-10
16296	171.6924603	-8.382627925e-12
16297	171.7036967	-1.287521201e-10
16298	171.7149275	-2.492068774e-10
16299	171.7261527	-9.471179396e-11
16300	171.7373724	5.987210727e-11
16301	171.7485865	-6.061640079e-11
16302	171.7597951	-1.811972794e-10
16303	171.7709981	-2.649791497e-11
16304	171.7821955	1.2829382e-10
16305	171.7933873	-2.678337552e-10
16306	171.8045736	-1.130224803e-10
16307	171.8157543	4.187761249e-11
16308	171.8269295	-7.888445452e-11
16309	171.8380991	-1.99703365e-10
16310	171.8492631	-4.468958537e-11
16311	171.8604215	1.104165648e-10
16312	171.8715743	-2.8653524e-10
16313	171.8827216	-1.314059972e-10
16314	171.8938633	2.380851072e-11
16315	171.9049994	-9.720757532e-11
16316	171.9161299	-2.182805048e-10
16317	171.9272548	-6.295231003e-11
16318	171.9383742	-1.841016228e-10
16319	171.9494879	-2.86739521e-11
16320	171.9605961	-1.498658975e-10
16321	171.9716986	5.663025604e-12
16322	171.9827956	-1.156070795e-10
16323	171.993887	4.002487231e-11
16324	172.0049728	-8.129141804e-11
16325	172.0160529	-2.026929735e-10
16326	172.0271275	-4.695266398e-11
16327	172.0381965	-1.68396852e-10
16328	172.0492598	-1.255529014e-11
16329	172.0603176	-1.340776379e-10
16330	172.0713698	2.186162362e-11
16331	172.0824163	-9.970158033e-11
16332	172.0934572	-2.213589312e-10
16333	172.1044926	-6.530420649e-11
16334	172.1155223	9.08375597e-11
16335	172.1265464	-3.08782333e-10
16336	172.1375648	-1.526228033e-10
16337	172.1485777	3.629097023e-12
16338	172.1595849	1.599733679e-10
16339	172.1705865	-2.400923904e-10
16340	172.1815825	-8.373213234e-11
16341	172.1925729	7.272227265e-11
16342	172.2035576	-3.277111915e-10
16343	172.2145367	-1.712407993e-10
16344	172.2255102	-1.467803656e-11
16345	172.236478	1.41973544e-10
16346	172.2474402	-2.58902233e-10
16347	172.2583968	-1.022293361e-10
16348	172.2693477	5.453060226e-11
16349	172.280293	-6.767386651e-11
16350	172.2912327	-1.89931626e-10
16351	172.3021667	-3.305977714e-11
16352	172.3130951	-1.553956963e-10
16353	172.3240178	1.575628517e-12
16354	172.3349349	-1.207993705e-10
16355	172.3458463	3.626787759e-11
16356	172.3567521	-8.618528113e-11
16357	172.3676522	-2.086899542e-10
16358	172.3785467	-5.151257199e-11
16359	172.3894355	-1.740954048e-10
16360	172.4003187	-1.682032291e-11
16361	172.4111962	-1.394457882e-10
16362	172.422068	-2.621565187e-10
16363	172.4329342	-1.047713027e-10
16364	172.4437948	5.270095471e-11
16365	172.4546496	-7.003997382e-11
16366	172.4654988	-1.928732729e-10
16367	172.4763423	-3.529088133e-11
16368	172.4871802	1.223821045e-10
16369	172.4980124	-2.811209043e-10
16370	172.5088389	-1.234283786e-10
16371	172.5196597	3.435118856e-11
16372	172.5304749	-8.864020629e-11
16373	172.5412844	-2.117150899e-10
16374	172.5520882	-5.383071766e-11
16375	172.5628863	1.041460251e-10
16376	172.5736788	-3.001545679e-10
16377	172.5844656	-1.421565088e-10
16378	172.5952466	1.592681542e-11
16379	172.606022	-1.073274802e-10
16380	172.6167917	-2.306315139e-10
16381	172.6275558	-7.244160827e-11
16382	172.6383141	8.583356248e-11
16383	172.6490667	-3.753442002e-11
